table,field,type,unit,required,allowed_values,priority,expected_origin,definition,table_minimum_contract
sources,source_id,TEXT,,True,see README enums; null has missing_reasons_json,core,observed,Una fuente o documento consultado — source_id,"Identificador, URL exacta, editor, título, tipo, idioma, fecha de publicación si existe, fecha de consulta, edición a la que se refiere cuando se conoce, vía de acceso, reutilización documentada o pendiente y estado de extracción."
sources,url,TEXT,,False,see README enums; null has missing_reasons_json,core,observed,Una fuente o documento consultado — url,"Identificador, URL exacta, editor, título, tipo, idioma, fecha de publicación si existe, fecha de consulta, edición a la que se refiere cuando se conoce, vía de acceso, reutilización documentada o pendiente y estado de extracción."
sources,publisher,TEXT,,False,see README enums; null has missing_reasons_json,core,observed,Una fuente o documento consultado — publisher,"Identificador, URL exacta, editor, título, tipo, idioma, fecha de publicación si existe, fecha de consulta, edición a la que se refiere cuando se conoce, vía de acceso, reutilización documentada o pendiente y estado de extracción."
sources,title,TEXT,,False,see README enums; null has missing_reasons_json,core,observed,Una fuente o documento consultado — title,"Identificador, URL exacta, editor, título, tipo, idioma, fecha de publicación si existe, fecha de consulta, edición a la que se refiere cuando se conoce, vía de acceso, reutilización documentada o pendiente y estado de extracción."
sources,source_type,TEXT,,False,see README enums; null has missing_reasons_json,core,observed,Una fuente o documento consultado — source_type,"Identificador, URL exacta, editor, título, tipo, idioma, fecha de publicación si existe, fecha de consulta, edición a la que se refiere cuando se conoce, vía de acceso, reutilización documentada o pendiente y estado de extracción."
sources,language,TEXT,,False,see README enums; null has missing_reasons_json,core,observed,Una fuente o documento consultado — language,"Identificador, URL exacta, editor, título, tipo, idioma, fecha de publicación si existe, fecha de consulta, edición a la que se refiere cuando se conoce, vía de acceso, reutilización documentada o pendiente y estado de extracción."
sources,published_at,TEXT,,False,see README enums; null has missing_reasons_json,core,observed,Una fuente o documento consultado — published_at,"Identificador, URL exacta, editor, título, tipo, idioma, fecha de publicación si existe, fecha de consulta, edición a la que se refiere cuando se conoce, vía de acceso, reutilización documentada o pendiente y estado de extracción."
sources,checked_at,TEXT,,False,see README enums; null has missing_reasons_json,core,observed,Una fuente o documento consultado — checked_at,"Identificador, URL exacta, editor, título, tipo, idioma, fecha de publicación si existe, fecha de consulta, edición a la que se refiere cuando se conoce, vía de acceso, reutilización documentada o pendiente y estado de extracción."
sources,access_method,TEXT,,False,see README enums; null has missing_reasons_json,core,observed,Una fuente o documento consultado — access_method,"Identificador, URL exacta, editor, título, tipo, idioma, fecha de publicación si existe, fecha de consulta, edición a la que se refiere cuando se conoce, vía de acceso, reutilización documentada o pendiente y estado de extracción."
sources,access_status,TEXT,,False,see README enums; null has missing_reasons_json,core,observed,Una fuente o documento consultado — access_status,"Identificador, URL exacta, editor, título, tipo, idioma, fecha de publicación si existe, fecha de consulta, edición a la que se refiere cuando se conoce, vía de acceso, reutilización documentada o pendiente y estado de extracción."
sources,reuse_status,TEXT,,False,see README enums; null has missing_reasons_json,core,observed,Una fuente o documento consultado — reuse_status,"Identificador, URL exacta, editor, título, tipo, idioma, fecha de publicación si existe, fecha de consulta, edición a la que se refiere cuando se conoce, vía de acceso, reutilización documentada o pendiente y estado de extracción."
sources,extraction_status,TEXT,,False,see README enums; null has missing_reasons_json,core,observed,Una fuente o documento consultado — extraction_status,"Identificador, URL exacta, editor, título, tipo, idioma, fecha de publicación si existe, fecha de consulta, edición a la que se refiere cuando se conoce, vía de acceso, reutilización documentada o pendiente y estado de extracción."
sources,extra_json,JSON,,False,see README enums; null has missing_reasons_json,core,observed,Una fuente o documento consultado — extra_json,"Identificador, URL exacta, editor, título, tipo, idioma, fecha de publicación si existe, fecha de consulta, edición a la que se refiere cuando se conoce, vía de acceso, reutilización documentada o pendiente y estado de extracción."
sources,missing_reasons_json,JSON,,False,see README enums; null has missing_reasons_json,core,observed,Una fuente o documento consultado — missing_reasons_json,"Identificador, URL exacta, editor, título, tipo, idioma, fecha de publicación si existe, fecha de consulta, edición a la que se refiere cuando se conoce, vía de acceso, reutilización documentada o pendiente y estado de extracción."
assertions,assertion_id,TEXT,,True,see README enums; null has missing_reasons_json,core,observed,Una afirmación sobre un campo de una entidad — assertion_id,"Entidad e identificador, campo, valor respaldado, fuente, localizador como sección o página, breve evidencia permitida, fecha de validez, fecha de observación, clase de evidencia, confianza justificada y estado de conflicto."
assertions,entity_table,TEXT,,False,see README enums; null has missing_reasons_json,core,observed,Una afirmación sobre un campo de una entidad — entity_table,"Entidad e identificador, campo, valor respaldado, fuente, localizador como sección o página, breve evidencia permitida, fecha de validez, fecha de observación, clase de evidencia, confianza justificada y estado de conflicto."
assertions,entity_id,TEXT,,False,see README enums; null has missing_reasons_json,core,observed,Una afirmación sobre un campo de una entidad — entity_id,"Entidad e identificador, campo, valor respaldado, fuente, localizador como sección o página, breve evidencia permitida, fecha de validez, fecha de observación, clase de evidencia, confianza justificada y estado de conflicto."
assertions,field,TEXT,,False,see README enums; null has missing_reasons_json,core,observed,Una afirmación sobre un campo de una entidad — field,"Entidad e identificador, campo, valor respaldado, fuente, localizador como sección o página, breve evidencia permitida, fecha de validez, fecha de observación, clase de evidencia, confianza justificada y estado de conflicto."
assertions,value_json,JSON,,False,see README enums; null has missing_reasons_json,core,observed,Una afirmación sobre un campo de una entidad — value_json,"Entidad e identificador, campo, valor respaldado, fuente, localizador como sección o página, breve evidencia permitida, fecha de validez, fecha de observación, clase de evidencia, confianza justificada y estado de conflicto."
assertions,source_id,TEXT,,False,see README enums; null has missing_reasons_json,core,observed,Una afirmación sobre un campo de una entidad — source_id,"Entidad e identificador, campo, valor respaldado, fuente, localizador como sección o página, breve evidencia permitida, fecha de validez, fecha de observación, clase de evidencia, confianza justificada y estado de conflicto."
assertions,locator,TEXT,,False,see README enums; null has missing_reasons_json,core,observed,Una afirmación sobre un campo de una entidad — locator,"Entidad e identificador, campo, valor respaldado, fuente, localizador como sección o página, breve evidencia permitida, fecha de validez, fecha de observación, clase de evidencia, confianza justificada y estado de conflicto."
assertions,evidence_brief,TEXT,,False,see README enums; null has missing_reasons_json,core,observed,Una afirmación sobre un campo de una entidad — evidence_brief,"Entidad e identificador, campo, valor respaldado, fuente, localizador como sección o página, breve evidencia permitida, fecha de validez, fecha de observación, clase de evidencia, confianza justificada y estado de conflicto."
assertions,valid_at,TEXT,,False,see README enums; null has missing_reasons_json,core,observed,Una afirmación sobre un campo de una entidad — valid_at,"Entidad e identificador, campo, valor respaldado, fuente, localizador como sección o página, breve evidencia permitida, fecha de validez, fecha de observación, clase de evidencia, confianza justificada y estado de conflicto."
assertions,observed_at,TEXT,,False,see README enums; null has missing_reasons_json,core,observed,Una afirmación sobre un campo de una entidad — observed_at,"Entidad e identificador, campo, valor respaldado, fuente, localizador como sección o página, breve evidencia permitida, fecha de validez, fecha de observación, clase de evidencia, confianza justificada y estado de conflicto."
assertions,evidence_class,TEXT,,False,see README enums; null has missing_reasons_json,core,observed,Una afirmación sobre un campo de una entidad — evidence_class,"Entidad e identificador, campo, valor respaldado, fuente, localizador como sección o página, breve evidencia permitida, fecha de validez, fecha de observación, clase de evidencia, confianza justificada y estado de conflicto."
assertions,confidence_reason,TEXT,,False,see README enums; null has missing_reasons_json,core,observed,Una afirmación sobre un campo de una entidad — confidence_reason,"Entidad e identificador, campo, valor respaldado, fuente, localizador como sección o página, breve evidencia permitida, fecha de validez, fecha de observación, clase de evidencia, confianza justificada y estado de conflicto."
assertions,conflict_status,TEXT,,False,see README enums; null has missing_reasons_json,core,observed,Una afirmación sobre un campo de una entidad — conflict_status,"Entidad e identificador, campo, valor respaldado, fuente, localizador como sección o página, breve evidencia permitida, fecha de validez, fecha de observación, clase de evidencia, confianza justificada y estado de conflicto."
assertions,extra_json,JSON,,False,see README enums; null has missing_reasons_json,core,observed,Una afirmación sobre un campo de una entidad — extra_json,"Entidad e identificador, campo, valor respaldado, fuente, localizador como sección o página, breve evidencia permitida, fecha de validez, fecha de observación, clase de evidencia, confianza justificada y estado de conflicto."
assertions,missing_reasons_json,JSON,,False,see README enums; null has missing_reasons_json,core,observed,Una afirmación sobre un campo de una entidad — missing_reasons_json,"Entidad e identificador, campo, valor respaldado, fuente, localizador como sección o página, breve evidencia permitida, fecha de validez, fecha de observación, clase de evidencia, confianza justificada y estado de conflicto."
companies,company_id,TEXT,,True,see README enums; null has missing_reasons_json,core,observed,Una organización — company_id,"Identificador estable, nombre, alias, dominio, descripción, industria, productos, mercados y tamaño o rango solo cuando haya evidencia. Organizador, sponsor y expositor son roles, no empresas duplicadas."
companies,name,TEXT,,False,see README enums; null has missing_reasons_json,core,observed,Una organización — name,"Identificador estable, nombre, alias, dominio, descripción, industria, productos, mercados y tamaño o rango solo cuando haya evidencia. Organizador, sponsor y expositor son roles, no empresas duplicadas."
companies,domain,TEXT,,False,see README enums; null has missing_reasons_json,core,observed,Una organización — domain,"Identificador estable, nombre, alias, dominio, descripción, industria, productos, mercados y tamaño o rango solo cuando haya evidencia. Organizador, sponsor y expositor son roles, no empresas duplicadas."
companies,website,TEXT,,False,see README enums; null has missing_reasons_json,core,observed,Una organización — website,"Identificador estable, nombre, alias, dominio, descripción, industria, productos, mercados y tamaño o rango solo cuando haya evidencia. Organizador, sponsor y expositor son roles, no empresas duplicadas."
companies,description,TEXT,,False,see README enums; null has missing_reasons_json,core,observed,Una organización — description,"Identificador estable, nombre, alias, dominio, descripción, industria, productos, mercados y tamaño o rango solo cuando haya evidencia. Organizador, sponsor y expositor son roles, no empresas duplicadas."
companies,industry,TEXT,,False,see README enums; null has missing_reasons_json,core,observed,Una organización — industry,"Identificador estable, nombre, alias, dominio, descripción, industria, productos, mercados y tamaño o rango solo cuando haya evidencia. Organizador, sponsor y expositor son roles, no empresas duplicadas."
companies,products_json,JSON,,False,see README enums; null has missing_reasons_json,core,observed,Una organización — products_json,"Identificador estable, nombre, alias, dominio, descripción, industria, productos, mercados y tamaño o rango solo cuando haya evidencia. Organizador, sponsor y expositor son roles, no empresas duplicadas."
companies,markets_json,JSON,,False,see README enums; null has missing_reasons_json,core,observed,Una organización — markets_json,"Identificador estable, nombre, alias, dominio, descripción, industria, productos, mercados y tamaño o rango solo cuando haya evidencia. Organizador, sponsor y expositor son roles, no empresas duplicadas."
companies,extra_json,JSON,,False,see README enums; null has missing_reasons_json,core,observed,Una organización — extra_json,"Identificador estable, nombre, alias, dominio, descripción, industria, productos, mercados y tamaño o rango solo cuando haya evidencia. Organizador, sponsor y expositor son roles, no empresas duplicadas."
companies,missing_reasons_json,JSON,,False,see README enums; null has missing_reasons_json,core,observed,Una organización — missing_reasons_json,"Identificador estable, nombre, alias, dominio, descripción, industria, productos, mercados y tamaño o rango solo cuando haya evidencia. Organizador, sponsor y expositor son roles, no empresas duplicadas."
event_series,series_id,TEXT,,True,see README enums; null has missing_reasons_json,enrichment,observed,Una serie recurrente — series_id,"Identificador, nombre, web, periodicidad observada y organizaciones relacionadas. No generes ediciones futuras a partir de la periodicidad."
event_series,name,TEXT,,False,see README enums; null has missing_reasons_json,enrichment,observed,Una serie recurrente — name,"Identificador, nombre, web, periodicidad observada y organizaciones relacionadas. No generes ediciones futuras a partir de la periodicidad."
event_series,website,TEXT,,False,see README enums; null has missing_reasons_json,enrichment,observed,Una serie recurrente — website,"Identificador, nombre, web, periodicidad observada y organizaciones relacionadas. No generes ediciones futuras a partir de la periodicidad."
event_series,periodicity,TEXT,,False,see README enums; null has missing_reasons_json,enrichment,observed,Una serie recurrente — periodicity,"Identificador, nombre, web, periodicidad observada y organizaciones relacionadas. No generes ediciones futuras a partir de la periodicidad."
event_series,extra_json,JSON,,False,see README enums; null has missing_reasons_json,enrichment,observed,Una serie recurrente — extra_json,"Identificador, nombre, web, periodicidad observada y organizaciones relacionadas. No generes ediciones futuras a partir de la periodicidad."
event_series,missing_reasons_json,JSON,,False,see README enums; null has missing_reasons_json,enrichment,observed,Una serie recurrente — missing_reasons_json,"Identificador, nombre, web, periodicidad observada y organizaciones relacionadas. No generes ediciones futuras a partir de la periodicidad."
event_editions,edition_id,TEXT,,True,see README enums; null has missing_reasons_json,core,observed,Una edición o evento único observado — edition_id,"Identificador, serie si corresponde, título, URL, fechas, zona horaria conocida, modalidad, estado, localización, precisión geográfica, formato, sector, temas, idiomas, acceso, registro y última verificación."
event_editions,edition_key,TEXT,,False,see README enums; null has missing_reasons_json,core,observed,Una edición o evento único observado — edition_key,"Identificador, serie si corresponde, título, URL, fechas, zona horaria conocida, modalidad, estado, localización, precisión geográfica, formato, sector, temas, idiomas, acceso, registro y última verificación."
event_editions,series_id,TEXT,,False,see README enums; null has missing_reasons_json,core,observed,Una edición o evento único observado — series_id,"Identificador, serie si corresponde, título, URL, fechas, zona horaria conocida, modalidad, estado, localización, precisión geográfica, formato, sector, temas, idiomas, acceso, registro y última verificación."
event_editions,title,TEXT,,False,see README enums; null has missing_reasons_json,core,observed,Una edición o evento único observado — title,"Identificador, serie si corresponde, título, URL, fechas, zona horaria conocida, modalidad, estado, localización, precisión geográfica, formato, sector, temas, idiomas, acceso, registro y última verificación."
event_editions,url,TEXT,,False,see README enums; null has missing_reasons_json,core,observed,Una edición o evento único observado — url,"Identificador, serie si corresponde, título, URL, fechas, zona horaria conocida, modalidad, estado, localización, precisión geográfica, formato, sector, temas, idiomas, acceso, registro y última verificación."
event_editions,start_date,TEXT,,False,see README enums; null has missing_reasons_json,core,observed,Una edición o evento único observado — start_date,"Identificador, serie si corresponde, título, URL, fechas, zona horaria conocida, modalidad, estado, localización, precisión geográfica, formato, sector, temas, idiomas, acceso, registro y última verificación."
event_editions,end_date,TEXT,,False,see README enums; null has missing_reasons_json,core,observed,Una edición o evento único observado — end_date,"Identificador, serie si corresponde, título, URL, fechas, zona horaria conocida, modalidad, estado, localización, precisión geográfica, formato, sector, temas, idiomas, acceso, registro y última verificación."
event_editions,date_precision,TEXT,,False,see README enums; null has missing_reasons_json,core,observed,Una edición o evento único observado — date_precision,"Identificador, serie si corresponde, título, URL, fechas, zona horaria conocida, modalidad, estado, localización, precisión geográfica, formato, sector, temas, idiomas, acceso, registro y última verificación."
event_editions,timezone,TEXT,,False,see README enums; null has missing_reasons_json,core,observed,Una edición o evento único observado — timezone,"Identificador, serie si corresponde, título, URL, fechas, zona horaria conocida, modalidad, estado, localización, precisión geográfica, formato, sector, temas, idiomas, acceso, registro y última verificación."
event_editions,modality,TEXT,,False,see README enums; null has missing_reasons_json,core,observed,Una edición o evento único observado — modality,"Identificador, serie si corresponde, título, URL, fechas, zona horaria conocida, modalidad, estado, localización, precisión geográfica, formato, sector, temas, idiomas, acceso, registro y última verificación."
event_editions,status,TEXT,,False,see README enums; null has missing_reasons_json,core,observed,Una edición o evento único observado — status,"Identificador, serie si corresponde, título, URL, fechas, zona horaria conocida, modalidad, estado, localización, precisión geográfica, formato, sector, temas, idiomas, acceso, registro y última verificación."
event_editions,city,TEXT,,False,see README enums; null has missing_reasons_json,core,observed,Una edición o evento único observado — city,"Identificador, serie si corresponde, título, URL, fechas, zona horaria conocida, modalidad, estado, localización, precisión geográfica, formato, sector, temas, idiomas, acceso, registro y última verificación."
event_editions,country,TEXT,,False,see README enums; null has missing_reasons_json,core,observed,Una edición o evento único observado — country,"Identificador, serie si corresponde, título, URL, fechas, zona horaria conocida, modalidad, estado, localización, precisión geográfica, formato, sector, temas, idiomas, acceso, registro y última verificación."
event_editions,venue_id,TEXT,,False,see README enums; null has missing_reasons_json,core,observed,Una edición o evento único observado — venue_id,"Identificador, serie si corresponde, título, URL, fechas, zona horaria conocida, modalidad, estado, localización, precisión geográfica, formato, sector, temas, idiomas, acceso, registro y última verificación."
event_editions,geographic_precision,TEXT,,False,see README enums; null has missing_reasons_json,core,observed,Una edición o evento único observado — geographic_precision,"Identificador, serie si corresponde, título, URL, fechas, zona horaria conocida, modalidad, estado, localización, precisión geográfica, formato, sector, temas, idiomas, acceso, registro y última verificación."
event_editions,format,TEXT,,False,see README enums; null has missing_reasons_json,core,observed,Una edición o evento único observado — format,"Identificador, serie si corresponde, título, URL, fechas, zona horaria conocida, modalidad, estado, localización, precisión geográfica, formato, sector, temas, idiomas, acceso, registro y última verificación."
event_editions,sector,TEXT,,False,see README enums; null has missing_reasons_json,core,observed,Una edición o evento único observado — sector,"Identificador, serie si corresponde, título, URL, fechas, zona horaria conocida, modalidad, estado, localización, precisión geográfica, formato, sector, temas, idiomas, acceso, registro y última verificación."
event_editions,themes_json,JSON,,False,see README enums; null has missing_reasons_json,core,observed,Una edición o evento único observado — themes_json,"Identificador, serie si corresponde, título, URL, fechas, zona horaria conocida, modalidad, estado, localización, precisión geográfica, formato, sector, temas, idiomas, acceso, registro y última verificación."
event_editions,languages_json,JSON,,False,see README enums; null has missing_reasons_json,core,observed,Una edición o evento único observado — languages_json,"Identificador, serie si corresponde, título, URL, fechas, zona horaria conocida, modalidad, estado, localización, precisión geográfica, formato, sector, temas, idiomas, acceso, registro y última verificación."
event_editions,checked_at,TEXT,,False,see README enums; null has missing_reasons_json,core,observed,Una edición o evento único observado — checked_at,"Identificador, serie si corresponde, título, URL, fechas, zona horaria conocida, modalidad, estado, localización, precisión geográfica, formato, sector, temas, idiomas, acceso, registro y última verificación."
event_editions,extra_json,JSON,,False,see README enums; null has missing_reasons_json,core,observed,Una edición o evento único observado — extra_json,"Identificador, serie si corresponde, título, URL, fechas, zona horaria conocida, modalidad, estado, localización, precisión geográfica, formato, sector, temas, idiomas, acceso, registro y última verificación."
event_editions,missing_reasons_json,JSON,,False,see README enums; null has missing_reasons_json,core,observed,Una edición o evento único observado — missing_reasons_json,"Identificador, serie si corresponde, título, URL, fechas, zona horaria conocida, modalidad, estado, localización, precisión geográfica, formato, sector, temas, idiomas, acceso, registro y última verificación."
event_company_roles,role_id,TEXT,,True,see README enums; null has missing_reasons_json,core,observed,Una relación empresa–edición–rol — role_id,"Empresa, edición, rol, nivel de patrocinio si está documentado, estado anunciado o confirmado según evidencia y periodo aplicable. Conserva roles simultáneos distintos."
event_company_roles,company_id,TEXT,,False,see README enums; null has missing_reasons_json,core,observed,Una relación empresa–edición–rol — company_id,"Empresa, edición, rol, nivel de patrocinio si está documentado, estado anunciado o confirmado según evidencia y periodo aplicable. Conserva roles simultáneos distintos."
event_company_roles,edition_id,TEXT,,False,see README enums; null has missing_reasons_json,core,observed,Una relación empresa–edición–rol — edition_id,"Empresa, edición, rol, nivel de patrocinio si está documentado, estado anunciado o confirmado según evidencia y periodo aplicable. Conserva roles simultáneos distintos."
event_company_roles,role,TEXT,,False,see README enums; null has missing_reasons_json,core,observed,Una relación empresa–edición–rol — role,"Empresa, edición, rol, nivel de patrocinio si está documentado, estado anunciado o confirmado según evidencia y periodo aplicable. Conserva roles simultáneos distintos."
event_company_roles,tier,TEXT,,False,see README enums; null has missing_reasons_json,core,observed,Una relación empresa–edición–rol — tier,"Empresa, edición, rol, nivel de patrocinio si está documentado, estado anunciado o confirmado según evidencia y periodo aplicable. Conserva roles simultáneos distintos."
event_company_roles,status,TEXT,,False,see README enums; null has missing_reasons_json,core,observed,Una relación empresa–edición–rol — status,"Empresa, edición, rol, nivel de patrocinio si está documentado, estado anunciado o confirmado según evidencia y periodo aplicable. Conserva roles simultáneos distintos."
event_company_roles,source_id,TEXT,,False,see README enums; null has missing_reasons_json,core,observed,Una relación empresa–edición–rol — source_id,"Empresa, edición, rol, nivel de patrocinio si está documentado, estado anunciado o confirmado según evidencia y periodo aplicable. Conserva roles simultáneos distintos."
event_company_roles,extra_json,JSON,,False,see README enums; null has missing_reasons_json,core,observed,Una relación empresa–edición–rol — extra_json,"Empresa, edición, rol, nivel de patrocinio si está documentado, estado anunciado o confirmado según evidencia y periodo aplicable. Conserva roles simultáneos distintos."
event_company_roles,missing_reasons_json,JSON,,False,see README enums; null has missing_reasons_json,core,observed,Una relación empresa–edición–rol — missing_reasons_json,"Empresa, edición, rol, nivel de patrocinio si está documentado, estado anunciado o confirmado según evidencia y periodo aplicable. Conserva roles simultáneos distintos."
sponsor_profiles,profile_id,TEXT,,True,see README enums; null has missing_reasons_json,enrichment,observed,Un perfil documentado de una organización como sponsor — profile_id,"Empresa, objetivos, audiencias, categorías, geografías, canales de propuestas, proceso de decisión y presupuesto únicamente cuando esté documentado. El historial se obtiene de las relaciones con ediciones."
sponsor_profiles,company_id,TEXT,,False,see README enums; null has missing_reasons_json,enrichment,observed,Un perfil documentado de una organización como sponsor — company_id,"Empresa, objetivos, audiencias, categorías, geografías, canales de propuestas, proceso de decisión y presupuesto únicamente cuando esté documentado. El historial se obtiene de las relaciones con ediciones."
sponsor_profiles,objectives_json,JSON,,False,see README enums; null has missing_reasons_json,enrichment,observed,Un perfil documentado de una organización como sponsor — objectives_json,"Empresa, objetivos, audiencias, categorías, geografías, canales de propuestas, proceso de decisión y presupuesto únicamente cuando esté documentado. El historial se obtiene de las relaciones con ediciones."
sponsor_profiles,audiences_json,JSON,,False,see README enums; null has missing_reasons_json,enrichment,observed,Un perfil documentado de una organización como sponsor — audiences_json,"Empresa, objetivos, audiencias, categorías, geografías, canales de propuestas, proceso de decisión y presupuesto únicamente cuando esté documentado. El historial se obtiene de las relaciones con ediciones."
sponsor_profiles,categories_json,JSON,,False,see README enums; null has missing_reasons_json,enrichment,observed,Un perfil documentado de una organización como sponsor — categories_json,"Empresa, objetivos, audiencias, categorías, geografías, canales de propuestas, proceso de decisión y presupuesto únicamente cuando esté documentado. El historial se obtiene de las relaciones con ediciones."
sponsor_profiles,geographies_json,JSON,,False,see README enums; null has missing_reasons_json,enrichment,observed,Un perfil documentado de una organización como sponsor — geographies_json,"Empresa, objetivos, audiencias, categorías, geografías, canales de propuestas, proceso de decisión y presupuesto únicamente cuando esté documentado. El historial se obtiene de las relaciones con ediciones."
sponsor_profiles,proposal_channel,TEXT,,False,see README enums; null has missing_reasons_json,enrichment,observed,Un perfil documentado de una organización como sponsor — proposal_channel,"Empresa, objetivos, audiencias, categorías, geografías, canales de propuestas, proceso de decisión y presupuesto únicamente cuando esté documentado. El historial se obtiene de las relaciones con ediciones."
sponsor_profiles,decision_process,TEXT,,False,see README enums; null has missing_reasons_json,enrichment,observed,Un perfil documentado de una organización como sponsor — decision_process,"Empresa, objetivos, audiencias, categorías, geografías, canales de propuestas, proceso de decisión y presupuesto únicamente cuando esté documentado. El historial se obtiene de las relaciones con ediciones."
sponsor_profiles,budget,TEXT,,False,see README enums; null has missing_reasons_json,enrichment,observed,Un perfil documentado de una organización como sponsor — budget,"Empresa, objetivos, audiencias, categorías, geografías, canales de propuestas, proceso de decisión y presupuesto únicamente cuando esté documentado. El historial se obtiene de las relaciones con ediciones."
sponsor_profiles,currency,TEXT,,False,see README enums; null has missing_reasons_json,enrichment,observed,Un perfil documentado de una organización como sponsor — currency,"Empresa, objetivos, audiencias, categorías, geografías, canales de propuestas, proceso de decisión y presupuesto únicamente cuando esté documentado. El historial se obtiene de las relaciones con ediciones."
sponsor_profiles,source_id,TEXT,,False,see README enums; null has missing_reasons_json,enrichment,observed,Un perfil documentado de una organización como sponsor — source_id,"Empresa, objetivos, audiencias, categorías, geografías, canales de propuestas, proceso de decisión y presupuesto únicamente cuando esté documentado. El historial se obtiene de las relaciones con ediciones."
sponsor_profiles,extra_json,JSON,,False,see README enums; null has missing_reasons_json,enrichment,observed,Un perfil documentado de una organización como sponsor — extra_json,"Empresa, objetivos, audiencias, categorías, geografías, canales de propuestas, proceso de decisión y presupuesto únicamente cuando esté documentado. El historial se obtiene de las relaciones con ediciones."
sponsor_profiles,missing_reasons_json,JSON,,False,see README enums; null has missing_reasons_json,enrichment,observed,Un perfil documentado de una organización como sponsor — missing_reasons_json,"Empresa, objetivos, audiencias, categorías, geografías, canales de propuestas, proceso de decisión y presupuesto únicamente cuando esté documentado. El historial se obtiene de las relaciones con ediciones."
sponsorship_packages,package_id,TEXT,,True,see README enums; null has missing_reasons_json,enrichment,observed,Un paquete para una edición — package_id,"Edición, nombre o nivel, beneficios, importe o rango, moneda, exclusividad, inventario y disponibilidad documentados, vigencia, plazos y fuente."
sponsorship_packages,edition_id,TEXT,,False,see README enums; null has missing_reasons_json,enrichment,observed,Un paquete para una edición — edition_id,"Edición, nombre o nivel, beneficios, importe o rango, moneda, exclusividad, inventario y disponibilidad documentados, vigencia, plazos y fuente."
sponsorship_packages,name,TEXT,,False,see README enums; null has missing_reasons_json,enrichment,observed,Un paquete para una edición — name,"Edición, nombre o nivel, beneficios, importe o rango, moneda, exclusividad, inventario y disponibilidad documentados, vigencia, plazos y fuente."
sponsorship_packages,amount,REAL,record_specific; see unit/currency fields,False,see README enums; null has missing_reasons_json,enrichment,observed,Un paquete para una edición — amount,"Edición, nombre o nivel, beneficios, importe o rango, moneda, exclusividad, inventario y disponibilidad documentados, vigencia, plazos y fuente."
sponsorship_packages,currency,TEXT,,False,see README enums; null has missing_reasons_json,enrichment,observed,Un paquete para una edición — currency,"Edición, nombre o nivel, beneficios, importe o rango, moneda, exclusividad, inventario y disponibilidad documentados, vigencia, plazos y fuente."
sponsorship_packages,unit,TEXT,,False,see README enums; null has missing_reasons_json,enrichment,observed,Un paquete para una edición — unit,"Edición, nombre o nivel, beneficios, importe o rango, moneda, exclusividad, inventario y disponibilidad documentados, vigencia, plazos y fuente."
sponsorship_packages,benefits,TEXT,,False,see README enums; null has missing_reasons_json,enrichment,observed,Un paquete para una edición — benefits,"Edición, nombre o nivel, beneficios, importe o rango, moneda, exclusividad, inventario y disponibilidad documentados, vigencia, plazos y fuente."
sponsorship_packages,exclusivity,TEXT,,False,see README enums; null has missing_reasons_json,enrichment,observed,Un paquete para una edición — exclusivity,"Edición, nombre o nivel, beneficios, importe o rango, moneda, exclusividad, inventario y disponibilidad documentados, vigencia, plazos y fuente."
sponsorship_packages,availability,TEXT,,False,see README enums; null has missing_reasons_json,enrichment,observed,Un paquete para una edición — availability,"Edición, nombre o nivel, beneficios, importe o rango, moneda, exclusividad, inventario y disponibilidad documentados, vigencia, plazos y fuente."
sponsorship_packages,valid_at,TEXT,,False,see README enums; null has missing_reasons_json,enrichment,observed,Un paquete para una edición — valid_at,"Edición, nombre o nivel, beneficios, importe o rango, moneda, exclusividad, inventario y disponibilidad documentados, vigencia, plazos y fuente."
sponsorship_packages,source_id,TEXT,,False,see README enums; null has missing_reasons_json,enrichment,observed,Un paquete para una edición — source_id,"Edición, nombre o nivel, beneficios, importe o rango, moneda, exclusividad, inventario y disponibilidad documentados, vigencia, plazos y fuente."
sponsorship_packages,extra_json,JSON,,False,see README enums; null has missing_reasons_json,enrichment,observed,Un paquete para una edición — extra_json,"Edición, nombre o nivel, beneficios, importe o rango, moneda, exclusividad, inventario y disponibilidad documentados, vigencia, plazos y fuente."
sponsorship_packages,missing_reasons_json,JSON,,False,see README enums; null has missing_reasons_json,enrichment,observed,Un paquete para una edición — missing_reasons_json,"Edición, nombre o nivel, beneficios, importe o rango, moneda, exclusividad, inventario y disponibilidad documentados, vigencia, plazos y fuente."
people,person_id,TEXT,,True,see README enums; null has missing_reasons_json,enrichment,observed,Una persona profesional identificada de forma fiable — person_id,"Identificador, nombre público y perfil profesional publicado, con los mínimos datos necesarios. No incluyas correos personales, teléfonos privados ni atributos sensibles; no supongas acceso a listados privados."
people,name,TEXT,,False,see README enums; null has missing_reasons_json,enrichment,observed,Una persona profesional identificada de forma fiable — name,"Identificador, nombre público y perfil profesional publicado, con los mínimos datos necesarios. No incluyas correos personales, teléfonos privados ni atributos sensibles; no supongas acceso a listados privados."
people,public_profile,TEXT,,False,see README enums; null has missing_reasons_json,enrichment,observed,Una persona profesional identificada de forma fiable — public_profile,"Identificador, nombre público y perfil profesional publicado, con los mínimos datos necesarios. No incluyas correos personales, teléfonos privados ni atributos sensibles; no supongas acceso a listados privados."
people,source_id,TEXT,,False,see README enums; null has missing_reasons_json,enrichment,observed,Una persona profesional identificada de forma fiable — source_id,"Identificador, nombre público y perfil profesional publicado, con los mínimos datos necesarios. No incluyas correos personales, teléfonos privados ni atributos sensibles; no supongas acceso a listados privados."
people,extra_json,JSON,,False,see README enums; null has missing_reasons_json,enrichment,observed,Una persona profesional identificada de forma fiable — extra_json,"Identificador, nombre público y perfil profesional publicado, con los mínimos datos necesarios. No incluyas correos personales, teléfonos privados ni atributos sensibles; no supongas acceso a listados privados."
people,missing_reasons_json,JSON,,False,see README enums; null has missing_reasons_json,enrichment,observed,Una persona profesional identificada de forma fiable — missing_reasons_json,"Identificador, nombre público y perfil profesional publicado, con los mínimos datos necesarios. No incluyas correos personales, teléfonos privados ni atributos sensibles; no supongas acceso a listados privados."
participation,participation_id,TEXT,,True,see README enums; null has missing_reasons_json,enrichment,observed,Un rol o estado de participación de una persona en una edición — participation_id,"Persona, edición, organización y cargo en ese momento cuando consten, rol y estado: anunciado, registrado o asistente efectivo según la evidencia. Un speaker anunciado no es asistencia confirmada."
participation,person_id,TEXT,,False,see README enums; null has missing_reasons_json,enrichment,observed,Un rol o estado de participación de una persona en una edición — person_id,"Persona, edición, organización y cargo en ese momento cuando consten, rol y estado: anunciado, registrado o asistente efectivo según la evidencia. Un speaker anunciado no es asistencia confirmada."
participation,edition_id,TEXT,,False,see README enums; null has missing_reasons_json,enrichment,observed,Un rol o estado de participación de una persona en una edición — edition_id,"Persona, edición, organización y cargo en ese momento cuando consten, rol y estado: anunciado, registrado o asistente efectivo según la evidencia. Un speaker anunciado no es asistencia confirmada."
participation,company_id,TEXT,,False,see README enums; null has missing_reasons_json,enrichment,observed,Un rol o estado de participación de una persona en una edición — company_id,"Persona, edición, organización y cargo en ese momento cuando consten, rol y estado: anunciado, registrado o asistente efectivo según la evidencia. Un speaker anunciado no es asistencia confirmada."
participation,role,TEXT,,False,see README enums; null has missing_reasons_json,enrichment,observed,Un rol o estado de participación de una persona en una edición — role,"Persona, edición, organización y cargo en ese momento cuando consten, rol y estado: anunciado, registrado o asistente efectivo según la evidencia. Un speaker anunciado no es asistencia confirmada."
participation,affiliation_at_event,TEXT,,False,see README enums; null has missing_reasons_json,enrichment,observed,Un rol o estado de participación de una persona en una edición — affiliation_at_event,"Persona, edición, organización y cargo en ese momento cuando consten, rol y estado: anunciado, registrado o asistente efectivo según la evidencia. Un speaker anunciado no es asistencia confirmada."
participation,status,TEXT,,False,see README enums; null has missing_reasons_json,enrichment,observed,Un rol o estado de participación de una persona en una edición — status,"Persona, edición, organización y cargo en ese momento cuando consten, rol y estado: anunciado, registrado o asistente efectivo según la evidencia. Un speaker anunciado no es asistencia confirmada."
participation,source_id,TEXT,,False,see README enums; null has missing_reasons_json,enrichment,observed,Un rol o estado de participación de una persona en una edición — source_id,"Persona, edición, organización y cargo en ese momento cuando consten, rol y estado: anunciado, registrado o asistente efectivo según la evidencia. Un speaker anunciado no es asistencia confirmada."
participation,extra_json,JSON,,False,see README enums; null has missing_reasons_json,enrichment,observed,Un rol o estado de participación de una persona en una edición — extra_json,"Persona, edición, organización y cargo en ese momento cuando consten, rol y estado: anunciado, registrado o asistente efectivo según la evidencia. Un speaker anunciado no es asistencia confirmada."
participation,missing_reasons_json,JSON,,False,see README enums; null has missing_reasons_json,enrichment,observed,Un rol o estado de participación de una persona en una edición — missing_reasons_json,"Persona, edición, organización y cargo en ese momento cuando consten, rol y estado: anunciado, registrado o asistente efectivo según la evidencia. Un speaker anunciado no es asistencia confirmada."
audience_metrics,metric_id,TEXT,,True,see README enums; null has missing_reasons_json,enrichment,observed,Una medida o segmento de audiencia de una edición — metric_id,"Edición, segmento, métrica, valor, unidad, denominador si existe, periodo, método y estado previsto o observado. Incluye perfiles agregados cuando no haya participantes individuales accesibles."
audience_metrics,edition_id,TEXT,,False,see README enums; null has missing_reasons_json,enrichment,observed,Una medida o segmento de audiencia de una edición — edition_id,"Edición, segmento, métrica, valor, unidad, denominador si existe, periodo, método y estado previsto o observado. Incluye perfiles agregados cuando no haya participantes individuales accesibles."
audience_metrics,name,TEXT,,False,see README enums; null has missing_reasons_json,enrichment,observed,Una medida o segmento de audiencia de una edición — name,"Edición, segmento, métrica, valor, unidad, denominador si existe, periodo, método y estado previsto o observado. Incluye perfiles agregados cuando no haya participantes individuales accesibles."
audience_metrics,value,TEXT,record_specific; see unit/currency fields,False,see README enums; null has missing_reasons_json,enrichment,observed,Una medida o segmento de audiencia de una edición — value,"Edición, segmento, métrica, valor, unidad, denominador si existe, periodo, método y estado previsto o observado. Incluye perfiles agregados cuando no haya participantes individuales accesibles."
audience_metrics,unit,TEXT,,False,see README enums; null has missing_reasons_json,enrichment,observed,Una medida o segmento de audiencia de una edición — unit,"Edición, segmento, métrica, valor, unidad, denominador si existe, periodo, método y estado previsto o observado. Incluye perfiles agregados cuando no haya participantes individuales accesibles."
audience_metrics,denominator,TEXT,,False,see README enums; null has missing_reasons_json,enrichment,observed,Una medida o segmento de audiencia de una edición — denominator,"Edición, segmento, métrica, valor, unidad, denominador si existe, periodo, método y estado previsto o observado. Incluye perfiles agregados cuando no haya participantes individuales accesibles."
audience_metrics,segment,TEXT,,False,see README enums; null has missing_reasons_json,enrichment,observed,Una medida o segmento de audiencia de una edición — segment,"Edición, segmento, métrica, valor, unidad, denominador si existe, periodo, método y estado previsto o observado. Incluye perfiles agregados cuando no haya participantes individuales accesibles."
audience_metrics,status,TEXT,,False,see README enums; null has missing_reasons_json,enrichment,observed,Una medida o segmento de audiencia de una edición — status,"Edición, segmento, métrica, valor, unidad, denominador si existe, periodo, método y estado previsto o observado. Incluye perfiles agregados cuando no haya participantes individuales accesibles."
audience_metrics,source_id,TEXT,,False,see README enums; null has missing_reasons_json,enrichment,observed,Una medida o segmento de audiencia de una edición — source_id,"Edición, segmento, métrica, valor, unidad, denominador si existe, periodo, método y estado previsto o observado. Incluye perfiles agregados cuando no haya participantes individuales accesibles."
audience_metrics,extra_json,JSON,,False,see README enums; null has missing_reasons_json,enrichment,observed,Una medida o segmento de audiencia de una edición — extra_json,"Edición, segmento, métrica, valor, unidad, denominador si existe, periodo, método y estado previsto o observado. Incluye perfiles agregados cuando no haya participantes individuales accesibles."
audience_metrics,missing_reasons_json,JSON,,False,see README enums; null has missing_reasons_json,enrichment,observed,Una medida o segmento de audiencia de una edición — missing_reasons_json,"Edición, segmento, métrica, valor, unidad, denominador si existe, periodo, método y estado previsto o observado. Incluye perfiles agregados cuando no haya participantes individuales accesibles."
event_metrics,metric_id,TEXT,,True,see README enums; null has missing_reasons_json,enrichment,observed,Una métrica de resultado atribuida a una edición y actor — metric_id,"Edición, empresa o actor cuando corresponda, definición, valor, unidad, periodo, método de atribución y carácter estimado, declarado o medido. Mantén distintos asistencia, reuniones, leads, oportunidades, ingresos y renovación."
event_metrics,edition_id,TEXT,,False,see README enums; null has missing_reasons_json,enrichment,observed,Una métrica de resultado atribuida a una edición y actor — edition_id,"Edición, empresa o actor cuando corresponda, definición, valor, unidad, periodo, método de atribución y carácter estimado, declarado o medido. Mantén distintos asistencia, reuniones, leads, oportunidades, ingresos y renovación."
event_metrics,company_id,TEXT,,False,see README enums; null has missing_reasons_json,enrichment,observed,Una métrica de resultado atribuida a una edición y actor — company_id,"Edición, empresa o actor cuando corresponda, definición, valor, unidad, periodo, método de atribución y carácter estimado, declarado o medido. Mantén distintos asistencia, reuniones, leads, oportunidades, ingresos y renovación."
event_metrics,name,TEXT,,False,see README enums; null has missing_reasons_json,enrichment,observed,Una métrica de resultado atribuida a una edición y actor — name,"Edición, empresa o actor cuando corresponda, definición, valor, unidad, periodo, método de atribución y carácter estimado, declarado o medido. Mantén distintos asistencia, reuniones, leads, oportunidades, ingresos y renovación."
event_metrics,value,TEXT,record_specific; see unit/currency fields,False,see README enums; null has missing_reasons_json,enrichment,observed,Una métrica de resultado atribuida a una edición y actor — value,"Edición, empresa o actor cuando corresponda, definición, valor, unidad, periodo, método de atribución y carácter estimado, declarado o medido. Mantén distintos asistencia, reuniones, leads, oportunidades, ingresos y renovación."
event_metrics,unit,TEXT,,False,see README enums; null has missing_reasons_json,enrichment,observed,Una métrica de resultado atribuida a una edición y actor — unit,"Edición, empresa o actor cuando corresponda, definición, valor, unidad, periodo, método de atribución y carácter estimado, declarado o medido. Mantén distintos asistencia, reuniones, leads, oportunidades, ingresos y renovación."
event_metrics,denominator,TEXT,,False,see README enums; null has missing_reasons_json,enrichment,observed,Una métrica de resultado atribuida a una edición y actor — denominator,"Edición, empresa o actor cuando corresponda, definición, valor, unidad, periodo, método de atribución y carácter estimado, declarado o medido. Mantén distintos asistencia, reuniones, leads, oportunidades, ingresos y renovación."
event_metrics,status,TEXT,,False,see README enums; null has missing_reasons_json,enrichment,observed,Una métrica de resultado atribuida a una edición y actor — status,"Edición, empresa o actor cuando corresponda, definición, valor, unidad, periodo, método de atribución y carácter estimado, declarado o medido. Mantén distintos asistencia, reuniones, leads, oportunidades, ingresos y renovación."
event_metrics,method,TEXT,,False,see README enums; null has missing_reasons_json,enrichment,observed,Una métrica de resultado atribuida a una edición y actor — method,"Edición, empresa o actor cuando corresponda, definición, valor, unidad, periodo, método de atribución y carácter estimado, declarado o medido. Mantén distintos asistencia, reuniones, leads, oportunidades, ingresos y renovación."
event_metrics,source_id,TEXT,,False,see README enums; null has missing_reasons_json,enrichment,observed,Una métrica de resultado atribuida a una edición y actor — source_id,"Edición, empresa o actor cuando corresponda, definición, valor, unidad, periodo, método de atribución y carácter estimado, declarado o medido. Mantén distintos asistencia, reuniones, leads, oportunidades, ingresos y renovación."
event_metrics,extra_json,JSON,,False,see README enums; null has missing_reasons_json,enrichment,observed,Una métrica de resultado atribuida a una edición y actor — extra_json,"Edición, empresa o actor cuando corresponda, definición, valor, unidad, periodo, método de atribución y carácter estimado, declarado o medido. Mantén distintos asistencia, reuniones, leads, oportunidades, ingresos y renovación."
event_metrics,missing_reasons_json,JSON,,False,see README enums; null has missing_reasons_json,enrichment,observed,Una métrica de resultado atribuida a una edición y actor — missing_reasons_json,"Edición, empresa o actor cuando corresponda, definición, valor, unidad, periodo, método de atribución y carácter estimado, declarado o medido. Mantén distintos asistencia, reuniones, leads, oportunidades, ingresos y renovación."
event_costs,cost_id,TEXT,,True,see README enums; null has missing_reasons_json,enrichment,observed,Un componente de costo documentado — cost_id,"Edición, categoría, importe o rango, moneda, unidad, impuestos o inclusiones conocidos, vigencia y carácter de tarifa, cotización o estimación. Los plazos se registran en `event_deadlines.csv`."
event_costs,edition_id,TEXT,,False,see README enums; null has missing_reasons_json,enrichment,observed,Un componente de costo documentado — edition_id,"Edición, categoría, importe o rango, moneda, unidad, impuestos o inclusiones conocidos, vigencia y carácter de tarifa, cotización o estimación. Los plazos se registran en `event_deadlines.csv`."
event_costs,category,TEXT,,False,see README enums; null has missing_reasons_json,enrichment,observed,Un componente de costo documentado — category,"Edición, categoría, importe o rango, moneda, unidad, impuestos o inclusiones conocidos, vigencia y carácter de tarifa, cotización o estimación. Los plazos se registran en `event_deadlines.csv`."
event_costs,name,TEXT,,False,see README enums; null has missing_reasons_json,enrichment,observed,Un componente de costo documentado — name,"Edición, categoría, importe o rango, moneda, unidad, impuestos o inclusiones conocidos, vigencia y carácter de tarifa, cotización o estimación. Los plazos se registran en `event_deadlines.csv`."
event_costs,amount,REAL,record_specific; see unit/currency fields,False,see README enums; null has missing_reasons_json,enrichment,observed,Un componente de costo documentado — amount,"Edición, categoría, importe o rango, moneda, unidad, impuestos o inclusiones conocidos, vigencia y carácter de tarifa, cotización o estimación. Los plazos se registran en `event_deadlines.csv`."
event_costs,currency,TEXT,,False,see README enums; null has missing_reasons_json,enrichment,observed,Un componente de costo documentado — currency,"Edición, categoría, importe o rango, moneda, unidad, impuestos o inclusiones conocidos, vigencia y carácter de tarifa, cotización o estimación. Los plazos se registran en `event_deadlines.csv`."
event_costs,unit,TEXT,,False,see README enums; null has missing_reasons_json,enrichment,observed,Un componente de costo documentado — unit,"Edición, categoría, importe o rango, moneda, unidad, impuestos o inclusiones conocidos, vigencia y carácter de tarifa, cotización o estimación. Los plazos se registran en `event_deadlines.csv`."
event_costs,taxes,TEXT,,False,see README enums; null has missing_reasons_json,enrichment,observed,Un componente de costo documentado — taxes,"Edición, categoría, importe o rango, moneda, unidad, impuestos o inclusiones conocidos, vigencia y carácter de tarifa, cotización o estimación. Los plazos se registran en `event_deadlines.csv`."
event_costs,price_type,TEXT,,False,see README enums; null has missing_reasons_json,enrichment,observed,Un componente de costo documentado — price_type,"Edición, categoría, importe o rango, moneda, unidad, impuestos o inclusiones conocidos, vigencia y carácter de tarifa, cotización o estimación. Los plazos se registran en `event_deadlines.csv`."
event_costs,valid_at,TEXT,,False,see README enums; null has missing_reasons_json,enrichment,observed,Un componente de costo documentado — valid_at,"Edición, categoría, importe o rango, moneda, unidad, impuestos o inclusiones conocidos, vigencia y carácter de tarifa, cotización o estimación. Los plazos se registran en `event_deadlines.csv`."
event_costs,source_id,TEXT,,False,see README enums; null has missing_reasons_json,enrichment,observed,Un componente de costo documentado — source_id,"Edición, categoría, importe o rango, moneda, unidad, impuestos o inclusiones conocidos, vigencia y carácter de tarifa, cotización o estimación. Los plazos se registran en `event_deadlines.csv`."
event_costs,extra_json,JSON,,False,see README enums; null has missing_reasons_json,enrichment,observed,Un componente de costo documentado — extra_json,"Edición, categoría, importe o rango, moneda, unidad, impuestos o inclusiones conocidos, vigencia y carácter de tarifa, cotización o estimación. Los plazos se registran en `event_deadlines.csv`."
event_costs,missing_reasons_json,JSON,,False,see README enums; null has missing_reasons_json,enrichment,observed,Un componente de costo documentado — missing_reasons_json,"Edición, categoría, importe o rango, moneda, unidad, impuestos o inclusiones conocidos, vigencia y carácter de tarifa, cotización o estimación. Los plazos se registran en `event_deadlines.csv`."
venues,venue_id,TEXT,,True,see README enums; null has missing_reasons_json,enrichment,observed,Un espacio identificado — venue_id,"Identificador, nombre, dirección pública, coordenadas con método y precisión, capacidad por formato si está documentada, web y canal empresarial. La disponibilidad debe asociarse a fechas y una verificación concreta."
venues,name,TEXT,,False,see README enums; null has missing_reasons_json,enrichment,observed,Un espacio identificado — name,"Identificador, nombre, dirección pública, coordenadas con método y precisión, capacidad por formato si está documentada, web y canal empresarial. La disponibilidad debe asociarse a fechas y una verificación concreta."
venues,city,TEXT,,False,see README enums; null has missing_reasons_json,enrichment,observed,Un espacio identificado — city,"Identificador, nombre, dirección pública, coordenadas con método y precisión, capacidad por formato si está documentada, web y canal empresarial. La disponibilidad debe asociarse a fechas y una verificación concreta."
venues,country,TEXT,,False,see README enums; null has missing_reasons_json,enrichment,observed,Un espacio identificado — country,"Identificador, nombre, dirección pública, coordenadas con método y precisión, capacidad por formato si está documentada, web y canal empresarial. La disponibilidad debe asociarse a fechas y una verificación concreta."
venues,address,TEXT,,False,see README enums; null has missing_reasons_json,enrichment,observed,Un espacio identificado — address,"Identificador, nombre, dirección pública, coordenadas con método y precisión, capacidad por formato si está documentada, web y canal empresarial. La disponibilidad debe asociarse a fechas y una verificación concreta."
venues,latitude,REAL,,False,see README enums; null has missing_reasons_json,enrichment,observed,Un espacio identificado — latitude,"Identificador, nombre, dirección pública, coordenadas con método y precisión, capacidad por formato si está documentada, web y canal empresarial. La disponibilidad debe asociarse a fechas y una verificación concreta."
venues,longitude,REAL,,False,see README enums; null has missing_reasons_json,enrichment,observed,Un espacio identificado — longitude,"Identificador, nombre, dirección pública, coordenadas con método y precisión, capacidad por formato si está documentada, web y canal empresarial. La disponibilidad debe asociarse a fechas y una verificación concreta."
venues,coordinate_method,TEXT,,False,see README enums; null has missing_reasons_json,enrichment,observed,Un espacio identificado — coordinate_method,"Identificador, nombre, dirección pública, coordenadas con método y precisión, capacidad por formato si está documentada, web y canal empresarial. La disponibilidad debe asociarse a fechas y una verificación concreta."
venues,capacity,TEXT,,False,see README enums; null has missing_reasons_json,enrichment,observed,Un espacio identificado — capacity,"Identificador, nombre, dirección pública, coordenadas con método y precisión, capacidad por formato si está documentada, web y canal empresarial. La disponibilidad debe asociarse a fechas y una verificación concreta."
venues,website,TEXT,,False,see README enums; null has missing_reasons_json,enrichment,observed,Un espacio identificado — website,"Identificador, nombre, dirección pública, coordenadas con método y precisión, capacidad por formato si está documentada, web y canal empresarial. La disponibilidad debe asociarse a fechas y una verificación concreta."
venues,source_id,TEXT,,False,see README enums; null has missing_reasons_json,enrichment,observed,Un espacio identificado — source_id,"Identificador, nombre, dirección pública, coordenadas con método y precisión, capacidad por formato si está documentada, web y canal empresarial. La disponibilidad debe asociarse a fechas y una verificación concreta."
venues,extra_json,JSON,,False,see README enums; null has missing_reasons_json,enrichment,observed,Un espacio identificado — extra_json,"Identificador, nombre, dirección pública, coordenadas con método y precisión, capacidad por formato si está documentada, web y canal empresarial. La disponibilidad debe asociarse a fechas y una verificación concreta."
venues,missing_reasons_json,JSON,,False,see README enums; null has missing_reasons_json,enrichment,observed,Un espacio identificado — missing_reasons_json,"Identificador, nombre, dirección pública, coordenadas con método y precisión, capacidad por formato si está documentada, web y canal empresarial. La disponibilidad debe asociarse a fechas y una verificación concreta."
distribution_channels,channel_id,TEXT,,True,see README enums; null has missing_reasons_json,enrichment,observed,Un canal documentado de convocatoria — channel_id,"Organización responsable, tipo, tema, geografía, acceso o colaboración documentados, tamaño declarado con fecha y restricciones conocidas. No equipares seguidores con personas alcanzables ni con asistentes."
distribution_channels,company_id,TEXT,,False,see README enums; null has missing_reasons_json,enrichment,observed,Un canal documentado de convocatoria — company_id,"Organización responsable, tipo, tema, geografía, acceso o colaboración documentados, tamaño declarado con fecha y restricciones conocidas. No equipares seguidores con personas alcanzables ni con asistentes."
distribution_channels,name,TEXT,,False,see README enums; null has missing_reasons_json,enrichment,observed,Un canal documentado de convocatoria — name,"Organización responsable, tipo, tema, geografía, acceso o colaboración documentados, tamaño declarado con fecha y restricciones conocidas. No equipares seguidores con personas alcanzables ni con asistentes."
distribution_channels,type,TEXT,,False,see README enums; null has missing_reasons_json,enrichment,observed,Un canal documentado de convocatoria — type,"Organización responsable, tipo, tema, geografía, acceso o colaboración documentados, tamaño declarado con fecha y restricciones conocidas. No equipares seguidores con personas alcanzables ni con asistentes."
distribution_channels,topic,TEXT,,False,see README enums; null has missing_reasons_json,enrichment,observed,Un canal documentado de convocatoria — topic,"Organización responsable, tipo, tema, geografía, acceso o colaboración documentados, tamaño declarado con fecha y restricciones conocidas. No equipares seguidores con personas alcanzables ni con asistentes."
distribution_channels,geography,TEXT,,False,see README enums; null has missing_reasons_json,enrichment,observed,Un canal documentado de convocatoria — geography,"Organización responsable, tipo, tema, geografía, acceso o colaboración documentados, tamaño declarado con fecha y restricciones conocidas. No equipares seguidores con personas alcanzables ni con asistentes."
distribution_channels,access,TEXT,,False,see README enums; null has missing_reasons_json,enrichment,observed,Un canal documentado de convocatoria — access,"Organización responsable, tipo, tema, geografía, acceso o colaboración documentados, tamaño declarado con fecha y restricciones conocidas. No equipares seguidores con personas alcanzables ni con asistentes."
distribution_channels,size,TEXT,,False,see README enums; null has missing_reasons_json,enrichment,observed,Un canal documentado de convocatoria — size,"Organización responsable, tipo, tema, geografía, acceso o colaboración documentados, tamaño declarado con fecha y restricciones conocidas. No equipares seguidores con personas alcanzables ni con asistentes."
distribution_channels,measured_at,TEXT,,False,see README enums; null has missing_reasons_json,enrichment,observed,Un canal documentado de convocatoria — measured_at,"Organización responsable, tipo, tema, geografía, acceso o colaboración documentados, tamaño declarado con fecha y restricciones conocidas. No equipares seguidores con personas alcanzables ni con asistentes."
distribution_channels,source_id,TEXT,,False,see README enums; null has missing_reasons_json,enrichment,observed,Un canal documentado de convocatoria — source_id,"Organización responsable, tipo, tema, geografía, acceso o colaboración documentados, tamaño declarado con fecha y restricciones conocidas. No equipares seguidores con personas alcanzables ni con asistentes."
distribution_channels,extra_json,JSON,,False,see README enums; null has missing_reasons_json,enrichment,observed,Un canal documentado de convocatoria — extra_json,"Organización responsable, tipo, tema, geografía, acceso o colaboración documentados, tamaño declarado con fecha y restricciones conocidas. No equipares seguidores con personas alcanzables ni con asistentes."
distribution_channels,missing_reasons_json,JSON,,False,see README enums; null has missing_reasons_json,enrichment,observed,Un canal documentado de convocatoria — missing_reasons_json,"Organización responsable, tipo, tema, geografía, acceso o colaboración documentados, tamaño declarado con fecha y restricciones conocidas. No equipares seguidores con personas alcanzables ni con asistentes."
competitors,competitor_id,TEXT,,True,see README enums; null has missing_reasons_json,enrichment,observed,Un competidor o sustituto evaluado — competitor_id,"Empresa, categoría, funciones documentadas, estado comercial, comprador, datos, cobertura, integraciones, precio público, fuentes y fecha de revisión."
competitors,name,TEXT,,False,see README enums; null has missing_reasons_json,enrichment,observed,Un competidor o sustituto evaluado — name,"Empresa, categoría, funciones documentadas, estado comercial, comprador, datos, cobertura, integraciones, precio público, fuentes y fecha de revisión."
competitors,url,TEXT,,False,see README enums; null has missing_reasons_json,enrichment,observed,Un competidor o sustituto evaluado — url,"Empresa, categoría, funciones documentadas, estado comercial, comprador, datos, cobertura, integraciones, precio público, fuentes y fecha de revisión."
competitors,category,TEXT,,False,see README enums; null has missing_reasons_json,enrichment,observed,Un competidor o sustituto evaluado — category,"Empresa, categoría, funciones documentadas, estado comercial, comprador, datos, cobertura, integraciones, precio público, fuentes y fecha de revisión."
competitors,buyer,TEXT,,False,see README enums; null has missing_reasons_json,enrichment,observed,Un competidor o sustituto evaluado — buyer,"Empresa, categoría, funciones documentadas, estado comercial, comprador, datos, cobertura, integraciones, precio público, fuentes y fecha de revisión."
competitors,job,TEXT,,False,see README enums; null has missing_reasons_json,enrichment,observed,Un competidor o sustituto evaluado — job,"Empresa, categoría, funciones documentadas, estado comercial, comprador, datos, cobertura, integraciones, precio público, fuentes y fecha de revisión."
competitors,onboarding,TEXT,,False,see README enums; null has missing_reasons_json,enrichment,observed,Un competidor o sustituto evaluado — onboarding,"Empresa, categoría, funciones documentadas, estado comercial, comprador, datos, cobertura, integraciones, precio público, fuentes y fecha de revisión."
competitors,geography,TEXT,,False,see README enums; null has missing_reasons_json,enrichment,observed,Un competidor o sustituto evaluado — geography,"Empresa, categoría, funciones documentadas, estado comercial, comprador, datos, cobertura, integraciones, precio público, fuentes y fecha de revisión."
competitors,history,TEXT,,False,see README enums; null has missing_reasons_json,enrichment,observed,Un competidor o sustituto evaluado — history,"Empresa, categoría, funciones documentadas, estado comercial, comprador, datos, cobertura, integraciones, precio público, fuentes y fecha de revisión."
competitors,refresh,TEXT,,False,see README enums; null has missing_reasons_json,enrichment,observed,Un competidor o sustituto evaluado — refresh,"Empresa, categoría, funciones documentadas, estado comercial, comprador, datos, cobertura, integraciones, precio público, fuentes y fecha de revisión."
competitors,integrations,TEXT,,False,see README enums; null has missing_reasons_json,enrichment,observed,Un competidor o sustituto evaluado — integrations,"Empresa, categoría, funciones documentadas, estado comercial, comprador, datos, cobertura, integraciones, precio público, fuentes y fecha de revisión."
competitors,api_export,TEXT,,False,see README enums; null has missing_reasons_json,enrichment,observed,Un competidor o sustituto evaluado — api_export,"Empresa, categoría, funciones documentadas, estado comercial, comprador, datos, cobertura, integraciones, precio público, fuentes y fecha de revisión."
competitors,public_price,TEXT,,False,see README enums; null has missing_reasons_json,enrichment,observed,Un competidor o sustituto evaluado — public_price,"Empresa, categoría, funciones documentadas, estado comercial, comprador, datos, cobertura, integraciones, precio público, fuentes y fecha de revisión."
competitors,commercial_status,TEXT,,False,see README enums; null has missing_reasons_json,enrichment,observed,Un competidor o sustituto evaluado — commercial_status,"Empresa, categoría, funciones documentadas, estado comercial, comprador, datos, cobertura, integraciones, precio público, fuentes y fecha de revisión."
competitors,source_ids_json,JSON,,False,see README enums; null has missing_reasons_json,enrichment,observed,Un competidor o sustituto evaluado — source_ids_json,"Empresa, categoría, funciones documentadas, estado comercial, comprador, datos, cobertura, integraciones, precio público, fuentes y fecha de revisión."
competitors,extra_json,JSON,,False,see README enums; null has missing_reasons_json,enrichment,observed,Un competidor o sustituto evaluado — extra_json,"Empresa, categoría, funciones documentadas, estado comercial, comprador, datos, cobertura, integraciones, precio público, fuentes y fecha de revisión."
competitors,missing_reasons_json,JSON,,False,see README enums; null has missing_reasons_json,enrichment,observed,Un competidor o sustituto evaluado — missing_reasons_json,"Empresa, categoría, funciones documentadas, estado comercial, comprador, datos, cobertura, integraciones, precio público, fuentes y fecha de revisión."
extraction_queue,queue_id,TEXT,,True,see README enums; null has missing_reasons_json,enrichment,observed,Un lote o tarea de adquisición — queue_id,"Fuente y URL de inicio, segmento, ventana temporal, estado, prioridad, último punto procesado, cursor si existe, bloqueo, intentos y siguiente paso verificable."
extraction_queue,url,TEXT,,False,see README enums; null has missing_reasons_json,enrichment,observed,Un lote o tarea de adquisición — url,"Fuente y URL de inicio, segmento, ventana temporal, estado, prioridad, último punto procesado, cursor si existe, bloqueo, intentos y siguiente paso verificable."
extraction_queue,source_family,TEXT,,False,see README enums; null has missing_reasons_json,enrichment,observed,Un lote o tarea de adquisición — source_family,"Fuente y URL de inicio, segmento, ventana temporal, estado, prioridad, último punto procesado, cursor si existe, bloqueo, intentos y siguiente paso verificable."
extraction_queue,scope,TEXT,,False,see README enums; null has missing_reasons_json,enrichment,observed,Un lote o tarea de adquisición — scope,"Fuente y URL de inicio, segmento, ventana temporal, estado, prioridad, último punto procesado, cursor si existe, bloqueo, intentos y siguiente paso verificable."
extraction_queue,years,TEXT,,False,see README enums; null has missing_reasons_json,enrichment,observed,Un lote o tarea de adquisición — years,"Fuente y URL de inicio, segmento, ventana temporal, estado, prioridad, último punto procesado, cursor si existe, bloqueo, intentos y siguiente paso verificable."
extraction_queue,priority,TEXT,,False,see README enums; null has missing_reasons_json,enrichment,observed,Un lote o tarea de adquisición — priority,"Fuente y URL de inicio, segmento, ventana temporal, estado, prioridad, último punto procesado, cursor si existe, bloqueo, intentos y siguiente paso verificable."
extraction_queue,status,TEXT,,False,see README enums; null has missing_reasons_json,enrichment,observed,Un lote o tarea de adquisición — status,"Fuente y URL de inicio, segmento, ventana temporal, estado, prioridad, último punto procesado, cursor si existe, bloqueo, intentos y siguiente paso verificable."
extraction_queue,cursor,TEXT,,False,see README enums; null has missing_reasons_json,enrichment,observed,Un lote o tarea de adquisición — cursor,"Fuente y URL de inicio, segmento, ventana temporal, estado, prioridad, último punto procesado, cursor si existe, bloqueo, intentos y siguiente paso verificable."
extraction_queue,blocking_reason,TEXT,,False,see README enums; null has missing_reasons_json,enrichment,observed,Un lote o tarea de adquisición — blocking_reason,"Fuente y URL de inicio, segmento, ventana temporal, estado, prioridad, último punto procesado, cursor si existe, bloqueo, intentos y siguiente paso verificable."
extraction_queue,next_action,TEXT,,False,see README enums; null has missing_reasons_json,enrichment,observed,Un lote o tarea de adquisición — next_action,"Fuente y URL de inicio, segmento, ventana temporal, estado, prioridad, último punto procesado, cursor si existe, bloqueo, intentos y siguiente paso verificable."
extraction_queue,stop_condition,TEXT,,False,see README enums; null has missing_reasons_json,enrichment,observed,Un lote o tarea de adquisición — stop_condition,"Fuente y URL de inicio, segmento, ventana temporal, estado, prioridad, último punto procesado, cursor si existe, bloqueo, intentos y siguiente paso verificable."
extraction_queue,extra_json,JSON,,False,see README enums; null has missing_reasons_json,enrichment,observed,Un lote o tarea de adquisición — extra_json,"Fuente y URL de inicio, segmento, ventana temporal, estado, prioridad, último punto procesado, cursor si existe, bloqueo, intentos y siguiente paso verificable."
extraction_queue,missing_reasons_json,JSON,,False,see README enums; null has missing_reasons_json,enrichment,observed,Un lote o tarea de adquisición — missing_reasons_json,"Fuente y URL de inicio, segmento, ventana temporal, estado, prioridad, último punto procesado, cursor si existe, bloqueo, intentos y siguiente paso verificable."
platform_listings,listing_id,TEXT,,True,see README enums; null has missing_reasons_json,enrichment,observed,La publicación de una edición en una plataforma — listing_id,"Edición, plataforma, identificador nativo si está publicado, URL, idioma, primera y última observación, estado y vínculo con otras publicaciones de la misma edición. Permite deduplicar Luma, Eventbrite, Partiful y la web oficial."
platform_listings,edition_id,TEXT,,False,see README enums; null has missing_reasons_json,enrichment,observed,La publicación de una edición en una plataforma — edition_id,"Edición, plataforma, identificador nativo si está publicado, URL, idioma, primera y última observación, estado y vínculo con otras publicaciones de la misma edición. Permite deduplicar Luma, Eventbrite, Partiful y la web oficial."
platform_listings,platform,TEXT,,False,see README enums; null has missing_reasons_json,enrichment,observed,La publicación de una edición en una plataforma — platform,"Edición, plataforma, identificador nativo si está publicado, URL, idioma, primera y última observación, estado y vínculo con otras publicaciones de la misma edición. Permite deduplicar Luma, Eventbrite, Partiful y la web oficial."
platform_listings,native_id,TEXT,,False,see README enums; null has missing_reasons_json,enrichment,observed,La publicación de una edición en una plataforma — native_id,"Edición, plataforma, identificador nativo si está publicado, URL, idioma, primera y última observación, estado y vínculo con otras publicaciones de la misma edición. Permite deduplicar Luma, Eventbrite, Partiful y la web oficial."
platform_listings,url,TEXT,,False,see README enums; null has missing_reasons_json,enrichment,observed,La publicación de una edición en una plataforma — url,"Edición, plataforma, identificador nativo si está publicado, URL, idioma, primera y última observación, estado y vínculo con otras publicaciones de la misma edición. Permite deduplicar Luma, Eventbrite, Partiful y la web oficial."
platform_listings,first_observed,TEXT,,False,see README enums; null has missing_reasons_json,enrichment,observed,La publicación de una edición en una plataforma — first_observed,"Edición, plataforma, identificador nativo si está publicado, URL, idioma, primera y última observación, estado y vínculo con otras publicaciones de la misma edición. Permite deduplicar Luma, Eventbrite, Partiful y la web oficial."
platform_listings,last_observed,TEXT,,False,see README enums; null has missing_reasons_json,enrichment,observed,La publicación de una edición en una plataforma — last_observed,"Edición, plataforma, identificador nativo si está publicado, URL, idioma, primera y última observación, estado y vínculo con otras publicaciones de la misma edición. Permite deduplicar Luma, Eventbrite, Partiful y la web oficial."
platform_listings,status,TEXT,,False,see README enums; null has missing_reasons_json,enrichment,observed,La publicación de una edición en una plataforma — status,"Edición, plataforma, identificador nativo si está publicado, URL, idioma, primera y última observación, estado y vínculo con otras publicaciones de la misma edición. Permite deduplicar Luma, Eventbrite, Partiful y la web oficial."
platform_listings,source_id,TEXT,,False,see README enums; null has missing_reasons_json,enrichment,observed,La publicación de una edición en una plataforma — source_id,"Edición, plataforma, identificador nativo si está publicado, URL, idioma, primera y última observación, estado y vínculo con otras publicaciones de la misma edición. Permite deduplicar Luma, Eventbrite, Partiful y la web oficial."
platform_listings,extra_json,JSON,,False,see README enums; null has missing_reasons_json,enrichment,observed,La publicación de una edición en una plataforma — extra_json,"Edición, plataforma, identificador nativo si está publicado, URL, idioma, primera y última observación, estado y vínculo con otras publicaciones de la misma edición. Permite deduplicar Luma, Eventbrite, Partiful y la web oficial."
platform_listings,missing_reasons_json,JSON,,False,see README enums; null has missing_reasons_json,enrichment,observed,La publicación de una edición en una plataforma — missing_reasons_json,"Edición, plataforma, identificador nativo si está publicado, URL, idioma, primera y última observación, estado y vínculo con otras publicaciones de la misma edición. Permite deduplicar Luma, Eventbrite, Partiful y la web oficial."
source_snapshots,snapshot_id,TEXT,,True,see README enums; null has missing_reasons_json,enrichment,observed,Una versión consultada o captura histórica de una fuente — snapshot_id,"Fuente, URL original y de archivo si existe, fecha de captura, consulta, tipo de contenido, hash si se pudo calcular, disponibilidad, material retenido y permiso documentado."
source_snapshots,source_id,TEXT,,False,see README enums; null has missing_reasons_json,enrichment,observed,Una versión consultada o captura histórica de una fuente — source_id,"Fuente, URL original y de archivo si existe, fecha de captura, consulta, tipo de contenido, hash si se pudo calcular, disponibilidad, material retenido y permiso documentado."
source_snapshots,original_url,TEXT,,False,see README enums; null has missing_reasons_json,enrichment,observed,Una versión consultada o captura histórica de una fuente — original_url,"Fuente, URL original y de archivo si existe, fecha de captura, consulta, tipo de contenido, hash si se pudo calcular, disponibilidad, material retenido y permiso documentado."
source_snapshots,archive_url,TEXT,,False,see README enums; null has missing_reasons_json,enrichment,observed,Una versión consultada o captura histórica de una fuente — archive_url,"Fuente, URL original y de archivo si existe, fecha de captura, consulta, tipo de contenido, hash si se pudo calcular, disponibilidad, material retenido y permiso documentado."
source_snapshots,archived_at,TEXT,,False,see README enums; null has missing_reasons_json,enrichment,observed,Una versión consultada o captura histórica de una fuente — archived_at,"Fuente, URL original y de archivo si existe, fecha de captura, consulta, tipo de contenido, hash si se pudo calcular, disponibilidad, material retenido y permiso documentado."
source_snapshots,observed_at,TEXT,,False,see README enums; null has missing_reasons_json,enrichment,observed,Una versión consultada o captura histórica de una fuente — observed_at,"Fuente, URL original y de archivo si existe, fecha de captura, consulta, tipo de contenido, hash si se pudo calcular, disponibilidad, material retenido y permiso documentado."
source_snapshots,content_type,TEXT,,False,see README enums; null has missing_reasons_json,enrichment,observed,Una versión consultada o captura histórica de una fuente — content_type,"Fuente, URL original y de archivo si existe, fecha de captura, consulta, tipo de contenido, hash si se pudo calcular, disponibilidad, material retenido y permiso documentado."
source_snapshots,retained_path,TEXT,,False,see README enums; null has missing_reasons_json,enrichment,observed,Una versión consultada o captura histórica de una fuente — retained_path,"Fuente, URL original y de archivo si existe, fecha de captura, consulta, tipo de contenido, hash si se pudo calcular, disponibilidad, material retenido y permiso documentado."
source_snapshots,sha256,TEXT,,False,see README enums; null has missing_reasons_json,enrichment,observed,Una versión consultada o captura histórica de una fuente — sha256,"Fuente, URL original y de archivo si existe, fecha de captura, consulta, tipo de contenido, hash si se pudo calcular, disponibilidad, material retenido y permiso documentado."
source_snapshots,retained_material,TEXT,,False,see README enums; null has missing_reasons_json,enrichment,observed,Una versión consultada o captura histórica de una fuente — retained_material,"Fuente, URL original y de archivo si existe, fecha de captura, consulta, tipo de contenido, hash si se pudo calcular, disponibilidad, material retenido y permiso documentado."
source_snapshots,permission,TEXT,,False,see README enums; null has missing_reasons_json,enrichment,observed,Una versión consultada o captura histórica de una fuente — permission,"Fuente, URL original y de archivo si existe, fecha de captura, consulta, tipo de contenido, hash si se pudo calcular, disponibilidad, material retenido y permiso documentado."
source_snapshots,extra_json,JSON,,False,see README enums; null has missing_reasons_json,enrichment,observed,Una versión consultada o captura histórica de una fuente — extra_json,"Fuente, URL original y de archivo si existe, fecha de captura, consulta, tipo de contenido, hash si se pudo calcular, disponibilidad, material retenido y permiso documentado."
source_snapshots,missing_reasons_json,JSON,,False,see README enums; null has missing_reasons_json,enrichment,observed,Una versión consultada o captura histórica de una fuente — missing_reasons_json,"Fuente, URL original y de archivo si existe, fecha de captura, consulta, tipo de contenido, hash si se pudo calcular, disponibilidad, material retenido y permiso documentado."
crawl_runs,crawl_id,TEXT,,True,see README enums; null has missing_reasons_json,enrichment,observed,Una ejecución real de adquisición — crawl_id,"Método o extractor, versión, alcance, inicio, fin, límites, páginas intentadas, completadas y fallidas, registros nuevos, costo medido y motivo de cierre."
crawl_runs,batch,TEXT,,False,see README enums; null has missing_reasons_json,enrichment,observed,Una ejecución real de adquisición — batch,"Método o extractor, versión, alcance, inicio, fin, límites, páginas intentadas, completadas y fallidas, registros nuevos, costo medido y motivo de cierre."
crawl_runs,method,TEXT,,False,see README enums; null has missing_reasons_json,enrichment,observed,Una ejecución real de adquisición — method,"Método o extractor, versión, alcance, inicio, fin, límites, páginas intentadas, completadas y fallidas, registros nuevos, costo medido y motivo de cierre."
crawl_runs,version,TEXT,,False,see README enums; null has missing_reasons_json,enrichment,observed,Una ejecución real de adquisición — version,"Método o extractor, versión, alcance, inicio, fin, límites, páginas intentadas, completadas y fallidas, registros nuevos, costo medido y motivo de cierre."
crawl_runs,started_at,TEXT,,False,see README enums; null has missing_reasons_json,enrichment,observed,Una ejecución real de adquisición — started_at,"Método o extractor, versión, alcance, inicio, fin, límites, páginas intentadas, completadas y fallidas, registros nuevos, costo medido y motivo de cierre."
crawl_runs,ended_at,TEXT,,False,see README enums; null has missing_reasons_json,enrichment,observed,Una ejecución real de adquisición — ended_at,"Método o extractor, versión, alcance, inicio, fin, límites, páginas intentadas, completadas y fallidas, registros nuevos, costo medido y motivo de cierre."
crawl_runs,attempts,TEXT,,False,see README enums; null has missing_reasons_json,enrichment,observed,Una ejecución real de adquisición — attempts,"Método o extractor, versión, alcance, inicio, fin, límites, páginas intentadas, completadas y fallidas, registros nuevos, costo medido y motivo de cierre."
crawl_runs,completed,TEXT,,False,see README enums; null has missing_reasons_json,enrichment,observed,Una ejecución real de adquisición — completed,"Método o extractor, versión, alcance, inicio, fin, límites, páginas intentadas, completadas y fallidas, registros nuevos, costo medido y motivo de cierre."
crawl_runs,failed,TEXT,,False,see README enums; null has missing_reasons_json,enrichment,observed,Una ejecución real de adquisición — failed,"Método o extractor, versión, alcance, inicio, fin, límites, páginas intentadas, completadas y fallidas, registros nuevos, costo medido y motivo de cierre."
crawl_runs,new_editions,TEXT,,False,see README enums; null has missing_reasons_json,enrichment,observed,Una ejecución real de adquisición — new_editions,"Método o extractor, versión, alcance, inicio, fin, límites, páginas intentadas, completadas y fallidas, registros nuevos, costo medido y motivo de cierre."
crawl_runs,measured_cost_usd,TEXT,,False,see README enums; null has missing_reasons_json,enrichment,observed,Una ejecución real de adquisición — measured_cost_usd,"Método o extractor, versión, alcance, inicio, fin, límites, páginas intentadas, completadas y fallidas, registros nuevos, costo medido y motivo de cierre."
crawl_runs,stop_reason,TEXT,,False,see README enums; null has missing_reasons_json,enrichment,observed,Una ejecución real de adquisición — stop_reason,"Método o extractor, versión, alcance, inicio, fin, límites, páginas intentadas, completadas y fallidas, registros nuevos, costo medido y motivo de cierre."
crawl_runs,extra_json,JSON,,False,see README enums; null has missing_reasons_json,enrichment,observed,Una ejecución real de adquisición — extra_json,"Método o extractor, versión, alcance, inicio, fin, límites, páginas intentadas, completadas y fallidas, registros nuevos, costo medido y motivo de cierre."
crawl_runs,missing_reasons_json,JSON,,False,see README enums; null has missing_reasons_json,enrichment,observed,Una ejecución real de adquisición — missing_reasons_json,"Método o extractor, versión, alcance, inicio, fin, límites, páginas intentadas, completadas y fallidas, registros nuevos, costo medido y motivo de cierre."
fetch_attempts,attempt_id,TEXT,,True,see README enums; null has missing_reasons_json,enrichment,observed,Un intento de recuperar una fuente — attempt_id,"Ejecución, URL, fecha, resultado, clase de error, duración si se midió, número de intento y próximo paso. Sin tokens, cookies ni credenciales."
fetch_attempts,crawl_id,TEXT,,False,see README enums; null has missing_reasons_json,enrichment,observed,Un intento de recuperar una fuente — crawl_id,"Ejecución, URL, fecha, resultado, clase de error, duración si se midió, número de intento y próximo paso. Sin tokens, cookies ni credenciales."
fetch_attempts,url,TEXT,,False,see README enums; null has missing_reasons_json,enrichment,observed,Un intento de recuperar una fuente — url,"Ejecución, URL, fecha, resultado, clase de error, duración si se midió, número de intento y próximo paso. Sin tokens, cookies ni credenciales."
fetch_attempts,observed_at,TEXT,,False,see README enums; null has missing_reasons_json,enrichment,observed,Un intento de recuperar una fuente — observed_at,"Ejecución, URL, fecha, resultado, clase de error, duración si se midió, número de intento y próximo paso. Sin tokens, cookies ni credenciales."
fetch_attempts,status,TEXT,,False,see README enums; null has missing_reasons_json,enrichment,observed,Un intento de recuperar una fuente — status,"Ejecución, URL, fecha, resultado, clase de error, duración si se midió, número de intento y próximo paso. Sin tokens, cookies ni credenciales."
fetch_attempts,error,TEXT,,False,see README enums; null has missing_reasons_json,enrichment,observed,Un intento de recuperar una fuente — error,"Ejecución, URL, fecha, resultado, clase de error, duración si se midió, número de intento y próximo paso. Sin tokens, cookies ni credenciales."
fetch_attempts,duration_ms,REAL,,False,see README enums; null has missing_reasons_json,enrichment,observed,Un intento de recuperar una fuente — duration_ms,"Ejecución, URL, fecha, resultado, clase de error, duración si se midió, número de intento y próximo paso. Sin tokens, cookies ni credenciales."
fetch_attempts,attempt_kind,TEXT,,False,see README enums; null has missing_reasons_json,enrichment,observed,Un intento de recuperar una fuente — attempt_kind,"Ejecución, URL, fecha, resultado, clase de error, duración si se midió, número de intento y próximo paso. Sin tokens, cookies ni credenciales."
fetch_attempts,next_action,TEXT,,False,see README enums; null has missing_reasons_json,enrichment,observed,Un intento de recuperar una fuente — next_action,"Ejecución, URL, fecha, resultado, clase de error, duración si se midió, número de intento y próximo paso. Sin tokens, cookies ni credenciales."
fetch_attempts,extra_json,JSON,,False,see README enums; null has missing_reasons_json,enrichment,observed,Un intento de recuperar una fuente — extra_json,"Ejecución, URL, fecha, resultado, clase de error, duración si se midió, número de intento y próximo paso. Sin tokens, cookies ni credenciales."
fetch_attempts,missing_reasons_json,JSON,,False,see README enums; null has missing_reasons_json,enrichment,observed,Un intento de recuperar una fuente — missing_reasons_json,"Ejecución, URL, fecha, resultado, clase de error, duración si se midió, número de intento y próximo paso. Sin tokens, cookies ni credenciales."
search_queries,query_id,TEXT,,True,see README enums; null has missing_reasons_json,enrichment,observed,Una búsqueda de descubrimiento — query_id,"Consulta, servicio, idioma, filtros, geografía, ventana, fecha, fuentes nuevas encontradas y lote al que alimenta."
search_queries,query,TEXT,,False,see README enums; null has missing_reasons_json,enrichment,observed,Una búsqueda de descubrimiento — query,"Consulta, servicio, idioma, filtros, geografía, ventana, fecha, fuentes nuevas encontradas y lote al que alimenta."
search_queries,provider,TEXT,,False,see README enums; null has missing_reasons_json,enrichment,observed,Una búsqueda de descubrimiento — provider,"Consulta, servicio, idioma, filtros, geografía, ventana, fecha, fuentes nuevas encontradas y lote al que alimenta."
search_queries,language,TEXT,,False,see README enums; null has missing_reasons_json,enrichment,observed,Una búsqueda de descubrimiento — language,"Consulta, servicio, idioma, filtros, geografía, ventana, fecha, fuentes nuevas encontradas y lote al que alimenta."
search_queries,filters_json,JSON,,False,see README enums; null has missing_reasons_json,enrichment,observed,Una búsqueda de descubrimiento — filters_json,"Consulta, servicio, idioma, filtros, geografía, ventana, fecha, fuentes nuevas encontradas y lote al que alimenta."
search_queries,geography,TEXT,,False,see README enums; null has missing_reasons_json,enrichment,observed,Una búsqueda de descubrimiento — geography,"Consulta, servicio, idioma, filtros, geografía, ventana, fecha, fuentes nuevas encontradas y lote al que alimenta."
search_queries,time_window,TEXT,,False,see README enums; null has missing_reasons_json,enrichment,observed,Una búsqueda de descubrimiento — time_window,"Consulta, servicio, idioma, filtros, geografía, ventana, fecha, fuentes nuevas encontradas y lote al que alimenta."
search_queries,observed_at,TEXT,,False,see README enums; null has missing_reasons_json,enrichment,observed,Una búsqueda de descubrimiento — observed_at,"Consulta, servicio, idioma, filtros, geografía, ventana, fecha, fuentes nuevas encontradas y lote al que alimenta."
search_queries,batch,TEXT,,False,see README enums; null has missing_reasons_json,enrichment,observed,Una búsqueda de descubrimiento — batch,"Consulta, servicio, idioma, filtros, geografía, ventana, fecha, fuentes nuevas encontradas y lote al que alimenta."
search_queries,result_status,TEXT,,False,see README enums; null has missing_reasons_json,enrichment,observed,Una búsqueda de descubrimiento — result_status,"Consulta, servicio, idioma, filtros, geografía, ventana, fecha, fuentes nuevas encontradas y lote al que alimenta."
search_queries,extra_json,JSON,,False,see README enums; null has missing_reasons_json,enrichment,observed,Una búsqueda de descubrimiento — extra_json,"Consulta, servicio, idioma, filtros, geografía, ventana, fecha, fuentes nuevas encontradas y lote al que alimenta."
search_queries,missing_reasons_json,JSON,,False,see README enums; null has missing_reasons_json,enrichment,observed,Una búsqueda de descubrimiento — missing_reasons_json,"Consulta, servicio, idioma, filtros, geografía, ventana, fecha, fuentes nuevas encontradas y lote al que alimenta."
entity_aliases,alias_id,TEXT,,True,see README enums; null has missing_reasons_json,enrichment,observed,Una equivalencia de nombre o identificador — alias_id,"Entidad canónica, alias o ID externo, sistema de origen, vigencia conocida, motivo de equivalencia, evidencia y estado de revisión."
entity_aliases,entity_table,TEXT,,False,see README enums; null has missing_reasons_json,enrichment,observed,Una equivalencia de nombre o identificador — entity_table,"Entidad canónica, alias o ID externo, sistema de origen, vigencia conocida, motivo de equivalencia, evidencia y estado de revisión."
entity_aliases,entity_id,TEXT,,False,see README enums; null has missing_reasons_json,enrichment,observed,Una equivalencia de nombre o identificador — entity_id,"Entidad canónica, alias o ID externo, sistema de origen, vigencia conocida, motivo de equivalencia, evidencia y estado de revisión."
entity_aliases,alias,TEXT,,False,see README enums; null has missing_reasons_json,enrichment,observed,Una equivalencia de nombre o identificador — alias,"Entidad canónica, alias o ID externo, sistema de origen, vigencia conocida, motivo de equivalencia, evidencia y estado de revisión."
entity_aliases,system,TEXT,,False,see README enums; null has missing_reasons_json,enrichment,observed,Una equivalencia de nombre o identificador — system,"Entidad canónica, alias o ID externo, sistema de origen, vigencia conocida, motivo de equivalencia, evidencia y estado de revisión."
entity_aliases,valid_at,TEXT,,False,see README enums; null has missing_reasons_json,enrichment,observed,Una equivalencia de nombre o identificador — valid_at,"Entidad canónica, alias o ID externo, sistema de origen, vigencia conocida, motivo de equivalencia, evidencia y estado de revisión."
entity_aliases,reason,TEXT,,False,see README enums; null has missing_reasons_json,enrichment,observed,Una equivalencia de nombre o identificador — reason,"Entidad canónica, alias o ID externo, sistema de origen, vigencia conocida, motivo de equivalencia, evidencia y estado de revisión."
entity_aliases,source_id,TEXT,,False,see README enums; null has missing_reasons_json,enrichment,observed,Una equivalencia de nombre o identificador — source_id,"Entidad canónica, alias o ID externo, sistema de origen, vigencia conocida, motivo de equivalencia, evidencia y estado de revisión."
entity_aliases,review_status,TEXT,,False,see README enums; null has missing_reasons_json,enrichment,observed,Una equivalencia de nombre o identificador — review_status,"Entidad canónica, alias o ID externo, sistema de origen, vigencia conocida, motivo de equivalencia, evidencia y estado de revisión."
entity_aliases,extra_json,JSON,,False,see README enums; null has missing_reasons_json,enrichment,observed,Una equivalencia de nombre o identificador — extra_json,"Entidad canónica, alias o ID externo, sistema de origen, vigencia conocida, motivo de equivalencia, evidencia y estado de revisión."
entity_aliases,missing_reasons_json,JSON,,False,see README enums; null has missing_reasons_json,enrichment,observed,Una equivalencia de nombre o identificador — missing_reasons_json,"Entidad canónica, alias o ID externo, sistema de origen, vigencia conocida, motivo de equivalencia, evidencia y estado de revisión."
record_versions,version_id,TEXT,,True,see README enums; null has missing_reasons_json,enrichment,observed,Una versión de un registro o campo — version_id,"Entidad, versión, valor anterior y nuevo o referencia a snapshot, tiempo de validez conocido, tiempo observado, procedencia y motivo de cambio."
record_versions,entity_table,TEXT,,False,see README enums; null has missing_reasons_json,enrichment,observed,Una versión de un registro o campo — entity_table,"Entidad, versión, valor anterior y nuevo o referencia a snapshot, tiempo de validez conocido, tiempo observado, procedencia y motivo de cambio."
record_versions,entity_id,TEXT,,False,see README enums; null has missing_reasons_json,enrichment,observed,Una versión de un registro o campo — entity_id,"Entidad, versión, valor anterior y nuevo o referencia a snapshot, tiempo de validez conocido, tiempo observado, procedencia y motivo de cambio."
record_versions,version,TEXT,,False,see README enums; null has missing_reasons_json,enrichment,observed,Una versión de un registro o campo — version,"Entidad, versión, valor anterior y nuevo o referencia a snapshot, tiempo de validez conocido, tiempo observado, procedencia y motivo de cambio."
record_versions,observed_at,TEXT,,False,see README enums; null has missing_reasons_json,enrichment,observed,Una versión de un registro o campo — observed_at,"Entidad, versión, valor anterior y nuevo o referencia a snapshot, tiempo de validez conocido, tiempo observado, procedencia y motivo de cambio."
record_versions,valid_at,TEXT,,False,see README enums; null has missing_reasons_json,enrichment,observed,Una versión de un registro o campo — valid_at,"Entidad, versión, valor anterior y nuevo o referencia a snapshot, tiempo de validez conocido, tiempo observado, procedencia y motivo de cambio."
record_versions,source_ids_json,JSON,,False,see README enums; null has missing_reasons_json,enrichment,observed,Una versión de un registro o campo — source_ids_json,"Entidad, versión, valor anterior y nuevo o referencia a snapshot, tiempo de validez conocido, tiempo observado, procedencia y motivo de cambio."
record_versions,reason,TEXT,,False,see README enums; null has missing_reasons_json,enrichment,observed,Una versión de un registro o campo — reason,"Entidad, versión, valor anterior y nuevo o referencia a snapshot, tiempo de validez conocido, tiempo observado, procedencia y motivo de cambio."
record_versions,extra_json,JSON,,False,see README enums; null has missing_reasons_json,enrichment,observed,Una versión de un registro o campo — extra_json,"Entidad, versión, valor anterior y nuevo o referencia a snapshot, tiempo de validez conocido, tiempo observado, procedencia y motivo de cambio."
record_versions,missing_reasons_json,JSON,,False,see README enums; null has missing_reasons_json,enrichment,observed,Una versión de un registro o campo — missing_reasons_json,"Entidad, versión, valor anterior y nuevo o referencia a snapshot, tiempo de validez conocido, tiempo observado, procedencia y motivo de cambio."
data_conflicts,conflict_id,TEXT,,True,see README enums; null has missing_reasons_json,enrichment,observed,Un conflicto entre afirmaciones — conflict_id,"Entidad, campo, afirmaciones en conflicto, fuentes, fechas, regla aplicada, resolución o estado pendiente y responsable de revisión si lo hubo."
data_conflicts,entity_table,TEXT,,False,see README enums; null has missing_reasons_json,enrichment,observed,Un conflicto entre afirmaciones — entity_table,"Entidad, campo, afirmaciones en conflicto, fuentes, fechas, regla aplicada, resolución o estado pendiente y responsable de revisión si lo hubo."
data_conflicts,entity_id,TEXT,,False,see README enums; null has missing_reasons_json,enrichment,observed,Un conflicto entre afirmaciones — entity_id,"Entidad, campo, afirmaciones en conflicto, fuentes, fechas, regla aplicada, resolución o estado pendiente y responsable de revisión si lo hubo."
data_conflicts,field,TEXT,,False,see README enums; null has missing_reasons_json,enrichment,observed,Un conflicto entre afirmaciones — field,"Entidad, campo, afirmaciones en conflicto, fuentes, fechas, regla aplicada, resolución o estado pendiente y responsable de revisión si lo hubo."
data_conflicts,values_json,JSON,,False,see README enums; null has missing_reasons_json,enrichment,observed,Un conflicto entre afirmaciones — values_json,"Entidad, campo, afirmaciones en conflicto, fuentes, fechas, regla aplicada, resolución o estado pendiente y responsable de revisión si lo hubo."
data_conflicts,source_ids_json,JSON,,False,see README enums; null has missing_reasons_json,enrichment,observed,Un conflicto entre afirmaciones — source_ids_json,"Entidad, campo, afirmaciones en conflicto, fuentes, fechas, regla aplicada, resolución o estado pendiente y responsable de revisión si lo hubo."
data_conflicts,status,TEXT,,False,see README enums; null has missing_reasons_json,enrichment,observed,Un conflicto entre afirmaciones — status,"Entidad, campo, afirmaciones en conflicto, fuentes, fechas, regla aplicada, resolución o estado pendiente y responsable de revisión si lo hubo."
data_conflicts,resolution,TEXT,,False,see README enums; null has missing_reasons_json,enrichment,observed,Un conflicto entre afirmaciones — resolution,"Entidad, campo, afirmaciones en conflicto, fuentes, fechas, regla aplicada, resolución o estado pendiente y responsable de revisión si lo hubo."
data_conflicts,extra_json,JSON,,False,see README enums; null has missing_reasons_json,enrichment,observed,Un conflicto entre afirmaciones — extra_json,"Entidad, campo, afirmaciones en conflicto, fuentes, fechas, regla aplicada, resolución o estado pendiente y responsable de revisión si lo hubo."
data_conflicts,missing_reasons_json,JSON,,False,see README enums; null has missing_reasons_json,enrichment,observed,Un conflicto entre afirmaciones — missing_reasons_json,"Entidad, campo, afirmaciones en conflicto, fuentes, fechas, regla aplicada, resolución o estado pendiente y responsable de revisión si lo hubo."
taxonomy_terms,term_id,TEXT,,True,see README enums; null has missing_reasons_json,enrichment,derived,Un concepto de clasificación — term_id,"Identificador, categoría, término, definición, padre, sinónimos, idioma y versión. Incluye sectores, formatos, temas, roles y objetivos comerciales."
taxonomy_terms,category,TEXT,,False,see README enums; null has missing_reasons_json,enrichment,derived,Un concepto de clasificación — category,"Identificador, categoría, término, definición, padre, sinónimos, idioma y versión. Incluye sectores, formatos, temas, roles y objetivos comerciales."
taxonomy_terms,term,TEXT,,False,see README enums; null has missing_reasons_json,enrichment,derived,Un concepto de clasificación — term,"Identificador, categoría, término, definición, padre, sinónimos, idioma y versión. Incluye sectores, formatos, temas, roles y objetivos comerciales."
taxonomy_terms,definition,TEXT,,False,see README enums; null has missing_reasons_json,enrichment,derived,Un concepto de clasificación — definition,"Identificador, categoría, término, definición, padre, sinónimos, idioma y versión. Incluye sectores, formatos, temas, roles y objetivos comerciales."
taxonomy_terms,parent,TEXT,,False,see README enums; null has missing_reasons_json,enrichment,derived,Un concepto de clasificación — parent,"Identificador, categoría, término, definición, padre, sinónimos, idioma y versión. Incluye sectores, formatos, temas, roles y objetivos comerciales."
taxonomy_terms,synonyms_json,JSON,,False,see README enums; null has missing_reasons_json,enrichment,derived,Un concepto de clasificación — synonyms_json,"Identificador, categoría, término, definición, padre, sinónimos, idioma y versión. Incluye sectores, formatos, temas, roles y objetivos comerciales."
taxonomy_terms,language,TEXT,,False,see README enums; null has missing_reasons_json,enrichment,derived,Un concepto de clasificación — language,"Identificador, categoría, término, definición, padre, sinónimos, idioma y versión. Incluye sectores, formatos, temas, roles y objetivos comerciales."
taxonomy_terms,version,TEXT,,False,see README enums; null has missing_reasons_json,enrichment,derived,Un concepto de clasificación — version,"Identificador, categoría, término, definición, padre, sinónimos, idioma y versión. Incluye sectores, formatos, temas, roles y objetivos comerciales."
taxonomy_terms,extra_json,JSON,,False,see README enums; null has missing_reasons_json,enrichment,derived,Un concepto de clasificación — extra_json,"Identificador, categoría, término, definición, padre, sinónimos, idioma y versión. Incluye sectores, formatos, temas, roles y objetivos comerciales."
taxonomy_terms,missing_reasons_json,JSON,,False,see README enums; null has missing_reasons_json,enrichment,derived,Un concepto de clasificación — missing_reasons_json,"Identificador, categoría, término, definición, padre, sinónimos, idioma y versión. Incluye sectores, formatos, temas, roles y objetivos comerciales."
entity_classifications,classification_id,TEXT,,True,see README enums; null has missing_reasons_json,enrichment,derived,La asignación de una categoría a una entidad — classification_id,"Entidad, término, origen explícito o inferido, evidencia, método, versión y revisión. No convierte una clasificación automática en afirmación de la empresa."
entity_classifications,entity_table,TEXT,,False,see README enums; null has missing_reasons_json,enrichment,derived,La asignación de una categoría a una entidad — entity_table,"Entidad, término, origen explícito o inferido, evidencia, método, versión y revisión. No convierte una clasificación automática en afirmación de la empresa."
entity_classifications,entity_id,TEXT,,False,see README enums; null has missing_reasons_json,enrichment,derived,La asignación de una categoría a una entidad — entity_id,"Entidad, término, origen explícito o inferido, evidencia, método, versión y revisión. No convierte una clasificación automática en afirmación de la empresa."
entity_classifications,term_id,TEXT,,False,see README enums; null has missing_reasons_json,enrichment,derived,La asignación de una categoría a una entidad — term_id,"Entidad, término, origen explícito o inferido, evidencia, método, versión y revisión. No convierte una clasificación automática en afirmación de la empresa."
entity_classifications,origin,TEXT,,False,see README enums; null has missing_reasons_json,enrichment,derived,La asignación de una categoría a una entidad — origin,"Entidad, término, origen explícito o inferido, evidencia, método, versión y revisión. No convierte una clasificación automática en afirmación de la empresa."
entity_classifications,source_ids_json,JSON,,False,see README enums; null has missing_reasons_json,enrichment,derived,La asignación de una categoría a una entidad — source_ids_json,"Entidad, término, origen explícito o inferido, evidencia, método, versión y revisión. No convierte una clasificación automática en afirmación de la empresa."
entity_classifications,method,TEXT,,False,see README enums; null has missing_reasons_json,enrichment,derived,La asignación de una categoría a una entidad — method,"Entidad, término, origen explícito o inferido, evidencia, método, versión y revisión. No convierte una clasificación automática en afirmación de la empresa."
entity_classifications,version,TEXT,,False,see README enums; null has missing_reasons_json,enrichment,derived,La asignación de una categoría a una entidad — version,"Entidad, término, origen explícito o inferido, evidencia, método, versión y revisión. No convierte una clasificación automática en afirmación de la empresa."
entity_classifications,extra_json,JSON,,False,see README enums; null has missing_reasons_json,enrichment,derived,La asignación de una categoría a una entidad — extra_json,"Entidad, término, origen explícito o inferido, evidencia, método, versión y revisión. No convierte una clasificación automática en afirmación de la empresa."
entity_classifications,missing_reasons_json,JSON,,False,see README enums; null has missing_reasons_json,enrichment,derived,La asignación de una categoría a una entidad — missing_reasons_json,"Entidad, término, origen explícito o inferido, evidencia, método, versión y revisión. No convierte una clasificación automática en afirmación de la empresa."
sessions,session_id,TEXT,,True,see README enums; null has missing_reasons_json,enrichment,observed,Una sesión de la agenda de una edición — session_id,"Edición, título, descripción breve, tema, track, formato, fecha, horario y espacio cuando consten; versión de la agenda y estado."
sessions,edition_id,TEXT,,False,see README enums; null has missing_reasons_json,enrichment,observed,Una sesión de la agenda de una edición — edition_id,"Edición, título, descripción breve, tema, track, formato, fecha, horario y espacio cuando consten; versión de la agenda y estado."
sessions,title,TEXT,,False,see README enums; null has missing_reasons_json,enrichment,observed,Una sesión de la agenda de una edición — title,"Edición, título, descripción breve, tema, track, formato, fecha, horario y espacio cuando consten; versión de la agenda y estado."
sessions,description,TEXT,,False,see README enums; null has missing_reasons_json,enrichment,observed,Una sesión de la agenda de una edición — description,"Edición, título, descripción breve, tema, track, formato, fecha, horario y espacio cuando consten; versión de la agenda y estado."
sessions,track,TEXT,,False,see README enums; null has missing_reasons_json,enrichment,observed,Una sesión de la agenda de una edición — track,"Edición, título, descripción breve, tema, track, formato, fecha, horario y espacio cuando consten; versión de la agenda y estado."
sessions,format,TEXT,,False,see README enums; null has missing_reasons_json,enrichment,observed,Una sesión de la agenda de una edición — format,"Edición, título, descripción breve, tema, track, formato, fecha, horario y espacio cuando consten; versión de la agenda y estado."
sessions,date,TEXT,,False,see README enums; null has missing_reasons_json,enrichment,observed,Una sesión de la agenda de una edición — date,"Edición, título, descripción breve, tema, track, formato, fecha, horario y espacio cuando consten; versión de la agenda y estado."
sessions,time,TEXT,,False,see README enums; null has missing_reasons_json,enrichment,observed,Una sesión de la agenda de una edición — time,"Edición, título, descripción breve, tema, track, formato, fecha, horario y espacio cuando consten; versión de la agenda y estado."
sessions,room,TEXT,,False,see README enums; null has missing_reasons_json,enrichment,observed,Una sesión de la agenda de una edición — room,"Edición, título, descripción breve, tema, track, formato, fecha, horario y espacio cuando consten; versión de la agenda y estado."
sessions,status,TEXT,,False,see README enums; null has missing_reasons_json,enrichment,observed,Una sesión de la agenda de una edición — status,"Edición, título, descripción breve, tema, track, formato, fecha, horario y espacio cuando consten; versión de la agenda y estado."
sessions,source_id,TEXT,,False,see README enums; null has missing_reasons_json,enrichment,observed,Una sesión de la agenda de una edición — source_id,"Edición, título, descripción breve, tema, track, formato, fecha, horario y espacio cuando consten; versión de la agenda y estado."
sessions,extra_json,JSON,,False,see README enums; null has missing_reasons_json,enrichment,observed,Una sesión de la agenda de una edición — extra_json,"Edición, título, descripción breve, tema, track, formato, fecha, horario y espacio cuando consten; versión de la agenda y estado."
sessions,missing_reasons_json,JSON,,False,see README enums; null has missing_reasons_json,enrichment,observed,Una sesión de la agenda de una edición — missing_reasons_json,"Edición, título, descripción breve, tema, track, formato, fecha, horario y espacio cuando consten; versión de la agenda y estado."
session_participants,link_id,TEXT,,True,see README enums; null has missing_reasons_json,enrichment,observed,Un rol profesional anunciado o verificado en una sesión — link_id,"Sesión, persona u organización, rol de speaker, moderador o panelista, afiliación histórica, estado y evidencia."
session_participants,session_id,TEXT,,False,see README enums; null has missing_reasons_json,enrichment,observed,Un rol profesional anunciado o verificado en una sesión — session_id,"Sesión, persona u organización, rol de speaker, moderador o panelista, afiliación histórica, estado y evidencia."
session_participants,person_id,TEXT,,False,see README enums; null has missing_reasons_json,enrichment,observed,Un rol profesional anunciado o verificado en una sesión — person_id,"Sesión, persona u organización, rol de speaker, moderador o panelista, afiliación histórica, estado y evidencia."
session_participants,company_id,TEXT,,False,see README enums; null has missing_reasons_json,enrichment,observed,Un rol profesional anunciado o verificado en una sesión — company_id,"Sesión, persona u organización, rol de speaker, moderador o panelista, afiliación histórica, estado y evidencia."
session_participants,role,TEXT,,False,see README enums; null has missing_reasons_json,enrichment,observed,Un rol profesional anunciado o verificado en una sesión — role,"Sesión, persona u organización, rol de speaker, moderador o panelista, afiliación histórica, estado y evidencia."
session_participants,affiliation,TEXT,,False,see README enums; null has missing_reasons_json,enrichment,observed,Un rol profesional anunciado o verificado en una sesión — affiliation,"Sesión, persona u organización, rol de speaker, moderador o panelista, afiliación histórica, estado y evidencia."
session_participants,status,TEXT,,False,see README enums; null has missing_reasons_json,enrichment,observed,Un rol profesional anunciado o verificado en una sesión — status,"Sesión, persona u organización, rol de speaker, moderador o panelista, afiliación histórica, estado y evidencia."
session_participants,source_id,TEXT,,False,see README enums; null has missing_reasons_json,enrichment,observed,Un rol profesional anunciado o verificado en una sesión — source_id,"Sesión, persona u organización, rol de speaker, moderador o panelista, afiliación histórica, estado y evidencia."
session_participants,extra_json,JSON,,False,see README enums; null has missing_reasons_json,enrichment,observed,Un rol profesional anunciado o verificado en una sesión — extra_json,"Sesión, persona u organización, rol de speaker, moderador o panelista, afiliación histórica, estado y evidencia."
session_participants,missing_reasons_json,JSON,,False,see README enums; null has missing_reasons_json,enrichment,observed,Un rol profesional anunciado o verificado en una sesión — missing_reasons_json,"Sesión, persona u organización, rol de speaker, moderador o panelista, afiliación histórica, estado y evidencia."
ticket_types,ticket_id,TEXT,,True,see README enums; null has missing_reasons_json,enrichment,observed,Una clase de acceso para una edición — ticket_id,"Edición, nombre, requisitos, beneficios incluidos, modalidad gratuita o paga, cupo y moneda cuando se conozcan."
ticket_types,edition_id,TEXT,,False,see README enums; null has missing_reasons_json,enrichment,observed,Una clase de acceso para una edición — edition_id,"Edición, nombre, requisitos, beneficios incluidos, modalidad gratuita o paga, cupo y moneda cuando se conozcan."
ticket_types,name,TEXT,,False,see README enums; null has missing_reasons_json,enrichment,observed,Una clase de acceso para una edición — name,"Edición, nombre, requisitos, beneficios incluidos, modalidad gratuita o paga, cupo y moneda cuando se conozcan."
ticket_types,requirements,TEXT,,False,see README enums; null has missing_reasons_json,enrichment,observed,Una clase de acceso para una edición — requirements,"Edición, nombre, requisitos, beneficios incluidos, modalidad gratuita o paga, cupo y moneda cuando se conozcan."
ticket_types,benefits,TEXT,,False,see README enums; null has missing_reasons_json,enrichment,observed,Una clase de acceso para una edición — benefits,"Edición, nombre, requisitos, beneficios incluidos, modalidad gratuita o paga, cupo y moneda cuando se conozcan."
ticket_types,paid,TEXT,,False,see README enums; null has missing_reasons_json,enrichment,observed,Una clase de acceso para una edición — paid,"Edición, nombre, requisitos, beneficios incluidos, modalidad gratuita o paga, cupo y moneda cuando se conozcan."
ticket_types,currency,TEXT,,False,see README enums; null has missing_reasons_json,enrichment,observed,Una clase de acceso para una edición — currency,"Edición, nombre, requisitos, beneficios incluidos, modalidad gratuita o paga, cupo y moneda cuando se conozcan."
ticket_types,source_id,TEXT,,False,see README enums; null has missing_reasons_json,enrichment,observed,Una clase de acceso para una edición — source_id,"Edición, nombre, requisitos, beneficios incluidos, modalidad gratuita o paga, cupo y moneda cuando se conozcan."
ticket_types,extra_json,JSON,,False,see README enums; null has missing_reasons_json,enrichment,observed,Una clase de acceso para una edición — extra_json,"Edición, nombre, requisitos, beneficios incluidos, modalidad gratuita o paga, cupo y moneda cuando se conozcan."
ticket_types,missing_reasons_json,JSON,,False,see README enums; null has missing_reasons_json,enrichment,observed,Una clase de acceso para una edición — missing_reasons_json,"Edición, nombre, requisitos, beneficios incluidos, modalidad gratuita o paga, cupo y moneda cuando se conozcan."
ticket_price_history,price_id,TEXT,,True,see README enums; null has missing_reasons_json,enrichment,observed,Una observación de precio y disponibilidad de un ticket — price_id,"Ticket, importe, moneda, cargos e impuestos conocidos, fase de venta, fecha de observación y vigencia documentada. No estima demanda a partir de precio solamente."
ticket_price_history,ticket_id,TEXT,,False,see README enums; null has missing_reasons_json,enrichment,observed,Una observación de precio y disponibilidad de un ticket — ticket_id,"Ticket, importe, moneda, cargos e impuestos conocidos, fase de venta, fecha de observación y vigencia documentada. No estima demanda a partir de precio solamente."
ticket_price_history,amount,REAL,record_specific; see unit/currency fields,False,see README enums; null has missing_reasons_json,enrichment,observed,Una observación de precio y disponibilidad de un ticket — amount,"Ticket, importe, moneda, cargos e impuestos conocidos, fase de venta, fecha de observación y vigencia documentada. No estima demanda a partir de precio solamente."
ticket_price_history,currency,TEXT,,False,see README enums; null has missing_reasons_json,enrichment,observed,Una observación de precio y disponibilidad de un ticket — currency,"Ticket, importe, moneda, cargos e impuestos conocidos, fase de venta, fecha de observación y vigencia documentada. No estima demanda a partir de precio solamente."
ticket_price_history,taxes,TEXT,,False,see README enums; null has missing_reasons_json,enrichment,observed,Una observación de precio y disponibilidad de un ticket — taxes,"Ticket, importe, moneda, cargos e impuestos conocidos, fase de venta, fecha de observación y vigencia documentada. No estima demanda a partir de precio solamente."
ticket_price_history,observed_at,TEXT,,False,see README enums; null has missing_reasons_json,enrichment,observed,Una observación de precio y disponibilidad de un ticket — observed_at,"Ticket, importe, moneda, cargos e impuestos conocidos, fase de venta, fecha de observación y vigencia documentada. No estima demanda a partir de precio solamente."
ticket_price_history,valid_at,TEXT,,False,see README enums; null has missing_reasons_json,enrichment,observed,Una observación de precio y disponibilidad de un ticket — valid_at,"Ticket, importe, moneda, cargos e impuestos conocidos, fase de venta, fecha de observación y vigencia documentada. No estima demanda a partir de precio solamente."
ticket_price_history,availability,TEXT,,False,see README enums; null has missing_reasons_json,enrichment,observed,Una observación de precio y disponibilidad de un ticket — availability,"Ticket, importe, moneda, cargos e impuestos conocidos, fase de venta, fecha de observación y vigencia documentada. No estima demanda a partir de precio solamente."
ticket_price_history,source_id,TEXT,,False,see README enums; null has missing_reasons_json,enrichment,observed,Una observación de precio y disponibilidad de un ticket — source_id,"Ticket, importe, moneda, cargos e impuestos conocidos, fase de venta, fecha de observación y vigencia documentada. No estima demanda a partir de precio solamente."
ticket_price_history,extra_json,JSON,,False,see README enums; null has missing_reasons_json,enrichment,observed,Una observación de precio y disponibilidad de un ticket — extra_json,"Ticket, importe, moneda, cargos e impuestos conocidos, fase de venta, fecha de observación y vigencia documentada. No estima demanda a partir de precio solamente."
ticket_price_history,missing_reasons_json,JSON,,False,see README enums; null has missing_reasons_json,enrichment,observed,Una observación de precio y disponibilidad de un ticket — missing_reasons_json,"Ticket, importe, moneda, cargos e impuestos conocidos, fase de venta, fecha de observación y vigencia documentada. No estima demanda a partir de precio solamente."
event_status_history,status_id,TEXT,,True,see README enums; null has missing_reasons_json,enrichment,observed,Un cambio documentado del estado de una edición — status_id,"Edición, estado anterior y nuevo, fecha del anuncio, fecha efectiva si consta, motivo declarado y fuente. Incluye cancelación, reprogramación y cambio de modalidad."
event_status_history,edition_id,TEXT,,False,see README enums; null has missing_reasons_json,enrichment,observed,Un cambio documentado del estado de una edición — edition_id,"Edición, estado anterior y nuevo, fecha del anuncio, fecha efectiva si consta, motivo declarado y fuente. Incluye cancelación, reprogramación y cambio de modalidad."
event_status_history,previous_status,TEXT,,False,see README enums; null has missing_reasons_json,enrichment,observed,Un cambio documentado del estado de una edición — previous_status,"Edición, estado anterior y nuevo, fecha del anuncio, fecha efectiva si consta, motivo declarado y fuente. Incluye cancelación, reprogramación y cambio de modalidad."
event_status_history,new_status,TEXT,,False,see README enums; null has missing_reasons_json,enrichment,observed,Un cambio documentado del estado de una edición — new_status,"Edición, estado anterior y nuevo, fecha del anuncio, fecha efectiva si consta, motivo declarado y fuente. Incluye cancelación, reprogramación y cambio de modalidad."
event_status_history,announced_at,TEXT,,False,see README enums; null has missing_reasons_json,enrichment,observed,Un cambio documentado del estado de una edición — announced_at,"Edición, estado anterior y nuevo, fecha del anuncio, fecha efectiva si consta, motivo declarado y fuente. Incluye cancelación, reprogramación y cambio de modalidad."
event_status_history,effective_at,TEXT,,False,see README enums; null has missing_reasons_json,enrichment,observed,Un cambio documentado del estado de una edición — effective_at,"Edición, estado anterior y nuevo, fecha del anuncio, fecha efectiva si consta, motivo declarado y fuente. Incluye cancelación, reprogramación y cambio de modalidad."
event_status_history,reason,TEXT,,False,see README enums; null has missing_reasons_json,enrichment,observed,Un cambio documentado del estado de una edición — reason,"Edición, estado anterior y nuevo, fecha del anuncio, fecha efectiva si consta, motivo declarado y fuente. Incluye cancelación, reprogramación y cambio de modalidad."
event_status_history,source_id,TEXT,,False,see README enums; null has missing_reasons_json,enrichment,observed,Un cambio documentado del estado de una edición — source_id,"Edición, estado anterior y nuevo, fecha del anuncio, fecha efectiva si consta, motivo declarado y fuente. Incluye cancelación, reprogramación y cambio de modalidad."
event_status_history,extra_json,JSON,,False,see README enums; null has missing_reasons_json,enrichment,observed,Un cambio documentado del estado de una edición — extra_json,"Edición, estado anterior y nuevo, fecha del anuncio, fecha efectiva si consta, motivo declarado y fuente. Incluye cancelación, reprogramación y cambio de modalidad."
event_status_history,missing_reasons_json,JSON,,False,see README enums; null has missing_reasons_json,enrichment,observed,Un cambio documentado del estado de una edición — missing_reasons_json,"Edición, estado anterior y nuevo, fecha del anuncio, fecha efectiva si consta, motivo declarado y fuente. Incluye cancelación, reprogramación y cambio de modalidad."
event_relations,relation_id,TEXT,,True,see README enums; null has missing_reasons_json,enrichment,observed,Una relación entre dos ediciones o series — relation_id,"Origen, destino, tipo como side event, coorganizado, continuación o proximidad temporal, evidencia y carácter oficial o inferido. Coincidir en ciudad no implica asociación."
event_relations,from_edition_id,TEXT,,False,see README enums; null has missing_reasons_json,enrichment,observed,Una relación entre dos ediciones o series — from_edition_id,"Origen, destino, tipo como side event, coorganizado, continuación o proximidad temporal, evidencia y carácter oficial o inferido. Coincidir en ciudad no implica asociación."
event_relations,to_edition_id,TEXT,,False,see README enums; null has missing_reasons_json,enrichment,observed,Una relación entre dos ediciones o series — to_edition_id,"Origen, destino, tipo como side event, coorganizado, continuación o proximidad temporal, evidencia y carácter oficial o inferido. Coincidir en ciudad no implica asociación."
event_relations,type,TEXT,,False,see README enums; null has missing_reasons_json,enrichment,observed,Una relación entre dos ediciones o series — type,"Origen, destino, tipo como side event, coorganizado, continuación o proximidad temporal, evidencia y carácter oficial o inferido. Coincidir en ciudad no implica asociación."
event_relations,evidence_class,TEXT,,False,see README enums; null has missing_reasons_json,enrichment,observed,Una relación entre dos ediciones o series — evidence_class,"Origen, destino, tipo como side event, coorganizado, continuación o proximidad temporal, evidencia y carácter oficial o inferido. Coincidir en ciudad no implica asociación."
event_relations,source_id,TEXT,,False,see README enums; null has missing_reasons_json,enrichment,observed,Una relación entre dos ediciones o series — source_id,"Origen, destino, tipo como side event, coorganizado, continuación o proximidad temporal, evidencia y carácter oficial o inferido. Coincidir en ciudad no implica asociación."
event_relations,extra_json,JSON,,False,see README enums; null has missing_reasons_json,enrichment,observed,Una relación entre dos ediciones o series — extra_json,"Origen, destino, tipo como side event, coorganizado, continuación o proximidad temporal, evidencia y carácter oficial o inferido. Coincidir en ciudad no implica asociación."
event_relations,missing_reasons_json,JSON,,False,see README enums; null has missing_reasons_json,enrichment,observed,Una relación entre dos ediciones o series — missing_reasons_json,"Origen, destino, tipo como side event, coorganizado, continuación o proximidad temporal, evidencia y carácter oficial o inferido. Coincidir en ciudad no implica asociación."
venue_spaces,space_id,TEXT,,True,see README enums; null has missing_reasons_json,enrichment,observed,Un espacio o configuración dentro de un recinto — space_id,"Recinto, sala o configuración, aforo documentado, disposición, servicios, accesibilidad publicada y vigencia."
venue_spaces,venue_id,TEXT,,False,see README enums; null has missing_reasons_json,enrichment,observed,Un espacio o configuración dentro de un recinto — venue_id,"Recinto, sala o configuración, aforo documentado, disposición, servicios, accesibilidad publicada y vigencia."
venue_spaces,name,TEXT,,False,see README enums; null has missing_reasons_json,enrichment,observed,Un espacio o configuración dentro de un recinto — name,"Recinto, sala o configuración, aforo documentado, disposición, servicios, accesibilidad publicada y vigencia."
venue_spaces,capacity,TEXT,,False,see README enums; null has missing_reasons_json,enrichment,observed,Un espacio o configuración dentro de un recinto — capacity,"Recinto, sala o configuración, aforo documentado, disposición, servicios, accesibilidad publicada y vigencia."
venue_spaces,layout,TEXT,,False,see README enums; null has missing_reasons_json,enrichment,observed,Un espacio o configuración dentro de un recinto — layout,"Recinto, sala o configuración, aforo documentado, disposición, servicios, accesibilidad publicada y vigencia."
venue_spaces,services_json,JSON,,False,see README enums; null has missing_reasons_json,enrichment,observed,Un espacio o configuración dentro de un recinto — services_json,"Recinto, sala o configuración, aforo documentado, disposición, servicios, accesibilidad publicada y vigencia."
venue_spaces,valid_at,TEXT,,False,see README enums; null has missing_reasons_json,enrichment,observed,Un espacio o configuración dentro de un recinto — valid_at,"Recinto, sala o configuración, aforo documentado, disposición, servicios, accesibilidad publicada y vigencia."
venue_spaces,source_id,TEXT,,False,see README enums; null has missing_reasons_json,enrichment,observed,Un espacio o configuración dentro de un recinto — source_id,"Recinto, sala o configuración, aforo documentado, disposición, servicios, accesibilidad publicada y vigencia."
venue_spaces,extra_json,JSON,,False,see README enums; null has missing_reasons_json,enrichment,observed,Un espacio o configuración dentro de un recinto — extra_json,"Recinto, sala o configuración, aforo documentado, disposición, servicios, accesibilidad publicada y vigencia."
venue_spaces,missing_reasons_json,JSON,,False,see README enums; null has missing_reasons_json,enrichment,observed,Un espacio o configuración dentro de un recinto — missing_reasons_json,"Recinto, sala o configuración, aforo documentado, disposición, servicios, accesibilidad publicada y vigencia."
event_space_assignments,assignment_id,TEXT,,True,see README enums; null has missing_reasons_json,enrichment,observed,El uso anunciado o confirmado de un espacio — assignment_id,"Edición o sesión, espacio, intervalo, estado y evidencia. La propuesta de usarlo debe permanecer separada de una asignación real."
event_space_assignments,edition_id,TEXT,,False,see README enums; null has missing_reasons_json,enrichment,observed,El uso anunciado o confirmado de un espacio — edition_id,"Edición o sesión, espacio, intervalo, estado y evidencia. La propuesta de usarlo debe permanecer separada de una asignación real."
event_space_assignments,session_id,TEXT,,False,see README enums; null has missing_reasons_json,enrichment,observed,El uso anunciado o confirmado de un espacio — session_id,"Edición o sesión, espacio, intervalo, estado y evidencia. La propuesta de usarlo debe permanecer separada de una asignación real."
event_space_assignments,space_id,TEXT,,False,see README enums; null has missing_reasons_json,enrichment,observed,El uso anunciado o confirmado de un espacio — space_id,"Edición o sesión, espacio, intervalo, estado y evidencia. La propuesta de usarlo debe permanecer separada de una asignación real."
event_space_assignments,starts_at,TEXT,,False,see README enums; null has missing_reasons_json,enrichment,observed,El uso anunciado o confirmado de un espacio — starts_at,"Edición o sesión, espacio, intervalo, estado y evidencia. La propuesta de usarlo debe permanecer separada de una asignación real."
event_space_assignments,ends_at,TEXT,,False,see README enums; null has missing_reasons_json,enrichment,observed,El uso anunciado o confirmado de un espacio — ends_at,"Edición o sesión, espacio, intervalo, estado y evidencia. La propuesta de usarlo debe permanecer separada de una asignación real."
event_space_assignments,status,TEXT,,False,see README enums; null has missing_reasons_json,enrichment,observed,El uso anunciado o confirmado de un espacio — status,"Edición o sesión, espacio, intervalo, estado y evidencia. La propuesta de usarlo debe permanecer separada de una asignación real."
event_space_assignments,source_id,TEXT,,False,see README enums; null has missing_reasons_json,enrichment,observed,El uso anunciado o confirmado de un espacio — source_id,"Edición o sesión, espacio, intervalo, estado y evidencia. La propuesta de usarlo debe permanecer separada de una asignación real."
event_space_assignments,extra_json,JSON,,False,see README enums; null has missing_reasons_json,enrichment,observed,El uso anunciado o confirmado de un espacio — extra_json,"Edición o sesión, espacio, intervalo, estado y evidencia. La propuesta de usarlo debe permanecer separada de una asignación real."
event_space_assignments,missing_reasons_json,JSON,,False,see README enums; null has missing_reasons_json,enrichment,observed,El uso anunciado o confirmado de un espacio — missing_reasons_json,"Edición o sesión, espacio, intervalo, estado y evidencia. La propuesta de usarlo debe permanecer separada de una asignación real."
event_assets,asset_id,TEXT,,True,see README enums; null has missing_reasons_json,enrichment,observed,Un activo publicado de una edición — asset_id,"Edición, tipo de agenda, prospecto, presentación, mapa o recording, URL, autor, idioma, fecha, derechos conocidos y localizadores de evidencia."
event_assets,edition_id,TEXT,,False,see README enums; null has missing_reasons_json,enrichment,observed,Un activo publicado de una edición — edition_id,"Edición, tipo de agenda, prospecto, presentación, mapa o recording, URL, autor, idioma, fecha, derechos conocidos y localizadores de evidencia."
event_assets,type,TEXT,,False,see README enums; null has missing_reasons_json,enrichment,observed,Un activo publicado de una edición — type,"Edición, tipo de agenda, prospecto, presentación, mapa o recording, URL, autor, idioma, fecha, derechos conocidos y localizadores de evidencia."
event_assets,url,TEXT,,False,see README enums; null has missing_reasons_json,enrichment,observed,Un activo publicado de una edición — url,"Edición, tipo de agenda, prospecto, presentación, mapa o recording, URL, autor, idioma, fecha, derechos conocidos y localizadores de evidencia."
event_assets,language,TEXT,,False,see README enums; null has missing_reasons_json,enrichment,observed,Un activo publicado de una edición — language,"Edición, tipo de agenda, prospecto, presentación, mapa o recording, URL, autor, idioma, fecha, derechos conocidos y localizadores de evidencia."
event_assets,published_at,TEXT,,False,see README enums; null has missing_reasons_json,enrichment,observed,Un activo publicado de una edición — published_at,"Edición, tipo de agenda, prospecto, presentación, mapa o recording, URL, autor, idioma, fecha, derechos conocidos y localizadores de evidencia."
event_assets,rights,TEXT,,False,see README enums; null has missing_reasons_json,enrichment,observed,Un activo publicado de una edición — rights,"Edición, tipo de agenda, prospecto, presentación, mapa o recording, URL, autor, idioma, fecha, derechos conocidos y localizadores de evidencia."
event_assets,source_id,TEXT,,False,see README enums; null has missing_reasons_json,enrichment,observed,Un activo publicado de una edición — source_id,"Edición, tipo de agenda, prospecto, presentación, mapa o recording, URL, autor, idioma, fecha, derechos conocidos y localizadores de evidencia."
event_assets,extra_json,JSON,,False,see README enums; null has missing_reasons_json,enrichment,observed,Un activo publicado de una edición — extra_json,"Edición, tipo de agenda, prospecto, presentación, mapa o recording, URL, autor, idioma, fecha, derechos conocidos y localizadores de evidencia."
event_assets,missing_reasons_json,JSON,,False,see README enums; null has missing_reasons_json,enrichment,observed,Un activo publicado de una edición — missing_reasons_json,"Edición, tipo de agenda, prospecto, presentación, mapa o recording, URL, autor, idioma, fecha, derechos conocidos y localizadores de evidencia."
communities,community_id,TEXT,,True,see README enums; null has missing_reasons_json,enrichment,observed,Una comunidad identificada — community_id,"Nombre, organización responsable si existe, tema, geografía, web, canales públicos y relación con otras marcas. Una comunidad puede organizar muchas ediciones sin ser una empresa distinta."
communities,name,TEXT,,False,see README enums; null has missing_reasons_json,enrichment,observed,Una comunidad identificada — name,"Nombre, organización responsable si existe, tema, geografía, web, canales públicos y relación con otras marcas. Una comunidad puede organizar muchas ediciones sin ser una empresa distinta."
communities,company_id,TEXT,,False,see README enums; null has missing_reasons_json,enrichment,observed,Una comunidad identificada — company_id,"Nombre, organización responsable si existe, tema, geografía, web, canales públicos y relación con otras marcas. Una comunidad puede organizar muchas ediciones sin ser una empresa distinta."
communities,topic,TEXT,,False,see README enums; null has missing_reasons_json,enrichment,observed,Una comunidad identificada — topic,"Nombre, organización responsable si existe, tema, geografía, web, canales públicos y relación con otras marcas. Una comunidad puede organizar muchas ediciones sin ser una empresa distinta."
communities,geography,TEXT,,False,see README enums; null has missing_reasons_json,enrichment,observed,Una comunidad identificada — geography,"Nombre, organización responsable si existe, tema, geografía, web, canales públicos y relación con otras marcas. Una comunidad puede organizar muchas ediciones sin ser una empresa distinta."
communities,website,TEXT,,False,see README enums; null has missing_reasons_json,enrichment,observed,Una comunidad identificada — website,"Nombre, organización responsable si existe, tema, geografía, web, canales públicos y relación con otras marcas. Una comunidad puede organizar muchas ediciones sin ser una empresa distinta."
communities,source_id,TEXT,,False,see README enums; null has missing_reasons_json,enrichment,observed,Una comunidad identificada — source_id,"Nombre, organización responsable si existe, tema, geografía, web, canales públicos y relación con otras marcas. Una comunidad puede organizar muchas ediciones sin ser una empresa distinta."
communities,extra_json,JSON,,False,see README enums; null has missing_reasons_json,enrichment,observed,Una comunidad identificada — extra_json,"Nombre, organización responsable si existe, tema, geografía, web, canales públicos y relación con otras marcas. Una comunidad puede organizar muchas ediciones sin ser una empresa distinta."
communities,missing_reasons_json,JSON,,False,see README enums; null has missing_reasons_json,enrichment,observed,Una comunidad identificada — missing_reasons_json,"Nombre, organización responsable si existe, tema, geografía, web, canales públicos y relación con otras marcas. Una comunidad puede organizar muchas ediciones sin ser una empresa distinta."
community_event_links,link_id,TEXT,,True,see README enums; null has missing_reasons_json,enrichment,observed,Una relación comunidad–edición — link_id,"Comunidad, edición, rol de anfitrión, colaborador o difusión, periodo y evidencia."
community_event_links,community_id,TEXT,,False,see README enums; null has missing_reasons_json,enrichment,observed,Una relación comunidad–edición — community_id,"Comunidad, edición, rol de anfitrión, colaborador o difusión, periodo y evidencia."
community_event_links,edition_id,TEXT,,False,see README enums; null has missing_reasons_json,enrichment,observed,Una relación comunidad–edición — edition_id,"Comunidad, edición, rol de anfitrión, colaborador o difusión, periodo y evidencia."
community_event_links,role,TEXT,,False,see README enums; null has missing_reasons_json,enrichment,observed,Una relación comunidad–edición — role,"Comunidad, edición, rol de anfitrión, colaborador o difusión, periodo y evidencia."
community_event_links,period,TEXT,,False,see README enums; null has missing_reasons_json,enrichment,observed,Una relación comunidad–edición — period,"Comunidad, edición, rol de anfitrión, colaborador o difusión, periodo y evidencia."
community_event_links,source_id,TEXT,,False,see README enums; null has missing_reasons_json,enrichment,observed,Una relación comunidad–edición — source_id,"Comunidad, edición, rol de anfitrión, colaborador o difusión, periodo y evidencia."
community_event_links,extra_json,JSON,,False,see README enums; null has missing_reasons_json,enrichment,observed,Una relación comunidad–edición — extra_json,"Comunidad, edición, rol de anfitrión, colaborador o difusión, periodo y evidencia."
community_event_links,missing_reasons_json,JSON,,False,see README enums; null has missing_reasons_json,enrichment,observed,Una relación comunidad–edición — missing_reasons_json,"Comunidad, edición, rol de anfitrión, colaborador o difusión, periodo y evidencia."
company_profile_history,profile_id,TEXT,,True,see README enums; null has missing_reasons_json,enrichment,observed,Un estado observado del perfil de una empresa — profile_id,"Empresa, versión, productos, propuesta de valor, audiencias declaradas, mercados y tamaño documentado, fechas de observación y validez."
company_profile_history,company_id,TEXT,,False,see README enums; null has missing_reasons_json,enrichment,observed,Un estado observado del perfil de una empresa — company_id,"Empresa, versión, productos, propuesta de valor, audiencias declaradas, mercados y tamaño documentado, fechas de observación y validez."
company_profile_history,version,TEXT,,False,see README enums; null has missing_reasons_json,enrichment,observed,Un estado observado del perfil de una empresa — version,"Empresa, versión, productos, propuesta de valor, audiencias declaradas, mercados y tamaño documentado, fechas de observación y validez."
company_profile_history,products_json,JSON,,False,see README enums; null has missing_reasons_json,enrichment,observed,Un estado observado del perfil de una empresa — products_json,"Empresa, versión, productos, propuesta de valor, audiencias declaradas, mercados y tamaño documentado, fechas de observación y validez."
company_profile_history,audiences_json,JSON,,False,see README enums; null has missing_reasons_json,enrichment,observed,Un estado observado del perfil de una empresa — audiences_json,"Empresa, versión, productos, propuesta de valor, audiencias declaradas, mercados y tamaño documentado, fechas de observación y validez."
company_profile_history,markets_json,JSON,,False,see README enums; null has missing_reasons_json,enrichment,observed,Un estado observado del perfil de una empresa — markets_json,"Empresa, versión, productos, propuesta de valor, audiencias declaradas, mercados y tamaño documentado, fechas de observación y validez."
company_profile_history,size,TEXT,,False,see README enums; null has missing_reasons_json,enrichment,observed,Un estado observado del perfil de una empresa — size,"Empresa, versión, productos, propuesta de valor, audiencias declaradas, mercados y tamaño documentado, fechas de observación y validez."
company_profile_history,observed_at,TEXT,,False,see README enums; null has missing_reasons_json,enrichment,observed,Un estado observado del perfil de una empresa — observed_at,"Empresa, versión, productos, propuesta de valor, audiencias declaradas, mercados y tamaño documentado, fechas de observación y validez."
company_profile_history,valid_at,TEXT,,False,see README enums; null has missing_reasons_json,enrichment,observed,Un estado observado del perfil de una empresa — valid_at,"Empresa, versión, productos, propuesta de valor, audiencias declaradas, mercados y tamaño documentado, fechas de observación y validez."
company_profile_history,source_id,TEXT,,False,see README enums; null has missing_reasons_json,enrichment,observed,Un estado observado del perfil de una empresa — source_id,"Empresa, versión, productos, propuesta de valor, audiencias declaradas, mercados y tamaño documentado, fechas de observación y validez."
company_profile_history,extra_json,JSON,,False,see README enums; null has missing_reasons_json,enrichment,observed,Un estado observado del perfil de una empresa — extra_json,"Empresa, versión, productos, propuesta de valor, audiencias declaradas, mercados y tamaño documentado, fechas de observación y validez."
company_profile_history,missing_reasons_json,JSON,,False,see README enums; null has missing_reasons_json,enrichment,observed,Un estado observado del perfil de una empresa — missing_reasons_json,"Empresa, versión, productos, propuesta de valor, audiencias declaradas, mercados y tamaño documentado, fechas de observación y validez."
professional_affiliations,affiliation_id,TEXT,,True,see README enums; null has missing_reasons_json,enrichment,observed,Una afiliación profesional pública con contexto temporal — affiliation_id,"Persona, empresa, cargo, fecha o intervalo documentado, edición relacionada si aplica y fuente. No deduzcas una carrera completa de una biografía aislada."
professional_affiliations,person_id,TEXT,,False,see README enums; null has missing_reasons_json,enrichment,observed,Una afiliación profesional pública con contexto temporal — person_id,"Persona, empresa, cargo, fecha o intervalo documentado, edición relacionada si aplica y fuente. No deduzcas una carrera completa de una biografía aislada."
professional_affiliations,company_id,TEXT,,False,see README enums; null has missing_reasons_json,enrichment,observed,Una afiliación profesional pública con contexto temporal — company_id,"Persona, empresa, cargo, fecha o intervalo documentado, edición relacionada si aplica y fuente. No deduzcas una carrera completa de una biografía aislada."
professional_affiliations,title,TEXT,,False,see README enums; null has missing_reasons_json,enrichment,observed,Una afiliación profesional pública con contexto temporal — title,"Persona, empresa, cargo, fecha o intervalo documentado, edición relacionada si aplica y fuente. No deduzcas una carrera completa de una biografía aislada."
professional_affiliations,valid_at,TEXT,,False,see README enums; null has missing_reasons_json,enrichment,observed,Una afiliación profesional pública con contexto temporal — valid_at,"Persona, empresa, cargo, fecha o intervalo documentado, edición relacionada si aplica y fuente. No deduzcas una carrera completa de una biografía aislada."
professional_affiliations,edition_id,TEXT,,False,see README enums; null has missing_reasons_json,enrichment,observed,Una afiliación profesional pública con contexto temporal — edition_id,"Persona, empresa, cargo, fecha o intervalo documentado, edición relacionada si aplica y fuente. No deduzcas una carrera completa de una biografía aislada."
professional_affiliations,source_id,TEXT,,False,see README enums; null has missing_reasons_json,enrichment,observed,Una afiliación profesional pública con contexto temporal — source_id,"Persona, empresa, cargo, fecha o intervalo documentado, edición relacionada si aplica y fuente. No deduzcas una carrera completa de una biografía aislada."
professional_affiliations,extra_json,JSON,,False,see README enums; null has missing_reasons_json,enrichment,observed,Una afiliación profesional pública con contexto temporal — extra_json,"Persona, empresa, cargo, fecha o intervalo documentado, edición relacionada si aplica y fuente. No deduzcas una carrera completa de una biografía aislada."
professional_affiliations,missing_reasons_json,JSON,,False,see README enums; null has missing_reasons_json,enrichment,observed,Una afiliación profesional pública con contexto temporal — missing_reasons_json,"Persona, empresa, cargo, fecha o intervalo documentado, edición relacionada si aplica y fuente. No deduzcas una carrera completa de una biografía aislada."
event_deadlines,deadline_id,TEXT,,True,see README enums; null has missing_reasons_json,enrichment,observed,Un plazo publicado para una edición — deadline_id,"Edición, tipo como registro, convocatoria de speakers o cierre de sponsors, fecha con precisión y zona conocidas, estado, requisitos y fuente."
event_deadlines,edition_id,TEXT,,False,see README enums; null has missing_reasons_json,enrichment,observed,Un plazo publicado para una edición — edition_id,"Edición, tipo como registro, convocatoria de speakers o cierre de sponsors, fecha con precisión y zona conocidas, estado, requisitos y fuente."
event_deadlines,type,TEXT,,False,see README enums; null has missing_reasons_json,enrichment,observed,Un plazo publicado para una edición — type,"Edición, tipo como registro, convocatoria de speakers o cierre de sponsors, fecha con precisión y zona conocidas, estado, requisitos y fuente."
event_deadlines,date,TEXT,,False,see README enums; null has missing_reasons_json,enrichment,observed,Un plazo publicado para una edición — date,"Edición, tipo como registro, convocatoria de speakers o cierre de sponsors, fecha con precisión y zona conocidas, estado, requisitos y fuente."
event_deadlines,precision,TEXT,,False,see README enums; null has missing_reasons_json,enrichment,observed,Un plazo publicado para una edición — precision,"Edición, tipo como registro, convocatoria de speakers o cierre de sponsors, fecha con precisión y zona conocidas, estado, requisitos y fuente."
event_deadlines,timezone,TEXT,,False,see README enums; null has missing_reasons_json,enrichment,observed,Un plazo publicado para una edición — timezone,"Edición, tipo como registro, convocatoria de speakers o cierre de sponsors, fecha con precisión y zona conocidas, estado, requisitos y fuente."
event_deadlines,requirements,TEXT,,False,see README enums; null has missing_reasons_json,enrichment,observed,Un plazo publicado para una edición — requirements,"Edición, tipo como registro, convocatoria de speakers o cierre de sponsors, fecha con precisión y zona conocidas, estado, requisitos y fuente."
event_deadlines,source_id,TEXT,,False,see README enums; null has missing_reasons_json,enrichment,observed,Un plazo publicado para una edición — source_id,"Edición, tipo como registro, convocatoria de speakers o cierre de sponsors, fecha con precisión y zona conocidas, estado, requisitos y fuente."
event_deadlines,extra_json,JSON,,False,see README enums; null has missing_reasons_json,enrichment,observed,Un plazo publicado para una edición — extra_json,"Edición, tipo como registro, convocatoria de speakers o cierre de sponsors, fecha con precisión y zona conocidas, estado, requisitos y fuente."
event_deadlines,missing_reasons_json,JSON,,False,see README enums; null has missing_reasons_json,enrichment,observed,Un plazo publicado para una edición — missing_reasons_json,"Edición, tipo como registro, convocatoria de speakers o cierre de sponsors, fecha con precisión y zona conocidas, estado, requisitos y fuente."
distribution_metrics,metric_id,TEXT,,True,see README enums; null has missing_reasons_json,enrichment,observed,Una medición publicada o autorizada de un canal — metric_id,"Canal, métrica, valor, unidad, periodo, alcance, método y fuente. Conserva distinción entre suscriptores, impresiones, clics, registros y asistencia atribuida."
distribution_metrics,channel_id,TEXT,,False,see README enums; null has missing_reasons_json,enrichment,observed,Una medición publicada o autorizada de un canal — channel_id,"Canal, métrica, valor, unidad, periodo, alcance, método y fuente. Conserva distinción entre suscriptores, impresiones, clics, registros y asistencia atribuida."
distribution_metrics,name,TEXT,,False,see README enums; null has missing_reasons_json,enrichment,observed,Una medición publicada o autorizada de un canal — name,"Canal, métrica, valor, unidad, periodo, alcance, método y fuente. Conserva distinción entre suscriptores, impresiones, clics, registros y asistencia atribuida."
distribution_metrics,value,TEXT,record_specific; see unit/currency fields,False,see README enums; null has missing_reasons_json,enrichment,observed,Una medición publicada o autorizada de un canal — value,"Canal, métrica, valor, unidad, periodo, alcance, método y fuente. Conserva distinción entre suscriptores, impresiones, clics, registros y asistencia atribuida."
distribution_metrics,unit,TEXT,,False,see README enums; null has missing_reasons_json,enrichment,observed,Una medición publicada o autorizada de un canal — unit,"Canal, métrica, valor, unidad, periodo, alcance, método y fuente. Conserva distinción entre suscriptores, impresiones, clics, registros y asistencia atribuida."
distribution_metrics,denominator,TEXT,,False,see README enums; null has missing_reasons_json,enrichment,observed,Una medición publicada o autorizada de un canal — denominator,"Canal, métrica, valor, unidad, periodo, alcance, método y fuente. Conserva distinción entre suscriptores, impresiones, clics, registros y asistencia atribuida."
distribution_metrics,period,TEXT,,False,see README enums; null has missing_reasons_json,enrichment,observed,Una medición publicada o autorizada de un canal — period,"Canal, métrica, valor, unidad, periodo, alcance, método y fuente. Conserva distinción entre suscriptores, impresiones, clics, registros y asistencia atribuida."
distribution_metrics,method,TEXT,,False,see README enums; null has missing_reasons_json,enrichment,observed,Una medición publicada o autorizada de un canal — method,"Canal, métrica, valor, unidad, periodo, alcance, método y fuente. Conserva distinción entre suscriptores, impresiones, clics, registros y asistencia atribuida."
distribution_metrics,source_id,TEXT,,False,see README enums; null has missing_reasons_json,enrichment,observed,Una medición publicada o autorizada de un canal — source_id,"Canal, métrica, valor, unidad, periodo, alcance, método y fuente. Conserva distinción entre suscriptores, impresiones, clics, registros y asistencia atribuida."
distribution_metrics,extra_json,JSON,,False,see README enums; null has missing_reasons_json,enrichment,observed,Una medición publicada o autorizada de un canal — extra_json,"Canal, métrica, valor, unidad, periodo, alcance, método y fuente. Conserva distinción entre suscriptores, impresiones, clics, registros y asistencia atribuida."
distribution_metrics,missing_reasons_json,JSON,,False,see README enums; null has missing_reasons_json,enrichment,observed,Una medición publicada o autorizada de un canal — missing_reasons_json,"Canal, métrica, valor, unidad, periodo, alcance, método y fuente. Conserva distinción entre suscriptores, impresiones, clics, registros y asistencia atribuida."
news_articles,article_id,TEXT,,True,see README enums; null has missing_reasons_json,enrichment,observed,Una pieza periodística o comunicado — article_id,"Fuente, título, medio, autor cuando sea público, URL, idioma, fecha de publicación y actualización, tipo editorial, resumen propio, evento o fecha del hecho y acceso. Sin duplicar el texto íntegro protegido."
news_articles,source_id,TEXT,,False,see README enums; null has missing_reasons_json,enrichment,observed,Una pieza periodística o comunicado — source_id,"Fuente, título, medio, autor cuando sea público, URL, idioma, fecha de publicación y actualización, tipo editorial, resumen propio, evento o fecha del hecho y acceso. Sin duplicar el texto íntegro protegido."
news_articles,title,TEXT,,False,see README enums; null has missing_reasons_json,enrichment,observed,Una pieza periodística o comunicado — title,"Fuente, título, medio, autor cuando sea público, URL, idioma, fecha de publicación y actualización, tipo editorial, resumen propio, evento o fecha del hecho y acceso. Sin duplicar el texto íntegro protegido."
news_articles,publisher,TEXT,,False,see README enums; null has missing_reasons_json,enrichment,observed,Una pieza periodística o comunicado — publisher,"Fuente, título, medio, autor cuando sea público, URL, idioma, fecha de publicación y actualización, tipo editorial, resumen propio, evento o fecha del hecho y acceso. Sin duplicar el texto íntegro protegido."
news_articles,author,TEXT,,False,see README enums; null has missing_reasons_json,enrichment,observed,Una pieza periodística o comunicado — author,"Fuente, título, medio, autor cuando sea público, URL, idioma, fecha de publicación y actualización, tipo editorial, resumen propio, evento o fecha del hecho y acceso. Sin duplicar el texto íntegro protegido."
news_articles,url,TEXT,,False,see README enums; null has missing_reasons_json,enrichment,observed,Una pieza periodística o comunicado — url,"Fuente, título, medio, autor cuando sea público, URL, idioma, fecha de publicación y actualización, tipo editorial, resumen propio, evento o fecha del hecho y acceso. Sin duplicar el texto íntegro protegido."
news_articles,language,TEXT,,False,see README enums; null has missing_reasons_json,enrichment,observed,Una pieza periodística o comunicado — language,"Fuente, título, medio, autor cuando sea público, URL, idioma, fecha de publicación y actualización, tipo editorial, resumen propio, evento o fecha del hecho y acceso. Sin duplicar el texto íntegro protegido."
news_articles,published_at,TEXT,,False,see README enums; null has missing_reasons_json,enrichment,observed,Una pieza periodística o comunicado — published_at,"Fuente, título, medio, autor cuando sea público, URL, idioma, fecha de publicación y actualización, tipo editorial, resumen propio, evento o fecha del hecho y acceso. Sin duplicar el texto íntegro protegido."
news_articles,updated_at,TEXT,,False,see README enums; null has missing_reasons_json,enrichment,observed,Una pieza periodística o comunicado — updated_at,"Fuente, título, medio, autor cuando sea público, URL, idioma, fecha de publicación y actualización, tipo editorial, resumen propio, evento o fecha del hecho y acceso. Sin duplicar el texto íntegro protegido."
news_articles,article_type,TEXT,,False,see README enums; null has missing_reasons_json,enrichment,observed,Una pieza periodística o comunicado — article_type,"Fuente, título, medio, autor cuando sea público, URL, idioma, fecha de publicación y actualización, tipo editorial, resumen propio, evento o fecha del hecho y acceso. Sin duplicar el texto íntegro protegido."
news_articles,independence,TEXT,,False,see README enums; null has missing_reasons_json,enrichment,observed,Una pieza periodística o comunicado — independence,"Fuente, título, medio, autor cuando sea público, URL, idioma, fecha de publicación y actualización, tipo editorial, resumen propio, evento o fecha del hecho y acceso. Sin duplicar el texto íntegro protegido."
news_articles,summary_own,TEXT,,False,see README enums; null has missing_reasons_json,enrichment,observed,Una pieza periodística o comunicado — summary_own,"Fuente, título, medio, autor cuando sea público, URL, idioma, fecha de publicación y actualización, tipo editorial, resumen propio, evento o fecha del hecho y acceso. Sin duplicar el texto íntegro protegido."
news_articles,event_date,TEXT,,False,see README enums; null has missing_reasons_json,enrichment,observed,Una pieza periodística o comunicado — event_date,"Fuente, título, medio, autor cuando sea público, URL, idioma, fecha de publicación y actualización, tipo editorial, resumen propio, evento o fecha del hecho y acceso. Sin duplicar el texto íntegro protegido."
news_articles,access,TEXT,,False,see README enums; null has missing_reasons_json,enrichment,observed,Una pieza periodística o comunicado — access,"Fuente, título, medio, autor cuando sea público, URL, idioma, fecha de publicación y actualización, tipo editorial, resumen propio, evento o fecha del hecho y acceso. Sin duplicar el texto íntegro protegido."
news_articles,extra_json,JSON,,False,see README enums; null has missing_reasons_json,enrichment,observed,Una pieza periodística o comunicado — extra_json,"Fuente, título, medio, autor cuando sea público, URL, idioma, fecha de publicación y actualización, tipo editorial, resumen propio, evento o fecha del hecho y acceso. Sin duplicar el texto íntegro protegido."
news_articles,missing_reasons_json,JSON,,False,see README enums; null has missing_reasons_json,enrichment,observed,Una pieza periodística o comunicado — missing_reasons_json,"Fuente, título, medio, autor cuando sea público, URL, idioma, fecha de publicación y actualización, tipo editorial, resumen propio, evento o fecha del hecho y acceso. Sin duplicar el texto íntegro protegido."
news_entity_links,link_id,TEXT,,True,see README enums; null has missing_reasons_json,enrichment,observed,Una relación respaldada entre una pieza y una entidad — link_id,"Artículo, entidad, tipo de mención, afirmación, periodo y evidencia localizada; diferencia mención incidental de patrocinio o participación."
news_entity_links,article_id,TEXT,,False,see README enums; null has missing_reasons_json,enrichment,observed,Una relación respaldada entre una pieza y una entidad — article_id,"Artículo, entidad, tipo de mención, afirmación, periodo y evidencia localizada; diferencia mención incidental de patrocinio o participación."
news_entity_links,entity_table,TEXT,,False,see README enums; null has missing_reasons_json,enrichment,observed,Una relación respaldada entre una pieza y una entidad — entity_table,"Artículo, entidad, tipo de mención, afirmación, periodo y evidencia localizada; diferencia mención incidental de patrocinio o participación."
news_entity_links,entity_id,TEXT,,False,see README enums; null has missing_reasons_json,enrichment,observed,Una relación respaldada entre una pieza y una entidad — entity_id,"Artículo, entidad, tipo de mención, afirmación, periodo y evidencia localizada; diferencia mención incidental de patrocinio o participación."
news_entity_links,relation,TEXT,,False,see README enums; null has missing_reasons_json,enrichment,observed,Una relación respaldada entre una pieza y una entidad — relation,"Artículo, entidad, tipo de mención, afirmación, periodo y evidencia localizada; diferencia mención incidental de patrocinio o participación."
news_entity_links,claim,TEXT,,False,see README enums; null has missing_reasons_json,enrichment,observed,Una relación respaldada entre una pieza y una entidad — claim,"Artículo, entidad, tipo de mención, afirmación, periodo y evidencia localizada; diferencia mención incidental de patrocinio o participación."
news_entity_links,valid_at,TEXT,,False,see README enums; null has missing_reasons_json,enrichment,observed,Una relación respaldada entre una pieza y una entidad — valid_at,"Artículo, entidad, tipo de mención, afirmación, periodo y evidencia localizada; diferencia mención incidental de patrocinio o participación."
news_entity_links,source_id,TEXT,,False,see README enums; null has missing_reasons_json,enrichment,observed,Una relación respaldada entre una pieza y una entidad — source_id,"Artículo, entidad, tipo de mención, afirmación, periodo y evidencia localizada; diferencia mención incidental de patrocinio o participación."
news_entity_links,extra_json,JSON,,False,see README enums; null has missing_reasons_json,enrichment,observed,Una relación respaldada entre una pieza y una entidad — extra_json,"Artículo, entidad, tipo de mención, afirmación, periodo y evidencia localizada; diferencia mención incidental de patrocinio o participación."
news_entity_links,missing_reasons_json,JSON,,False,see README enums; null has missing_reasons_json,enrichment,observed,Una relación respaldada entre una pieza y una entidad — missing_reasons_json,"Artículo, entidad, tipo de mención, afirmación, periodo y evidencia localizada; diferencia mención incidental de patrocinio o participación."
news_dedup_clusters,membership_id,TEXT,,True,see README enums; null has missing_reasons_json,enrichment,observed,La pertenencia de una pieza a una familia de republicaciones — membership_id,"Artículo, grupo, probable origen, relación de republicación o actualización, evidencia y grado de independencia."
news_dedup_clusters,article_id,TEXT,,False,see README enums; null has missing_reasons_json,enrichment,observed,La pertenencia de una pieza a una familia de republicaciones — article_id,"Artículo, grupo, probable origen, relación de republicación o actualización, evidencia y grado de independencia."
news_dedup_clusters,cluster_id,TEXT,,False,see README enums; null has missing_reasons_json,enrichment,observed,La pertenencia de una pieza a una familia de republicaciones — cluster_id,"Artículo, grupo, probable origen, relación de republicación o actualización, evidencia y grado de independencia."
news_dedup_clusters,probable_origin,TEXT,,False,see README enums; null has missing_reasons_json,enrichment,observed,La pertenencia de una pieza a una familia de republicaciones — probable_origin,"Artículo, grupo, probable origen, relación de republicación o actualización, evidencia y grado de independencia."
news_dedup_clusters,relation,TEXT,,False,see README enums; null has missing_reasons_json,enrichment,observed,La pertenencia de una pieza a una familia de republicaciones — relation,"Artículo, grupo, probable origen, relación de republicación o actualización, evidencia y grado de independencia."
news_dedup_clusters,independence,TEXT,,False,see README enums; null has missing_reasons_json,enrichment,observed,La pertenencia de una pieza a una familia de republicaciones — independence,"Artículo, grupo, probable origen, relación de republicación o actualización, evidencia y grado de independencia."
news_dedup_clusters,evidence,TEXT,,False,see README enums; null has missing_reasons_json,enrichment,observed,La pertenencia de una pieza a una familia de republicaciones — evidence,"Artículo, grupo, probable origen, relación de republicación o actualización, evidencia y grado de independencia."
news_dedup_clusters,extra_json,JSON,,False,see README enums; null has missing_reasons_json,enrichment,observed,La pertenencia de una pieza a una familia de republicaciones — extra_json,"Artículo, grupo, probable origen, relación de republicación o actualización, evidencia y grado de independencia."
news_dedup_clusters,missing_reasons_json,JSON,,False,see README enums; null has missing_reasons_json,enrichment,observed,La pertenencia de una pieza a una familia de republicaciones — missing_reasons_json,"Artículo, grupo, probable origen, relación de republicación o actualización, evidencia y grado de independencia."
company_signals,signal_id,TEXT,,True,see README enums; null has missing_reasons_json,enrichment,observed,Un hecho empresarial documentado potencialmente relevante — signal_id,"Empresa, tipo de lanzamiento, expansión, alianza, contratación agregada o financiación anunciada, fecha, geografía, fuentes y relevancia hipotética separada del hecho. No supone presupuesto para eventos."
company_signals,company_id,TEXT,,False,see README enums; null has missing_reasons_json,enrichment,observed,Un hecho empresarial documentado potencialmente relevante — company_id,"Empresa, tipo de lanzamiento, expansión, alianza, contratación agregada o financiación anunciada, fecha, geografía, fuentes y relevancia hipotética separada del hecho. No supone presupuesto para eventos."
company_signals,type,TEXT,,False,see README enums; null has missing_reasons_json,enrichment,observed,Un hecho empresarial documentado potencialmente relevante — type,"Empresa, tipo de lanzamiento, expansión, alianza, contratación agregada o financiación anunciada, fecha, geografía, fuentes y relevancia hipotética separada del hecho. No supone presupuesto para eventos."
company_signals,value,TEXT,record_specific; see unit/currency fields,False,see README enums; null has missing_reasons_json,enrichment,observed,Un hecho empresarial documentado potencialmente relevante — value,"Empresa, tipo de lanzamiento, expansión, alianza, contratación agregada o financiación anunciada, fecha, geografía, fuentes y relevancia hipotética separada del hecho. No supone presupuesto para eventos."
company_signals,event_date,TEXT,,False,see README enums; null has missing_reasons_json,enrichment,observed,Un hecho empresarial documentado potencialmente relevante — event_date,"Empresa, tipo de lanzamiento, expansión, alianza, contratación agregada o financiación anunciada, fecha, geografía, fuentes y relevancia hipotética separada del hecho. No supone presupuesto para eventos."
company_signals,geography,TEXT,,False,see README enums; null has missing_reasons_json,enrichment,observed,Un hecho empresarial documentado potencialmente relevante — geography,"Empresa, tipo de lanzamiento, expansión, alianza, contratación agregada o financiación anunciada, fecha, geografía, fuentes y relevancia hipotética separada del hecho. No supone presupuesto para eventos."
company_signals,source_id,TEXT,,False,see README enums; null has missing_reasons_json,enrichment,observed,Un hecho empresarial documentado potencialmente relevante — source_id,"Empresa, tipo de lanzamiento, expansión, alianza, contratación agregada o financiación anunciada, fecha, geografía, fuentes y relevancia hipotética separada del hecho. No supone presupuesto para eventos."
company_signals,relevance_hypothesis,TEXT,,False,see README enums; null has missing_reasons_json,enrichment,observed,Un hecho empresarial documentado potencialmente relevante — relevance_hypothesis,"Empresa, tipo de lanzamiento, expansión, alianza, contratación agregada o financiación anunciada, fecha, geografía, fuentes y relevancia hipotética separada del hecho. No supone presupuesto para eventos."
company_signals,extra_json,JSON,,False,see README enums; null has missing_reasons_json,enrichment,observed,Un hecho empresarial documentado potencialmente relevante — extra_json,"Empresa, tipo de lanzamiento, expansión, alianza, contratación agregada o financiación anunciada, fecha, geografía, fuentes y relevancia hipotética separada del hecho. No supone presupuesto para eventos."
company_signals,missing_reasons_json,JSON,,False,see README enums; null has missing_reasons_json,enrichment,observed,Un hecho empresarial documentado potencialmente relevante — missing_reasons_json,"Empresa, tipo de lanzamiento, expansión, alianza, contratación agregada o financiación anunciada, fecha, geografía, fuentes y relevancia hipotética separada del hecho. No supone presupuesto para eventos."
market_context,context_id,TEXT,,True,see README enums; null has missing_reasons_json,enrichment,observed,Una observación contextual con alcance definido — context_id,"Región o sector, variable, valor, unidad, periodo, fuente y vínculo explícito con una decisión del producto. No mezcles estadísticas de poblaciones distintas."
market_context,region,TEXT,,False,see README enums; null has missing_reasons_json,enrichment,observed,Una observación contextual con alcance definido — region,"Región o sector, variable, valor, unidad, periodo, fuente y vínculo explícito con una decisión del producto. No mezcles estadísticas de poblaciones distintas."
market_context,sector,TEXT,,False,see README enums; null has missing_reasons_json,enrichment,observed,Una observación contextual con alcance definido — sector,"Región o sector, variable, valor, unidad, periodo, fuente y vínculo explícito con una decisión del producto. No mezcles estadísticas de poblaciones distintas."
market_context,variable,TEXT,,False,see README enums; null has missing_reasons_json,enrichment,observed,Una observación contextual con alcance definido — variable,"Región o sector, variable, valor, unidad, periodo, fuente y vínculo explícito con una decisión del producto. No mezcles estadísticas de poblaciones distintas."
market_context,value,TEXT,record_specific; see unit/currency fields,False,see README enums; null has missing_reasons_json,enrichment,observed,Una observación contextual con alcance definido — value,"Región o sector, variable, valor, unidad, periodo, fuente y vínculo explícito con una decisión del producto. No mezcles estadísticas de poblaciones distintas."
market_context,unit,TEXT,,False,see README enums; null has missing_reasons_json,enrichment,observed,Una observación contextual con alcance definido — unit,"Región o sector, variable, valor, unidad, periodo, fuente y vínculo explícito con una decisión del producto. No mezcles estadísticas de poblaciones distintas."
market_context,period,TEXT,,False,see README enums; null has missing_reasons_json,enrichment,observed,Una observación contextual con alcance definido — period,"Región o sector, variable, valor, unidad, periodo, fuente y vínculo explícito con una decisión del producto. No mezcles estadísticas de poblaciones distintas."
market_context,source_id,TEXT,,False,see README enums; null has missing_reasons_json,enrichment,observed,Una observación contextual con alcance definido — source_id,"Región o sector, variable, valor, unidad, periodo, fuente y vínculo explícito con una decisión del producto. No mezcles estadísticas de poblaciones distintas."
market_context,decision_relevance,TEXT,,False,see README enums; null has missing_reasons_json,enrichment,observed,Una observación contextual con alcance definido — decision_relevance,"Región o sector, variable, valor, unidad, periodo, fuente y vínculo explícito con una decisión del producto. No mezcles estadísticas de poblaciones distintas."
market_context,extra_json,JSON,,False,see README enums; null has missing_reasons_json,enrichment,observed,Una observación contextual con alcance definido — extra_json,"Región o sector, variable, valor, unidad, periodo, fuente y vínculo explícito con una decisión del producto. No mezcles estadísticas de poblaciones distintas."
market_context,missing_reasons_json,JSON,,False,see README enums; null has missing_reasons_json,enrichment,observed,Una observación contextual con alcance definido — missing_reasons_json,"Región o sector, variable, valor, unidad, periodo, fuente y vínculo explícito con una decisión del producto. No mezcles estadísticas de poblaciones distintas."
sponsorship_history,agreement_id,TEXT,,True,see README enums; null has missing_reasons_json,enrichment,observed,Un acuerdo o patrocinio documentado — agreement_id,"Empresa, edición o serie, paquete si corresponde, nivel, periodo, estado, modalidad monetaria o en especie cuando se conozca e importe solo con evidencia. Detalla el acuerdo; no duplica sin información el rol de sponsor."
sponsorship_history,company_id,TEXT,,False,see README enums; null has missing_reasons_json,enrichment,observed,Un acuerdo o patrocinio documentado — company_id,"Empresa, edición o serie, paquete si corresponde, nivel, periodo, estado, modalidad monetaria o en especie cuando se conozca e importe solo con evidencia. Detalla el acuerdo; no duplica sin información el rol de sponsor."
sponsorship_history,edition_id,TEXT,,False,see README enums; null has missing_reasons_json,enrichment,observed,Un acuerdo o patrocinio documentado — edition_id,"Empresa, edición o serie, paquete si corresponde, nivel, periodo, estado, modalidad monetaria o en especie cuando se conozca e importe solo con evidencia. Detalla el acuerdo; no duplica sin información el rol de sponsor."
sponsorship_history,series_id,TEXT,,False,see README enums; null has missing_reasons_json,enrichment,observed,Un acuerdo o patrocinio documentado — series_id,"Empresa, edición o serie, paquete si corresponde, nivel, periodo, estado, modalidad monetaria o en especie cuando se conozca e importe solo con evidencia. Detalla el acuerdo; no duplica sin información el rol de sponsor."
sponsorship_history,package_id,TEXT,,False,see README enums; null has missing_reasons_json,enrichment,observed,Un acuerdo o patrocinio documentado — package_id,"Empresa, edición o serie, paquete si corresponde, nivel, periodo, estado, modalidad monetaria o en especie cuando se conozca e importe solo con evidencia. Detalla el acuerdo; no duplica sin información el rol de sponsor."
sponsorship_history,tier,TEXT,,False,see README enums; null has missing_reasons_json,enrichment,observed,Un acuerdo o patrocinio documentado — tier,"Empresa, edición o serie, paquete si corresponde, nivel, periodo, estado, modalidad monetaria o en especie cuando se conozca e importe solo con evidencia. Detalla el acuerdo; no duplica sin información el rol de sponsor."
sponsorship_history,period,TEXT,,False,see README enums; null has missing_reasons_json,enrichment,observed,Un acuerdo o patrocinio documentado — period,"Empresa, edición o serie, paquete si corresponde, nivel, periodo, estado, modalidad monetaria o en especie cuando se conozca e importe solo con evidencia. Detalla el acuerdo; no duplica sin información el rol de sponsor."
sponsorship_history,status,TEXT,,False,see README enums; null has missing_reasons_json,enrichment,observed,Un acuerdo o patrocinio documentado — status,"Empresa, edición o serie, paquete si corresponde, nivel, periodo, estado, modalidad monetaria o en especie cuando se conozca e importe solo con evidencia. Detalla el acuerdo; no duplica sin información el rol de sponsor."
sponsorship_history,modality,TEXT,,False,see README enums; null has missing_reasons_json,enrichment,observed,Un acuerdo o patrocinio documentado — modality,"Empresa, edición o serie, paquete si corresponde, nivel, periodo, estado, modalidad monetaria o en especie cuando se conozca e importe solo con evidencia. Detalla el acuerdo; no duplica sin información el rol de sponsor."
sponsorship_history,amount,REAL,record_specific; see unit/currency fields,False,see README enums; null has missing_reasons_json,enrichment,observed,Un acuerdo o patrocinio documentado — amount,"Empresa, edición o serie, paquete si corresponde, nivel, periodo, estado, modalidad monetaria o en especie cuando se conozca e importe solo con evidencia. Detalla el acuerdo; no duplica sin información el rol de sponsor."
sponsorship_history,currency,TEXT,,False,see README enums; null has missing_reasons_json,enrichment,observed,Un acuerdo o patrocinio documentado — currency,"Empresa, edición o serie, paquete si corresponde, nivel, periodo, estado, modalidad monetaria o en especie cuando se conozca e importe solo con evidencia. Detalla el acuerdo; no duplica sin información el rol de sponsor."
sponsorship_history,source_id,TEXT,,False,see README enums; null has missing_reasons_json,enrichment,observed,Un acuerdo o patrocinio documentado — source_id,"Empresa, edición o serie, paquete si corresponde, nivel, periodo, estado, modalidad monetaria o en especie cuando se conozca e importe solo con evidencia. Detalla el acuerdo; no duplica sin información el rol de sponsor."
sponsorship_history,extra_json,JSON,,False,see README enums; null has missing_reasons_json,enrichment,observed,Un acuerdo o patrocinio documentado — extra_json,"Empresa, edición o serie, paquete si corresponde, nivel, periodo, estado, modalidad monetaria o en especie cuando se conozca e importe solo con evidencia. Detalla el acuerdo; no duplica sin información el rol de sponsor."
sponsorship_history,missing_reasons_json,JSON,,False,see README enums; null has missing_reasons_json,enrichment,observed,Un acuerdo o patrocinio documentado — missing_reasons_json,"Empresa, edición o serie, paquete si corresponde, nivel, periodo, estado, modalidad monetaria o en especie cuando se conozca e importe solo con evidencia. Detalla el acuerdo; no duplica sin información el rol de sponsor."
sponsorship_deliverables,deliverable_id,TEXT,,True,see README enums; null has missing_reasons_json,enrichment,observed,Un beneficio incluido en un paquete o acuerdo — deliverable_id,"Paquete o acuerdo, tipo, cantidad y unidad si existen, audiencia prometida, plazo y criterio documentado de cumplimiento."
sponsorship_deliverables,package_id,TEXT,,False,see README enums; null has missing_reasons_json,enrichment,observed,Un beneficio incluido en un paquete o acuerdo — package_id,"Paquete o acuerdo, tipo, cantidad y unidad si existen, audiencia prometida, plazo y criterio documentado de cumplimiento."
sponsorship_deliverables,agreement_id,TEXT,,False,see README enums; null has missing_reasons_json,enrichment,observed,Un beneficio incluido en un paquete o acuerdo — agreement_id,"Paquete o acuerdo, tipo, cantidad y unidad si existen, audiencia prometida, plazo y criterio documentado de cumplimiento."
sponsorship_deliverables,type,TEXT,,False,see README enums; null has missing_reasons_json,enrichment,observed,Un beneficio incluido en un paquete o acuerdo — type,"Paquete o acuerdo, tipo, cantidad y unidad si existen, audiencia prometida, plazo y criterio documentado de cumplimiento."
sponsorship_deliverables,quantity,TEXT,,False,see README enums; null has missing_reasons_json,enrichment,observed,Un beneficio incluido en un paquete o acuerdo — quantity,"Paquete o acuerdo, tipo, cantidad y unidad si existen, audiencia prometida, plazo y criterio documentado de cumplimiento."
sponsorship_deliverables,unit,TEXT,,False,see README enums; null has missing_reasons_json,enrichment,observed,Un beneficio incluido en un paquete o acuerdo — unit,"Paquete o acuerdo, tipo, cantidad y unidad si existen, audiencia prometida, plazo y criterio documentado de cumplimiento."
sponsorship_deliverables,audience,TEXT,,False,see README enums; null has missing_reasons_json,enrichment,observed,Un beneficio incluido en un paquete o acuerdo — audience,"Paquete o acuerdo, tipo, cantidad y unidad si existen, audiencia prometida, plazo y criterio documentado de cumplimiento."
sponsorship_deliverables,deadline,TEXT,,False,see README enums; null has missing_reasons_json,enrichment,observed,Un beneficio incluido en un paquete o acuerdo — deadline,"Paquete o acuerdo, tipo, cantidad y unidad si existen, audiencia prometida, plazo y criterio documentado de cumplimiento."
sponsorship_deliverables,criterion,TEXT,,False,see README enums; null has missing_reasons_json,enrichment,observed,Un beneficio incluido en un paquete o acuerdo — criterion,"Paquete o acuerdo, tipo, cantidad y unidad si existen, audiencia prometida, plazo y criterio documentado de cumplimiento."
sponsorship_deliverables,source_id,TEXT,,False,see README enums; null has missing_reasons_json,enrichment,observed,Un beneficio incluido en un paquete o acuerdo — source_id,"Paquete o acuerdo, tipo, cantidad y unidad si existen, audiencia prometida, plazo y criterio documentado de cumplimiento."
sponsorship_deliverables,extra_json,JSON,,False,see README enums; null has missing_reasons_json,enrichment,observed,Un beneficio incluido en un paquete o acuerdo — extra_json,"Paquete o acuerdo, tipo, cantidad y unidad si existen, audiencia prometida, plazo y criterio documentado de cumplimiento."
sponsorship_deliverables,missing_reasons_json,JSON,,False,see README enums; null has missing_reasons_json,enrichment,observed,Un beneficio incluido en un paquete o acuerdo — missing_reasons_json,"Paquete o acuerdo, tipo, cantidad y unidad si existen, audiencia prometida, plazo y criterio documentado de cumplimiento."
sponsorship_observations,observation_id,TEXT,,True,see README enums; null has missing_reasons_json,enrichment,observed,Evidencia de ejecución de un beneficio o activación — observation_id,"Acuerdo o beneficio, edición, fecha, observación, fuente, estado anunciado o realizado y métricas disponibles. Separa entrega de resultados comerciales."
sponsorship_observations,agreement_id,TEXT,,False,see README enums; null has missing_reasons_json,enrichment,observed,Evidencia de ejecución de un beneficio o activación — agreement_id,"Acuerdo o beneficio, edición, fecha, observación, fuente, estado anunciado o realizado y métricas disponibles. Separa entrega de resultados comerciales."
sponsorship_observations,deliverable_id,TEXT,,False,see README enums; null has missing_reasons_json,enrichment,observed,Evidencia de ejecución de un beneficio o activación — deliverable_id,"Acuerdo o beneficio, edición, fecha, observación, fuente, estado anunciado o realizado y métricas disponibles. Separa entrega de resultados comerciales."
sponsorship_observations,edition_id,TEXT,,False,see README enums; null has missing_reasons_json,enrichment,observed,Evidencia de ejecución de un beneficio o activación — edition_id,"Acuerdo o beneficio, edición, fecha, observación, fuente, estado anunciado o realizado y métricas disponibles. Separa entrega de resultados comerciales."
sponsorship_observations,date,TEXT,,False,see README enums; null has missing_reasons_json,enrichment,observed,Evidencia de ejecución de un beneficio o activación — date,"Acuerdo o beneficio, edición, fecha, observación, fuente, estado anunciado o realizado y métricas disponibles. Separa entrega de resultados comerciales."
sponsorship_observations,observation,TEXT,,False,see README enums; null has missing_reasons_json,enrichment,observed,Evidencia de ejecución de un beneficio o activación — observation,"Acuerdo o beneficio, edición, fecha, observación, fuente, estado anunciado o realizado y métricas disponibles. Separa entrega de resultados comerciales."
sponsorship_observations,status,TEXT,,False,see README enums; null has missing_reasons_json,enrichment,observed,Evidencia de ejecución de un beneficio o activación — status,"Acuerdo o beneficio, edición, fecha, observación, fuente, estado anunciado o realizado y métricas disponibles. Separa entrega de resultados comerciales."
sponsorship_observations,metrics_json,JSON,,False,see README enums; null has missing_reasons_json,enrichment,observed,Evidencia de ejecución de un beneficio o activación — metrics_json,"Acuerdo o beneficio, edición, fecha, observación, fuente, estado anunciado o realizado y métricas disponibles. Separa entrega de resultados comerciales."
sponsorship_observations,source_id,TEXT,,False,see README enums; null has missing_reasons_json,enrichment,observed,Evidencia de ejecución de un beneficio o activación — source_id,"Acuerdo o beneficio, edición, fecha, observación, fuente, estado anunciado o realizado y métricas disponibles. Separa entrega de resultados comerciales."
sponsorship_observations,extra_json,JSON,,False,see README enums; null has missing_reasons_json,enrichment,observed,Evidencia de ejecución de un beneficio o activación — extra_json,"Acuerdo o beneficio, edición, fecha, observación, fuente, estado anunciado o realizado y métricas disponibles. Separa entrega de resultados comerciales."
sponsorship_observations,missing_reasons_json,JSON,,False,see README enums; null has missing_reasons_json,enrichment,observed,Evidencia de ejecución de un beneficio o activación — missing_reasons_json,"Acuerdo o beneficio, edición, fecha, observación, fuente, estado anunciado o realizado y métricas disponibles. Separa entrega de resultados comerciales."
partner_relationships,partnership_id,TEXT,,True,see README enums; null has missing_reasons_json,enrichment,observed,Una alianza organizativa o comercial documentada — partnership_id,"Organizaciones, tipo, objetivo declarado, periodo, eventos asociados y evidencia. Compartir un evento no demuestra una alianza."
partner_relationships,company_a_id,TEXT,,False,see README enums; null has missing_reasons_json,enrichment,observed,Una alianza organizativa o comercial documentada — company_a_id,"Organizaciones, tipo, objetivo declarado, periodo, eventos asociados y evidencia. Compartir un evento no demuestra una alianza."
partner_relationships,company_b_id,TEXT,,False,see README enums; null has missing_reasons_json,enrichment,observed,Una alianza organizativa o comercial documentada — company_b_id,"Organizaciones, tipo, objetivo declarado, periodo, eventos asociados y evidencia. Compartir un evento no demuestra una alianza."
partner_relationships,type,TEXT,,False,see README enums; null has missing_reasons_json,enrichment,observed,Una alianza organizativa o comercial documentada — type,"Organizaciones, tipo, objetivo declarado, periodo, eventos asociados y evidencia. Compartir un evento no demuestra una alianza."
partner_relationships,objective,TEXT,,False,see README enums; null has missing_reasons_json,enrichment,observed,Una alianza organizativa o comercial documentada — objective,"Organizaciones, tipo, objetivo declarado, periodo, eventos asociados y evidencia. Compartir un evento no demuestra una alianza."
partner_relationships,period,TEXT,,False,see README enums; null has missing_reasons_json,enrichment,observed,Una alianza organizativa o comercial documentada — period,"Organizaciones, tipo, objetivo declarado, periodo, eventos asociados y evidencia. Compartir un evento no demuestra una alianza."
partner_relationships,edition_id,TEXT,,False,see README enums; null has missing_reasons_json,enrichment,observed,Una alianza organizativa o comercial documentada — edition_id,"Organizaciones, tipo, objetivo declarado, periodo, eventos asociados y evidencia. Compartir un evento no demuestra una alianza."
partner_relationships,source_id,TEXT,,False,see README enums; null has missing_reasons_json,enrichment,observed,Una alianza organizativa o comercial documentada — source_id,"Organizaciones, tipo, objetivo declarado, periodo, eventos asociados y evidencia. Compartir un evento no demuestra una alianza."
partner_relationships,extra_json,JSON,,False,see README enums; null has missing_reasons_json,enrichment,observed,Una alianza organizativa o comercial documentada — extra_json,"Organizaciones, tipo, objetivo declarado, periodo, eventos asociados y evidencia. Compartir un evento no demuestra una alianza."
partner_relationships,missing_reasons_json,JSON,,False,see README enums; null has missing_reasons_json,enrichment,observed,Una alianza organizativa o comercial documentada — missing_reasons_json,"Organizaciones, tipo, objetivo declarado, periodo, eventos asociados y evidencia. Compartir un evento no demuestra una alianza."
sponsorship_renewals,renewal_id,TEXT,,True,see README enums; null has missing_reasons_json,enrichment,derived,Una comparación de continuidad de patrocinio — renewal_id,"Empresa, serie, ediciones comparadas, relación observada, cobertura de las fuentes y clasificación renovado, salida confirmada o desconocido. La ausencia de evidencia no cuenta como salida."
sponsorship_renewals,company_id,TEXT,,False,see README enums; null has missing_reasons_json,enrichment,derived,Una comparación de continuidad de patrocinio — company_id,"Empresa, serie, ediciones comparadas, relación observada, cobertura de las fuentes y clasificación renovado, salida confirmada o desconocido. La ausencia de evidencia no cuenta como salida."
sponsorship_renewals,series_id,TEXT,,False,see README enums; null has missing_reasons_json,enrichment,derived,Una comparación de continuidad de patrocinio — series_id,"Empresa, serie, ediciones comparadas, relación observada, cobertura de las fuentes y clasificación renovado, salida confirmada o desconocido. La ausencia de evidencia no cuenta como salida."
sponsorship_renewals,from_edition_id,TEXT,,False,see README enums; null has missing_reasons_json,enrichment,derived,Una comparación de continuidad de patrocinio — from_edition_id,"Empresa, serie, ediciones comparadas, relación observada, cobertura de las fuentes y clasificación renovado, salida confirmada o desconocido. La ausencia de evidencia no cuenta como salida."
sponsorship_renewals,to_edition_id,TEXT,,False,see README enums; null has missing_reasons_json,enrichment,derived,Una comparación de continuidad de patrocinio — to_edition_id,"Empresa, serie, ediciones comparadas, relación observada, cobertura de las fuentes y clasificación renovado, salida confirmada o desconocido. La ausencia de evidencia no cuenta como salida."
sponsorship_renewals,relationship,TEXT,,False,see README enums; null has missing_reasons_json,enrichment,derived,Una comparación de continuidad de patrocinio — relationship,"Empresa, serie, ediciones comparadas, relación observada, cobertura de las fuentes y clasificación renovado, salida confirmada o desconocido. La ausencia de evidencia no cuenta como salida."
sponsorship_renewals,coverage,TEXT,,False,see README enums; null has missing_reasons_json,enrichment,derived,Una comparación de continuidad de patrocinio — coverage,"Empresa, serie, ediciones comparadas, relación observada, cobertura de las fuentes y clasificación renovado, salida confirmada o desconocido. La ausencia de evidencia no cuenta como salida."
sponsorship_renewals,method,TEXT,,False,see README enums; null has missing_reasons_json,enrichment,derived,Una comparación de continuidad de patrocinio — method,"Empresa, serie, ediciones comparadas, relación observada, cobertura de las fuentes y clasificación renovado, salida confirmada o desconocido. La ausencia de evidencia no cuenta como salida."
sponsorship_renewals,version,TEXT,,False,see README enums; null has missing_reasons_json,enrichment,derived,Una comparación de continuidad de patrocinio — version,"Empresa, serie, ediciones comparadas, relación observada, cobertura de las fuentes y clasificación renovado, salida confirmada o desconocido. La ausencia de evidencia no cuenta como salida."
sponsorship_renewals,cutoff,TEXT,,False,see README enums; null has missing_reasons_json,enrichment,derived,Una comparación de continuidad de patrocinio — cutoff,"Empresa, serie, ediciones comparadas, relación observada, cobertura de las fuentes y clasificación renovado, salida confirmada o desconocido. La ausencia de evidencia no cuenta como salida."
sponsorship_renewals,input_ids_json,JSON,,False,see README enums; null has missing_reasons_json,enrichment,derived,Una comparación de continuidad de patrocinio — input_ids_json,"Empresa, serie, ediciones comparadas, relación observada, cobertura de las fuentes y clasificación renovado, salida confirmada o desconocido. La ausencia de evidencia no cuenta como salida."
sponsorship_renewals,extra_json,JSON,,False,see README enums; null has missing_reasons_json,enrichment,derived,Una comparación de continuidad de patrocinio — extra_json,"Empresa, serie, ediciones comparadas, relación observada, cobertura de las fuentes y clasificación renovado, salida confirmada o desconocido. La ausencia de evidencia no cuenta como salida."
sponsorship_renewals,missing_reasons_json,JSON,,False,see README enums; null has missing_reasons_json,enrichment,derived,Una comparación de continuidad de patrocinio — missing_reasons_json,"Empresa, serie, ediciones comparadas, relación observada, cobertura de las fuentes y clasificación renovado, salida confirmada o desconocido. La ausencia de evidencia no cuenta como salida."
topic_trends,trend_id,TEXT,,True,see README enums; null has missing_reasons_json,enrichment,derived,Una medida temporal de un tema — trend_id,"Tema, geografía o sector, periodo, universo observado, conteo deduplicado, normalización, fuentes y cambios de cobertura."
topic_trends,topic,TEXT,,False,see README enums; null has missing_reasons_json,enrichment,derived,Una medida temporal de un tema — topic,"Tema, geografía o sector, periodo, universo observado, conteo deduplicado, normalización, fuentes y cambios de cobertura."
topic_trends,geography,TEXT,,False,see README enums; null has missing_reasons_json,enrichment,derived,Una medida temporal de un tema — geography,"Tema, geografía o sector, periodo, universo observado, conteo deduplicado, normalización, fuentes y cambios de cobertura."
topic_trends,period,TEXT,,False,see README enums; null has missing_reasons_json,enrichment,derived,Una medida temporal de un tema — period,"Tema, geografía o sector, periodo, universo observado, conteo deduplicado, normalización, fuentes y cambios de cobertura."
topic_trends,count,TEXT,,False,see README enums; null has missing_reasons_json,enrichment,derived,Una medida temporal de un tema — count,"Tema, geografía o sector, periodo, universo observado, conteo deduplicado, normalización, fuentes y cambios de cobertura."
topic_trends,denominator,TEXT,,False,see README enums; null has missing_reasons_json,enrichment,derived,Una medida temporal de un tema — denominator,"Tema, geografía o sector, periodo, universo observado, conteo deduplicado, normalización, fuentes y cambios de cobertura."
topic_trends,coverage,TEXT,,False,see README enums; null has missing_reasons_json,enrichment,derived,Una medida temporal de un tema — coverage,"Tema, geografía o sector, periodo, universo observado, conteo deduplicado, normalización, fuentes y cambios de cobertura."
topic_trends,method,TEXT,,False,see README enums; null has missing_reasons_json,enrichment,derived,Una medida temporal de un tema — method,"Tema, geografía o sector, periodo, universo observado, conteo deduplicado, normalización, fuentes y cambios de cobertura."
topic_trends,version,TEXT,,False,see README enums; null has missing_reasons_json,enrichment,derived,Una medida temporal de un tema — version,"Tema, geografía o sector, periodo, universo observado, conteo deduplicado, normalización, fuentes y cambios de cobertura."
topic_trends,cutoff,TEXT,,False,see README enums; null has missing_reasons_json,enrichment,derived,Una medida temporal de un tema — cutoff,"Tema, geografía o sector, periodo, universo observado, conteo deduplicado, normalización, fuentes y cambios de cobertura."
topic_trends,input_ids_json,JSON,,False,see README enums; null has missing_reasons_json,enrichment,derived,Una medida temporal de un tema — input_ids_json,"Tema, geografía o sector, periodo, universo observado, conteo deduplicado, normalización, fuentes y cambios de cobertura."
topic_trends,extra_json,JSON,,False,see README enums; null has missing_reasons_json,enrichment,derived,Una medida temporal de un tema — extra_json,"Tema, geografía o sector, periodo, universo observado, conteo deduplicado, normalización, fuentes y cambios de cobertura."
topic_trends,missing_reasons_json,JSON,,False,see README enums; null has missing_reasons_json,enrichment,derived,Una medida temporal de un tema — missing_reasons_json,"Tema, geografía o sector, periodo, universo observado, conteo deduplicado, normalización, fuentes y cambios de cobertura."
audience_overlap,overlap_id,TEXT,,True,see README enums; null has missing_reasons_json,enrichment,derived,Una medida agregada de coincidencia entre audiencias — overlap_id,"Entidades comparadas, definición del universo, método, denominador, proporción o conteo, periodo y límites. Utiliza solo datos disponibles y autorizados; no inventes coincidencia individual."
audience_overlap,entity_a_id,TEXT,,False,see README enums; null has missing_reasons_json,enrichment,derived,Una medida agregada de coincidencia entre audiencias — entity_a_id,"Entidades comparadas, definición del universo, método, denominador, proporción o conteo, periodo y límites. Utiliza solo datos disponibles y autorizados; no inventes coincidencia individual."
audience_overlap,entity_b_id,TEXT,,False,see README enums; null has missing_reasons_json,enrichment,derived,Una medida agregada de coincidencia entre audiencias — entity_b_id,"Entidades comparadas, definición del universo, método, denominador, proporción o conteo, periodo y límites. Utiliza solo datos disponibles y autorizados; no inventes coincidencia individual."
audience_overlap,universe,TEXT,,False,see README enums; null has missing_reasons_json,enrichment,derived,Una medida agregada de coincidencia entre audiencias — universe,"Entidades comparadas, definición del universo, método, denominador, proporción o conteo, periodo y límites. Utiliza solo datos disponibles y autorizados; no inventes coincidencia individual."
audience_overlap,numerator,TEXT,,False,see README enums; null has missing_reasons_json,enrichment,derived,Una medida agregada de coincidencia entre audiencias — numerator,"Entidades comparadas, definición del universo, método, denominador, proporción o conteo, periodo y límites. Utiliza solo datos disponibles y autorizados; no inventes coincidencia individual."
audience_overlap,denominator,TEXT,,False,see README enums; null has missing_reasons_json,enrichment,derived,Una medida agregada de coincidencia entre audiencias — denominator,"Entidades comparadas, definición del universo, método, denominador, proporción o conteo, periodo y límites. Utiliza solo datos disponibles y autorizados; no inventes coincidencia individual."
audience_overlap,value,TEXT,record_specific; see unit/currency fields,False,see README enums; null has missing_reasons_json,enrichment,derived,Una medida agregada de coincidencia entre audiencias — value,"Entidades comparadas, definición del universo, método, denominador, proporción o conteo, periodo y límites. Utiliza solo datos disponibles y autorizados; no inventes coincidencia individual."
audience_overlap,period,TEXT,,False,see README enums; null has missing_reasons_json,enrichment,derived,Una medida agregada de coincidencia entre audiencias — period,"Entidades comparadas, definición del universo, método, denominador, proporción o conteo, periodo y límites. Utiliza solo datos disponibles y autorizados; no inventes coincidencia individual."
audience_overlap,method,TEXT,,False,see README enums; null has missing_reasons_json,enrichment,derived,Una medida agregada de coincidencia entre audiencias — method,"Entidades comparadas, definición del universo, método, denominador, proporción o conteo, periodo y límites. Utiliza solo datos disponibles y autorizados; no inventes coincidencia individual."
audience_overlap,version,TEXT,,False,see README enums; null has missing_reasons_json,enrichment,derived,Una medida agregada de coincidencia entre audiencias — version,"Entidades comparadas, definición del universo, método, denominador, proporción o conteo, periodo y límites. Utiliza solo datos disponibles y autorizados; no inventes coincidencia individual."
audience_overlap,cutoff,TEXT,,False,see README enums; null has missing_reasons_json,enrichment,derived,Una medida agregada de coincidencia entre audiencias — cutoff,"Entidades comparadas, definición del universo, método, denominador, proporción o conteo, periodo y límites. Utiliza solo datos disponibles y autorizados; no inventes coincidencia individual."
audience_overlap,input_ids_json,JSON,,False,see README enums; null has missing_reasons_json,enrichment,derived,Una medida agregada de coincidencia entre audiencias — input_ids_json,"Entidades comparadas, definición del universo, método, denominador, proporción o conteo, periodo y límites. Utiliza solo datos disponibles y autorizados; no inventes coincidencia individual."
audience_overlap,extra_json,JSON,,False,see README enums; null has missing_reasons_json,enrichment,derived,Una medida agregada de coincidencia entre audiencias — extra_json,"Entidades comparadas, definición del universo, método, denominador, proporción o conteo, periodo y límites. Utiliza solo datos disponibles y autorizados; no inventes coincidencia individual."
audience_overlap,missing_reasons_json,JSON,,False,see README enums; null has missing_reasons_json,enrichment,derived,Una medida agregada de coincidencia entre audiencias — missing_reasons_json,"Entidades comparadas, definición del universo, método, denominador, proporción o conteo, periodo y límites. Utiliza solo datos disponibles y autorizados; no inventes coincidencia individual."
opportunity_clusters,cluster_id,TEXT,,True,see README enums; null has missing_reasons_json,enrichment,derived,Una hipótesis de oportunidad por tema y mercado — cluster_id,"Región, audiencia, tema, formato, periodo, oferta observada, evidencia de demanda si existe, costos y vacíos. Poca oferta por sí sola no demuestra oportunidad."
opportunity_clusters,geography,TEXT,,False,see README enums; null has missing_reasons_json,enrichment,derived,Una hipótesis de oportunidad por tema y mercado — geography,"Región, audiencia, tema, formato, periodo, oferta observada, evidencia de demanda si existe, costos y vacíos. Poca oferta por sí sola no demuestra oportunidad."
opportunity_clusters,audience,TEXT,,False,see README enums; null has missing_reasons_json,enrichment,derived,Una hipótesis de oportunidad por tema y mercado — audience,"Región, audiencia, tema, formato, periodo, oferta observada, evidencia de demanda si existe, costos y vacíos. Poca oferta por sí sola no demuestra oportunidad."
opportunity_clusters,topic,TEXT,,False,see README enums; null has missing_reasons_json,enrichment,derived,Una hipótesis de oportunidad por tema y mercado — topic,"Región, audiencia, tema, formato, periodo, oferta observada, evidencia de demanda si existe, costos y vacíos. Poca oferta por sí sola no demuestra oportunidad."
opportunity_clusters,format,TEXT,,False,see README enums; null has missing_reasons_json,enrichment,derived,Una hipótesis de oportunidad por tema y mercado — format,"Región, audiencia, tema, formato, periodo, oferta observada, evidencia de demanda si existe, costos y vacíos. Poca oferta por sí sola no demuestra oportunidad."
opportunity_clusters,period,TEXT,,False,see README enums; null has missing_reasons_json,enrichment,derived,Una hipótesis de oportunidad por tema y mercado — period,"Región, audiencia, tema, formato, periodo, oferta observada, evidencia de demanda si existe, costos y vacíos. Poca oferta por sí sola no demuestra oportunidad."
opportunity_clusters,evidence_json,JSON,,False,see README enums; null has missing_reasons_json,enrichment,derived,Una hipótesis de oportunidad por tema y mercado — evidence_json,"Región, audiencia, tema, formato, periodo, oferta observada, evidencia de demanda si existe, costos y vacíos. Poca oferta por sí sola no demuestra oportunidad."
opportunity_clusters,missing_json,JSON,,False,see README enums; null has missing_reasons_json,enrichment,derived,Una hipótesis de oportunidad por tema y mercado — missing_json,"Región, audiencia, tema, formato, periodo, oferta observada, evidencia de demanda si existe, costos y vacíos. Poca oferta por sí sola no demuestra oportunidad."
opportunity_clusters,method,TEXT,,False,see README enums; null has missing_reasons_json,enrichment,derived,Una hipótesis de oportunidad por tema y mercado — method,"Región, audiencia, tema, formato, periodo, oferta observada, evidencia de demanda si existe, costos y vacíos. Poca oferta por sí sola no demuestra oportunidad."
opportunity_clusters,version,TEXT,,False,see README enums; null has missing_reasons_json,enrichment,derived,Una hipótesis de oportunidad por tema y mercado — version,"Región, audiencia, tema, formato, periodo, oferta observada, evidencia de demanda si existe, costos y vacíos. Poca oferta por sí sola no demuestra oportunidad."
opportunity_clusters,cutoff,TEXT,,False,see README enums; null has missing_reasons_json,enrichment,derived,Una hipótesis de oportunidad por tema y mercado — cutoff,"Región, audiencia, tema, formato, periodo, oferta observada, evidencia de demanda si existe, costos y vacíos. Poca oferta por sí sola no demuestra oportunidad."
opportunity_clusters,input_ids_json,JSON,,False,see README enums; null has missing_reasons_json,enrichment,derived,Una hipótesis de oportunidad por tema y mercado — input_ids_json,"Región, audiencia, tema, formato, periodo, oferta observada, evidencia de demanda si existe, costos y vacíos. Poca oferta por sí sola no demuestra oportunidad."
opportunity_clusters,extra_json,JSON,,False,see README enums; null has missing_reasons_json,enrichment,derived,Una hipótesis de oportunidad por tema y mercado — extra_json,"Región, audiencia, tema, formato, periodo, oferta observada, evidencia de demanda si existe, costos y vacíos. Poca oferta por sí sola no demuestra oportunidad."
opportunity_clusters,missing_reasons_json,JSON,,False,see README enums; null has missing_reasons_json,enrichment,derived,Una hipótesis de oportunidad por tema y mercado — missing_reasons_json,"Región, audiencia, tema, formato, periodo, oferta observada, evidencia de demanda si existe, costos y vacíos. Poca oferta por sí sola no demuestra oportunidad."
evaluation_cases,case_id,TEXT,,True,see README enums; null has missing_reasons_json,enrichment,derived,Un caso de evaluación independiente — case_id,"Perfil de empresa o evento, objetivo, restricciones, fecha de corte, candidatos admisibles, origen de etiquetas, división de evaluación y calidad de verdad de referencia."
evaluation_cases,profile_json,JSON,,False,see README enums; null has missing_reasons_json,enrichment,derived,Un caso de evaluación independiente — profile_json,"Perfil de empresa o evento, objetivo, restricciones, fecha de corte, candidatos admisibles, origen de etiquetas, división de evaluación y calidad de verdad de referencia."
evaluation_cases,objective,TEXT,,False,see README enums; null has missing_reasons_json,enrichment,derived,Un caso de evaluación independiente — objective,"Perfil de empresa o evento, objetivo, restricciones, fecha de corte, candidatos admisibles, origen de etiquetas, división de evaluación y calidad de verdad de referencia."
evaluation_cases,restrictions_json,JSON,,False,see README enums; null has missing_reasons_json,enrichment,derived,Un caso de evaluación independiente — restrictions_json,"Perfil de empresa o evento, objetivo, restricciones, fecha de corte, candidatos admisibles, origen de etiquetas, división de evaluación y calidad de verdad de referencia."
evaluation_cases,cutoff,TEXT,,False,see README enums; null has missing_reasons_json,enrichment,derived,Un caso de evaluación independiente — cutoff,"Perfil de empresa o evento, objetivo, restricciones, fecha de corte, candidatos admisibles, origen de etiquetas, división de evaluación y calidad de verdad de referencia."
evaluation_cases,split,TEXT,,False,see README enums; null has missing_reasons_json,enrichment,derived,Un caso de evaluación independiente — split,"Perfil de empresa o evento, objetivo, restricciones, fecha de corte, candidatos admisibles, origen de etiquetas, división de evaluación y calidad de verdad de referencia."
evaluation_cases,label_origin,TEXT,,False,see README enums; null has missing_reasons_json,enrichment,derived,Un caso de evaluación independiente — label_origin,"Perfil de empresa o evento, objetivo, restricciones, fecha de corte, candidatos admisibles, origen de etiquetas, división de evaluación y calidad de verdad de referencia."
evaluation_cases,ground_truth_quality,TEXT,,False,see README enums; null has missing_reasons_json,enrichment,derived,Un caso de evaluación independiente — ground_truth_quality,"Perfil de empresa o evento, objetivo, restricciones, fecha de corte, candidatos admisibles, origen de etiquetas, división de evaluación y calidad de verdad de referencia."
evaluation_cases,extra_json,JSON,,False,see README enums; null has missing_reasons_json,enrichment,derived,Un caso de evaluación independiente — extra_json,"Perfil de empresa o evento, objetivo, restricciones, fecha de corte, candidatos admisibles, origen de etiquetas, división de evaluación y calidad de verdad de referencia."
evaluation_cases,missing_reasons_json,JSON,,False,see README enums; null has missing_reasons_json,enrichment,derived,Un caso de evaluación independiente — missing_reasons_json,"Perfil de empresa o evento, objetivo, restricciones, fecha de corte, candidatos admisibles, origen de etiquetas, división de evaluación y calidad de verdad de referencia."
recommendation_runs,run_id,TEXT,,True,see README enums; null has missing_reasons_json,enrichment,derived,Una ejecución real de un método de recomendación — run_id,"Caso, fecha de corte, versión del dataset, método y parámetros, versión del modelo si aplica, tiempo y costo medidos."
recommendation_runs,case_id,TEXT,,False,see README enums; null has missing_reasons_json,enrichment,derived,Una ejecución real de un método de recomendación — case_id,"Caso, fecha de corte, versión del dataset, método y parámetros, versión del modelo si aplica, tiempo y costo medidos."
recommendation_runs,cutoff,TEXT,,False,see README enums; null has missing_reasons_json,enrichment,derived,Una ejecución real de un método de recomendación — cutoff,"Caso, fecha de corte, versión del dataset, método y parámetros, versión del modelo si aplica, tiempo y costo medidos."
recommendation_runs,dataset_version,TEXT,,False,see README enums; null has missing_reasons_json,enrichment,derived,Una ejecución real de un método de recomendación — dataset_version,"Caso, fecha de corte, versión del dataset, método y parámetros, versión del modelo si aplica, tiempo y costo medidos."
recommendation_runs,method,TEXT,,False,see README enums; null has missing_reasons_json,enrichment,derived,Una ejecución real de un método de recomendación — method,"Caso, fecha de corte, versión del dataset, método y parámetros, versión del modelo si aplica, tiempo y costo medidos."
recommendation_runs,parameters_json,JSON,,False,see README enums; null has missing_reasons_json,enrichment,derived,Una ejecución real de un método de recomendación — parameters_json,"Caso, fecha de corte, versión del dataset, método y parámetros, versión del modelo si aplica, tiempo y costo medidos."
recommendation_runs,model,TEXT,,False,see README enums; null has missing_reasons_json,enrichment,derived,Una ejecución real de un método de recomendación — model,"Caso, fecha de corte, versión del dataset, método y parámetros, versión del modelo si aplica, tiempo y costo medidos."
recommendation_runs,elapsed_ms,REAL,,False,see README enums; null has missing_reasons_json,enrichment,derived,Una ejecución real de un método de recomendación — elapsed_ms,"Caso, fecha de corte, versión del dataset, método y parámetros, versión del modelo si aplica, tiempo y costo medidos."
recommendation_runs,measured_cost_usd,TEXT,,False,see README enums; null has missing_reasons_json,enrichment,derived,Una ejecución real de un método de recomendación — measured_cost_usd,"Caso, fecha de corte, versión del dataset, método y parámetros, versión del modelo si aplica, tiempo y costo medidos."
recommendation_runs,extra_json,JSON,,False,see README enums; null has missing_reasons_json,enrichment,derived,Una ejecución real de un método de recomendación — extra_json,"Caso, fecha de corte, versión del dataset, método y parámetros, versión del modelo si aplica, tiempo y costo medidos."
recommendation_runs,missing_reasons_json,JSON,,False,see README enums; null has missing_reasons_json,enrichment,derived,Una ejecución real de un método de recomendación — missing_reasons_json,"Caso, fecha de corte, versión del dataset, método y parámetros, versión del modelo si aplica, tiempo y costo medidos."
recommendation_candidates,candidate_id,TEXT,,True,see README enums; null has missing_reasons_json,enrichment,derived,Un candidato evaluado en una ejecución — candidate_id,"Ejecución, evento, elegibilidad, componentes del score, ranking, evidencia, datos faltantes, explicación y etiqueta de evaluación si existe."
recommendation_candidates,run_id,TEXT,,False,see README enums; null has missing_reasons_json,enrichment,derived,Un candidato evaluado en una ejecución — run_id,"Ejecución, evento, elegibilidad, componentes del score, ranking, evidencia, datos faltantes, explicación y etiqueta de evaluación si existe."
recommendation_candidates,edition_id,TEXT,,False,see README enums; null has missing_reasons_json,enrichment,derived,Un candidato evaluado en una ejecución — edition_id,"Ejecución, evento, elegibilidad, componentes del score, ranking, evidencia, datos faltantes, explicación y etiqueta de evaluación si existe."
recommendation_candidates,eligibility,TEXT,,False,see README enums; null has missing_reasons_json,enrichment,derived,Un candidato evaluado en una ejecución — eligibility,"Ejecución, evento, elegibilidad, componentes del score, ranking, evidencia, datos faltantes, explicación y etiqueta de evaluación si existe."
recommendation_candidates,components_json,JSON,,False,see README enums; null has missing_reasons_json,enrichment,derived,Un candidato evaluado en una ejecución — components_json,"Ejecución, evento, elegibilidad, componentes del score, ranking, evidencia, datos faltantes, explicación y etiqueta de evaluación si existe."
recommendation_candidates,score,REAL,,False,see README enums; null has missing_reasons_json,enrichment,derived,Un candidato evaluado en una ejecución — score,"Ejecución, evento, elegibilidad, componentes del score, ranking, evidencia, datos faltantes, explicación y etiqueta de evaluación si existe."
recommendation_candidates,rank,TEXT,,False,see README enums; null has missing_reasons_json,enrichment,derived,Un candidato evaluado en una ejecución — rank,"Ejecución, evento, elegibilidad, componentes del score, ranking, evidencia, datos faltantes, explicación y etiqueta de evaluación si existe."
recommendation_candidates,evidence_ids_json,JSON,,False,see README enums; null has missing_reasons_json,enrichment,derived,Un candidato evaluado en una ejecución — evidence_ids_json,"Ejecución, evento, elegibilidad, componentes del score, ranking, evidencia, datos faltantes, explicación y etiqueta de evaluación si existe."
recommendation_candidates,missing_json,JSON,,False,see README enums; null has missing_reasons_json,enrichment,derived,Un candidato evaluado en una ejecución — missing_json,"Ejecución, evento, elegibilidad, componentes del score, ranking, evidencia, datos faltantes, explicación y etiqueta de evaluación si existe."
recommendation_candidates,explanation,TEXT,,False,see README enums; null has missing_reasons_json,enrichment,derived,Un candidato evaluado en una ejecución — explanation,"Ejecución, evento, elegibilidad, componentes del score, ranking, evidencia, datos faltantes, explicación y etiqueta de evaluación si existe."
recommendation_candidates,human_label,TEXT,,False,see README enums; null has missing_reasons_json,enrichment,derived,Un candidato evaluado en una ejecución — human_label,"Ejecución, evento, elegibilidad, componentes del score, ranking, evidencia, datos faltantes, explicación y etiqueta de evaluación si existe."
recommendation_candidates,extra_json,JSON,,False,see README enums; null has missing_reasons_json,enrichment,derived,Un candidato evaluado en una ejecución — extra_json,"Ejecución, evento, elegibilidad, componentes del score, ranking, evidencia, datos faltantes, explicación y etiqueta de evaluación si existe."
recommendation_candidates,missing_reasons_json,JSON,,False,see README enums; null has missing_reasons_json,enrichment,derived,Un candidato evaluado en una ejecución — missing_reasons_json,"Ejecución, evento, elegibilidad, componentes del score, ranking, evidencia, datos faltantes, explicación y etiqueta de evaluación si existe."
sponsor_match_scores,match_id,TEXT,,True,see README enums; null has missing_reasons_json,enrichment,derived,Una evaluación de afinidad sponsor–evento — match_id,"Empresa, edición o concepto, fecha de corte, criterios, restricciones, historial disponible, score de afinidad, incertidumbres y estado de interés confirmado por separado."
sponsor_match_scores,company_id,TEXT,,False,see README enums; null has missing_reasons_json,enrichment,derived,Una evaluación de afinidad sponsor–evento — company_id,"Empresa, edición o concepto, fecha de corte, criterios, restricciones, historial disponible, score de afinidad, incertidumbres y estado de interés confirmado por separado."
sponsor_match_scores,edition_id,TEXT,,False,see README enums; null has missing_reasons_json,enrichment,derived,Una evaluación de afinidad sponsor–evento — edition_id,"Empresa, edición o concepto, fecha de corte, criterios, restricciones, historial disponible, score de afinidad, incertidumbres y estado de interés confirmado por separado."
sponsor_match_scores,concept_id,TEXT,,False,see README enums; null has missing_reasons_json,enrichment,derived,Una evaluación de afinidad sponsor–evento — concept_id,"Empresa, edición o concepto, fecha de corte, criterios, restricciones, historial disponible, score de afinidad, incertidumbres y estado de interés confirmado por separado."
sponsor_match_scores,cutoff,TEXT,,False,see README enums; null has missing_reasons_json,enrichment,derived,Una evaluación de afinidad sponsor–evento — cutoff,"Empresa, edición o concepto, fecha de corte, criterios, restricciones, historial disponible, score de afinidad, incertidumbres y estado de interés confirmado por separado."
sponsor_match_scores,components_json,JSON,,False,see README enums; null has missing_reasons_json,enrichment,derived,Una evaluación de afinidad sponsor–evento — components_json,"Empresa, edición o concepto, fecha de corte, criterios, restricciones, historial disponible, score de afinidad, incertidumbres y estado de interés confirmado por separado."
sponsor_match_scores,score,REAL,,False,see README enums; null has missing_reasons_json,enrichment,derived,Una evaluación de afinidad sponsor–evento — score,"Empresa, edición o concepto, fecha de corte, criterios, restricciones, historial disponible, score de afinidad, incertidumbres y estado de interés confirmado por separado."
sponsor_match_scores,interest_status,TEXT,,False,see README enums; null has missing_reasons_json,enrichment,derived,Una evaluación de afinidad sponsor–evento — interest_status,"Empresa, edición o concepto, fecha de corte, criterios, restricciones, historial disponible, score de afinidad, incertidumbres y estado de interés confirmado por separado."
sponsor_match_scores,missing_json,JSON,,False,see README enums; null has missing_reasons_json,enrichment,derived,Una evaluación de afinidad sponsor–evento — missing_json,"Empresa, edición o concepto, fecha de corte, criterios, restricciones, historial disponible, score de afinidad, incertidumbres y estado de interés confirmado por separado."
sponsor_match_scores,method,TEXT,,False,see README enums; null has missing_reasons_json,enrichment,derived,Una evaluación de afinidad sponsor–evento — method,"Empresa, edición o concepto, fecha de corte, criterios, restricciones, historial disponible, score de afinidad, incertidumbres y estado de interés confirmado por separado."
sponsor_match_scores,version,TEXT,,False,see README enums; null has missing_reasons_json,enrichment,derived,Una evaluación de afinidad sponsor–evento — version,"Empresa, edición o concepto, fecha de corte, criterios, restricciones, historial disponible, score de afinidad, incertidumbres y estado de interés confirmado por separado."
sponsor_match_scores,input_ids_json,JSON,,False,see README enums; null has missing_reasons_json,enrichment,derived,Una evaluación de afinidad sponsor–evento — input_ids_json,"Empresa, edición o concepto, fecha de corte, criterios, restricciones, historial disponible, score de afinidad, incertidumbres y estado de interés confirmado por separado."
sponsor_match_scores,extra_json,JSON,,False,see README enums; null has missing_reasons_json,enrichment,derived,Una evaluación de afinidad sponsor–evento — extra_json,"Empresa, edición o concepto, fecha de corte, criterios, restricciones, historial disponible, score de afinidad, incertidumbres y estado de interés confirmado por separado."
sponsor_match_scores,missing_reasons_json,JSON,,False,see README enums; null has missing_reasons_json,enrichment,derived,Una evaluación de afinidad sponsor–evento — missing_reasons_json,"Empresa, edición o concepto, fecha de corte, criterios, restricciones, historial disponible, score de afinidad, incertidumbres y estado de interés confirmado por separado."
scoring_evaluations,evaluation_id,TEXT,,True,see README enums; null has missing_reasons_json,enrichment,derived,Una métrica de comparación entre métodos — evaluation_id,"Conjunto evaluado, método, baseline, métrica, tamaño, definición, intervalo cuando sea calculable, sesgos y limitaciones."
scoring_evaluations,case_set,TEXT,,False,see README enums; null has missing_reasons_json,enrichment,derived,Una métrica de comparación entre métodos — case_set,"Conjunto evaluado, método, baseline, métrica, tamaño, definición, intervalo cuando sea calculable, sesgos y limitaciones."
scoring_evaluations,method,TEXT,,False,see README enums; null has missing_reasons_json,enrichment,derived,Una métrica de comparación entre métodos — method,"Conjunto evaluado, método, baseline, métrica, tamaño, definición, intervalo cuando sea calculable, sesgos y limitaciones."
scoring_evaluations,baseline,TEXT,,False,see README enums; null has missing_reasons_json,enrichment,derived,Una métrica de comparación entre métodos — baseline,"Conjunto evaluado, método, baseline, métrica, tamaño, definición, intervalo cuando sea calculable, sesgos y limitaciones."
scoring_evaluations,metric,TEXT,,False,see README enums; null has missing_reasons_json,enrichment,derived,Una métrica de comparación entre métodos — metric,"Conjunto evaluado, método, baseline, métrica, tamaño, definición, intervalo cuando sea calculable, sesgos y limitaciones."
scoring_evaluations,value,TEXT,record_specific; see unit/currency fields,False,see README enums; null has missing_reasons_json,enrichment,derived,Una métrica de comparación entre métodos — value,"Conjunto evaluado, método, baseline, métrica, tamaño, definición, intervalo cuando sea calculable, sesgos y limitaciones."
scoring_evaluations,sample_size,TEXT,,False,see README enums; null has missing_reasons_json,enrichment,derived,Una métrica de comparación entre métodos — sample_size,"Conjunto evaluado, método, baseline, métrica, tamaño, definición, intervalo cuando sea calculable, sesgos y limitaciones."
scoring_evaluations,definition,TEXT,,False,see README enums; null has missing_reasons_json,enrichment,derived,Una métrica de comparación entre métodos — definition,"Conjunto evaluado, método, baseline, métrica, tamaño, definición, intervalo cuando sea calculable, sesgos y limitaciones."
scoring_evaluations,limitation,TEXT,,False,see README enums; null has missing_reasons_json,enrichment,derived,Una métrica de comparación entre métodos — limitation,"Conjunto evaluado, método, baseline, métrica, tamaño, definición, intervalo cuando sea calculable, sesgos y limitaciones."
scoring_evaluations,extra_json,JSON,,False,see README enums; null has missing_reasons_json,enrichment,derived,Una métrica de comparación entre métodos — extra_json,"Conjunto evaluado, método, baseline, métrica, tamaño, definición, intervalo cuando sea calculable, sesgos y limitaciones."
scoring_evaluations,missing_reasons_json,JSON,,False,see README enums; null has missing_reasons_json,enrichment,derived,Una métrica de comparación entre métodos — missing_reasons_json,"Conjunto evaluado, método, baseline, métrica, tamaño, definición, intervalo cuando sea calculable, sesgos y limitaciones."
unit_economics_scenarios,scenario_id,TEXT,,True,see README enums; null has missing_reasons_json,enrichment,derived,Un escenario de costo de operación — scenario_id,"Volumen, frecuencia, fuentes, licencias, extracción, modelos, mapas, almacenamiento, revisión humana, costo por recomendación útil y supuestos. Distingue escenario estimado de costo medido."
unit_economics_scenarios,volume,TEXT,,False,see README enums; null has missing_reasons_json,enrichment,derived,Un escenario de costo de operación — volume,"Volumen, frecuencia, fuentes, licencias, extracción, modelos, mapas, almacenamiento, revisión humana, costo por recomendación útil y supuestos. Distingue escenario estimado de costo medido."
unit_economics_scenarios,frequency,TEXT,,False,see README enums; null has missing_reasons_json,enrichment,derived,Un escenario de costo de operación — frequency,"Volumen, frecuencia, fuentes, licencias, extracción, modelos, mapas, almacenamiento, revisión humana, costo por recomendación útil y supuestos. Distingue escenario estimado de costo medido."
unit_economics_scenarios,components_json,JSON,,False,see README enums; null has missing_reasons_json,enrichment,derived,Un escenario de costo de operación — components_json,"Volumen, frecuencia, fuentes, licencias, extracción, modelos, mapas, almacenamiento, revisión humana, costo por recomendación útil y supuestos. Distingue escenario estimado de costo medido."
unit_economics_scenarios,monthly_total_usd,REAL,,False,see README enums; null has missing_reasons_json,enrichment,derived,Un escenario de costo de operación — monthly_total_usd,"Volumen, frecuencia, fuentes, licencias, extracción, modelos, mapas, almacenamiento, revisión humana, costo por recomendación útil y supuestos. Distingue escenario estimado de costo medido."
unit_economics_scenarios,useful_fraction,REAL,,False,see README enums; null has missing_reasons_json,enrichment,derived,Un escenario de costo de operación — useful_fraction,"Volumen, frecuencia, fuentes, licencias, extracción, modelos, mapas, almacenamiento, revisión humana, costo por recomendación útil y supuestos. Distingue escenario estimado de costo medido."
unit_economics_scenarios,cost_per_useful_usd,REAL,,False,see README enums; null has missing_reasons_json,enrichment,derived,Un escenario de costo de operación — cost_per_useful_usd,"Volumen, frecuencia, fuentes, licencias, extracción, modelos, mapas, almacenamiento, revisión humana, costo por recomendación útil y supuestos. Distingue escenario estimado de costo medido."
unit_economics_scenarios,cost_type,TEXT,,False,see README enums; null has missing_reasons_json,enrichment,derived,Un escenario de costo de operación — cost_type,"Volumen, frecuencia, fuentes, licencias, extracción, modelos, mapas, almacenamiento, revisión humana, costo por recomendación útil y supuestos. Distingue escenario estimado de costo medido."
unit_economics_scenarios,assumptions_json,JSON,,False,see README enums; null has missing_reasons_json,enrichment,derived,Un escenario de costo de operación — assumptions_json,"Volumen, frecuencia, fuentes, licencias, extracción, modelos, mapas, almacenamiento, revisión humana, costo por recomendación útil y supuestos. Distingue escenario estimado de costo medido."
unit_economics_scenarios,source_ids_json,JSON,,False,see README enums; null has missing_reasons_json,enrichment,derived,Un escenario de costo de operación — source_ids_json,"Volumen, frecuencia, fuentes, licencias, extracción, modelos, mapas, almacenamiento, revisión humana, costo por recomendación útil y supuestos. Distingue escenario estimado de costo medido."
unit_economics_scenarios,extra_json,JSON,,False,see README enums; null has missing_reasons_json,enrichment,derived,Un escenario de costo de operación — extra_json,"Volumen, frecuencia, fuentes, licencias, extracción, modelos, mapas, almacenamiento, revisión humana, costo por recomendación útil y supuestos. Distingue escenario estimado de costo medido."
unit_economics_scenarios,missing_reasons_json,JSON,,False,see README enums; null has missing_reasons_json,enrichment,derived,Un escenario de costo de operación — missing_reasons_json,"Volumen, frecuencia, fuentes, licencias, extracción, modelos, mapas, almacenamiento, revisión humana, costo por recomendación útil y supuestos. Distingue escenario estimado de costo medido."
event_concepts,concept_id,TEXT,,True,see README enums; null has missing_reasons_json,enrichment,derived,"Una propuesta nueva generada, todavía no un evento existente — concept_id","Brief, tema, objetivo, audiencia, formato, lugar y fecha propuestos, justificación, evidencia de referencia, presupuesto estimado y decisiones pendientes."
event_concepts,brief_id,TEXT,,False,see README enums; null has missing_reasons_json,enrichment,derived,"Una propuesta nueva generada, todavía no un evento existente — brief_id","Brief, tema, objetivo, audiencia, formato, lugar y fecha propuestos, justificación, evidencia de referencia, presupuesto estimado y decisiones pendientes."
event_concepts,title,TEXT,,False,see README enums; null has missing_reasons_json,enrichment,derived,"Una propuesta nueva generada, todavía no un evento existente — title","Brief, tema, objetivo, audiencia, formato, lugar y fecha propuestos, justificación, evidencia de referencia, presupuesto estimado y decisiones pendientes."
event_concepts,objective,TEXT,,False,see README enums; null has missing_reasons_json,enrichment,derived,"Una propuesta nueva generada, todavía no un evento existente — objective","Brief, tema, objetivo, audiencia, formato, lugar y fecha propuestos, justificación, evidencia de referencia, presupuesto estimado y decisiones pendientes."
event_concepts,audience,TEXT,,False,see README enums; null has missing_reasons_json,enrichment,derived,"Una propuesta nueva generada, todavía no un evento existente — audience","Brief, tema, objetivo, audiencia, formato, lugar y fecha propuestos, justificación, evidencia de referencia, presupuesto estimado y decisiones pendientes."
event_concepts,format,TEXT,,False,see README enums; null has missing_reasons_json,enrichment,derived,"Una propuesta nueva generada, todavía no un evento existente — format","Brief, tema, objetivo, audiencia, formato, lugar y fecha propuestos, justificación, evidencia de referencia, presupuesto estimado y decisiones pendientes."
event_concepts,proposed_place,TEXT,,False,see README enums; null has missing_reasons_json,enrichment,derived,"Una propuesta nueva generada, todavía no un evento existente — proposed_place","Brief, tema, objetivo, audiencia, formato, lugar y fecha propuestos, justificación, evidencia de referencia, presupuesto estimado y decisiones pendientes."
event_concepts,proposed_date,TEXT,,False,see README enums; null has missing_reasons_json,enrichment,derived,"Una propuesta nueva generada, todavía no un evento existente — proposed_date","Brief, tema, objetivo, audiencia, formato, lugar y fecha propuestos, justificación, evidencia de referencia, presupuesto estimado y decisiones pendientes."
event_concepts,rationale,TEXT,,False,see README enums; null has missing_reasons_json,enrichment,derived,"Una propuesta nueva generada, todavía no un evento existente — rationale","Brief, tema, objetivo, audiencia, formato, lugar y fecha propuestos, justificación, evidencia de referencia, presupuesto estimado y decisiones pendientes."
event_concepts,budget_estimate,TEXT,,False,see README enums; null has missing_reasons_json,enrichment,derived,"Una propuesta nueva generada, todavía no un evento existente — budget_estimate","Brief, tema, objetivo, audiencia, formato, lugar y fecha propuestos, justificación, evidencia de referencia, presupuesto estimado y decisiones pendientes."
event_concepts,pending_json,JSON,,False,see README enums; null has missing_reasons_json,enrichment,derived,"Una propuesta nueva generada, todavía no un evento existente — pending_json","Brief, tema, objetivo, audiencia, formato, lugar y fecha propuestos, justificación, evidencia de referencia, presupuesto estimado y decisiones pendientes."
event_concepts,input_ids_json,JSON,,False,see README enums; null has missing_reasons_json,enrichment,derived,"Una propuesta nueva generada, todavía no un evento existente — input_ids_json","Brief, tema, objetivo, audiencia, formato, lugar y fecha propuestos, justificación, evidencia de referencia, presupuesto estimado y decisiones pendientes."
event_concepts,status,TEXT,,False,see README enums; null has missing_reasons_json,enrichment,derived,"Una propuesta nueva generada, todavía no un evento existente — status","Brief, tema, objetivo, audiencia, formato, lugar y fecha propuestos, justificación, evidencia de referencia, presupuesto estimado y decisiones pendientes."
event_concepts,extra_json,JSON,,False,see README enums; null has missing_reasons_json,enrichment,derived,"Una propuesta nueva generada, todavía no un evento existente — extra_json","Brief, tema, objetivo, audiencia, formato, lugar y fecha propuestos, justificación, evidencia de referencia, presupuesto estimado y decisiones pendientes."
event_concepts,missing_reasons_json,JSON,,False,see README enums; null has missing_reasons_json,enrichment,derived,"Una propuesta nueva generada, todavía no un evento existente — missing_reasons_json","Brief, tema, objetivo, audiencia, formato, lugar y fecha propuestos, justificación, evidencia de referencia, presupuesto estimado y decisiones pendientes."
luma_drafts,draft_id,TEXT,,True,see README enums; null has missing_reasons_json,enrichment,derived,Una versión de contenido preparado para Luma — draft_id,"Concepto, título, descripción, agenda, campos soportados, estado local, versión y decisiones pendientes. Un ID de Luma solo existe si se creó realmente con autorización; este research no publica."
luma_drafts,concept_id,TEXT,,False,see README enums; null has missing_reasons_json,enrichment,derived,Una versión de contenido preparado para Luma — concept_id,"Concepto, título, descripción, agenda, campos soportados, estado local, versión y decisiones pendientes. Un ID de Luma solo existe si se creó realmente con autorización; este research no publica."
luma_drafts,title,TEXT,,False,see README enums; null has missing_reasons_json,enrichment,derived,Una versión de contenido preparado para Luma — title,"Concepto, título, descripción, agenda, campos soportados, estado local, versión y decisiones pendientes. Un ID de Luma solo existe si se creó realmente con autorización; este research no publica."
luma_drafts,description,TEXT,,False,see README enums; null has missing_reasons_json,enrichment,derived,Una versión de contenido preparado para Luma — description,"Concepto, título, descripción, agenda, campos soportados, estado local, versión y decisiones pendientes. Un ID de Luma solo existe si se creó realmente con autorización; este research no publica."
luma_drafts,agenda_json,JSON,,False,see README enums; null has missing_reasons_json,enrichment,derived,Una versión de contenido preparado para Luma — agenda_json,"Concepto, título, descripción, agenda, campos soportados, estado local, versión y decisiones pendientes. Un ID de Luma solo existe si se creó realmente con autorización; este research no publica."
luma_drafts,supported_fields_json,JSON,,False,see README enums; null has missing_reasons_json,enrichment,derived,Una versión de contenido preparado para Luma — supported_fields_json,"Concepto, título, descripción, agenda, campos soportados, estado local, versión y decisiones pendientes. Un ID de Luma solo existe si se creó realmente con autorización; este research no publica."
luma_drafts,status,TEXT,,False,see README enums; null has missing_reasons_json,enrichment,derived,Una versión de contenido preparado para Luma — status,"Concepto, título, descripción, agenda, campos soportados, estado local, versión y decisiones pendientes. Un ID de Luma solo existe si se creó realmente con autorización; este research no publica."
luma_drafts,version,TEXT,,False,see README enums; null has missing_reasons_json,enrichment,derived,Una versión de contenido preparado para Luma — version,"Concepto, título, descripción, agenda, campos soportados, estado local, versión y decisiones pendientes. Un ID de Luma solo existe si se creó realmente con autorización; este research no publica."
luma_drafts,pending_json,JSON,,False,see README enums; null has missing_reasons_json,enrichment,derived,Una versión de contenido preparado para Luma — pending_json,"Concepto, título, descripción, agenda, campos soportados, estado local, versión y decisiones pendientes. Un ID de Luma solo existe si se creó realmente con autorización; este research no publica."
luma_drafts,remote_id,TEXT,,False,see README enums; null has missing_reasons_json,enrichment,derived,Una versión de contenido preparado para Luma — remote_id,"Concepto, título, descripción, agenda, campos soportados, estado local, versión y decisiones pendientes. Un ID de Luma solo existe si se creó realmente con autorización; este research no publica."
luma_drafts,extra_json,JSON,,False,see README enums; null has missing_reasons_json,enrichment,derived,Una versión de contenido preparado para Luma — extra_json,"Concepto, título, descripción, agenda, campos soportados, estado local, versión y decisiones pendientes. Un ID de Luma solo existe si se creó realmente con autorización; este research no publica."
luma_drafts,missing_reasons_json,JSON,,False,see README enums; null has missing_reasons_json,enrichment,derived,Una versión de contenido preparado para Luma — missing_reasons_json,"Concepto, título, descripción, agenda, campos soportados, estado local, versión y decisiones pendientes. Un ID de Luma solo existe si se creó realmente con autorización; este research no publica."
draft_field_evidence,field_id,TEXT,,True,see README enums; null has missing_reasons_json,enrichment,derived,El origen de un campo del borrador — field_id,"Borrador, campo, valor, origen como dato del cliente, fuente o sugerencia creativa, evidencia y aprobación pendiente o recibida."
draft_field_evidence,draft_id,TEXT,,False,see README enums; null has missing_reasons_json,enrichment,derived,El origen de un campo del borrador — draft_id,"Borrador, campo, valor, origen como dato del cliente, fuente o sugerencia creativa, evidencia y aprobación pendiente o recibida."
draft_field_evidence,field,TEXT,,False,see README enums; null has missing_reasons_json,enrichment,derived,El origen de un campo del borrador — field,"Borrador, campo, valor, origen como dato del cliente, fuente o sugerencia creativa, evidencia y aprobación pendiente o recibida."
draft_field_evidence,value_json,JSON,,False,see README enums; null has missing_reasons_json,enrichment,derived,El origen de un campo del borrador — value_json,"Borrador, campo, valor, origen como dato del cliente, fuente o sugerencia creativa, evidencia y aprobación pendiente o recibida."
draft_field_evidence,origin,TEXT,,False,see README enums; null has missing_reasons_json,enrichment,derived,El origen de un campo del borrador — origin,"Borrador, campo, valor, origen como dato del cliente, fuente o sugerencia creativa, evidencia y aprobación pendiente o recibida."
draft_field_evidence,source_ids_json,JSON,,False,see README enums; null has missing_reasons_json,enrichment,derived,El origen de un campo del borrador — source_ids_json,"Borrador, campo, valor, origen como dato del cliente, fuente o sugerencia creativa, evidencia y aprobación pendiente o recibida."
draft_field_evidence,approval_status,TEXT,,False,see README enums; null has missing_reasons_json,enrichment,derived,El origen de un campo del borrador — approval_status,"Borrador, campo, valor, origen como dato del cliente, fuente o sugerencia creativa, evidencia y aprobación pendiente o recibida."
draft_field_evidence,extra_json,JSON,,False,see README enums; null has missing_reasons_json,enrichment,derived,El origen de un campo del borrador — extra_json,"Borrador, campo, valor, origen como dato del cliente, fuente o sugerencia creativa, evidencia y aprobación pendiente o recibida."
draft_field_evidence,missing_reasons_json,JSON,,False,see README enums; null has missing_reasons_json,enrichment,derived,El origen de un campo del borrador — missing_reasons_json,"Borrador, campo, valor, origen como dato del cliente, fuente o sugerencia creativa, evidencia y aprobación pendiente o recibida."
customer_briefs,brief_id,TEXT,,True,see README enums; null has missing_reasons_json,enrichment,private-schemas,Un brief aportado por una empresa — brief_id,"Cliente, website, objetivo, oferta, audiencia, geografía, fechas, presupuesto, restricciones, prioridades y versión. Esquema vacío si no existen clientes reales autorizados."
customer_briefs,tenant_id,TEXT,,False,see README enums; null has missing_reasons_json,enrichment,private-schemas,Un brief aportado por una empresa — tenant_id,"Cliente, website, objetivo, oferta, audiencia, geografía, fechas, presupuesto, restricciones, prioridades y versión. Esquema vacío si no existen clientes reales autorizados."
customer_briefs,website,TEXT,,False,see README enums; null has missing_reasons_json,enrichment,private-schemas,Un brief aportado por una empresa — website,"Cliente, website, objetivo, oferta, audiencia, geografía, fechas, presupuesto, restricciones, prioridades y versión. Esquema vacío si no existen clientes reales autorizados."
customer_briefs,objective,TEXT,,False,see README enums; null has missing_reasons_json,enrichment,private-schemas,Un brief aportado por una empresa — objective,"Cliente, website, objetivo, oferta, audiencia, geografía, fechas, presupuesto, restricciones, prioridades y versión. Esquema vacío si no existen clientes reales autorizados."
customer_briefs,offer,TEXT,,False,see README enums; null has missing_reasons_json,enrichment,private-schemas,Un brief aportado por una empresa — offer,"Cliente, website, objetivo, oferta, audiencia, geografía, fechas, presupuesto, restricciones, prioridades y versión. Esquema vacío si no existen clientes reales autorizados."
customer_briefs,audience,TEXT,,False,see README enums; null has missing_reasons_json,enrichment,private-schemas,Un brief aportado por una empresa — audience,"Cliente, website, objetivo, oferta, audiencia, geografía, fechas, presupuesto, restricciones, prioridades y versión. Esquema vacío si no existen clientes reales autorizados."
customer_briefs,geography,TEXT,,False,see README enums; null has missing_reasons_json,enrichment,private-schemas,Un brief aportado por una empresa — geography,"Cliente, website, objetivo, oferta, audiencia, geografía, fechas, presupuesto, restricciones, prioridades y versión. Esquema vacío si no existen clientes reales autorizados."
customer_briefs,dates_json,JSON,,False,see README enums; null has missing_reasons_json,enrichment,private-schemas,Un brief aportado por una empresa — dates_json,"Cliente, website, objetivo, oferta, audiencia, geografía, fechas, presupuesto, restricciones, prioridades y versión. Esquema vacío si no existen clientes reales autorizados."
customer_briefs,budget,TEXT,,False,see README enums; null has missing_reasons_json,enrichment,private-schemas,Un brief aportado por una empresa — budget,"Cliente, website, objetivo, oferta, audiencia, geografía, fechas, presupuesto, restricciones, prioridades y versión. Esquema vacío si no existen clientes reales autorizados."
customer_briefs,currency,TEXT,,False,see README enums; null has missing_reasons_json,enrichment,private-schemas,Un brief aportado por una empresa — currency,"Cliente, website, objetivo, oferta, audiencia, geografía, fechas, presupuesto, restricciones, prioridades y versión. Esquema vacío si no existen clientes reales autorizados."
customer_briefs,restrictions_json,JSON,,False,see README enums; null has missing_reasons_json,enrichment,private-schemas,Un brief aportado por una empresa — restrictions_json,"Cliente, website, objetivo, oferta, audiencia, geografía, fechas, presupuesto, restricciones, prioridades y versión. Esquema vacío si no existen clientes reales autorizados."
customer_briefs,version,TEXT,,False,see README enums; null has missing_reasons_json,enrichment,private-schemas,Un brief aportado por una empresa — version,"Cliente, website, objetivo, oferta, audiencia, geografía, fechas, presupuesto, restricciones, prioridades y versión. Esquema vacío si no existen clientes reales autorizados."
customer_briefs,extra_json,JSON,,False,see README enums; null has missing_reasons_json,enrichment,private-schemas,Un brief aportado por una empresa — extra_json,"Cliente, website, objetivo, oferta, audiencia, geografía, fechas, presupuesto, restricciones, prioridades y versión. Esquema vacío si no existen clientes reales autorizados."
customer_briefs,missing_reasons_json,JSON,,False,see README enums; null has missing_reasons_json,enrichment,private-schemas,Un brief aportado por una empresa — missing_reasons_json,"Cliente, website, objetivo, oferta, audiencia, geografía, fechas, presupuesto, restricciones, prioridades y versión. Esquema vacío si no existen clientes reales autorizados."
user_feedback,feedback_id,TEXT,,True,see README enums; null has missing_reasons_json,enrichment,private-schemas,Una respuesta real a una propuesta — feedback_id,"Brief, propuesta, tipo de aceptación, rechazo o corrección, motivo, fecha y resultado posterior cuando se aporte. No simules feedback como evidencia de demanda."
user_feedback,tenant_id,TEXT,,False,see README enums; null has missing_reasons_json,enrichment,private-schemas,Una respuesta real a una propuesta — tenant_id,"Brief, propuesta, tipo de aceptación, rechazo o corrección, motivo, fecha y resultado posterior cuando se aporte. No simules feedback como evidencia de demanda."
user_feedback,brief_id,TEXT,,False,see README enums; null has missing_reasons_json,enrichment,private-schemas,Una respuesta real a una propuesta — brief_id,"Brief, propuesta, tipo de aceptación, rechazo o corrección, motivo, fecha y resultado posterior cuando se aporte. No simules feedback como evidencia de demanda."
user_feedback,proposal_id,TEXT,,False,see README enums; null has missing_reasons_json,enrichment,private-schemas,Una respuesta real a una propuesta — proposal_id,"Brief, propuesta, tipo de aceptación, rechazo o corrección, motivo, fecha y resultado posterior cuando se aporte. No simules feedback como evidencia de demanda."
user_feedback,type,TEXT,,False,see README enums; null has missing_reasons_json,enrichment,private-schemas,Una respuesta real a una propuesta — type,"Brief, propuesta, tipo de aceptación, rechazo o corrección, motivo, fecha y resultado posterior cuando se aporte. No simules feedback como evidencia de demanda."
user_feedback,reason,TEXT,,False,see README enums; null has missing_reasons_json,enrichment,private-schemas,Una respuesta real a una propuesta — reason,"Brief, propuesta, tipo de aceptación, rechazo o corrección, motivo, fecha y resultado posterior cuando se aporte. No simules feedback como evidencia de demanda."
user_feedback,observed_at,TEXT,,False,see README enums; null has missing_reasons_json,enrichment,private-schemas,Una respuesta real a una propuesta — observed_at,"Brief, propuesta, tipo de aceptación, rechazo o corrección, motivo, fecha y resultado posterior cuando se aporte. No simules feedback como evidencia de demanda."
user_feedback,outcome_json,JSON,,False,see README enums; null has missing_reasons_json,enrichment,private-schemas,Una respuesta real a una propuesta — outcome_json,"Brief, propuesta, tipo de aceptación, rechazo o corrección, motivo, fecha y resultado posterior cuando se aporte. No simules feedback como evidencia de demanda."
user_feedback,extra_json,JSON,,False,see README enums; null has missing_reasons_json,enrichment,private-schemas,Una respuesta real a una propuesta — extra_json,"Brief, propuesta, tipo de aceptación, rechazo o corrección, motivo, fecha y resultado posterior cuando se aporte. No simules feedback como evidencia de demanda."
user_feedback,missing_reasons_json,JSON,,False,see README enums; null has missing_reasons_json,enrichment,private-schemas,Una respuesta real a una propuesta — missing_reasons_json,"Brief, propuesta, tipo de aceptación, rechazo o corrección, motivo, fecha y resultado posterior cuando se aporte. No simules feedback como evidencia de demanda."
