table,row_represents,field,logical_type,sqlite_storage,unit,required,allowed_values,priority,expected_origin,definition
sources,Una fuente o documento consultado,id,text,TEXT (lossless research interchange),,True,NULL = unknown/not_obtained; JSON booleans preserve false; zero is not NULL,critical,published_source_or_acquisition_log,Clave primaria estable de la fila
sources,Una fuente o documento consultado,url,text,TEXT (lossless research interchange),,False,NULL = unknown/not_obtained; JSON booleans preserve false; zero is not NULL,context_dependent,published_source_or_acquisition_log,url — dentro de la unidad: Una fuente o documento consultado
sources,Una fuente o documento consultado,canonical_url,text,TEXT (lossless research interchange),,False,NULL = unknown/not_obtained; JSON booleans preserve false; zero is not NULL,context_dependent,published_source_or_acquisition_log,canonical url — dentro de la unidad: Una fuente o documento consultado
sources,Una fuente o documento consultado,publisher,text,TEXT (lossless research interchange),,False,NULL = unknown/not_obtained; JSON booleans preserve false; zero is not NULL,context_dependent,published_source_or_acquisition_log,publisher — dentro de la unidad: Una fuente o documento consultado
sources,Una fuente o documento consultado,title,text,TEXT (lossless research interchange),,False,NULL = unknown/not_obtained; JSON booleans preserve false; zero is not NULL,context_dependent,published_source_or_acquisition_log,title — dentro de la unidad: Una fuente o documento consultado
sources,Una fuente o documento consultado,source_type,text,TEXT (lossless research interchange),,False,NULL = unknown/not_obtained; JSON booleans preserve false; zero is not NULL,context_dependent,published_source_or_acquisition_log,source type — dentro de la unidad: Una fuente o documento consultado
sources,Una fuente o documento consultado,language,text,TEXT (lossless research interchange),,False,NULL = unknown/not_obtained; JSON booleans preserve false; zero is not NULL,context_dependent,published_source_or_acquisition_log,language — dentro de la unidad: Una fuente o documento consultado
sources,Una fuente o documento consultado,published_at,ISO8601_or_documented_partial_date,TEXT (lossless research interchange),,False,NULL = unknown/not_obtained; JSON booleans preserve false; zero is not NULL,context_dependent,published_source_or_acquisition_log,Fecha publicada por la fuente; no se infiere de consulta
sources,Una fuente o documento consultado,observed_at,ISO8601_or_documented_partial_date,TEXT (lossless research interchange),,False,NULL = unknown/not_obtained; JSON booleans preserve false; zero is not NULL,context_dependent,published_source_or_acquisition_log,Instante o fecha de consulta; no fecha del hecho
sources,Una fuente o documento consultado,access_method,text,TEXT (lossless research interchange),,False,NULL = unknown/not_obtained; JSON booleans preserve false; zero is not NULL,context_dependent,published_source_or_acquisition_log,access method — dentro de la unidad: Una fuente o documento consultado
sources,Una fuente o documento consultado,reuse_status,text,TEXT (lossless research interchange),,False,NULL = unknown/not_obtained; JSON booleans preserve false; zero is not NULL,context_dependent,published_source_or_acquisition_log,Acceso y reutilización comercial separados; permiso no se infiere de publicidad
sources,Una fuente o documento consultado,extraction_status,text,TEXT (lossless research interchange),,False,NULL = unknown/not_obtained; JSON booleans preserve false; zero is not NULL,context_dependent,published_source_or_acquisition_log,extraction status — dentro de la unidad: Una fuente o documento consultado
assertions,Una afirmación sobre un campo de una entidad,id,text,TEXT (lossless research interchange),,True,NULL = unknown/not_obtained; JSON booleans preserve false; zero is not NULL,critical,published_source_or_acquisition_log,Clave primaria estable de la fila
assertions,Una afirmación sobre un campo de una entidad,entity_table,text,TEXT (lossless research interchange),,False,NULL = unknown/not_obtained; JSON booleans preserve false; zero is not NULL,context_dependent,published_source_or_acquisition_log,entity table — dentro de la unidad: Una afirmación sobre un campo de una entidad
assertions,Una afirmación sobre un campo de una entidad,entity_id,text,TEXT (lossless research interchange),,False,NULL = unknown/not_obtained; JSON booleans preserve false; zero is not NULL,context_dependent,published_source_or_acquisition_log,entity id — dentro de la unidad: Una afirmación sobre un campo de una entidad
assertions,Una afirmación sobre un campo de una entidad,field,text,TEXT (lossless research interchange),,False,NULL = unknown/not_obtained; JSON booleans preserve false; zero is not NULL,context_dependent,published_source_or_acquisition_log,field — dentro de la unidad: Una afirmación sobre un campo de una entidad
assertions,Una afirmación sobre un campo de una entidad,value_json,json,TEXT (lossless research interchange),,False,NULL = unknown/not_obtained; JSON booleans preserve false; zero is not NULL,critical,published_source_or_acquisition_log,"Valor del campo en JSON, manteniendo booleano/numérico/lista"
assertions,Una afirmación sobre un campo de una entidad,source_id,text,TEXT (lossless research interchange),,False,NULL = unknown/not_obtained; JSON booleans preserve false; zero is not NULL,critical,published_source_or_acquisition_log,Fuente exacta que respalda la fila; cada campo puede tener evidencia adicional en assertions
assertions,Una afirmación sobre un campo de una entidad,locator,text,TEXT (lossless research interchange),,False,NULL = unknown/not_obtained; JSON booleans preserve false; zero is not NULL,context_dependent,published_source_or_acquisition_log,locator — dentro de la unidad: Una afirmación sobre un campo de una entidad
assertions,Una afirmación sobre un campo de una entidad,evidence_paraphrase,text,TEXT (lossless research interchange),,False,NULL = unknown/not_obtained; JSON booleans preserve false; zero is not NULL,context_dependent,published_source_or_acquisition_log,evidence paraphrase — dentro de la unidad: Una afirmación sobre un campo de una entidad
assertions,Una afirmación sobre un campo de una entidad,valid_from,ISO8601_or_documented_partial_date,TEXT (lossless research interchange),,False,NULL = unknown/not_obtained; JSON booleans preserve false; zero is not NULL,context_dependent,published_source_or_acquisition_log,Inicio de vigencia documental; NULL cuando no establecido
assertions,Una afirmación sobre un campo de una entidad,valid_to,ISO8601_or_documented_partial_date,TEXT (lossless research interchange),,False,NULL = unknown/not_obtained; JSON booleans preserve false; zero is not NULL,context_dependent,published_source_or_acquisition_log,Fin de vigencia documental; NULL no implica infinito confirmado
assertions,Una afirmación sobre un campo de una entidad,observed_at,ISO8601_or_documented_partial_date,TEXT (lossless research interchange),,False,NULL = unknown/not_obtained; JSON booleans preserve false; zero is not NULL,context_dependent,published_source_or_acquisition_log,Instante o fecha de consulta; no fecha del hecho
assertions,Una afirmación sobre un campo de una entidad,evidence_class,text,TEXT (lossless research interchange),,False,NULL = unknown/not_obtained; JSON booleans preserve false; zero is not NULL,context_dependent,published_source_or_acquisition_log,evidence class — dentro de la unidad: Una afirmación sobre un campo de una entidad
assertions,Una afirmación sobre un campo de una entidad,confidence_basis,text,TEXT (lossless research interchange),,False,NULL = unknown/not_obtained; JSON booleans preserve false; zero is not NULL,context_dependent,published_source_or_acquisition_log,Justificación cualitativa de evidencia; no probabilidad calibrada
assertions,Una afirmación sobre un campo de una entidad,conflict_status,text,TEXT (lossless research interchange),,False,NULL = unknown/not_obtained; JSON booleans preserve false; zero is not NULL,context_dependent,published_source_or_acquisition_log,conflict status — dentro de la unidad: Una afirmación sobre un campo de una entidad
companies,Una organización,id,text,TEXT (lossless research interchange),,True,NULL = unknown/not_obtained; JSON booleans preserve false; zero is not NULL,critical,published_source_or_acquisition_log,Clave primaria estable de la fila
companies,Una organización,name,text,TEXT (lossless research interchange),,False,NULL = unknown/not_obtained; JSON booleans preserve false; zero is not NULL,context_dependent,published_source_or_acquisition_log,name — dentro de la unidad: Una organización
companies,Una organización,domain,text,TEXT (lossless research interchange),,False,NULL = unknown/not_obtained; JSON booleans preserve false; zero is not NULL,context_dependent,published_source_or_acquisition_log,domain — dentro de la unidad: Una organización
companies,Una organización,company_url,text,TEXT (lossless research interchange),,False,NULL = unknown/not_obtained; JSON booleans preserve false; zero is not NULL,context_dependent,published_source_or_acquisition_log,company url — dentro de la unidad: Una organización
companies,Una organización,aliases_json,json,TEXT (lossless research interchange),,False,NULL = unknown/not_obtained; JSON booleans preserve false; zero is not NULL,context_dependent,published_source_or_acquisition_log,aliases json — dentro de la unidad: Una organización
companies,Una organización,description,text,TEXT (lossless research interchange),,False,NULL = unknown/not_obtained; JSON booleans preserve false; zero is not NULL,context_dependent,published_source_or_acquisition_log,description — dentro de la unidad: Una organización
companies,Una organización,industry,text,TEXT (lossless research interchange),,False,NULL = unknown/not_obtained; JSON booleans preserve false; zero is not NULL,context_dependent,published_source_or_acquisition_log,industry — dentro de la unidad: Una organización
companies,Una organización,products_json,json,TEXT (lossless research interchange),,False,NULL = unknown/not_obtained; JSON booleans preserve false; zero is not NULL,context_dependent,published_source_or_acquisition_log,products json — dentro de la unidad: Una organización
companies,Una organización,markets_json,json,TEXT (lossless research interchange),,False,NULL = unknown/not_obtained; JSON booleans preserve false; zero is not NULL,context_dependent,published_source_or_acquisition_log,markets json — dentro de la unidad: Una organización
companies,Una organización,size_text,text,TEXT (lossless research interchange),,False,NULL = unknown/not_obtained; JSON booleans preserve false; zero is not NULL,context_dependent,published_source_or_acquisition_log,size text — dentro de la unidad: Una organización
companies,Una organización,missing_reasons_json,json,TEXT (lossless research interchange),,False,NULL = unknown/not_obtained; JSON booleans preserve false; zero is not NULL,context_dependent,published_source_or_acquisition_log,Razón explícita de ausencia por campo
companies,Una organización,source_id,text,TEXT (lossless research interchange),,False,NULL = unknown/not_obtained; JSON booleans preserve false; zero is not NULL,critical,published_source_or_acquisition_log,Fuente exacta que respalda la fila; cada campo puede tener evidencia adicional en assertions
event_series,Una serie recurrente,id,text,TEXT (lossless research interchange),,True,NULL = unknown/not_obtained; JSON booleans preserve false; zero is not NULL,critical,published_source_or_acquisition_log,Clave primaria estable de la fila
event_series,Una serie recurrente,name,text,TEXT (lossless research interchange),,False,NULL = unknown/not_obtained; JSON booleans preserve false; zero is not NULL,context_dependent,published_source_or_acquisition_log,name — dentro de la unidad: Una serie recurrente
event_series,Una serie recurrente,url,text,TEXT (lossless research interchange),,False,NULL = unknown/not_obtained; JSON booleans preserve false; zero is not NULL,context_dependent,published_source_or_acquisition_log,url — dentro de la unidad: Una serie recurrente
event_series,Una serie recurrente,identity_method,text,TEXT (lossless research interchange),,False,NULL = unknown/not_obtained; JSON booleans preserve false; zero is not NULL,context_dependent,published_source_or_acquisition_log,identity method — dentro de la unidad: Una serie recurrente
event_series,Una serie recurrente,periodicity,text,TEXT (lossless research interchange),,False,NULL = unknown/not_obtained; JSON booleans preserve false; zero is not NULL,context_dependent,published_source_or_acquisition_log,periodicity — dentro de la unidad: Una serie recurrente
event_series,Una serie recurrente,source_id,text,TEXT (lossless research interchange),,False,NULL = unknown/not_obtained; JSON booleans preserve false; zero is not NULL,critical,published_source_or_acquisition_log,Fuente exacta que respalda la fila; cada campo puede tener evidencia adicional en assertions
event_editions,Una edición o evento único observado,id,text,TEXT (lossless research interchange),,True,NULL = unknown/not_obtained; JSON booleans preserve false; zero is not NULL,critical,published_source_or_acquisition_log,Clave primaria estable de la fila
event_editions,Una edición o evento único observado,series_id,text,TEXT (lossless research interchange),,False,NULL = unknown/not_obtained; JSON booleans preserve false; zero is not NULL,context_dependent,published_source_or_acquisition_log,series id — dentro de la unidad: Una edición o evento único observado
event_editions,Una edición o evento único observado,title,text,TEXT (lossless research interchange),,False,NULL = unknown/not_obtained; JSON booleans preserve false; zero is not NULL,context_dependent,published_source_or_acquisition_log,title — dentro de la unidad: Una edición o evento único observado
event_editions,Una edición o evento único observado,canonical_url,text,TEXT (lossless research interchange),,False,NULL = unknown/not_obtained; JSON booleans preserve false; zero is not NULL,context_dependent,published_source_or_acquisition_log,canonical url — dentro de la unidad: Una edición o evento único observado
event_editions,Una edición o evento único observado,start_date,ISO8601_or_documented_partial_date,TEXT (lossless research interchange),,False,NULL = unknown/not_obtained; JSON booleans preserve false; zero is not NULL,critical,published_source_or_acquisition_log,"Fecha local o fecha de calendario declarada, ISO 8601"
event_editions,Una edición o evento único observado,end_date,ISO8601_or_documented_partial_date,TEXT (lossless research interchange),,False,NULL = unknown/not_obtained; JSON booleans preserve false; zero is not NULL,context_dependent,published_source_or_acquisition_log,Última fecha incluida; DTEND all-day de iCal se reduce un día
event_editions,Una edición o evento único observado,start_at,ISO8601_or_documented_partial_date,TEXT (lossless research interchange),,False,NULL = unknown/not_obtained; JSON booleans preserve false; zero is not NULL,context_dependent,published_source_or_acquisition_log,start at — dentro de la unidad: Una edición o evento único observado
event_editions,Una edición o evento único observado,end_at,ISO8601_or_documented_partial_date,TEXT (lossless research interchange),,False,NULL = unknown/not_obtained; JSON booleans preserve false; zero is not NULL,context_dependent,published_source_or_acquisition_log,end at — dentro de la unidad: Una edición o evento único observado
event_editions,Una edición o evento único observado,timezone,text,TEXT (lossless research interchange),,False,NULL = unknown/not_obtained; JSON booleans preserve false; zero is not NULL,context_dependent,published_source_or_acquisition_log,timezone — dentro de la unidad: Una edición o evento único observado
event_editions,Una edición o evento único observado,date_precision,text,TEXT (lossless research interchange),,False,NULL = unknown/not_obtained; JSON booleans preserve false; zero is not NULL,context_dependent,published_source_or_acquisition_log,date precision — dentro de la unidad: Una edición o evento único observado
event_editions,Una edición o evento único observado,end_semantics,text,TEXT (lossless research interchange),,False,NULL = unknown/not_obtained; JSON booleans preserve false; zero is not NULL,context_dependent,published_source_or_acquisition_log,end semantics — dentro de la unidad: Una edición o evento único observado
event_editions,Una edición o evento único observado,status,text,TEXT (lossless research interchange),,False,NULL = unknown/not_obtained; JSON booleans preserve false; zero is not NULL,context_dependent,published_source_or_acquisition_log,Estado atribuido por la fuente o del flujo; no equivale a resultado medido
event_editions,Una edición o evento único observado,temporal_bucket,text,TEXT (lossless research interchange),,False,NULL = unknown/not_obtained; JSON booleans preserve false; zero is not NULL,context_dependent,published_source_or_acquisition_log,temporal bucket — dentro de la unidad: Una edición o evento único observado
event_editions,Una edición o evento único observado,location_raw,text,TEXT (lossless research interchange),,False,NULL = unknown/not_obtained; JSON booleans preserve false; zero is not NULL,context_dependent,published_source_or_acquisition_log,location raw — dentro de la unidad: Una edición o evento único observado
event_editions,Una edición o evento único observado,country,text,TEXT (lossless research interchange),,False,NULL = unknown/not_obtained; JSON booleans preserve false; zero is not NULL,context_dependent,published_source_or_acquisition_log,country — dentro de la unidad: Una edición o evento único observado
event_editions,Una edición o evento único observado,modality,text,TEXT (lossless research interchange),,False,NULL = unknown/not_obtained; JSON booleans preserve false; zero is not NULL,context_dependent,published_source_or_acquisition_log,modality — dentro de la unidad: Una edición o evento único observado
event_editions,Una edición o evento único observado,geo_precision,text,TEXT (lossless research interchange),,False,NULL = unknown/not_obtained; JSON booleans preserve false; zero is not NULL,context_dependent,published_source_or_acquisition_log,Precisión y estado del lugar; ningún punto se inventa
event_editions,Una edición o evento único observado,venue_id,text,TEXT (lossless research interchange),,False,NULL = unknown/not_obtained; JSON booleans preserve false; zero is not NULL,context_dependent,published_source_or_acquisition_log,venue id — dentro de la unidad: Una edición o evento único observado
event_editions,Una edición o evento único observado,format,text,TEXT (lossless research interchange),,False,NULL = unknown/not_obtained; JSON booleans preserve false; zero is not NULL,context_dependent,published_source_or_acquisition_log,format — dentro de la unidad: Una edición o evento único observado
event_editions,Una edición o evento único observado,sector,text,TEXT (lossless research interchange),,False,NULL = unknown/not_obtained; JSON booleans preserve false; zero is not NULL,context_dependent,published_source_or_acquisition_log,sector — dentro de la unidad: Una edición o evento único observado
event_editions,Una edición o evento único observado,topics_json,json,TEXT (lossless research interchange),,False,NULL = unknown/not_obtained; JSON booleans preserve false; zero is not NULL,context_dependent,published_source_or_acquisition_log,topics json — dentro de la unidad: Una edición o evento único observado
event_editions,Una edición o evento único observado,language,text,TEXT (lossless research interchange),,False,NULL = unknown/not_obtained; JSON booleans preserve false; zero is not NULL,context_dependent,published_source_or_acquisition_log,language — dentro de la unidad: Una edición o evento único observado
event_editions,Una edición o evento único observado,registration_status,text,TEXT (lossless research interchange),,False,NULL = unknown/not_obtained; JSON booleans preserve false; zero is not NULL,context_dependent,published_source_or_acquisition_log,registration status — dentro de la unidad: Una edición o evento único observado
event_editions,Una edición o evento único observado,last_verified,text,TEXT (lossless research interchange),,False,NULL = unknown/not_obtained; JSON booleans preserve false; zero is not NULL,context_dependent,published_source_or_acquisition_log,last verified — dentro de la unidad: Una edición o evento único observado
event_editions,Una edición o evento único observado,source_id,text,TEXT (lossless research interchange),,False,NULL = unknown/not_obtained; JSON booleans preserve false; zero is not NULL,critical,published_source_or_acquisition_log,Fuente exacta que respalda la fila; cada campo puede tener evidencia adicional en assertions
event_editions,Una edición o evento único observado,missing_reasons_json,json,TEXT (lossless research interchange),,False,NULL = unknown/not_obtained; JSON booleans preserve false; zero is not NULL,context_dependent,published_source_or_acquisition_log,Razón explícita de ausencia por campo
event_company_roles,Una relación empresa–edición–rol,id,text,TEXT (lossless research interchange),,True,NULL = unknown/not_obtained; JSON booleans preserve false; zero is not NULL,critical,published_source_or_acquisition_log,Clave primaria estable de la fila
event_company_roles,Una relación empresa–edición–rol,event_id,text,TEXT (lossless research interchange),,False,NULL = unknown/not_obtained; JSON booleans preserve false; zero is not NULL,critical,published_source_or_acquisition_log,Edición concreta; nunca serie o sesión
event_company_roles,Una relación empresa–edición–rol,company_id,text,TEXT (lossless research interchange),,False,NULL = unknown/not_obtained; JSON booleans preserve false; zero is not NULL,context_dependent,published_source_or_acquisition_log,Organización o marca canónica; rol se guarda aparte
event_company_roles,Una relación empresa–edición–rol,role,text,TEXT (lossless research interchange),,False,NULL = unknown/not_obtained; JSON booleans preserve false; zero is not NULL,context_dependent,published_source_or_acquisition_log,role — dentro de la unidad: Una relación empresa–edición–rol
event_company_roles,Una relación empresa–edición–rol,level,text,TEXT (lossless research interchange),,False,NULL = unknown/not_obtained; JSON booleans preserve false; zero is not NULL,context_dependent,published_source_or_acquisition_log,level — dentro de la unidad: Una relación empresa–edición–rol
event_company_roles,Una relación empresa–edición–rol,relationship_status,text,TEXT (lossless research interchange),,False,NULL = unknown/not_obtained; JSON booleans preserve false; zero is not NULL,context_dependent,published_source_or_acquisition_log,relationship status — dentro de la unidad: Una relación empresa–edición–rol
event_company_roles,Una relación empresa–edición–rol,valid_from,ISO8601_or_documented_partial_date,TEXT (lossless research interchange),,False,NULL = unknown/not_obtained; JSON booleans preserve false; zero is not NULL,context_dependent,published_source_or_acquisition_log,Inicio de vigencia documental; NULL cuando no establecido
event_company_roles,Una relación empresa–edición–rol,valid_to,ISO8601_or_documented_partial_date,TEXT (lossless research interchange),,False,NULL = unknown/not_obtained; JSON booleans preserve false; zero is not NULL,context_dependent,published_source_or_acquisition_log,Fin de vigencia documental; NULL no implica infinito confirmado
event_company_roles,Una relación empresa–edición–rol,source_id,text,TEXT (lossless research interchange),,False,NULL = unknown/not_obtained; JSON booleans preserve false; zero is not NULL,critical,published_source_or_acquisition_log,Fuente exacta que respalda la fila; cada campo puede tener evidencia adicional en assertions
sponsor_profiles,Un perfil documentado de una organización como sponsor,id,text,TEXT (lossless research interchange),,True,NULL = unknown/not_obtained; JSON booleans preserve false; zero is not NULL,critical,published_source_or_acquisition_log,Clave primaria estable de la fila
sponsor_profiles,Un perfil documentado de una organización como sponsor,company_id,text,TEXT (lossless research interchange),,False,NULL = unknown/not_obtained; JSON booleans preserve false; zero is not NULL,context_dependent,published_source_or_acquisition_log,Organización o marca canónica; rol se guarda aparte
sponsor_profiles,Un perfil documentado de una organización como sponsor,objectives_json,json,TEXT (lossless research interchange),,False,NULL = unknown/not_obtained; JSON booleans preserve false; zero is not NULL,context_dependent,published_source_or_acquisition_log,objectives json — dentro de la unidad: Un perfil documentado de una organización como sponsor
sponsor_profiles,Un perfil documentado de una organización como sponsor,audiences_json,json,TEXT (lossless research interchange),,False,NULL = unknown/not_obtained; JSON booleans preserve false; zero is not NULL,context_dependent,published_source_or_acquisition_log,audiences json — dentro de la unidad: Un perfil documentado de una organización como sponsor
sponsor_profiles,Un perfil documentado de una organización como sponsor,categories_json,json,TEXT (lossless research interchange),,False,NULL = unknown/not_obtained; JSON booleans preserve false; zero is not NULL,context_dependent,published_source_or_acquisition_log,categories json — dentro de la unidad: Un perfil documentado de una organización como sponsor
sponsor_profiles,Un perfil documentado de una organización como sponsor,geographies_json,json,TEXT (lossless research interchange),,False,NULL = unknown/not_obtained; JSON booleans preserve false; zero is not NULL,context_dependent,published_source_or_acquisition_log,geographies json — dentro de la unidad: Un perfil documentado de una organización como sponsor
sponsor_profiles,Un perfil documentado de una organización como sponsor,proposal_channel,text,TEXT (lossless research interchange),,False,NULL = unknown/not_obtained; JSON booleans preserve false; zero is not NULL,context_dependent,published_source_or_acquisition_log,proposal channel — dentro de la unidad: Un perfil documentado de una organización como sponsor
sponsor_profiles,Un perfil documentado de una organización como sponsor,decision_process,text,TEXT (lossless research interchange),,False,NULL = unknown/not_obtained; JSON booleans preserve false; zero is not NULL,context_dependent,published_source_or_acquisition_log,decision process — dentro de la unidad: Un perfil documentado de una organización como sponsor
sponsor_profiles,Un perfil documentado de una organización como sponsor,budget_amount,text,TEXT (lossless research interchange),,False,NULL = unknown/not_obtained; JSON booleans preserve false; zero is not NULL,context_dependent,published_source_or_acquisition_log,budget amount — dentro de la unidad: Un perfil documentado de una organización como sponsor
sponsor_profiles,Un perfil documentado de una organización como sponsor,currency,text,TEXT (lossless research interchange),,False,NULL = unknown/not_obtained; JSON booleans preserve false; zero is not NULL,context_dependent,published_source_or_acquisition_log,currency — dentro de la unidad: Un perfil documentado de una organización como sponsor
sponsor_profiles,Un perfil documentado de una organización como sponsor,missing_reasons_json,json,TEXT (lossless research interchange),,False,NULL = unknown/not_obtained; JSON booleans preserve false; zero is not NULL,context_dependent,published_source_or_acquisition_log,Razón explícita de ausencia por campo
sponsor_profiles,Un perfil documentado de una organización como sponsor,source_id,text,TEXT (lossless research interchange),,False,NULL = unknown/not_obtained; JSON booleans preserve false; zero is not NULL,critical,published_source_or_acquisition_log,Fuente exacta que respalda la fila; cada campo puede tener evidencia adicional en assertions
sponsorship_packages,Un paquete para una edición,id,text,TEXT (lossless research interchange),,True,NULL = unknown/not_obtained; JSON booleans preserve false; zero is not NULL,critical,published_source_or_acquisition_log,Clave primaria estable de la fila
sponsorship_packages,Un paquete para una edición,event_id,text,TEXT (lossless research interchange),,False,NULL = unknown/not_obtained; JSON booleans preserve false; zero is not NULL,critical,published_source_or_acquisition_log,Edición concreta; nunca serie o sesión
sponsorship_packages,Un paquete para una edición,name,text,TEXT (lossless research interchange),,False,NULL = unknown/not_obtained; JSON booleans preserve false; zero is not NULL,context_dependent,published_source_or_acquisition_log,name — dentro de la unidad: Un paquete para una edición
sponsorship_packages,Un paquete para una edición,amount_min,number_or_declared_text,TEXT (lossless research interchange),ISO4217 currency in paired field,False,NULL = unknown/not_obtained; JSON booleans preserve false; zero is not NULL,context_dependent,published_source_or_acquisition_log,amount min — dentro de la unidad: Un paquete para una edición
sponsorship_packages,Un paquete para una edición,amount_max,number_or_declared_text,TEXT (lossless research interchange),ISO4217 currency in paired field,False,NULL = unknown/not_obtained; JSON booleans preserve false; zero is not NULL,context_dependent,published_source_or_acquisition_log,amount max — dentro de la unidad: Un paquete para una edición
sponsorship_packages,Un paquete para una edición,currency,text,TEXT (lossless research interchange),,False,NULL = unknown/not_obtained; JSON booleans preserve false; zero is not NULL,context_dependent,published_source_or_acquisition_log,currency — dentro de la unidad: Un paquete para una edición
sponsorship_packages,Un paquete para una edición,benefits_json,json,TEXT (lossless research interchange),,False,NULL = unknown/not_obtained; JSON booleans preserve false; zero is not NULL,context_dependent,published_source_or_acquisition_log,benefits json — dentro de la unidad: Un paquete para una edición
sponsorship_packages,Un paquete para una edición,exclusivity,text,TEXT (lossless research interchange),,False,NULL = unknown/not_obtained; JSON booleans preserve false; zero is not NULL,context_dependent,published_source_or_acquisition_log,exclusivity — dentro de la unidad: Un paquete para una edición
sponsorship_packages,Un paquete para una edición,inventory,number_or_declared_text,TEXT (lossless research interchange),,False,NULL = unknown/not_obtained; JSON booleans preserve false; zero is not NULL,context_dependent,published_source_or_acquisition_log,inventory — dentro de la unidad: Un paquete para una edición
sponsorship_packages,Un paquete para una edición,availability,text,TEXT (lossless research interchange),,False,NULL = unknown/not_obtained; JSON booleans preserve false; zero is not NULL,context_dependent,published_source_or_acquisition_log,availability — dentro de la unidad: Un paquete para una edición
sponsorship_packages,Un paquete para una edición,valid_from,ISO8601_or_documented_partial_date,TEXT (lossless research interchange),,False,NULL = unknown/not_obtained; JSON booleans preserve false; zero is not NULL,context_dependent,published_source_or_acquisition_log,Inicio de vigencia documental; NULL cuando no establecido
sponsorship_packages,Un paquete para una edición,valid_to,ISO8601_or_documented_partial_date,TEXT (lossless research interchange),,False,NULL = unknown/not_obtained; JSON booleans preserve false; zero is not NULL,context_dependent,published_source_or_acquisition_log,Fin de vigencia documental; NULL no implica infinito confirmado
sponsorship_packages,Un paquete para una edición,deadline,text,TEXT (lossless research interchange),,False,NULL = unknown/not_obtained; JSON booleans preserve false; zero is not NULL,context_dependent,published_source_or_acquisition_log,deadline — dentro de la unidad: Un paquete para una edición
sponsorship_packages,Un paquete para una edición,source_id,text,TEXT (lossless research interchange),,False,NULL = unknown/not_obtained; JSON booleans preserve false; zero is not NULL,critical,published_source_or_acquisition_log,Fuente exacta que respalda la fila; cada campo puede tener evidencia adicional en assertions
people,Una persona profesional identificada de forma fiable,id,text,TEXT (lossless research interchange),,True,NULL = unknown/not_obtained; JSON booleans preserve false; zero is not NULL,critical,published_source_or_acquisition_log,Clave primaria estable de la fila
people,Una persona profesional identificada de forma fiable,name,text,TEXT (lossless research interchange),,False,NULL = unknown/not_obtained; JSON booleans preserve false; zero is not NULL,context_dependent,published_source_or_acquisition_log,name — dentro de la unidad: Una persona profesional identificada de forma fiable
people,Una persona profesional identificada de forma fiable,professional_url,text,TEXT (lossless research interchange),,False,NULL = unknown/not_obtained; JSON booleans preserve false; zero is not NULL,context_dependent,published_source_or_acquisition_log,professional url — dentro de la unidad: Una persona profesional identificada de forma fiable
people,Una persona profesional identificada de forma fiable,missing_reasons_json,json,TEXT (lossless research interchange),,False,NULL = unknown/not_obtained; JSON booleans preserve false; zero is not NULL,context_dependent,published_source_or_acquisition_log,Razón explícita de ausencia por campo
people,Una persona profesional identificada de forma fiable,source_id,text,TEXT (lossless research interchange),,False,NULL = unknown/not_obtained; JSON booleans preserve false; zero is not NULL,critical,published_source_or_acquisition_log,Fuente exacta que respalda la fila; cada campo puede tener evidencia adicional en assertions
participation,Un rol o estado de participación de una persona en una edición,id,text,TEXT (lossless research interchange),,True,NULL = unknown/not_obtained; JSON booleans preserve false; zero is not NULL,critical,published_source_or_acquisition_log,Clave primaria estable de la fila
participation,Un rol o estado de participación de una persona en una edición,person_id,text,TEXT (lossless research interchange),,False,NULL = unknown/not_obtained; JSON booleans preserve false; zero is not NULL,context_dependent,published_source_or_acquisition_log,person id — dentro de la unidad: Un rol o estado de participación de una persona en una edición
participation,Un rol o estado de participación de una persona en una edición,event_id,text,TEXT (lossless research interchange),,False,NULL = unknown/not_obtained; JSON booleans preserve false; zero is not NULL,critical,published_source_or_acquisition_log,Edición concreta; nunca serie o sesión
participation,Un rol o estado de participación de una persona en una edición,company_id,text,TEXT (lossless research interchange),,False,NULL = unknown/not_obtained; JSON booleans preserve false; zero is not NULL,context_dependent,published_source_or_acquisition_log,Organización o marca canónica; rol se guarda aparte
participation,Un rol o estado de participación de una persona en una edición,role,text,TEXT (lossless research interchange),,False,NULL = unknown/not_obtained; JSON booleans preserve false; zero is not NULL,context_dependent,published_source_or_acquisition_log,role — dentro de la unidad: Un rol o estado de participación de una persona en una edición
participation,Un rol o estado de participación de una persona en una edición,historical_job_title,text,TEXT (lossless research interchange),,False,NULL = unknown/not_obtained; JSON booleans preserve false; zero is not NULL,context_dependent,published_source_or_acquisition_log,historical job title — dentro de la unidad: Un rol o estado de participación de una persona en una edición
participation,Un rol o estado de participación de una persona en una edición,participation_status,text,TEXT (lossless research interchange),,False,NULL = unknown/not_obtained; JSON booleans preserve false; zero is not NULL,context_dependent,published_source_or_acquisition_log,participation status — dentro de la unidad: Un rol o estado de participación de una persona en una edición
participation,Un rol o estado de participación de una persona en una edición,source_id,text,TEXT (lossless research interchange),,False,NULL = unknown/not_obtained; JSON booleans preserve false; zero is not NULL,critical,published_source_or_acquisition_log,Fuente exacta que respalda la fila; cada campo puede tener evidencia adicional en assertions
audience_metrics,Una medida o segmento de audiencia de una edición,id,text,TEXT (lossless research interchange),,True,NULL = unknown/not_obtained; JSON booleans preserve false; zero is not NULL,critical,published_source_or_acquisition_log,Clave primaria estable de la fila
audience_metrics,Una medida o segmento de audiencia de una edición,event_id,text,TEXT (lossless research interchange),,False,NULL = unknown/not_obtained; JSON booleans preserve false; zero is not NULL,critical,published_source_or_acquisition_log,Edición concreta; nunca serie o sesión
audience_metrics,Una medida o segmento de audiencia de una edición,segment,text,TEXT (lossless research interchange),,False,NULL = unknown/not_obtained; JSON booleans preserve false; zero is not NULL,context_dependent,published_source_or_acquisition_log,segment — dentro de la unidad: Una medida o segmento de audiencia de una edición
audience_metrics,Una medida o segmento de audiencia de una edición,metric,text,TEXT (lossless research interchange),,False,NULL = unknown/not_obtained; JSON booleans preserve false; zero is not NULL,context_dependent,published_source_or_acquisition_log,metric — dentro de la unidad: Una medida o segmento de audiencia de una edición
audience_metrics,Una medida o segmento de audiencia de una edición,value,number_or_declared_text,TEXT (lossless research interchange),paired unit field; never mix definitions,False,NULL = unknown/not_obtained; JSON booleans preserve false; zero is not NULL,context_dependent,published_source_or_acquisition_log,value — dentro de la unidad: Una medida o segmento de audiencia de una edición
audience_metrics,Una medida o segmento de audiencia de una edición,unit,text,TEXT (lossless research interchange),,False,NULL = unknown/not_obtained; JSON booleans preserve false; zero is not NULL,context_dependent,published_source_or_acquisition_log,unit — dentro de la unidad: Una medida o segmento de audiencia de una edición
audience_metrics,Una medida o segmento de audiencia de una edición,denominator,number_or_declared_text,TEXT (lossless research interchange),,False,NULL = unknown/not_obtained; JSON booleans preserve false; zero is not NULL,context_dependent,published_source_or_acquisition_log,denominator — dentro de la unidad: Una medida o segmento de audiencia de una edición
audience_metrics,Una medida o segmento de audiencia de una edición,period,text,TEXT (lossless research interchange),,False,NULL = unknown/not_obtained; JSON booleans preserve false; zero is not NULL,context_dependent,published_source_or_acquisition_log,period — dentro de la unidad: Una medida o segmento de audiencia de una edición
audience_metrics,Una medida o segmento de audiencia de una edición,method,text,TEXT (lossless research interchange),,False,NULL = unknown/not_obtained; JSON booleans preserve false; zero is not NULL,context_dependent,published_source_or_acquisition_log,method — dentro de la unidad: Una medida o segmento de audiencia de una edición
audience_metrics,Una medida o segmento de audiencia de una edición,metric_status,text,TEXT (lossless research interchange),,False,NULL = unknown/not_obtained; JSON booleans preserve false; zero is not NULL,context_dependent,published_source_or_acquisition_log,"Anunciado, previsto o resultado reportado; no validación independiente"
audience_metrics,Una medida o segmento de audiencia de una edición,source_id,text,TEXT (lossless research interchange),,False,NULL = unknown/not_obtained; JSON booleans preserve false; zero is not NULL,critical,published_source_or_acquisition_log,Fuente exacta que respalda la fila; cada campo puede tener evidencia adicional en assertions
event_metrics,Una métrica de resultado atribuida a una edición y actor,id,text,TEXT (lossless research interchange),,True,NULL = unknown/not_obtained; JSON booleans preserve false; zero is not NULL,critical,published_source_or_acquisition_log,Clave primaria estable de la fila
event_metrics,Una métrica de resultado atribuida a una edición y actor,event_id,text,TEXT (lossless research interchange),,False,NULL = unknown/not_obtained; JSON booleans preserve false; zero is not NULL,critical,published_source_or_acquisition_log,Edición concreta; nunca serie o sesión
event_metrics,Una métrica de resultado atribuida a una edición y actor,company_id,text,TEXT (lossless research interchange),,False,NULL = unknown/not_obtained; JSON booleans preserve false; zero is not NULL,context_dependent,published_source_or_acquisition_log,Organización o marca canónica; rol se guarda aparte
event_metrics,Una métrica de resultado atribuida a una edición y actor,metric,text,TEXT (lossless research interchange),,False,NULL = unknown/not_obtained; JSON booleans preserve false; zero is not NULL,context_dependent,published_source_or_acquisition_log,metric — dentro de la unidad: Una métrica de resultado atribuida a una edición y actor
event_metrics,Una métrica de resultado atribuida a una edición y actor,value,number_or_declared_text,TEXT (lossless research interchange),paired unit field; never mix definitions,False,NULL = unknown/not_obtained; JSON booleans preserve false; zero is not NULL,context_dependent,published_source_or_acquisition_log,value — dentro de la unidad: Una métrica de resultado atribuida a una edición y actor
event_metrics,Una métrica de resultado atribuida a una edición y actor,unit,text,TEXT (lossless research interchange),,False,NULL = unknown/not_obtained; JSON booleans preserve false; zero is not NULL,context_dependent,published_source_or_acquisition_log,unit — dentro de la unidad: Una métrica de resultado atribuida a una edición y actor
event_metrics,Una métrica de resultado atribuida a una edición y actor,denominator,number_or_declared_text,TEXT (lossless research interchange),,False,NULL = unknown/not_obtained; JSON booleans preserve false; zero is not NULL,context_dependent,published_source_or_acquisition_log,denominator — dentro de la unidad: Una métrica de resultado atribuida a una edición y actor
event_metrics,Una métrica de resultado atribuida a una edición y actor,period,text,TEXT (lossless research interchange),,False,NULL = unknown/not_obtained; JSON booleans preserve false; zero is not NULL,context_dependent,published_source_or_acquisition_log,period — dentro de la unidad: Una métrica de resultado atribuida a una edición y actor
event_metrics,Una métrica de resultado atribuida a una edición y actor,attribution_method,text,TEXT (lossless research interchange),,False,NULL = unknown/not_obtained; JSON booleans preserve false; zero is not NULL,context_dependent,published_source_or_acquisition_log,attribution method — dentro de la unidad: Una métrica de resultado atribuida a una edición y actor
event_metrics,Una métrica de resultado atribuida a una edición y actor,metric_status,text,TEXT (lossless research interchange),,False,NULL = unknown/not_obtained; JSON booleans preserve false; zero is not NULL,context_dependent,published_source_or_acquisition_log,"Anunciado, previsto o resultado reportado; no validación independiente"
event_metrics,Una métrica de resultado atribuida a una edición y actor,source_id,text,TEXT (lossless research interchange),,False,NULL = unknown/not_obtained; JSON booleans preserve false; zero is not NULL,critical,published_source_or_acquisition_log,Fuente exacta que respalda la fila; cada campo puede tener evidencia adicional en assertions
event_costs,Un componente de costo documentado,id,text,TEXT (lossless research interchange),,True,NULL = unknown/not_obtained; JSON booleans preserve false; zero is not NULL,critical,published_source_or_acquisition_log,Clave primaria estable de la fila
event_costs,Un componente de costo documentado,event_id,text,TEXT (lossless research interchange),,False,NULL = unknown/not_obtained; JSON booleans preserve false; zero is not NULL,critical,published_source_or_acquisition_log,Edición concreta; nunca serie o sesión
event_costs,Un componente de costo documentado,category,text,TEXT (lossless research interchange),,False,NULL = unknown/not_obtained; JSON booleans preserve false; zero is not NULL,context_dependent,published_source_or_acquisition_log,category — dentro de la unidad: Un componente de costo documentado
event_costs,Un componente de costo documentado,amount_min,number_or_declared_text,TEXT (lossless research interchange),ISO4217 currency in paired field,False,NULL = unknown/not_obtained; JSON booleans preserve false; zero is not NULL,context_dependent,published_source_or_acquisition_log,amount min — dentro de la unidad: Un componente de costo documentado
event_costs,Un componente de costo documentado,amount_max,number_or_declared_text,TEXT (lossless research interchange),ISO4217 currency in paired field,False,NULL = unknown/not_obtained; JSON booleans preserve false; zero is not NULL,context_dependent,published_source_or_acquisition_log,amount max — dentro de la unidad: Un componente de costo documentado
event_costs,Un componente de costo documentado,currency,text,TEXT (lossless research interchange),,False,NULL = unknown/not_obtained; JSON booleans preserve false; zero is not NULL,context_dependent,published_source_or_acquisition_log,currency — dentro de la unidad: Un componente de costo documentado
event_costs,Un componente de costo documentado,unit,text,TEXT (lossless research interchange),,False,NULL = unknown/not_obtained; JSON booleans preserve false; zero is not NULL,context_dependent,published_source_or_acquisition_log,unit — dentro de la unidad: Un componente de costo documentado
event_costs,Un componente de costo documentado,taxes,text,TEXT (lossless research interchange),,False,NULL = unknown/not_obtained; JSON booleans preserve false; zero is not NULL,context_dependent,published_source_or_acquisition_log,taxes — dentro de la unidad: Un componente de costo documentado
event_costs,Un componente de costo documentado,inclusions,text,TEXT (lossless research interchange),,False,NULL = unknown/not_obtained; JSON booleans preserve false; zero is not NULL,context_dependent,published_source_or_acquisition_log,inclusions — dentro de la unidad: Un componente de costo documentado
event_costs,Un componente de costo documentado,valid_from,ISO8601_or_documented_partial_date,TEXT (lossless research interchange),,False,NULL = unknown/not_obtained; JSON booleans preserve false; zero is not NULL,context_dependent,published_source_or_acquisition_log,Inicio de vigencia documental; NULL cuando no establecido
event_costs,Un componente de costo documentado,valid_to,ISO8601_or_documented_partial_date,TEXT (lossless research interchange),,False,NULL = unknown/not_obtained; JSON booleans preserve false; zero is not NULL,context_dependent,published_source_or_acquisition_log,Fin de vigencia documental; NULL no implica infinito confirmado
event_costs,Un componente de costo documentado,cost_status,text,TEXT (lossless research interchange),,False,NULL = unknown/not_obtained; JSON booleans preserve false; zero is not NULL,context_dependent,published_source_or_acquisition_log,cost status — dentro de la unidad: Un componente de costo documentado
event_costs,Un componente de costo documentado,source_id,text,TEXT (lossless research interchange),,False,NULL = unknown/not_obtained; JSON booleans preserve false; zero is not NULL,critical,published_source_or_acquisition_log,Fuente exacta que respalda la fila; cada campo puede tener evidencia adicional en assertions
venues,Un espacio identificado,id,text,TEXT (lossless research interchange),,True,NULL = unknown/not_obtained; JSON booleans preserve false; zero is not NULL,critical,published_source_or_acquisition_log,Clave primaria estable de la fila
venues,Un espacio identificado,name,text,TEXT (lossless research interchange),,False,NULL = unknown/not_obtained; JSON booleans preserve false; zero is not NULL,context_dependent,published_source_or_acquisition_log,name — dentro de la unidad: Un espacio identificado
venues,Un espacio identificado,address,text,TEXT (lossless research interchange),,False,NULL = unknown/not_obtained; JSON booleans preserve false; zero is not NULL,context_dependent,published_source_or_acquisition_log,address — dentro de la unidad: Un espacio identificado
venues,Un espacio identificado,city,text,TEXT (lossless research interchange),,False,NULL = unknown/not_obtained; JSON booleans preserve false; zero is not NULL,context_dependent,published_source_or_acquisition_log,city — dentro de la unidad: Un espacio identificado
venues,Un espacio identificado,country,text,TEXT (lossless research interchange),,False,NULL = unknown/not_obtained; JSON booleans preserve false; zero is not NULL,context_dependent,published_source_or_acquisition_log,country — dentro de la unidad: Un espacio identificado
venues,Un espacio identificado,latitude,number_or_declared_text,TEXT (lossless research interchange),,False,NULL = unknown/not_obtained; JSON booleans preserve false; zero is not NULL,context_dependent,published_source_or_acquisition_log,latitude — dentro de la unidad: Un espacio identificado
venues,Un espacio identificado,longitude,number_or_declared_text,TEXT (lossless research interchange),,False,NULL = unknown/not_obtained; JSON booleans preserve false; zero is not NULL,context_dependent,published_source_or_acquisition_log,longitude — dentro de la unidad: Un espacio identificado
venues,Un espacio identificado,geo_method,text,TEXT (lossless research interchange),,False,NULL = unknown/not_obtained; JSON booleans preserve false; zero is not NULL,context_dependent,published_source_or_acquisition_log,geo method — dentro de la unidad: Un espacio identificado
venues,Un espacio identificado,geo_precision,text,TEXT (lossless research interchange),,False,NULL = unknown/not_obtained; JSON booleans preserve false; zero is not NULL,context_dependent,published_source_or_acquisition_log,Precisión y estado del lugar; ningún punto se inventa
venues,Un espacio identificado,capacity,number_or_declared_text,TEXT (lossless research interchange),,False,NULL = unknown/not_obtained; JSON booleans preserve false; zero is not NULL,context_dependent,published_source_or_acquisition_log,capacity — dentro de la unidad: Un espacio identificado
venues,Un espacio identificado,capacity_format,text,TEXT (lossless research interchange),,False,NULL = unknown/not_obtained; JSON booleans preserve false; zero is not NULL,context_dependent,published_source_or_acquisition_log,capacity format — dentro de la unidad: Un espacio identificado
venues,Un espacio identificado,url,text,TEXT (lossless research interchange),,False,NULL = unknown/not_obtained; JSON booleans preserve false; zero is not NULL,context_dependent,published_source_or_acquisition_log,url — dentro de la unidad: Un espacio identificado
venues,Un espacio identificado,business_channel,text,TEXT (lossless research interchange),,False,NULL = unknown/not_obtained; JSON booleans preserve false; zero is not NULL,context_dependent,published_source_or_acquisition_log,business channel — dentro de la unidad: Un espacio identificado
venues,Un espacio identificado,source_id,text,TEXT (lossless research interchange),,False,NULL = unknown/not_obtained; JSON booleans preserve false; zero is not NULL,critical,published_source_or_acquisition_log,Fuente exacta que respalda la fila; cada campo puede tener evidencia adicional en assertions
distribution_channels,Un canal documentado de convocatoria,id,text,TEXT (lossless research interchange),,True,NULL = unknown/not_obtained; JSON booleans preserve false; zero is not NULL,critical,published_source_or_acquisition_log,Clave primaria estable de la fila
distribution_channels,Un canal documentado de convocatoria,company_id,text,TEXT (lossless research interchange),,False,NULL = unknown/not_obtained; JSON booleans preserve false; zero is not NULL,context_dependent,published_source_or_acquisition_log,Organización o marca canónica; rol se guarda aparte
distribution_channels,Un canal documentado de convocatoria,name,text,TEXT (lossless research interchange),,False,NULL = unknown/not_obtained; JSON booleans preserve false; zero is not NULL,context_dependent,published_source_or_acquisition_log,name — dentro de la unidad: Un canal documentado de convocatoria
distribution_channels,Un canal documentado de convocatoria,channel_type,text,TEXT (lossless research interchange),,False,NULL = unknown/not_obtained; JSON booleans preserve false; zero is not NULL,context_dependent,published_source_or_acquisition_log,channel type — dentro de la unidad: Un canal documentado de convocatoria
distribution_channels,Un canal documentado de convocatoria,topic,text,TEXT (lossless research interchange),,False,NULL = unknown/not_obtained; JSON booleans preserve false; zero is not NULL,context_dependent,published_source_or_acquisition_log,topic — dentro de la unidad: Un canal documentado de convocatoria
distribution_channels,Un canal documentado de convocatoria,geography,text,TEXT (lossless research interchange),,False,NULL = unknown/not_obtained; JSON booleans preserve false; zero is not NULL,context_dependent,published_source_or_acquisition_log,geography — dentro de la unidad: Un canal documentado de convocatoria
distribution_channels,Un canal documentado de convocatoria,url,text,TEXT (lossless research interchange),,False,NULL = unknown/not_obtained; JSON booleans preserve false; zero is not NULL,context_dependent,published_source_or_acquisition_log,url — dentro de la unidad: Un canal documentado de convocatoria
distribution_channels,Un canal documentado de convocatoria,access_terms,text,TEXT (lossless research interchange),,False,NULL = unknown/not_obtained; JSON booleans preserve false; zero is not NULL,context_dependent,published_source_or_acquisition_log,access terms — dentro de la unidad: Un canal documentado de convocatoria
distribution_channels,Un canal documentado de convocatoria,declared_size,text,TEXT (lossless research interchange),,False,NULL = unknown/not_obtained; JSON booleans preserve false; zero is not NULL,context_dependent,published_source_or_acquisition_log,declared size — dentro de la unidad: Un canal documentado de convocatoria
distribution_channels,Un canal documentado de convocatoria,size_observed_at,ISO8601_or_documented_partial_date,TEXT (lossless research interchange),,False,NULL = unknown/not_obtained; JSON booleans preserve false; zero is not NULL,context_dependent,published_source_or_acquisition_log,size observed at — dentro de la unidad: Un canal documentado de convocatoria
distribution_channels,Un canal documentado de convocatoria,source_id,text,TEXT (lossless research interchange),,False,NULL = unknown/not_obtained; JSON booleans preserve false; zero is not NULL,critical,published_source_or_acquisition_log,Fuente exacta que respalda la fila; cada campo puede tener evidencia adicional en assertions
competitors,Un competidor o sustituto evaluado,id,text,TEXT (lossless research interchange),,True,NULL = unknown/not_obtained; JSON booleans preserve false; zero is not NULL,critical,published_source_or_acquisition_log,Clave primaria estable de la fila
competitors,Un competidor o sustituto evaluado,name,text,TEXT (lossless research interchange),,False,NULL = unknown/not_obtained; JSON booleans preserve false; zero is not NULL,context_dependent,published_source_or_acquisition_log,name — dentro de la unidad: Un competidor o sustituto evaluado
competitors,Un competidor o sustituto evaluado,url,text,TEXT (lossless research interchange),,False,NULL = unknown/not_obtained; JSON booleans preserve false; zero is not NULL,context_dependent,published_source_or_acquisition_log,url — dentro de la unidad: Un competidor o sustituto evaluado
competitors,Un competidor o sustituto evaluado,category,text,TEXT (lossless research interchange),,False,NULL = unknown/not_obtained; JSON booleans preserve false; zero is not NULL,context_dependent,published_source_or_acquisition_log,category — dentro de la unidad: Un competidor o sustituto evaluado
competitors,Un competidor o sustituto evaluado,buyer,text,TEXT (lossless research interchange),,False,NULL = unknown/not_obtained; JSON booleans preserve false; zero is not NULL,context_dependent,published_source_or_acquisition_log,buyer — dentro de la unidad: Un competidor o sustituto evaluado
competitors,Un competidor o sustituto evaluado,capabilities_json,json,TEXT (lossless research interchange),,False,NULL = unknown/not_obtained; JSON booleans preserve false; zero is not NULL,context_dependent,published_source_or_acquisition_log,capabilities json — dentro de la unidad: Un competidor o sustituto evaluado
competitors,Un competidor o sustituto evaluado,availability,text,TEXT (lossless research interchange),,False,NULL = unknown/not_obtained; JSON booleans preserve false; zero is not NULL,context_dependent,published_source_or_acquisition_log,availability — dentro de la unidad: Un competidor o sustituto evaluado
competitors,Un competidor o sustituto evaluado,data_coverage,text,TEXT (lossless research interchange),,False,NULL = unknown/not_obtained; JSON booleans preserve false; zero is not NULL,context_dependent,published_source_or_acquisition_log,data coverage — dentro de la unidad: Un competidor o sustituto evaluado
competitors,Un competidor o sustituto evaluado,refresh,text,TEXT (lossless research interchange),,False,NULL = unknown/not_obtained; JSON booleans preserve false; zero is not NULL,context_dependent,published_source_or_acquisition_log,refresh — dentro de la unidad: Un competidor o sustituto evaluado
competitors,Un competidor o sustituto evaluado,integrations_json,json,TEXT (lossless research interchange),,False,NULL = unknown/not_obtained; JSON booleans preserve false; zero is not NULL,context_dependent,published_source_or_acquisition_log,integrations json — dentro de la unidad: Un competidor o sustituto evaluado
competitors,Un competidor o sustituto evaluado,export_access,text,TEXT (lossless research interchange),,False,NULL = unknown/not_obtained; JSON booleans preserve false; zero is not NULL,context_dependent,published_source_or_acquisition_log,export access — dentro de la unidad: Un competidor o sustituto evaluado
competitors,Un competidor o sustituto evaluado,public_price,text,TEXT (lossless research interchange),,False,NULL = unknown/not_obtained; JSON booleans preserve false; zero is not NULL,context_dependent,published_source_or_acquisition_log,public price — dentro de la unidad: Un competidor o sustituto evaluado
competitors,Un competidor o sustituto evaluado,price_currency,text,TEXT (lossless research interchange),,False,NULL = unknown/not_obtained; JSON booleans preserve false; zero is not NULL,context_dependent,published_source_or_acquisition_log,price currency — dentro de la unidad: Un competidor o sustituto evaluado
competitors,Un competidor o sustituto evaluado,limitations,text,TEXT (lossless research interchange),,False,NULL = unknown/not_obtained; JSON booleans preserve false; zero is not NULL,context_dependent,published_source_or_acquisition_log,limitations — dentro de la unidad: Un competidor o sustituto evaluado
competitors,Un competidor o sustituto evaluado,source_id,text,TEXT (lossless research interchange),,False,NULL = unknown/not_obtained; JSON booleans preserve false; zero is not NULL,critical,published_source_or_acquisition_log,Fuente exacta que respalda la fila; cada campo puede tener evidencia adicional en assertions
extraction_queue,Un lote o tarea de adquisición,id,text,TEXT (lossless research interchange),,True,NULL = unknown/not_obtained; JSON booleans preserve false; zero is not NULL,critical,published_source_or_acquisition_log,Clave primaria estable de la fila
extraction_queue,Un lote o tarea de adquisición,source_url,text,TEXT (lossless research interchange),,False,NULL = unknown/not_obtained; JSON booleans preserve false; zero is not NULL,context_dependent,published_source_or_acquisition_log,source url — dentro de la unidad: Un lote o tarea de adquisición
extraction_queue,Un lote o tarea de adquisición,family,text,TEXT (lossless research interchange),,False,NULL = unknown/not_obtained; JSON booleans preserve false; zero is not NULL,context_dependent,published_source_or_acquisition_log,family — dentro de la unidad: Un lote o tarea de adquisición
extraction_queue,Un lote o tarea de adquisición,geography,text,TEXT (lossless research interchange),,False,NULL = unknown/not_obtained; JSON booleans preserve false; zero is not NULL,context_dependent,published_source_or_acquisition_log,geography — dentro de la unidad: Un lote o tarea de adquisición
extraction_queue,Un lote o tarea de adquisición,segment,text,TEXT (lossless research interchange),,False,NULL = unknown/not_obtained; JSON booleans preserve false; zero is not NULL,context_dependent,published_source_or_acquisition_log,segment — dentro de la unidad: Un lote o tarea de adquisición
extraction_queue,Un lote o tarea de adquisición,window_start,text,TEXT (lossless research interchange),,False,NULL = unknown/not_obtained; JSON booleans preserve false; zero is not NULL,context_dependent,published_source_or_acquisition_log,window start — dentro de la unidad: Un lote o tarea de adquisición
extraction_queue,Un lote o tarea de adquisición,window_end,text,TEXT (lossless research interchange),,False,NULL = unknown/not_obtained; JSON booleans preserve false; zero is not NULL,context_dependent,published_source_or_acquisition_log,window end — dentro de la unidad: Un lote o tarea de adquisición
extraction_queue,Un lote o tarea de adquisición,priority,text,TEXT (lossless research interchange),,False,NULL = unknown/not_obtained; JSON booleans preserve false; zero is not NULL,context_dependent,published_source_or_acquisition_log,priority — dentro de la unidad: Un lote o tarea de adquisición
extraction_queue,Un lote o tarea de adquisición,status,text,TEXT (lossless research interchange),,False,NULL = unknown/not_obtained; JSON booleans preserve false; zero is not NULL,context_dependent,published_source_or_acquisition_log,Estado atribuido por la fuente o del flujo; no equivale a resultado medido
extraction_queue,Un lote o tarea de adquisición,last_processed,text,TEXT (lossless research interchange),,False,NULL = unknown/not_obtained; JSON booleans preserve false; zero is not NULL,context_dependent,published_source_or_acquisition_log,last processed — dentro de la unidad: Un lote o tarea de adquisición
extraction_queue,Un lote o tarea de adquisición,cursor,text,TEXT (lossless research interchange),,False,NULL = unknown/not_obtained; JSON booleans preserve false; zero is not NULL,context_dependent,published_source_or_acquisition_log,cursor — dentro de la unidad: Un lote o tarea de adquisición
extraction_queue,Un lote o tarea de adquisición,blocking_reason,text,TEXT (lossless research interchange),,False,NULL = unknown/not_obtained; JSON booleans preserve false; zero is not NULL,context_dependent,published_source_or_acquisition_log,blocking reason — dentro de la unidad: Un lote o tarea de adquisición
extraction_queue,Un lote o tarea de adquisición,attempts,text,TEXT (lossless research interchange),,False,NULL = unknown/not_obtained; JSON booleans preserve false; zero is not NULL,context_dependent,published_source_or_acquisition_log,attempts — dentro de la unidad: Un lote o tarea de adquisición
extraction_queue,Un lote o tarea de adquisición,next_action,text,TEXT (lossless research interchange),,False,NULL = unknown/not_obtained; JSON booleans preserve false; zero is not NULL,context_dependent,published_source_or_acquisition_log,next action — dentro de la unidad: Un lote o tarea de adquisición
extraction_queue,Un lote o tarea de adquisición,completion_condition,text,TEXT (lossless research interchange),,False,NULL = unknown/not_obtained; JSON booleans preserve false; zero is not NULL,context_dependent,published_source_or_acquisition_log,completion condition — dentro de la unidad: Un lote o tarea de adquisición
platform_listings,La publicación de una edición en una plataforma,id,text,TEXT (lossless research interchange),,True,NULL = unknown/not_obtained; JSON booleans preserve false; zero is not NULL,critical,published_source_or_acquisition_log,Clave primaria estable de la fila
platform_listings,La publicación de una edición en una plataforma,event_id,text,TEXT (lossless research interchange),,False,NULL = unknown/not_obtained; JSON booleans preserve false; zero is not NULL,critical,published_source_or_acquisition_log,Edición concreta; nunca serie o sesión
platform_listings,La publicación de una edición en una plataforma,platform,text,TEXT (lossless research interchange),,False,NULL = unknown/not_obtained; JSON booleans preserve false; zero is not NULL,context_dependent,published_source_or_acquisition_log,platform — dentro de la unidad: La publicación de una edición en una plataforma
platform_listings,La publicación de una edición en una plataforma,native_id,text,TEXT (lossless research interchange),,False,NULL = unknown/not_obtained; JSON booleans preserve false; zero is not NULL,context_dependent,published_source_or_acquisition_log,native id — dentro de la unidad: La publicación de una edición en una plataforma
platform_listings,La publicación de una edición en una plataforma,url,text,TEXT (lossless research interchange),,False,NULL = unknown/not_obtained; JSON booleans preserve false; zero is not NULL,context_dependent,published_source_or_acquisition_log,url — dentro de la unidad: La publicación de una edición en una plataforma
platform_listings,La publicación de una edición en una plataforma,first_observed,text,TEXT (lossless research interchange),,False,NULL = unknown/not_obtained; JSON booleans preserve false; zero is not NULL,context_dependent,published_source_or_acquisition_log,first observed — dentro de la unidad: La publicación de una edición en una plataforma
platform_listings,La publicación de una edición en una plataforma,last_observed,text,TEXT (lossless research interchange),,False,NULL = unknown/not_obtained; JSON booleans preserve false; zero is not NULL,context_dependent,published_source_or_acquisition_log,last observed — dentro de la unidad: La publicación de una edición en una plataforma
platform_listings,La publicación de una edición en una plataforma,listing_status,text,TEXT (lossless research interchange),,False,NULL = unknown/not_obtained; JSON booleans preserve false; zero is not NULL,context_dependent,published_source_or_acquisition_log,listing status — dentro de la unidad: La publicación de una edición en una plataforma
platform_listings,La publicación de una edición en una plataforma,evidence_method,text,TEXT (lossless research interchange),,False,NULL = unknown/not_obtained; JSON booleans preserve false; zero is not NULL,context_dependent,published_source_or_acquisition_log,evidence method — dentro de la unidad: La publicación de una edición en una plataforma
platform_listings,La publicación de una edición en una plataforma,source_id,text,TEXT (lossless research interchange),,False,NULL = unknown/not_obtained; JSON booleans preserve false; zero is not NULL,critical,published_source_or_acquisition_log,Fuente exacta que respalda la fila; cada campo puede tener evidencia adicional en assertions
source_snapshots,Una versión consultada o captura histórica de una fuente,id,text,TEXT (lossless research interchange),,True,NULL = unknown/not_obtained; JSON booleans preserve false; zero is not NULL,critical,published_source_or_acquisition_log,Clave primaria estable de la fila
source_snapshots,Una versión consultada o captura histórica de una fuente,source_id,text,TEXT (lossless research interchange),,False,NULL = unknown/not_obtained; JSON booleans preserve false; zero is not NULL,critical,published_source_or_acquisition_log,Fuente exacta que respalda la fila; cada campo puede tener evidencia adicional en assertions
source_snapshots,Una versión consultada o captura histórica de una fuente,original_url,text,TEXT (lossless research interchange),,False,NULL = unknown/not_obtained; JSON booleans preserve false; zero is not NULL,context_dependent,published_source_or_acquisition_log,original url — dentro de la unidad: Una versión consultada o captura histórica de una fuente
source_snapshots,Una versión consultada o captura histórica de una fuente,archive_url,text,TEXT (lossless research interchange),,False,NULL = unknown/not_obtained; JSON booleans preserve false; zero is not NULL,context_dependent,published_source_or_acquisition_log,archive url — dentro de la unidad: Una versión consultada o captura histórica de una fuente
source_snapshots,Una versión consultada o captura histórica de una fuente,capture_at,ISO8601_or_documented_partial_date,TEXT (lossless research interchange),,False,NULL = unknown/not_obtained; JSON booleans preserve false; zero is not NULL,context_dependent,published_source_or_acquisition_log,Captura de archivo web; sólo poblada si recuperada
source_snapshots,Una versión consultada o captura histórica de una fuente,observed_at,ISO8601_or_documented_partial_date,TEXT (lossless research interchange),,False,NULL = unknown/not_obtained; JSON booleans preserve false; zero is not NULL,context_dependent,published_source_or_acquisition_log,Instante o fecha de consulta; no fecha del hecho
source_snapshots,Una versión consultada o captura histórica de una fuente,content_type,text,TEXT (lossless research interchange),,False,NULL = unknown/not_obtained; JSON booleans preserve false; zero is not NULL,context_dependent,published_source_or_acquisition_log,content type — dentro de la unidad: Una versión consultada o captura histórica de una fuente
source_snapshots,Una versión consultada o captura histórica de una fuente,sha256,text,TEXT (lossless research interchange),,False,NULL = unknown/not_obtained; JSON booleans preserve false; zero is not NULL,context_dependent,published_source_or_acquisition_log,sha256 — dentro de la unidad: Una versión consultada o captura histórica de una fuente
source_snapshots,Una versión consultada o captura histórica de una fuente,availability,text,TEXT (lossless research interchange),,False,NULL = unknown/not_obtained; JSON booleans preserve false; zero is not NULL,context_dependent,published_source_or_acquisition_log,availability — dentro de la unidad: Una versión consultada o captura histórica de una fuente
source_snapshots,Una versión consultada o captura histórica de una fuente,retained_material,text,TEXT (lossless research interchange),,False,NULL = unknown/not_obtained; JSON booleans preserve false; zero is not NULL,context_dependent,published_source_or_acquisition_log,retained material — dentro de la unidad: Una versión consultada o captura histórica de una fuente
source_snapshots,Una versión consultada o captura histórica de una fuente,retention_basis,text,TEXT (lossless research interchange),,False,NULL = unknown/not_obtained; JSON booleans preserve false; zero is not NULL,context_dependent,published_source_or_acquisition_log,retention basis — dentro de la unidad: Una versión consultada o captura histórica de una fuente
crawl_runs,Una ejecución real de adquisición,id,text,TEXT (lossless research interchange),,True,NULL = unknown/not_obtained; JSON booleans preserve false; zero is not NULL,critical,published_source_or_acquisition_log,Clave primaria estable de la fila
crawl_runs,Una ejecución real de adquisición,method,text,TEXT (lossless research interchange),,False,NULL = unknown/not_obtained; JSON booleans preserve false; zero is not NULL,context_dependent,published_source_or_acquisition_log,method — dentro de la unidad: Una ejecución real de adquisición
crawl_runs,Una ejecución real de adquisición,extractor_version,text,TEXT (lossless research interchange),,False,NULL = unknown/not_obtained; JSON booleans preserve false; zero is not NULL,context_dependent,published_source_or_acquisition_log,extractor version — dentro de la unidad: Una ejecución real de adquisición
crawl_runs,Una ejecución real de adquisición,scope,text,TEXT (lossless research interchange),,False,NULL = unknown/not_obtained; JSON booleans preserve false; zero is not NULL,context_dependent,published_source_or_acquisition_log,scope — dentro de la unidad: Una ejecución real de adquisición
crawl_runs,Una ejecución real de adquisición,started_at,ISO8601_or_documented_partial_date,TEXT (lossless research interchange),,False,NULL = unknown/not_obtained; JSON booleans preserve false; zero is not NULL,context_dependent,published_source_or_acquisition_log,started at — dentro de la unidad: Una ejecución real de adquisición
crawl_runs,Una ejecución real de adquisición,finished_at,ISO8601_or_documented_partial_date,TEXT (lossless research interchange),,False,NULL = unknown/not_obtained; JSON booleans preserve false; zero is not NULL,context_dependent,published_source_or_acquisition_log,finished at — dentro de la unidad: Una ejecución real de adquisición
crawl_runs,Una ejecución real de adquisición,pages_attempted,number_or_declared_text,TEXT (lossless research interchange),,False,NULL = unknown/not_obtained; JSON booleans preserve false; zero is not NULL,context_dependent,published_source_or_acquisition_log,pages attempted — dentro de la unidad: Una ejecución real de adquisición
crawl_runs,Una ejecución real de adquisición,pages_completed,number_or_declared_text,TEXT (lossless research interchange),,False,NULL = unknown/not_obtained; JSON booleans preserve false; zero is not NULL,context_dependent,published_source_or_acquisition_log,pages completed — dentro de la unidad: Una ejecución real de adquisición
crawl_runs,Una ejecución real de adquisición,pages_failed,number_or_declared_text,TEXT (lossless research interchange),,False,NULL = unknown/not_obtained; JSON booleans preserve false; zero is not NULL,context_dependent,published_source_or_acquisition_log,pages failed — dentro de la unidad: Una ejecución real de adquisición
crawl_runs,Una ejecución real de adquisición,records_output,number_or_declared_text,TEXT (lossless research interchange),,False,NULL = unknown/not_obtained; JSON booleans preserve false; zero is not NULL,context_dependent,published_source_or_acquisition_log,records output — dentro de la unidad: Una ejecución real de adquisición
crawl_runs,Una ejecución real de adquisición,measured_cost_usd,number_or_declared_text,TEXT (lossless research interchange),,False,NULL = unknown/not_obtained; JSON booleans preserve false; zero is not NULL,context_dependent,published_source_or_acquisition_log,measured cost usd — dentro de la unidad: Una ejecución real de adquisición
crawl_runs,Una ejecución real de adquisición,billing_status,text,TEXT (lossless research interchange),,False,NULL = unknown/not_obtained; JSON booleans preserve false; zero is not NULL,context_dependent,published_source_or_acquisition_log,billing status — dentro de la unidad: Una ejecución real de adquisición
crawl_runs,Una ejecución real de adquisición,closure_reason,text,TEXT (lossless research interchange),,False,NULL = unknown/not_obtained; JSON booleans preserve false; zero is not NULL,context_dependent,published_source_or_acquisition_log,closure reason — dentro de la unidad: Una ejecución real de adquisición
fetch_attempts,Un intento de recuperar una fuente,id,text,TEXT (lossless research interchange),,True,NULL = unknown/not_obtained; JSON booleans preserve false; zero is not NULL,critical,published_source_or_acquisition_log,Clave primaria estable de la fila
fetch_attempts,Un intento de recuperar una fuente,run_id,text,TEXT (lossless research interchange),,False,NULL = unknown/not_obtained; JSON booleans preserve false; zero is not NULL,context_dependent,published_source_or_acquisition_log,run id — dentro de la unidad: Un intento de recuperar una fuente
fetch_attempts,Un intento de recuperar una fuente,url,text,TEXT (lossless research interchange),,False,NULL = unknown/not_obtained; JSON booleans preserve false; zero is not NULL,context_dependent,published_source_or_acquisition_log,url — dentro de la unidad: Un intento de recuperar una fuente
fetch_attempts,Un intento de recuperar una fuente,observed_at,ISO8601_or_documented_partial_date,TEXT (lossless research interchange),,False,NULL = unknown/not_obtained; JSON booleans preserve false; zero is not NULL,context_dependent,published_source_or_acquisition_log,Instante o fecha de consulta; no fecha del hecho
fetch_attempts,Un intento de recuperar una fuente,result,text,TEXT (lossless research interchange),,False,NULL = unknown/not_obtained; JSON booleans preserve false; zero is not NULL,context_dependent,published_source_or_acquisition_log,result — dentro de la unidad: Un intento de recuperar una fuente
fetch_attempts,Un intento de recuperar una fuente,error_class,text,TEXT (lossless research interchange),,False,NULL = unknown/not_obtained; JSON booleans preserve false; zero is not NULL,context_dependent,published_source_or_acquisition_log,error class — dentro de la unidad: Un intento de recuperar una fuente
fetch_attempts,Un intento de recuperar una fuente,duration_ms,number_or_declared_text,TEXT (lossless research interchange),,False,NULL = unknown/not_obtained; JSON booleans preserve false; zero is not NULL,context_dependent,published_source_or_acquisition_log,duration ms — dentro de la unidad: Un intento de recuperar una fuente
fetch_attempts,Un intento de recuperar una fuente,attempt_number,number_or_declared_text,TEXT (lossless research interchange),,False,NULL = unknown/not_obtained; JSON booleans preserve false; zero is not NULL,context_dependent,published_source_or_acquisition_log,attempt number — dentro de la unidad: Un intento de recuperar una fuente
fetch_attempts,Un intento de recuperar una fuente,next_step,text,TEXT (lossless research interchange),,False,NULL = unknown/not_obtained; JSON booleans preserve false; zero is not NULL,context_dependent,published_source_or_acquisition_log,next step — dentro de la unidad: Un intento de recuperar una fuente
search_queries,Una búsqueda de descubrimiento,id,text,TEXT (lossless research interchange),,True,NULL = unknown/not_obtained; JSON booleans preserve false; zero is not NULL,critical,published_source_or_acquisition_log,Clave primaria estable de la fila
search_queries,Una búsqueda de descubrimiento,query,text,TEXT (lossless research interchange),,False,NULL = unknown/not_obtained; JSON booleans preserve false; zero is not NULL,context_dependent,published_source_or_acquisition_log,query — dentro de la unidad: Una búsqueda de descubrimiento
search_queries,Una búsqueda de descubrimiento,service,text,TEXT (lossless research interchange),,False,NULL = unknown/not_obtained; JSON booleans preserve false; zero is not NULL,context_dependent,published_source_or_acquisition_log,service — dentro de la unidad: Una búsqueda de descubrimiento
search_queries,Una búsqueda de descubrimiento,language,text,TEXT (lossless research interchange),,False,NULL = unknown/not_obtained; JSON booleans preserve false; zero is not NULL,context_dependent,published_source_or_acquisition_log,language — dentro de la unidad: Una búsqueda de descubrimiento
search_queries,Una búsqueda de descubrimiento,filters_json,json,TEXT (lossless research interchange),,False,NULL = unknown/not_obtained; JSON booleans preserve false; zero is not NULL,context_dependent,published_source_or_acquisition_log,filters json — dentro de la unidad: Una búsqueda de descubrimiento
search_queries,Una búsqueda de descubrimiento,geography,text,TEXT (lossless research interchange),,False,NULL = unknown/not_obtained; JSON booleans preserve false; zero is not NULL,context_dependent,published_source_or_acquisition_log,geography — dentro de la unidad: Una búsqueda de descubrimiento
search_queries,Una búsqueda de descubrimiento,window_start,text,TEXT (lossless research interchange),,False,NULL = unknown/not_obtained; JSON booleans preserve false; zero is not NULL,context_dependent,published_source_or_acquisition_log,window start — dentro de la unidad: Una búsqueda de descubrimiento
search_queries,Una búsqueda de descubrimiento,window_end,text,TEXT (lossless research interchange),,False,NULL = unknown/not_obtained; JSON booleans preserve false; zero is not NULL,context_dependent,published_source_or_acquisition_log,window end — dentro de la unidad: Una búsqueda de descubrimiento
search_queries,Una búsqueda de descubrimiento,observed_at,ISO8601_or_documented_partial_date,TEXT (lossless research interchange),,False,NULL = unknown/not_obtained; JSON booleans preserve false; zero is not NULL,context_dependent,published_source_or_acquisition_log,Instante o fecha de consulta; no fecha del hecho
search_queries,Una búsqueda de descubrimiento,new_sources_count,text,TEXT (lossless research interchange),,False,NULL = unknown/not_obtained; JSON booleans preserve false; zero is not NULL,context_dependent,published_source_or_acquisition_log,new sources count — dentro de la unidad: Una búsqueda de descubrimiento
search_queries,Una búsqueda de descubrimiento,batch_id,text,TEXT (lossless research interchange),,False,NULL = unknown/not_obtained; JSON booleans preserve false; zero is not NULL,context_dependent,published_source_or_acquisition_log,batch id — dentro de la unidad: Una búsqueda de descubrimiento
entity_aliases,Una equivalencia de nombre o identificador,id,text,TEXT (lossless research interchange),,True,NULL = unknown/not_obtained; JSON booleans preserve false; zero is not NULL,critical,published_source_or_acquisition_log,Clave primaria estable de la fila
entity_aliases,Una equivalencia de nombre o identificador,entity_table,text,TEXT (lossless research interchange),,False,NULL = unknown/not_obtained; JSON booleans preserve false; zero is not NULL,context_dependent,published_source_or_acquisition_log,entity table — dentro de la unidad: Una equivalencia de nombre o identificador
entity_aliases,Una equivalencia de nombre o identificador,entity_id,text,TEXT (lossless research interchange),,False,NULL = unknown/not_obtained; JSON booleans preserve false; zero is not NULL,context_dependent,published_source_or_acquisition_log,entity id — dentro de la unidad: Una equivalencia de nombre o identificador
entity_aliases,Una equivalencia de nombre o identificador,alias,text,TEXT (lossless research interchange),,False,NULL = unknown/not_obtained; JSON booleans preserve false; zero is not NULL,context_dependent,published_source_or_acquisition_log,alias — dentro de la unidad: Una equivalencia de nombre o identificador
entity_aliases,Una equivalencia de nombre o identificador,external_system,text,TEXT (lossless research interchange),,False,NULL = unknown/not_obtained; JSON booleans preserve false; zero is not NULL,context_dependent,published_source_or_acquisition_log,external system — dentro de la unidad: Una equivalencia de nombre o identificador
entity_aliases,Una equivalencia de nombre o identificador,valid_from,ISO8601_or_documented_partial_date,TEXT (lossless research interchange),,False,NULL = unknown/not_obtained; JSON booleans preserve false; zero is not NULL,context_dependent,published_source_or_acquisition_log,Inicio de vigencia documental; NULL cuando no establecido
entity_aliases,Una equivalencia de nombre o identificador,valid_to,ISO8601_or_documented_partial_date,TEXT (lossless research interchange),,False,NULL = unknown/not_obtained; JSON booleans preserve false; zero is not NULL,context_dependent,published_source_or_acquisition_log,Fin de vigencia documental; NULL no implica infinito confirmado
entity_aliases,Una equivalencia de nombre o identificador,equivalence_reason,text,TEXT (lossless research interchange),,False,NULL = unknown/not_obtained; JSON booleans preserve false; zero is not NULL,context_dependent,published_source_or_acquisition_log,equivalence reason — dentro de la unidad: Una equivalencia de nombre o identificador
entity_aliases,Una equivalencia de nombre o identificador,review_status,text,TEXT (lossless research interchange),,False,NULL = unknown/not_obtained; JSON booleans preserve false; zero is not NULL,context_dependent,published_source_or_acquisition_log,review status — dentro de la unidad: Una equivalencia de nombre o identificador
entity_aliases,Una equivalencia de nombre o identificador,source_id,text,TEXT (lossless research interchange),,False,NULL = unknown/not_obtained; JSON booleans preserve false; zero is not NULL,critical,published_source_or_acquisition_log,Fuente exacta que respalda la fila; cada campo puede tener evidencia adicional en assertions
record_versions,Una versión de un registro o campo,id,text,TEXT (lossless research interchange),,True,NULL = unknown/not_obtained; JSON booleans preserve false; zero is not NULL,critical,published_source_or_acquisition_log,Clave primaria estable de la fila
record_versions,Una versión de un registro o campo,entity_table,text,TEXT (lossless research interchange),,False,NULL = unknown/not_obtained; JSON booleans preserve false; zero is not NULL,context_dependent,published_source_or_acquisition_log,entity table — dentro de la unidad: Una versión de un registro o campo
record_versions,Una versión de un registro o campo,entity_id,text,TEXT (lossless research interchange),,False,NULL = unknown/not_obtained; JSON booleans preserve false; zero is not NULL,context_dependent,published_source_or_acquisition_log,entity id — dentro de la unidad: Una versión de un registro o campo
record_versions,Una versión de un registro o campo,version,text,TEXT (lossless research interchange),,False,NULL = unknown/not_obtained; JSON booleans preserve false; zero is not NULL,context_dependent,published_source_or_acquisition_log,version — dentro de la unidad: Una versión de un registro o campo
record_versions,Una versión de un registro o campo,previous_value_json,json,TEXT (lossless research interchange),,False,NULL = unknown/not_obtained; JSON booleans preserve false; zero is not NULL,context_dependent,published_source_or_acquisition_log,previous value json — dentro de la unidad: Una versión de un registro o campo
record_versions,Una versión de un registro o campo,new_value_json,json,TEXT (lossless research interchange),,False,NULL = unknown/not_obtained; JSON booleans preserve false; zero is not NULL,context_dependent,published_source_or_acquisition_log,new value json — dentro de la unidad: Una versión de un registro o campo
record_versions,Una versión de un registro o campo,valid_from,ISO8601_or_documented_partial_date,TEXT (lossless research interchange),,False,NULL = unknown/not_obtained; JSON booleans preserve false; zero is not NULL,context_dependent,published_source_or_acquisition_log,Inicio de vigencia documental; NULL cuando no establecido
record_versions,Una versión de un registro o campo,valid_to,ISO8601_or_documented_partial_date,TEXT (lossless research interchange),,False,NULL = unknown/not_obtained; JSON booleans preserve false; zero is not NULL,context_dependent,published_source_or_acquisition_log,Fin de vigencia documental; NULL no implica infinito confirmado
record_versions,Una versión de un registro o campo,observed_at,ISO8601_or_documented_partial_date,TEXT (lossless research interchange),,False,NULL = unknown/not_obtained; JSON booleans preserve false; zero is not NULL,context_dependent,published_source_or_acquisition_log,Instante o fecha de consulta; no fecha del hecho
record_versions,Una versión de un registro o campo,source_id,text,TEXT (lossless research interchange),,False,NULL = unknown/not_obtained; JSON booleans preserve false; zero is not NULL,critical,published_source_or_acquisition_log,Fuente exacta que respalda la fila; cada campo puede tener evidencia adicional en assertions
record_versions,Una versión de un registro o campo,change_reason,text,TEXT (lossless research interchange),,False,NULL = unknown/not_obtained; JSON booleans preserve false; zero is not NULL,context_dependent,published_source_or_acquisition_log,change reason — dentro de la unidad: Una versión de un registro o campo
data_conflicts,Un conflicto entre afirmaciones,id,text,TEXT (lossless research interchange),,True,NULL = unknown/not_obtained; JSON booleans preserve false; zero is not NULL,critical,published_source_or_acquisition_log,Clave primaria estable de la fila
data_conflicts,Un conflicto entre afirmaciones,entity_table,text,TEXT (lossless research interchange),,False,NULL = unknown/not_obtained; JSON booleans preserve false; zero is not NULL,context_dependent,published_source_or_acquisition_log,entity table — dentro de la unidad: Un conflicto entre afirmaciones
data_conflicts,Un conflicto entre afirmaciones,entity_id,text,TEXT (lossless research interchange),,False,NULL = unknown/not_obtained; JSON booleans preserve false; zero is not NULL,context_dependent,published_source_or_acquisition_log,entity id — dentro de la unidad: Un conflicto entre afirmaciones
data_conflicts,Un conflicto entre afirmaciones,field,text,TEXT (lossless research interchange),,False,NULL = unknown/not_obtained; JSON booleans preserve false; zero is not NULL,context_dependent,published_source_or_acquisition_log,field — dentro de la unidad: Un conflicto entre afirmaciones
data_conflicts,Un conflicto entre afirmaciones,assertion_ids_json,json,TEXT (lossless research interchange),,False,NULL = unknown/not_obtained; JSON booleans preserve false; zero is not NULL,context_dependent,published_source_or_acquisition_log,assertion ids json — dentro de la unidad: Un conflicto entre afirmaciones
data_conflicts,Un conflicto entre afirmaciones,resolution,text,TEXT (lossless research interchange),,False,NULL = unknown/not_obtained; JSON booleans preserve false; zero is not NULL,context_dependent,published_source_or_acquisition_log,resolution — dentro de la unidad: Un conflicto entre afirmaciones
data_conflicts,Un conflicto entre afirmaciones,status,text,TEXT (lossless research interchange),,False,NULL = unknown/not_obtained; JSON booleans preserve false; zero is not NULL,context_dependent,published_source_or_acquisition_log,Estado atribuido por la fuente o del flujo; no equivale a resultado medido
data_conflicts,Un conflicto entre afirmaciones,reviewer,text,TEXT (lossless research interchange),,False,NULL = unknown/not_obtained; JSON booleans preserve false; zero is not NULL,context_dependent,published_source_or_acquisition_log,reviewer — dentro de la unidad: Un conflicto entre afirmaciones
data_conflicts,Un conflicto entre afirmaciones,source_id,text,TEXT (lossless research interchange),,False,NULL = unknown/not_obtained; JSON booleans preserve false; zero is not NULL,critical,published_source_or_acquisition_log,Fuente exacta que respalda la fila; cada campo puede tener evidencia adicional en assertions
taxonomy_terms,Un concepto de clasificación,id,text,TEXT (lossless research interchange),,True,NULL = unknown/not_obtained; JSON booleans preserve false; zero is not NULL,critical,published_source_or_acquisition_log,Clave primaria estable de la fila
taxonomy_terms,Un concepto de clasificación,category,text,TEXT (lossless research interchange),,False,NULL = unknown/not_obtained; JSON booleans preserve false; zero is not NULL,context_dependent,published_source_or_acquisition_log,category — dentro de la unidad: Un concepto de clasificación
taxonomy_terms,Un concepto de clasificación,term,text,TEXT (lossless research interchange),,False,NULL = unknown/not_obtained; JSON booleans preserve false; zero is not NULL,context_dependent,published_source_or_acquisition_log,term — dentro de la unidad: Un concepto de clasificación
taxonomy_terms,Un concepto de clasificación,definition,text,TEXT (lossless research interchange),,False,NULL = unknown/not_obtained; JSON booleans preserve false; zero is not NULL,context_dependent,published_source_or_acquisition_log,definition — dentro de la unidad: Un concepto de clasificación
taxonomy_terms,Un concepto de clasificación,parent_id,text,TEXT (lossless research interchange),,False,NULL = unknown/not_obtained; JSON booleans preserve false; zero is not NULL,context_dependent,published_source_or_acquisition_log,parent id — dentro de la unidad: Un concepto de clasificación
taxonomy_terms,Un concepto de clasificación,synonyms_json,json,TEXT (lossless research interchange),,False,NULL = unknown/not_obtained; JSON booleans preserve false; zero is not NULL,context_dependent,published_source_or_acquisition_log,synonyms json — dentro de la unidad: Un concepto de clasificación
taxonomy_terms,Un concepto de clasificación,language,text,TEXT (lossless research interchange),,False,NULL = unknown/not_obtained; JSON booleans preserve false; zero is not NULL,context_dependent,published_source_or_acquisition_log,language — dentro de la unidad: Un concepto de clasificación
taxonomy_terms,Un concepto de clasificación,version,text,TEXT (lossless research interchange),,False,NULL = unknown/not_obtained; JSON booleans preserve false; zero is not NULL,context_dependent,published_source_or_acquisition_log,version — dentro de la unidad: Un concepto de clasificación
entity_classifications,La asignación de una categoría a una entidad,id,text,TEXT (lossless research interchange),,True,NULL = unknown/not_obtained; JSON booleans preserve false; zero is not NULL,critical,derived_method,Clave primaria estable de la fila
entity_classifications,La asignación de una categoría a una entidad,entity_table,text,TEXT (lossless research interchange),,False,NULL = unknown/not_obtained; JSON booleans preserve false; zero is not NULL,context_dependent,derived_method,entity table — dentro de la unidad: La asignación de una categoría a una entidad
entity_classifications,La asignación de una categoría a una entidad,entity_id,text,TEXT (lossless research interchange),,False,NULL = unknown/not_obtained; JSON booleans preserve false; zero is not NULL,context_dependent,derived_method,entity id — dentro de la unidad: La asignación de una categoría a una entidad
entity_classifications,La asignación de una categoría a una entidad,term_id,text,TEXT (lossless research interchange),,False,NULL = unknown/not_obtained; JSON booleans preserve false; zero is not NULL,context_dependent,derived_method,term id — dentro de la unidad: La asignación de una categoría a una entidad
entity_classifications,La asignación de una categoría a una entidad,origin,text,TEXT (lossless research interchange),,False,NULL = unknown/not_obtained; JSON booleans preserve false; zero is not NULL,context_dependent,derived_method,origin — dentro de la unidad: La asignación de una categoría a una entidad
entity_classifications,La asignación de una categoría a una entidad,method,text,TEXT (lossless research interchange),,False,NULL = unknown/not_obtained; JSON booleans preserve false; zero is not NULL,context_dependent,derived_method,method — dentro de la unidad: La asignación de una categoría a una entidad
entity_classifications,La asignación de una categoría a una entidad,version,text,TEXT (lossless research interchange),,False,NULL = unknown/not_obtained; JSON booleans preserve false; zero is not NULL,context_dependent,derived_method,version — dentro de la unidad: La asignación de una categoría a una entidad
entity_classifications,La asignación de una categoría a una entidad,reviewed_at,ISO8601_or_documented_partial_date,TEXT (lossless research interchange),,False,NULL = unknown/not_obtained; JSON booleans preserve false; zero is not NULL,context_dependent,derived_method,reviewed at — dentro de la unidad: La asignación de una categoría a una entidad
entity_classifications,La asignación de una categoría a una entidad,source_id,text,TEXT (lossless research interchange),,False,NULL = unknown/not_obtained; JSON booleans preserve false; zero is not NULL,critical,derived_method,Fuente exacta que respalda la fila; cada campo puede tener evidencia adicional en assertions
sessions,Una sesión de la agenda de una edición,id,text,TEXT (lossless research interchange),,True,NULL = unknown/not_obtained; JSON booleans preserve false; zero is not NULL,critical,published_source_or_acquisition_log,Clave primaria estable de la fila
sessions,Una sesión de la agenda de una edición,event_id,text,TEXT (lossless research interchange),,False,NULL = unknown/not_obtained; JSON booleans preserve false; zero is not NULL,critical,published_source_or_acquisition_log,Edición concreta; nunca serie o sesión
sessions,Una sesión de la agenda de una edición,title,text,TEXT (lossless research interchange),,False,NULL = unknown/not_obtained; JSON booleans preserve false; zero is not NULL,context_dependent,published_source_or_acquisition_log,title — dentro de la unidad: Una sesión de la agenda de una edición
sessions,Una sesión de la agenda de una edición,description,text,TEXT (lossless research interchange),,False,NULL = unknown/not_obtained; JSON booleans preserve false; zero is not NULL,context_dependent,published_source_or_acquisition_log,description — dentro de la unidad: Una sesión de la agenda de una edición
sessions,Una sesión de la agenda de una edición,topic,text,TEXT (lossless research interchange),,False,NULL = unknown/not_obtained; JSON booleans preserve false; zero is not NULL,context_dependent,published_source_or_acquisition_log,topic — dentro de la unidad: Una sesión de la agenda de una edición
sessions,Una sesión de la agenda de una edición,track,text,TEXT (lossless research interchange),,False,NULL = unknown/not_obtained; JSON booleans preserve false; zero is not NULL,context_dependent,published_source_or_acquisition_log,track — dentro de la unidad: Una sesión de la agenda de una edición
sessions,Una sesión de la agenda de una edición,format,text,TEXT (lossless research interchange),,False,NULL = unknown/not_obtained; JSON booleans preserve false; zero is not NULL,context_dependent,published_source_or_acquisition_log,format — dentro de la unidad: Una sesión de la agenda de una edición
sessions,Una sesión de la agenda de una edición,start_at,ISO8601_or_documented_partial_date,TEXT (lossless research interchange),,False,NULL = unknown/not_obtained; JSON booleans preserve false; zero is not NULL,context_dependent,published_source_or_acquisition_log,start at — dentro de la unidad: Una sesión de la agenda de una edición
sessions,Una sesión de la agenda de una edición,end_at,ISO8601_or_documented_partial_date,TEXT (lossless research interchange),,False,NULL = unknown/not_obtained; JSON booleans preserve false; zero is not NULL,context_dependent,published_source_or_acquisition_log,end at — dentro de la unidad: Una sesión de la agenda de una edición
sessions,Una sesión de la agenda de una edición,space_id,text,TEXT (lossless research interchange),,False,NULL = unknown/not_obtained; JSON booleans preserve false; zero is not NULL,context_dependent,published_source_or_acquisition_log,space id — dentro de la unidad: Una sesión de la agenda de una edición
sessions,Una sesión de la agenda de una edición,agenda_version,text,TEXT (lossless research interchange),,False,NULL = unknown/not_obtained; JSON booleans preserve false; zero is not NULL,context_dependent,published_source_or_acquisition_log,agenda version — dentro de la unidad: Una sesión de la agenda de una edición
sessions,Una sesión de la agenda de una edición,status,text,TEXT (lossless research interchange),,False,NULL = unknown/not_obtained; JSON booleans preserve false; zero is not NULL,context_dependent,published_source_or_acquisition_log,Estado atribuido por la fuente o del flujo; no equivale a resultado medido
sessions,Una sesión de la agenda de una edición,source_id,text,TEXT (lossless research interchange),,False,NULL = unknown/not_obtained; JSON booleans preserve false; zero is not NULL,critical,published_source_or_acquisition_log,Fuente exacta que respalda la fila; cada campo puede tener evidencia adicional en assertions
session_participants,Un rol profesional anunciado o verificado en una sesión,id,text,TEXT (lossless research interchange),,True,NULL = unknown/not_obtained; JSON booleans preserve false; zero is not NULL,critical,published_source_or_acquisition_log,Clave primaria estable de la fila
session_participants,Un rol profesional anunciado o verificado en una sesión,session_id,text,TEXT (lossless research interchange),,False,NULL = unknown/not_obtained; JSON booleans preserve false; zero is not NULL,context_dependent,published_source_or_acquisition_log,session id — dentro de la unidad: Un rol profesional anunciado o verificado en una sesión
session_participants,Un rol profesional anunciado o verificado en una sesión,person_id,text,TEXT (lossless research interchange),,False,NULL = unknown/not_obtained; JSON booleans preserve false; zero is not NULL,context_dependent,published_source_or_acquisition_log,person id — dentro de la unidad: Un rol profesional anunciado o verificado en una sesión
session_participants,Un rol profesional anunciado o verificado en una sesión,company_id,text,TEXT (lossless research interchange),,False,NULL = unknown/not_obtained; JSON booleans preserve false; zero is not NULL,context_dependent,published_source_or_acquisition_log,Organización o marca canónica; rol se guarda aparte
session_participants,Un rol profesional anunciado o verificado en una sesión,role,text,TEXT (lossless research interchange),,False,NULL = unknown/not_obtained; JSON booleans preserve false; zero is not NULL,context_dependent,published_source_or_acquisition_log,role — dentro de la unidad: Un rol profesional anunciado o verificado en una sesión
session_participants,Un rol profesional anunciado o verificado en una sesión,historical_affiliation,text,TEXT (lossless research interchange),,False,NULL = unknown/not_obtained; JSON booleans preserve false; zero is not NULL,context_dependent,published_source_or_acquisition_log,historical affiliation — dentro de la unidad: Un rol profesional anunciado o verificado en una sesión
session_participants,Un rol profesional anunciado o verificado en una sesión,status,text,TEXT (lossless research interchange),,False,NULL = unknown/not_obtained; JSON booleans preserve false; zero is not NULL,context_dependent,published_source_or_acquisition_log,Estado atribuido por la fuente o del flujo; no equivale a resultado medido
session_participants,Un rol profesional anunciado o verificado en una sesión,source_id,text,TEXT (lossless research interchange),,False,NULL = unknown/not_obtained; JSON booleans preserve false; zero is not NULL,critical,published_source_or_acquisition_log,Fuente exacta que respalda la fila; cada campo puede tener evidencia adicional en assertions
ticket_types,Una clase de acceso para una edición,id,text,TEXT (lossless research interchange),,True,NULL = unknown/not_obtained; JSON booleans preserve false; zero is not NULL,critical,published_source_or_acquisition_log,Clave primaria estable de la fila
ticket_types,Una clase de acceso para una edición,event_id,text,TEXT (lossless research interchange),,False,NULL = unknown/not_obtained; JSON booleans preserve false; zero is not NULL,critical,published_source_or_acquisition_log,Edición concreta; nunca serie o sesión
ticket_types,Una clase de acceso para una edición,name,text,TEXT (lossless research interchange),,False,NULL = unknown/not_obtained; JSON booleans preserve false; zero is not NULL,context_dependent,published_source_or_acquisition_log,name — dentro de la unidad: Una clase de acceso para una edición
ticket_types,Una clase de acceso para una edición,eligibility,text,TEXT (lossless research interchange),,False,NULL = unknown/not_obtained; JSON booleans preserve false; zero is not NULL,context_dependent,published_source_or_acquisition_log,eligibility — dentro de la unidad: Una clase de acceso para una edición
ticket_types,Una clase de acceso para una edición,benefits_json,json,TEXT (lossless research interchange),,False,NULL = unknown/not_obtained; JSON booleans preserve false; zero is not NULL,context_dependent,published_source_or_acquisition_log,benefits json — dentro de la unidad: Una clase de acceso para una edición
ticket_types,Una clase de acceso para una edición,payment_mode,text,TEXT (lossless research interchange),,False,NULL = unknown/not_obtained; JSON booleans preserve false; zero is not NULL,context_dependent,published_source_or_acquisition_log,payment mode — dentro de la unidad: Una clase de acceso para una edición
ticket_types,Una clase de acceso para una edición,capacity,number_or_declared_text,TEXT (lossless research interchange),,False,NULL = unknown/not_obtained; JSON booleans preserve false; zero is not NULL,context_dependent,published_source_or_acquisition_log,capacity — dentro de la unidad: Una clase de acceso para una edición
ticket_types,Una clase de acceso para una edición,currency,text,TEXT (lossless research interchange),,False,NULL = unknown/not_obtained; JSON booleans preserve false; zero is not NULL,context_dependent,published_source_or_acquisition_log,currency — dentro de la unidad: Una clase de acceso para una edición
ticket_types,Una clase de acceso para una edición,source_id,text,TEXT (lossless research interchange),,False,NULL = unknown/not_obtained; JSON booleans preserve false; zero is not NULL,critical,published_source_or_acquisition_log,Fuente exacta que respalda la fila; cada campo puede tener evidencia adicional en assertions
ticket_price_history,Una observación de precio y disponibilidad de un ticket,id,text,TEXT (lossless research interchange),,True,NULL = unknown/not_obtained; JSON booleans preserve false; zero is not NULL,critical,published_source_or_acquisition_log,Clave primaria estable de la fila
ticket_price_history,Una observación de precio y disponibilidad de un ticket,ticket_id,text,TEXT (lossless research interchange),,False,NULL = unknown/not_obtained; JSON booleans preserve false; zero is not NULL,context_dependent,published_source_or_acquisition_log,ticket id — dentro de la unidad: Una observación de precio y disponibilidad de un ticket
ticket_price_history,Una observación de precio y disponibilidad de un ticket,amount,number_or_declared_text,TEXT (lossless research interchange),ISO4217 currency in paired field,False,NULL = unknown/not_obtained; JSON booleans preserve false; zero is not NULL,context_dependent,published_source_or_acquisition_log,amount — dentro de la unidad: Una observación de precio y disponibilidad de un ticket
ticket_price_history,Una observación de precio y disponibilidad de un ticket,currency,text,TEXT (lossless research interchange),,False,NULL = unknown/not_obtained; JSON booleans preserve false; zero is not NULL,context_dependent,published_source_or_acquisition_log,currency — dentro de la unidad: Una observación de precio y disponibilidad de un ticket
ticket_price_history,Una observación de precio y disponibilidad de un ticket,fees,text,TEXT (lossless research interchange),,False,NULL = unknown/not_obtained; JSON booleans preserve false; zero is not NULL,context_dependent,published_source_or_acquisition_log,fees — dentro de la unidad: Una observación de precio y disponibilidad de un ticket
ticket_price_history,Una observación de precio y disponibilidad de un ticket,taxes,text,TEXT (lossless research interchange),,False,NULL = unknown/not_obtained; JSON booleans preserve false; zero is not NULL,context_dependent,published_source_or_acquisition_log,taxes — dentro de la unidad: Una observación de precio y disponibilidad de un ticket
ticket_price_history,Una observación de precio y disponibilidad de un ticket,sale_phase,text,TEXT (lossless research interchange),,False,NULL = unknown/not_obtained; JSON booleans preserve false; zero is not NULL,context_dependent,published_source_or_acquisition_log,sale phase — dentro de la unidad: Una observación de precio y disponibilidad de un ticket
ticket_price_history,Una observación de precio y disponibilidad de un ticket,observed_at,ISO8601_or_documented_partial_date,TEXT (lossless research interchange),,False,NULL = unknown/not_obtained; JSON booleans preserve false; zero is not NULL,context_dependent,published_source_or_acquisition_log,Instante o fecha de consulta; no fecha del hecho
ticket_price_history,Una observación de precio y disponibilidad de un ticket,valid_from,ISO8601_or_documented_partial_date,TEXT (lossless research interchange),,False,NULL = unknown/not_obtained; JSON booleans preserve false; zero is not NULL,context_dependent,published_source_or_acquisition_log,Inicio de vigencia documental; NULL cuando no establecido
ticket_price_history,Una observación de precio y disponibilidad de un ticket,valid_to,ISO8601_or_documented_partial_date,TEXT (lossless research interchange),,False,NULL = unknown/not_obtained; JSON booleans preserve false; zero is not NULL,context_dependent,published_source_or_acquisition_log,Fin de vigencia documental; NULL no implica infinito confirmado
ticket_price_history,Una observación de precio y disponibilidad de un ticket,availability,text,TEXT (lossless research interchange),,False,NULL = unknown/not_obtained; JSON booleans preserve false; zero is not NULL,context_dependent,published_source_or_acquisition_log,availability — dentro de la unidad: Una observación de precio y disponibilidad de un ticket
ticket_price_history,Una observación de precio y disponibilidad de un ticket,source_id,text,TEXT (lossless research interchange),,False,NULL = unknown/not_obtained; JSON booleans preserve false; zero is not NULL,critical,published_source_or_acquisition_log,Fuente exacta que respalda la fila; cada campo puede tener evidencia adicional en assertions
event_status_history,Un cambio documentado del estado de una edición,id,text,TEXT (lossless research interchange),,True,NULL = unknown/not_obtained; JSON booleans preserve false; zero is not NULL,critical,published_source_or_acquisition_log,Clave primaria estable de la fila
event_status_history,Un cambio documentado del estado de una edición,event_id,text,TEXT (lossless research interchange),,False,NULL = unknown/not_obtained; JSON booleans preserve false; zero is not NULL,critical,published_source_or_acquisition_log,Edición concreta; nunca serie o sesión
event_status_history,Un cambio documentado del estado de una edición,previous_status,text,TEXT (lossless research interchange),,False,NULL = unknown/not_obtained; JSON booleans preserve false; zero is not NULL,context_dependent,published_source_or_acquisition_log,previous status — dentro de la unidad: Un cambio documentado del estado de una edición
event_status_history,Un cambio documentado del estado de una edición,new_status,text,TEXT (lossless research interchange),,False,NULL = unknown/not_obtained; JSON booleans preserve false; zero is not NULL,context_dependent,published_source_or_acquisition_log,new status — dentro de la unidad: Un cambio documentado del estado de una edición
event_status_history,Un cambio documentado del estado de una edición,announced_at,ISO8601_or_documented_partial_date,TEXT (lossless research interchange),,False,NULL = unknown/not_obtained; JSON booleans preserve false; zero is not NULL,context_dependent,published_source_or_acquisition_log,announced at — dentro de la unidad: Un cambio documentado del estado de una edición
event_status_history,Un cambio documentado del estado de una edición,effective_at,ISO8601_or_documented_partial_date,TEXT (lossless research interchange),,False,NULL = unknown/not_obtained; JSON booleans preserve false; zero is not NULL,context_dependent,published_source_or_acquisition_log,effective at — dentro de la unidad: Un cambio documentado del estado de una edición
event_status_history,Un cambio documentado del estado de una edición,reason,text,TEXT (lossless research interchange),,False,NULL = unknown/not_obtained; JSON booleans preserve false; zero is not NULL,context_dependent,published_source_or_acquisition_log,reason — dentro de la unidad: Un cambio documentado del estado de una edición
event_status_history,Un cambio documentado del estado de una edición,source_id,text,TEXT (lossless research interchange),,False,NULL = unknown/not_obtained; JSON booleans preserve false; zero is not NULL,critical,published_source_or_acquisition_log,Fuente exacta que respalda la fila; cada campo puede tener evidencia adicional en assertions
event_relations,Una relación entre dos ediciones o series,id,text,TEXT (lossless research interchange),,True,NULL = unknown/not_obtained; JSON booleans preserve false; zero is not NULL,critical,published_source_or_acquisition_log,Clave primaria estable de la fila
event_relations,Una relación entre dos ediciones o series,from_event_id,text,TEXT (lossless research interchange),,False,NULL = unknown/not_obtained; JSON booleans preserve false; zero is not NULL,context_dependent,published_source_or_acquisition_log,from event id — dentro de la unidad: Una relación entre dos ediciones o series
event_relations,Una relación entre dos ediciones o series,to_event_id,text,TEXT (lossless research interchange),,False,NULL = unknown/not_obtained; JSON booleans preserve false; zero is not NULL,context_dependent,published_source_or_acquisition_log,to event id — dentro de la unidad: Una relación entre dos ediciones o series
event_relations,Una relación entre dos ediciones o series,relation_type,text,TEXT (lossless research interchange),,False,NULL = unknown/not_obtained; JSON booleans preserve false; zero is not NULL,context_dependent,published_source_or_acquisition_log,relation type — dentro de la unidad: Una relación entre dos ediciones o series
event_relations,Una relación entre dos ediciones o series,origin,text,TEXT (lossless research interchange),,False,NULL = unknown/not_obtained; JSON booleans preserve false; zero is not NULL,context_dependent,published_source_or_acquisition_log,origin — dentro de la unidad: Una relación entre dos ediciones o series
event_relations,Una relación entre dos ediciones o series,source_id,text,TEXT (lossless research interchange),,False,NULL = unknown/not_obtained; JSON booleans preserve false; zero is not NULL,critical,published_source_or_acquisition_log,Fuente exacta que respalda la fila; cada campo puede tener evidencia adicional en assertions
venue_spaces,Un espacio o configuración dentro de un recinto,id,text,TEXT (lossless research interchange),,True,NULL = unknown/not_obtained; JSON booleans preserve false; zero is not NULL,critical,published_source_or_acquisition_log,Clave primaria estable de la fila
venue_spaces,Un espacio o configuración dentro de un recinto,venue_id,text,TEXT (lossless research interchange),,False,NULL = unknown/not_obtained; JSON booleans preserve false; zero is not NULL,context_dependent,published_source_or_acquisition_log,venue id — dentro de la unidad: Un espacio o configuración dentro de un recinto
venue_spaces,Un espacio o configuración dentro de un recinto,name,text,TEXT (lossless research interchange),,False,NULL = unknown/not_obtained; JSON booleans preserve false; zero is not NULL,context_dependent,published_source_or_acquisition_log,name — dentro de la unidad: Un espacio o configuración dentro de un recinto
venue_spaces,Un espacio o configuración dentro de un recinto,configuration,text,TEXT (lossless research interchange),,False,NULL = unknown/not_obtained; JSON booleans preserve false; zero is not NULL,context_dependent,published_source_or_acquisition_log,configuration — dentro de la unidad: Un espacio o configuración dentro de un recinto
venue_spaces,Un espacio o configuración dentro de un recinto,capacity,number_or_declared_text,TEXT (lossless research interchange),,False,NULL = unknown/not_obtained; JSON booleans preserve false; zero is not NULL,context_dependent,published_source_or_acquisition_log,capacity — dentro de la unidad: Un espacio o configuración dentro de un recinto
venue_spaces,Un espacio o configuración dentro de un recinto,services_json,json,TEXT (lossless research interchange),,False,NULL = unknown/not_obtained; JSON booleans preserve false; zero is not NULL,context_dependent,published_source_or_acquisition_log,services json — dentro de la unidad: Un espacio o configuración dentro de un recinto
venue_spaces,Un espacio o configuración dentro de un recinto,accessibility,text,TEXT (lossless research interchange),,False,NULL = unknown/not_obtained; JSON booleans preserve false; zero is not NULL,context_dependent,published_source_or_acquisition_log,accessibility — dentro de la unidad: Un espacio o configuración dentro de un recinto
venue_spaces,Un espacio o configuración dentro de un recinto,valid_from,ISO8601_or_documented_partial_date,TEXT (lossless research interchange),,False,NULL = unknown/not_obtained; JSON booleans preserve false; zero is not NULL,context_dependent,published_source_or_acquisition_log,Inicio de vigencia documental; NULL cuando no establecido
venue_spaces,Un espacio o configuración dentro de un recinto,valid_to,ISO8601_or_documented_partial_date,TEXT (lossless research interchange),,False,NULL = unknown/not_obtained; JSON booleans preserve false; zero is not NULL,context_dependent,published_source_or_acquisition_log,Fin de vigencia documental; NULL no implica infinito confirmado
venue_spaces,Un espacio o configuración dentro de un recinto,source_id,text,TEXT (lossless research interchange),,False,NULL = unknown/not_obtained; JSON booleans preserve false; zero is not NULL,critical,published_source_or_acquisition_log,Fuente exacta que respalda la fila; cada campo puede tener evidencia adicional en assertions
event_space_assignments,El uso anunciado o confirmado de un espacio,id,text,TEXT (lossless research interchange),,True,NULL = unknown/not_obtained; JSON booleans preserve false; zero is not NULL,critical,published_source_or_acquisition_log,Clave primaria estable de la fila
event_space_assignments,El uso anunciado o confirmado de un espacio,event_id,text,TEXT (lossless research interchange),,False,NULL = unknown/not_obtained; JSON booleans preserve false; zero is not NULL,critical,published_source_or_acquisition_log,Edición concreta; nunca serie o sesión
event_space_assignments,El uso anunciado o confirmado de un espacio,session_id,text,TEXT (lossless research interchange),,False,NULL = unknown/not_obtained; JSON booleans preserve false; zero is not NULL,context_dependent,published_source_or_acquisition_log,session id — dentro de la unidad: El uso anunciado o confirmado de un espacio
event_space_assignments,El uso anunciado o confirmado de un espacio,space_id,text,TEXT (lossless research interchange),,False,NULL = unknown/not_obtained; JSON booleans preserve false; zero is not NULL,context_dependent,published_source_or_acquisition_log,space id — dentro de la unidad: El uso anunciado o confirmado de un espacio
event_space_assignments,El uso anunciado o confirmado de un espacio,start_at,ISO8601_or_documented_partial_date,TEXT (lossless research interchange),,False,NULL = unknown/not_obtained; JSON booleans preserve false; zero is not NULL,context_dependent,published_source_or_acquisition_log,start at — dentro de la unidad: El uso anunciado o confirmado de un espacio
event_space_assignments,El uso anunciado o confirmado de un espacio,end_at,ISO8601_or_documented_partial_date,TEXT (lossless research interchange),,False,NULL = unknown/not_obtained; JSON booleans preserve false; zero is not NULL,context_dependent,published_source_or_acquisition_log,end at — dentro de la unidad: El uso anunciado o confirmado de un espacio
event_space_assignments,El uso anunciado o confirmado de un espacio,status,text,TEXT (lossless research interchange),,False,NULL = unknown/not_obtained; JSON booleans preserve false; zero is not NULL,context_dependent,published_source_or_acquisition_log,Estado atribuido por la fuente o del flujo; no equivale a resultado medido
event_space_assignments,El uso anunciado o confirmado de un espacio,source_id,text,TEXT (lossless research interchange),,False,NULL = unknown/not_obtained; JSON booleans preserve false; zero is not NULL,critical,published_source_or_acquisition_log,Fuente exacta que respalda la fila; cada campo puede tener evidencia adicional en assertions
event_assets,Un activo publicado de una edición,id,text,TEXT (lossless research interchange),,True,NULL = unknown/not_obtained; JSON booleans preserve false; zero is not NULL,critical,published_source_or_acquisition_log,Clave primaria estable de la fila
event_assets,Un activo publicado de una edición,event_id,text,TEXT (lossless research interchange),,False,NULL = unknown/not_obtained; JSON booleans preserve false; zero is not NULL,critical,published_source_or_acquisition_log,Edición concreta; nunca serie o sesión
event_assets,Un activo publicado de una edición,asset_type,text,TEXT (lossless research interchange),,False,NULL = unknown/not_obtained; JSON booleans preserve false; zero is not NULL,context_dependent,published_source_or_acquisition_log,asset type — dentro de la unidad: Un activo publicado de una edición
event_assets,Un activo publicado de una edición,url,text,TEXT (lossless research interchange),,False,NULL = unknown/not_obtained; JSON booleans preserve false; zero is not NULL,context_dependent,published_source_or_acquisition_log,url — dentro de la unidad: Un activo publicado de una edición
event_assets,Un activo publicado de una edición,author,text,TEXT (lossless research interchange),,False,NULL = unknown/not_obtained; JSON booleans preserve false; zero is not NULL,context_dependent,published_source_or_acquisition_log,author — dentro de la unidad: Un activo publicado de una edición
event_assets,Un activo publicado de una edición,language,text,TEXT (lossless research interchange),,False,NULL = unknown/not_obtained; JSON booleans preserve false; zero is not NULL,context_dependent,published_source_or_acquisition_log,language — dentro de la unidad: Un activo publicado de una edición
event_assets,Un activo publicado de una edición,published_at,ISO8601_or_documented_partial_date,TEXT (lossless research interchange),,False,NULL = unknown/not_obtained; JSON booleans preserve false; zero is not NULL,context_dependent,published_source_or_acquisition_log,Fecha publicada por la fuente; no se infiere de consulta
event_assets,Un activo publicado de una edición,rights,text,TEXT (lossless research interchange),,False,NULL = unknown/not_obtained; JSON booleans preserve false; zero is not NULL,context_dependent,published_source_or_acquisition_log,rights — dentro de la unidad: Un activo publicado de una edición
event_assets,Un activo publicado de una edición,locator,text,TEXT (lossless research interchange),,False,NULL = unknown/not_obtained; JSON booleans preserve false; zero is not NULL,context_dependent,published_source_or_acquisition_log,locator — dentro de la unidad: Un activo publicado de una edición
event_assets,Un activo publicado de una edición,source_id,text,TEXT (lossless research interchange),,False,NULL = unknown/not_obtained; JSON booleans preserve false; zero is not NULL,critical,published_source_or_acquisition_log,Fuente exacta que respalda la fila; cada campo puede tener evidencia adicional en assertions
communities,Una comunidad identificada,id,text,TEXT (lossless research interchange),,True,NULL = unknown/not_obtained; JSON booleans preserve false; zero is not NULL,critical,published_source_or_acquisition_log,Clave primaria estable de la fila
communities,Una comunidad identificada,name,text,TEXT (lossless research interchange),,False,NULL = unknown/not_obtained; JSON booleans preserve false; zero is not NULL,context_dependent,published_source_or_acquisition_log,name — dentro de la unidad: Una comunidad identificada
communities,Una comunidad identificada,company_id,text,TEXT (lossless research interchange),,False,NULL = unknown/not_obtained; JSON booleans preserve false; zero is not NULL,context_dependent,published_source_or_acquisition_log,Organización o marca canónica; rol se guarda aparte
communities,Una comunidad identificada,topic,text,TEXT (lossless research interchange),,False,NULL = unknown/not_obtained; JSON booleans preserve false; zero is not NULL,context_dependent,published_source_or_acquisition_log,topic — dentro de la unidad: Una comunidad identificada
communities,Una comunidad identificada,geography,text,TEXT (lossless research interchange),,False,NULL = unknown/not_obtained; JSON booleans preserve false; zero is not NULL,context_dependent,published_source_or_acquisition_log,geography — dentro de la unidad: Una comunidad identificada
communities,Una comunidad identificada,url,text,TEXT (lossless research interchange),,False,NULL = unknown/not_obtained; JSON booleans preserve false; zero is not NULL,context_dependent,published_source_or_acquisition_log,url — dentro de la unidad: Una comunidad identificada
communities,Una comunidad identificada,public_channels_json,json,TEXT (lossless research interchange),,False,NULL = unknown/not_obtained; JSON booleans preserve false; zero is not NULL,context_dependent,published_source_or_acquisition_log,public channels json — dentro de la unidad: Una comunidad identificada
communities,Una comunidad identificada,source_id,text,TEXT (lossless research interchange),,False,NULL = unknown/not_obtained; JSON booleans preserve false; zero is not NULL,critical,published_source_or_acquisition_log,Fuente exacta que respalda la fila; cada campo puede tener evidencia adicional en assertions
community_event_links,Una relación comunidad–edición,id,text,TEXT (lossless research interchange),,True,NULL = unknown/not_obtained; JSON booleans preserve false; zero is not NULL,critical,published_source_or_acquisition_log,Clave primaria estable de la fila
community_event_links,Una relación comunidad–edición,community_id,text,TEXT (lossless research interchange),,False,NULL = unknown/not_obtained; JSON booleans preserve false; zero is not NULL,context_dependent,published_source_or_acquisition_log,community id — dentro de la unidad: Una relación comunidad–edición
community_event_links,Una relación comunidad–edición,event_id,text,TEXT (lossless research interchange),,False,NULL = unknown/not_obtained; JSON booleans preserve false; zero is not NULL,critical,published_source_or_acquisition_log,Edición concreta; nunca serie o sesión
community_event_links,Una relación comunidad–edición,role,text,TEXT (lossless research interchange),,False,NULL = unknown/not_obtained; JSON booleans preserve false; zero is not NULL,context_dependent,published_source_or_acquisition_log,role — dentro de la unidad: Una relación comunidad–edición
community_event_links,Una relación comunidad–edición,valid_from,ISO8601_or_documented_partial_date,TEXT (lossless research interchange),,False,NULL = unknown/not_obtained; JSON booleans preserve false; zero is not NULL,context_dependent,published_source_or_acquisition_log,Inicio de vigencia documental; NULL cuando no establecido
community_event_links,Una relación comunidad–edición,valid_to,ISO8601_or_documented_partial_date,TEXT (lossless research interchange),,False,NULL = unknown/not_obtained; JSON booleans preserve false; zero is not NULL,context_dependent,published_source_or_acquisition_log,Fin de vigencia documental; NULL no implica infinito confirmado
community_event_links,Una relación comunidad–edición,source_id,text,TEXT (lossless research interchange),,False,NULL = unknown/not_obtained; JSON booleans preserve false; zero is not NULL,critical,published_source_or_acquisition_log,Fuente exacta que respalda la fila; cada campo puede tener evidencia adicional en assertions
company_profile_history,Un estado observado del perfil de una empresa,id,text,TEXT (lossless research interchange),,True,NULL = unknown/not_obtained; JSON booleans preserve false; zero is not NULL,critical,published_source_or_acquisition_log,Clave primaria estable de la fila
company_profile_history,Un estado observado del perfil de una empresa,company_id,text,TEXT (lossless research interchange),,False,NULL = unknown/not_obtained; JSON booleans preserve false; zero is not NULL,context_dependent,published_source_or_acquisition_log,Organización o marca canónica; rol se guarda aparte
company_profile_history,Un estado observado del perfil de una empresa,version,text,TEXT (lossless research interchange),,False,NULL = unknown/not_obtained; JSON booleans preserve false; zero is not NULL,context_dependent,published_source_or_acquisition_log,version — dentro de la unidad: Un estado observado del perfil de una empresa
company_profile_history,Un estado observado del perfil de una empresa,products_json,json,TEXT (lossless research interchange),,False,NULL = unknown/not_obtained; JSON booleans preserve false; zero is not NULL,context_dependent,published_source_or_acquisition_log,products json — dentro de la unidad: Un estado observado del perfil de una empresa
company_profile_history,Un estado observado del perfil de una empresa,value_proposition,text,TEXT (lossless research interchange),,False,NULL = unknown/not_obtained; JSON booleans preserve false; zero is not NULL,context_dependent,published_source_or_acquisition_log,value proposition — dentro de la unidad: Un estado observado del perfil de una empresa
company_profile_history,Un estado observado del perfil de una empresa,audiences_json,json,TEXT (lossless research interchange),,False,NULL = unknown/not_obtained; JSON booleans preserve false; zero is not NULL,context_dependent,published_source_or_acquisition_log,audiences json — dentro de la unidad: Un estado observado del perfil de una empresa
company_profile_history,Un estado observado del perfil de una empresa,markets_json,json,TEXT (lossless research interchange),,False,NULL = unknown/not_obtained; JSON booleans preserve false; zero is not NULL,context_dependent,published_source_or_acquisition_log,markets json — dentro de la unidad: Un estado observado del perfil de una empresa
company_profile_history,Un estado observado del perfil de una empresa,size_text,text,TEXT (lossless research interchange),,False,NULL = unknown/not_obtained; JSON booleans preserve false; zero is not NULL,context_dependent,published_source_or_acquisition_log,size text — dentro de la unidad: Un estado observado del perfil de una empresa
company_profile_history,Un estado observado del perfil de una empresa,observed_at,ISO8601_or_documented_partial_date,TEXT (lossless research interchange),,False,NULL = unknown/not_obtained; JSON booleans preserve false; zero is not NULL,context_dependent,published_source_or_acquisition_log,Instante o fecha de consulta; no fecha del hecho
company_profile_history,Un estado observado del perfil de una empresa,valid_from,ISO8601_or_documented_partial_date,TEXT (lossless research interchange),,False,NULL = unknown/not_obtained; JSON booleans preserve false; zero is not NULL,context_dependent,published_source_or_acquisition_log,Inicio de vigencia documental; NULL cuando no establecido
company_profile_history,Un estado observado del perfil de una empresa,valid_to,ISO8601_or_documented_partial_date,TEXT (lossless research interchange),,False,NULL = unknown/not_obtained; JSON booleans preserve false; zero is not NULL,context_dependent,published_source_or_acquisition_log,Fin de vigencia documental; NULL no implica infinito confirmado
company_profile_history,Un estado observado del perfil de una empresa,source_id,text,TEXT (lossless research interchange),,False,NULL = unknown/not_obtained; JSON booleans preserve false; zero is not NULL,critical,published_source_or_acquisition_log,Fuente exacta que respalda la fila; cada campo puede tener evidencia adicional en assertions
professional_affiliations,Una afiliación profesional pública con contexto temporal,id,text,TEXT (lossless research interchange),,True,NULL = unknown/not_obtained; JSON booleans preserve false; zero is not NULL,critical,published_source_or_acquisition_log,Clave primaria estable de la fila
professional_affiliations,Una afiliación profesional pública con contexto temporal,person_id,text,TEXT (lossless research interchange),,False,NULL = unknown/not_obtained; JSON booleans preserve false; zero is not NULL,context_dependent,published_source_or_acquisition_log,person id — dentro de la unidad: Una afiliación profesional pública con contexto temporal
professional_affiliations,Una afiliación profesional pública con contexto temporal,company_id,text,TEXT (lossless research interchange),,False,NULL = unknown/not_obtained; JSON booleans preserve false; zero is not NULL,context_dependent,published_source_or_acquisition_log,Organización o marca canónica; rol se guarda aparte
professional_affiliations,Una afiliación profesional pública con contexto temporal,role,text,TEXT (lossless research interchange),,False,NULL = unknown/not_obtained; JSON booleans preserve false; zero is not NULL,context_dependent,published_source_or_acquisition_log,role — dentro de la unidad: Una afiliación profesional pública con contexto temporal
professional_affiliations,Una afiliación profesional pública con contexto temporal,valid_from,ISO8601_or_documented_partial_date,TEXT (lossless research interchange),,False,NULL = unknown/not_obtained; JSON booleans preserve false; zero is not NULL,context_dependent,published_source_or_acquisition_log,Inicio de vigencia documental; NULL cuando no establecido
professional_affiliations,Una afiliación profesional pública con contexto temporal,valid_to,ISO8601_or_documented_partial_date,TEXT (lossless research interchange),,False,NULL = unknown/not_obtained; JSON booleans preserve false; zero is not NULL,context_dependent,published_source_or_acquisition_log,Fin de vigencia documental; NULL no implica infinito confirmado
professional_affiliations,Una afiliación profesional pública con contexto temporal,event_id,text,TEXT (lossless research interchange),,False,NULL = unknown/not_obtained; JSON booleans preserve false; zero is not NULL,critical,published_source_or_acquisition_log,Edición concreta; nunca serie o sesión
professional_affiliations,Una afiliación profesional pública con contexto temporal,source_id,text,TEXT (lossless research interchange),,False,NULL = unknown/not_obtained; JSON booleans preserve false; zero is not NULL,critical,published_source_or_acquisition_log,Fuente exacta que respalda la fila; cada campo puede tener evidencia adicional en assertions
event_deadlines,Un plazo publicado para una edición,id,text,TEXT (lossless research interchange),,True,NULL = unknown/not_obtained; JSON booleans preserve false; zero is not NULL,critical,published_source_or_acquisition_log,Clave primaria estable de la fila
event_deadlines,Un plazo publicado para una edición,event_id,text,TEXT (lossless research interchange),,False,NULL = unknown/not_obtained; JSON booleans preserve false; zero is not NULL,critical,published_source_or_acquisition_log,Edición concreta; nunca serie o sesión
event_deadlines,Un plazo publicado para una edición,deadline_type,text,TEXT (lossless research interchange),,False,NULL = unknown/not_obtained; JSON booleans preserve false; zero is not NULL,context_dependent,published_source_or_acquisition_log,deadline type — dentro de la unidad: Un plazo publicado para una edición
event_deadlines,Un plazo publicado para una edición,date,text,TEXT (lossless research interchange),,False,NULL = unknown/not_obtained; JSON booleans preserve false; zero is not NULL,context_dependent,published_source_or_acquisition_log,date — dentro de la unidad: Un plazo publicado para una edición
event_deadlines,Un plazo publicado para una edición,date_precision,text,TEXT (lossless research interchange),,False,NULL = unknown/not_obtained; JSON booleans preserve false; zero is not NULL,context_dependent,published_source_or_acquisition_log,date precision — dentro de la unidad: Un plazo publicado para una edición
event_deadlines,Un plazo publicado para una edición,timezone,text,TEXT (lossless research interchange),,False,NULL = unknown/not_obtained; JSON booleans preserve false; zero is not NULL,context_dependent,published_source_or_acquisition_log,timezone — dentro de la unidad: Un plazo publicado para una edición
event_deadlines,Un plazo publicado para una edición,status,text,TEXT (lossless research interchange),,False,NULL = unknown/not_obtained; JSON booleans preserve false; zero is not NULL,context_dependent,published_source_or_acquisition_log,Estado atribuido por la fuente o del flujo; no equivale a resultado medido
event_deadlines,Un plazo publicado para una edición,requirements,text,TEXT (lossless research interchange),,False,NULL = unknown/not_obtained; JSON booleans preserve false; zero is not NULL,context_dependent,published_source_or_acquisition_log,requirements — dentro de la unidad: Un plazo publicado para una edición
event_deadlines,Un plazo publicado para una edición,source_id,text,TEXT (lossless research interchange),,False,NULL = unknown/not_obtained; JSON booleans preserve false; zero is not NULL,critical,published_source_or_acquisition_log,Fuente exacta que respalda la fila; cada campo puede tener evidencia adicional en assertions
distribution_metrics,Una medición publicada o autorizada de un canal,id,text,TEXT (lossless research interchange),,True,NULL = unknown/not_obtained; JSON booleans preserve false; zero is not NULL,critical,published_source_or_acquisition_log,Clave primaria estable de la fila
distribution_metrics,Una medición publicada o autorizada de un canal,channel_id,text,TEXT (lossless research interchange),,False,NULL = unknown/not_obtained; JSON booleans preserve false; zero is not NULL,context_dependent,published_source_or_acquisition_log,channel id — dentro de la unidad: Una medición publicada o autorizada de un canal
distribution_metrics,Una medición publicada o autorizada de un canal,metric,text,TEXT (lossless research interchange),,False,NULL = unknown/not_obtained; JSON booleans preserve false; zero is not NULL,context_dependent,published_source_or_acquisition_log,metric — dentro de la unidad: Una medición publicada o autorizada de un canal
distribution_metrics,Una medición publicada o autorizada de un canal,value,number_or_declared_text,TEXT (lossless research interchange),paired unit field; never mix definitions,False,NULL = unknown/not_obtained; JSON booleans preserve false; zero is not NULL,context_dependent,published_source_or_acquisition_log,value — dentro de la unidad: Una medición publicada o autorizada de un canal
distribution_metrics,Una medición publicada o autorizada de un canal,unit,text,TEXT (lossless research interchange),,False,NULL = unknown/not_obtained; JSON booleans preserve false; zero is not NULL,context_dependent,published_source_or_acquisition_log,unit — dentro de la unidad: Una medición publicada o autorizada de un canal
distribution_metrics,Una medición publicada o autorizada de un canal,period,text,TEXT (lossless research interchange),,False,NULL = unknown/not_obtained; JSON booleans preserve false; zero is not NULL,context_dependent,published_source_or_acquisition_log,period — dentro de la unidad: Una medición publicada o autorizada de un canal
distribution_metrics,Una medición publicada o autorizada de un canal,scope,text,TEXT (lossless research interchange),,False,NULL = unknown/not_obtained; JSON booleans preserve false; zero is not NULL,context_dependent,published_source_or_acquisition_log,scope — dentro de la unidad: Una medición publicada o autorizada de un canal
distribution_metrics,Una medición publicada o autorizada de un canal,method,text,TEXT (lossless research interchange),,False,NULL = unknown/not_obtained; JSON booleans preserve false; zero is not NULL,context_dependent,published_source_or_acquisition_log,method — dentro de la unidad: Una medición publicada o autorizada de un canal
distribution_metrics,Una medición publicada o autorizada de un canal,source_id,text,TEXT (lossless research interchange),,False,NULL = unknown/not_obtained; JSON booleans preserve false; zero is not NULL,critical,published_source_or_acquisition_log,Fuente exacta que respalda la fila; cada campo puede tener evidencia adicional en assertions
news_articles,Una pieza periodística o comunicado,id,text,TEXT (lossless research interchange),,True,NULL = unknown/not_obtained; JSON booleans preserve false; zero is not NULL,critical,published_source_or_acquisition_log,Clave primaria estable de la fila
news_articles,Una pieza periodística o comunicado,source_id,text,TEXT (lossless research interchange),,False,NULL = unknown/not_obtained; JSON booleans preserve false; zero is not NULL,critical,published_source_or_acquisition_log,Fuente exacta que respalda la fila; cada campo puede tener evidencia adicional en assertions
news_articles,Una pieza periodística o comunicado,title,text,TEXT (lossless research interchange),,False,NULL = unknown/not_obtained; JSON booleans preserve false; zero is not NULL,context_dependent,published_source_or_acquisition_log,title — dentro de la unidad: Una pieza periodística o comunicado
news_articles,Una pieza periodística o comunicado,publisher,text,TEXT (lossless research interchange),,False,NULL = unknown/not_obtained; JSON booleans preserve false; zero is not NULL,context_dependent,published_source_or_acquisition_log,publisher — dentro de la unidad: Una pieza periodística o comunicado
news_articles,Una pieza periodística o comunicado,author,text,TEXT (lossless research interchange),,False,NULL = unknown/not_obtained; JSON booleans preserve false; zero is not NULL,context_dependent,published_source_or_acquisition_log,author — dentro de la unidad: Una pieza periodística o comunicado
news_articles,Una pieza periodística o comunicado,url,text,TEXT (lossless research interchange),,False,NULL = unknown/not_obtained; JSON booleans preserve false; zero is not NULL,context_dependent,published_source_or_acquisition_log,url — dentro de la unidad: Una pieza periodística o comunicado
news_articles,Una pieza periodística o comunicado,language,text,TEXT (lossless research interchange),,False,NULL = unknown/not_obtained; JSON booleans preserve false; zero is not NULL,context_dependent,published_source_or_acquisition_log,language — dentro de la unidad: Una pieza periodística o comunicado
news_articles,Una pieza periodística o comunicado,published_at,ISO8601_or_documented_partial_date,TEXT (lossless research interchange),,False,NULL = unknown/not_obtained; JSON booleans preserve false; zero is not NULL,context_dependent,published_source_or_acquisition_log,Fecha publicada por la fuente; no se infiere de consulta
news_articles,Una pieza periodística o comunicado,updated_at,ISO8601_or_documented_partial_date,TEXT (lossless research interchange),,False,NULL = unknown/not_obtained; JSON booleans preserve false; zero is not NULL,context_dependent,published_source_or_acquisition_log,updated at — dentro de la unidad: Una pieza periodística o comunicado
news_articles,Una pieza periodística o comunicado,editorial_type,text,TEXT (lossless research interchange),,False,NULL = unknown/not_obtained; JSON booleans preserve false; zero is not NULL,context_dependent,published_source_or_acquisition_log,editorial type — dentro de la unidad: Una pieza periodística o comunicado
news_articles,Una pieza periodística o comunicado,summary,text,TEXT (lossless research interchange),,False,NULL = unknown/not_obtained; JSON booleans preserve false; zero is not NULL,context_dependent,published_source_or_acquisition_log,summary — dentro de la unidad: Una pieza periodística o comunicado
news_articles,Una pieza periodística o comunicado,event_date,ISO8601_or_documented_partial_date,TEXT (lossless research interchange),,False,NULL = unknown/not_obtained; JSON booleans preserve false; zero is not NULL,context_dependent,published_source_or_acquisition_log,event date — dentro de la unidad: Una pieza periodística o comunicado
news_articles,Una pieza periodística o comunicado,access_status,text,TEXT (lossless research interchange),,False,NULL = unknown/not_obtained; JSON booleans preserve false; zero is not NULL,context_dependent,published_source_or_acquisition_log,access status — dentro de la unidad: Una pieza periodística o comunicado
news_entity_links,Una relación respaldada entre una pieza y una entidad,id,text,TEXT (lossless research interchange),,True,NULL = unknown/not_obtained; JSON booleans preserve false; zero is not NULL,critical,published_source_or_acquisition_log,Clave primaria estable de la fila
news_entity_links,Una relación respaldada entre una pieza y una entidad,article_id,text,TEXT (lossless research interchange),,False,NULL = unknown/not_obtained; JSON booleans preserve false; zero is not NULL,context_dependent,published_source_or_acquisition_log,article id — dentro de la unidad: Una relación respaldada entre una pieza y una entidad
news_entity_links,Una relación respaldada entre una pieza y una entidad,entity_table,text,TEXT (lossless research interchange),,False,NULL = unknown/not_obtained; JSON booleans preserve false; zero is not NULL,context_dependent,published_source_or_acquisition_log,entity table — dentro de la unidad: Una relación respaldada entre una pieza y una entidad
news_entity_links,Una relación respaldada entre una pieza y una entidad,entity_id,text,TEXT (lossless research interchange),,False,NULL = unknown/not_obtained; JSON booleans preserve false; zero is not NULL,context_dependent,published_source_or_acquisition_log,entity id — dentro de la unidad: Una relación respaldada entre una pieza y una entidad
news_entity_links,Una relación respaldada entre una pieza y una entidad,mention_type,text,TEXT (lossless research interchange),,False,NULL = unknown/not_obtained; JSON booleans preserve false; zero is not NULL,context_dependent,published_source_or_acquisition_log,mention type — dentro de la unidad: Una relación respaldada entre una pieza y una entidad
news_entity_links,Una relación respaldada entre una pieza y una entidad,assertion_id,text,TEXT (lossless research interchange),,False,NULL = unknown/not_obtained; JSON booleans preserve false; zero is not NULL,context_dependent,published_source_or_acquisition_log,assertion id — dentro de la unidad: Una relación respaldada entre una pieza y una entidad
news_entity_links,Una relación respaldada entre una pieza y una entidad,valid_from,ISO8601_or_documented_partial_date,TEXT (lossless research interchange),,False,NULL = unknown/not_obtained; JSON booleans preserve false; zero is not NULL,context_dependent,published_source_or_acquisition_log,Inicio de vigencia documental; NULL cuando no establecido
news_entity_links,Una relación respaldada entre una pieza y una entidad,valid_to,ISO8601_or_documented_partial_date,TEXT (lossless research interchange),,False,NULL = unknown/not_obtained; JSON booleans preserve false; zero is not NULL,context_dependent,published_source_or_acquisition_log,Fin de vigencia documental; NULL no implica infinito confirmado
news_entity_links,Una relación respaldada entre una pieza y una entidad,source_id,text,TEXT (lossless research interchange),,False,NULL = unknown/not_obtained; JSON booleans preserve false; zero is not NULL,critical,published_source_or_acquisition_log,Fuente exacta que respalda la fila; cada campo puede tener evidencia adicional en assertions
news_dedup_clusters,La pertenencia de una pieza a una familia de republicaciones,id,text,TEXT (lossless research interchange),,True,NULL = unknown/not_obtained; JSON booleans preserve false; zero is not NULL,critical,published_source_or_acquisition_log,Clave primaria estable de la fila
news_dedup_clusters,La pertenencia de una pieza a una familia de republicaciones,article_id,text,TEXT (lossless research interchange),,False,NULL = unknown/not_obtained; JSON booleans preserve false; zero is not NULL,context_dependent,published_source_or_acquisition_log,article id — dentro de la unidad: La pertenencia de una pieza a una familia de republicaciones
news_dedup_clusters,La pertenencia de una pieza a una familia de republicaciones,cluster_id,text,TEXT (lossless research interchange),,False,NULL = unknown/not_obtained; JSON booleans preserve false; zero is not NULL,context_dependent,published_source_or_acquisition_log,cluster id — dentro de la unidad: La pertenencia de una pieza a una familia de republicaciones
news_dedup_clusters,La pertenencia de una pieza a una familia de republicaciones,original_article_id,text,TEXT (lossless research interchange),,False,NULL = unknown/not_obtained; JSON booleans preserve false; zero is not NULL,context_dependent,published_source_or_acquisition_log,original article id — dentro de la unidad: La pertenencia de una pieza a una familia de republicaciones
news_dedup_clusters,La pertenencia de una pieza a una familia de republicaciones,relationship,text,TEXT (lossless research interchange),,False,NULL = unknown/not_obtained; JSON booleans preserve false; zero is not NULL,context_dependent,published_source_or_acquisition_log,relationship — dentro de la unidad: La pertenencia de una pieza a una familia de republicaciones
news_dedup_clusters,La pertenencia de una pieza a una familia de republicaciones,independence_basis,text,TEXT (lossless research interchange),,False,NULL = unknown/not_obtained; JSON booleans preserve false; zero is not NULL,context_dependent,published_source_or_acquisition_log,independence basis — dentro de la unidad: La pertenencia de una pieza a una familia de republicaciones
news_dedup_clusters,La pertenencia de una pieza a una familia de republicaciones,source_id,text,TEXT (lossless research interchange),,False,NULL = unknown/not_obtained; JSON booleans preserve false; zero is not NULL,critical,published_source_or_acquisition_log,Fuente exacta que respalda la fila; cada campo puede tener evidencia adicional en assertions
company_signals,Un hecho empresarial documentado potencialmente relevante,id,text,TEXT (lossless research interchange),,True,NULL = unknown/not_obtained; JSON booleans preserve false; zero is not NULL,critical,published_source_or_acquisition_log,Clave primaria estable de la fila
company_signals,Un hecho empresarial documentado potencialmente relevante,company_id,text,TEXT (lossless research interchange),,False,NULL = unknown/not_obtained; JSON booleans preserve false; zero is not NULL,context_dependent,published_source_or_acquisition_log,Organización o marca canónica; rol se guarda aparte
company_signals,Un hecho empresarial documentado potencialmente relevante,signal_type,text,TEXT (lossless research interchange),,False,NULL = unknown/not_obtained; JSON booleans preserve false; zero is not NULL,context_dependent,published_source_or_acquisition_log,signal type — dentro de la unidad: Un hecho empresarial documentado potencialmente relevante
company_signals,Un hecho empresarial documentado potencialmente relevante,fact_date,ISO8601_or_documented_partial_date,TEXT (lossless research interchange),,False,NULL = unknown/not_obtained; JSON booleans preserve false; zero is not NULL,context_dependent,published_source_or_acquisition_log,fact date — dentro de la unidad: Un hecho empresarial documentado potencialmente relevante
company_signals,Un hecho empresarial documentado potencialmente relevante,geography,text,TEXT (lossless research interchange),,False,NULL = unknown/not_obtained; JSON booleans preserve false; zero is not NULL,context_dependent,published_source_or_acquisition_log,geography — dentro de la unidad: Un hecho empresarial documentado potencialmente relevante
company_signals,Un hecho empresarial documentado potencialmente relevante,fact,text,TEXT (lossless research interchange),,False,NULL = unknown/not_obtained; JSON booleans preserve false; zero is not NULL,context_dependent,published_source_or_acquisition_log,fact — dentro de la unidad: Un hecho empresarial documentado potencialmente relevante
company_signals,Un hecho empresarial documentado potencialmente relevante,hypothesis,text,TEXT (lossless research interchange),,False,NULL = unknown/not_obtained; JSON booleans preserve false; zero is not NULL,context_dependent,published_source_or_acquisition_log,hypothesis — dentro de la unidad: Un hecho empresarial documentado potencialmente relevante
company_signals,Un hecho empresarial documentado potencialmente relevante,source_id,text,TEXT (lossless research interchange),,False,NULL = unknown/not_obtained; JSON booleans preserve false; zero is not NULL,critical,published_source_or_acquisition_log,Fuente exacta que respalda la fila; cada campo puede tener evidencia adicional en assertions
market_context,Una observación contextual con alcance definido,id,text,TEXT (lossless research interchange),,True,NULL = unknown/not_obtained; JSON booleans preserve false; zero is not NULL,critical,published_source_or_acquisition_log,Clave primaria estable de la fila
market_context,Una observación contextual con alcance definido,region,text,TEXT (lossless research interchange),,False,NULL = unknown/not_obtained; JSON booleans preserve false; zero is not NULL,context_dependent,published_source_or_acquisition_log,region — dentro de la unidad: Una observación contextual con alcance definido
market_context,Una observación contextual con alcance definido,sector,text,TEXT (lossless research interchange),,False,NULL = unknown/not_obtained; JSON booleans preserve false; zero is not NULL,context_dependent,published_source_or_acquisition_log,sector — dentro de la unidad: Una observación contextual con alcance definido
market_context,Una observación contextual con alcance definido,variable,text,TEXT (lossless research interchange),,False,NULL = unknown/not_obtained; JSON booleans preserve false; zero is not NULL,context_dependent,published_source_or_acquisition_log,variable — dentro de la unidad: Una observación contextual con alcance definido
market_context,Una observación contextual con alcance definido,value,number_or_declared_text,TEXT (lossless research interchange),paired unit field; never mix definitions,False,NULL = unknown/not_obtained; JSON booleans preserve false; zero is not NULL,context_dependent,published_source_or_acquisition_log,value — dentro de la unidad: Una observación contextual con alcance definido
market_context,Una observación contextual con alcance definido,unit,text,TEXT (lossless research interchange),,False,NULL = unknown/not_obtained; JSON booleans preserve false; zero is not NULL,context_dependent,published_source_or_acquisition_log,unit — dentro de la unidad: Una observación contextual con alcance definido
market_context,Una observación contextual con alcance definido,period,text,TEXT (lossless research interchange),,False,NULL = unknown/not_obtained; JSON booleans preserve false; zero is not NULL,context_dependent,published_source_or_acquisition_log,period — dentro de la unidad: Una observación contextual con alcance definido
market_context,Una observación contextual con alcance definido,decision_link,text,TEXT (lossless research interchange),,False,NULL = unknown/not_obtained; JSON booleans preserve false; zero is not NULL,context_dependent,published_source_or_acquisition_log,decision link — dentro de la unidad: Una observación contextual con alcance definido
market_context,Una observación contextual con alcance definido,source_id,text,TEXT (lossless research interchange),,False,NULL = unknown/not_obtained; JSON booleans preserve false; zero is not NULL,critical,published_source_or_acquisition_log,Fuente exacta que respalda la fila; cada campo puede tener evidencia adicional en assertions
sponsorship_history,Un acuerdo o patrocinio documentado,id,text,TEXT (lossless research interchange),,True,NULL = unknown/not_obtained; JSON booleans preserve false; zero is not NULL,critical,published_source_or_acquisition_log,Clave primaria estable de la fila
sponsorship_history,Un acuerdo o patrocinio documentado,company_id,text,TEXT (lossless research interchange),,False,NULL = unknown/not_obtained; JSON booleans preserve false; zero is not NULL,context_dependent,published_source_or_acquisition_log,Organización o marca canónica; rol se guarda aparte
sponsorship_history,Un acuerdo o patrocinio documentado,event_id,text,TEXT (lossless research interchange),,False,NULL = unknown/not_obtained; JSON booleans preserve false; zero is not NULL,critical,published_source_or_acquisition_log,Edición concreta; nunca serie o sesión
sponsorship_history,Un acuerdo o patrocinio documentado,series_id,text,TEXT (lossless research interchange),,False,NULL = unknown/not_obtained; JSON booleans preserve false; zero is not NULL,context_dependent,published_source_or_acquisition_log,series id — dentro de la unidad: Un acuerdo o patrocinio documentado
sponsorship_history,Un acuerdo o patrocinio documentado,package_id,text,TEXT (lossless research interchange),,False,NULL = unknown/not_obtained; JSON booleans preserve false; zero is not NULL,context_dependent,published_source_or_acquisition_log,package id — dentro de la unidad: Un acuerdo o patrocinio documentado
sponsorship_history,Un acuerdo o patrocinio documentado,level,text,TEXT (lossless research interchange),,False,NULL = unknown/not_obtained; JSON booleans preserve false; zero is not NULL,context_dependent,published_source_or_acquisition_log,level — dentro de la unidad: Un acuerdo o patrocinio documentado
sponsorship_history,Un acuerdo o patrocinio documentado,period,text,TEXT (lossless research interchange),,False,NULL = unknown/not_obtained; JSON booleans preserve false; zero is not NULL,context_dependent,published_source_or_acquisition_log,period — dentro de la unidad: Un acuerdo o patrocinio documentado
sponsorship_history,Un acuerdo o patrocinio documentado,status,text,TEXT (lossless research interchange),,False,NULL = unknown/not_obtained; JSON booleans preserve false; zero is not NULL,context_dependent,published_source_or_acquisition_log,Estado atribuido por la fuente o del flujo; no equivale a resultado medido
sponsorship_history,Un acuerdo o patrocinio documentado,modality,text,TEXT (lossless research interchange),,False,NULL = unknown/not_obtained; JSON booleans preserve false; zero is not NULL,context_dependent,published_source_or_acquisition_log,modality — dentro de la unidad: Un acuerdo o patrocinio documentado
sponsorship_history,Un acuerdo o patrocinio documentado,amount,number_or_declared_text,TEXT (lossless research interchange),ISO4217 currency in paired field,False,NULL = unknown/not_obtained; JSON booleans preserve false; zero is not NULL,context_dependent,published_source_or_acquisition_log,amount — dentro de la unidad: Un acuerdo o patrocinio documentado
sponsorship_history,Un acuerdo o patrocinio documentado,currency,text,TEXT (lossless research interchange),,False,NULL = unknown/not_obtained; JSON booleans preserve false; zero is not NULL,context_dependent,published_source_or_acquisition_log,currency — dentro de la unidad: Un acuerdo o patrocinio documentado
sponsorship_history,Un acuerdo o patrocinio documentado,source_id,text,TEXT (lossless research interchange),,False,NULL = unknown/not_obtained; JSON booleans preserve false; zero is not NULL,critical,published_source_or_acquisition_log,Fuente exacta que respalda la fila; cada campo puede tener evidencia adicional en assertions
sponsorship_deliverables,Un beneficio incluido en un paquete o acuerdo,id,text,TEXT (lossless research interchange),,True,NULL = unknown/not_obtained; JSON booleans preserve false; zero is not NULL,critical,published_source_or_acquisition_log,Clave primaria estable de la fila
sponsorship_deliverables,Un beneficio incluido en un paquete o acuerdo,package_id,text,TEXT (lossless research interchange),,False,NULL = unknown/not_obtained; JSON booleans preserve false; zero is not NULL,context_dependent,published_source_or_acquisition_log,package id — dentro de la unidad: Un beneficio incluido en un paquete o acuerdo
sponsorship_deliverables,Un beneficio incluido en un paquete o acuerdo,agreement_id,text,TEXT (lossless research interchange),,False,NULL = unknown/not_obtained; JSON booleans preserve false; zero is not NULL,context_dependent,published_source_or_acquisition_log,agreement id — dentro de la unidad: Un beneficio incluido en un paquete o acuerdo
sponsorship_deliverables,Un beneficio incluido en un paquete o acuerdo,benefit_type,text,TEXT (lossless research interchange),,False,NULL = unknown/not_obtained; JSON booleans preserve false; zero is not NULL,context_dependent,published_source_or_acquisition_log,benefit type — dentro de la unidad: Un beneficio incluido en un paquete o acuerdo
sponsorship_deliverables,Un beneficio incluido en un paquete o acuerdo,description,text,TEXT (lossless research interchange),,False,NULL = unknown/not_obtained; JSON booleans preserve false; zero is not NULL,context_dependent,published_source_or_acquisition_log,description — dentro de la unidad: Un beneficio incluido en un paquete o acuerdo
sponsorship_deliverables,Un beneficio incluido en un paquete o acuerdo,quantity,number_or_declared_text,TEXT (lossless research interchange),,False,NULL = unknown/not_obtained; JSON booleans preserve false; zero is not NULL,context_dependent,published_source_or_acquisition_log,quantity — dentro de la unidad: Un beneficio incluido en un paquete o acuerdo
sponsorship_deliverables,Un beneficio incluido en un paquete o acuerdo,unit,text,TEXT (lossless research interchange),,False,NULL = unknown/not_obtained; JSON booleans preserve false; zero is not NULL,context_dependent,published_source_or_acquisition_log,unit — dentro de la unidad: Un beneficio incluido en un paquete o acuerdo
sponsorship_deliverables,Un beneficio incluido en un paquete o acuerdo,promised_audience,text,TEXT (lossless research interchange),,False,NULL = unknown/not_obtained; JSON booleans preserve false; zero is not NULL,context_dependent,published_source_or_acquisition_log,promised audience — dentro de la unidad: Un beneficio incluido en un paquete o acuerdo
sponsorship_deliverables,Un beneficio incluido en un paquete o acuerdo,deadline,text,TEXT (lossless research interchange),,False,NULL = unknown/not_obtained; JSON booleans preserve false; zero is not NULL,context_dependent,published_source_or_acquisition_log,deadline — dentro de la unidad: Un beneficio incluido en un paquete o acuerdo
sponsorship_deliverables,Un beneficio incluido en un paquete o acuerdo,compliance_criterion,text,TEXT (lossless research interchange),,False,NULL = unknown/not_obtained; JSON booleans preserve false; zero is not NULL,context_dependent,published_source_or_acquisition_log,compliance criterion — dentro de la unidad: Un beneficio incluido en un paquete o acuerdo
sponsorship_deliverables,Un beneficio incluido en un paquete o acuerdo,source_id,text,TEXT (lossless research interchange),,False,NULL = unknown/not_obtained; JSON booleans preserve false; zero is not NULL,critical,published_source_or_acquisition_log,Fuente exacta que respalda la fila; cada campo puede tener evidencia adicional en assertions
sponsorship_observations,Evidencia de ejecución de un beneficio o activación,id,text,TEXT (lossless research interchange),,True,NULL = unknown/not_obtained; JSON booleans preserve false; zero is not NULL,critical,published_source_or_acquisition_log,Clave primaria estable de la fila
sponsorship_observations,Evidencia de ejecución de un beneficio o activación,agreement_id,text,TEXT (lossless research interchange),,False,NULL = unknown/not_obtained; JSON booleans preserve false; zero is not NULL,context_dependent,published_source_or_acquisition_log,agreement id — dentro de la unidad: Evidencia de ejecución de un beneficio o activación
sponsorship_observations,Evidencia de ejecución de un beneficio o activación,deliverable_id,text,TEXT (lossless research interchange),,False,NULL = unknown/not_obtained; JSON booleans preserve false; zero is not NULL,context_dependent,published_source_or_acquisition_log,deliverable id — dentro de la unidad: Evidencia de ejecución de un beneficio o activación
sponsorship_observations,Evidencia de ejecución de un beneficio o activación,event_id,text,TEXT (lossless research interchange),,False,NULL = unknown/not_obtained; JSON booleans preserve false; zero is not NULL,critical,published_source_or_acquisition_log,Edición concreta; nunca serie o sesión
sponsorship_observations,Evidencia de ejecución de un beneficio o activación,observed_at,ISO8601_or_documented_partial_date,TEXT (lossless research interchange),,False,NULL = unknown/not_obtained; JSON booleans preserve false; zero is not NULL,context_dependent,published_source_or_acquisition_log,Instante o fecha de consulta; no fecha del hecho
sponsorship_observations,Evidencia de ejecución de un beneficio o activación,observation,text,TEXT (lossless research interchange),,False,NULL = unknown/not_obtained; JSON booleans preserve false; zero is not NULL,context_dependent,published_source_or_acquisition_log,observation — dentro de la unidad: Evidencia de ejecución de un beneficio o activación
sponsorship_observations,Evidencia de ejecución de un beneficio o activación,status,text,TEXT (lossless research interchange),,False,NULL = unknown/not_obtained; JSON booleans preserve false; zero is not NULL,context_dependent,published_source_or_acquisition_log,Estado atribuido por la fuente o del flujo; no equivale a resultado medido
sponsorship_observations,Evidencia de ejecución de un beneficio o activación,metrics_json,json,TEXT (lossless research interchange),,False,NULL = unknown/not_obtained; JSON booleans preserve false; zero is not NULL,context_dependent,published_source_or_acquisition_log,metrics json — dentro de la unidad: Evidencia de ejecución de un beneficio o activación
sponsorship_observations,Evidencia de ejecución de un beneficio o activación,source_id,text,TEXT (lossless research interchange),,False,NULL = unknown/not_obtained; JSON booleans preserve false; zero is not NULL,critical,published_source_or_acquisition_log,Fuente exacta que respalda la fila; cada campo puede tener evidencia adicional en assertions
partner_relationships,Una alianza organizativa o comercial documentada,id,text,TEXT (lossless research interchange),,True,NULL = unknown/not_obtained; JSON booleans preserve false; zero is not NULL,critical,published_source_or_acquisition_log,Clave primaria estable de la fila
partner_relationships,Una alianza organizativa o comercial documentada,company_a_id,text,TEXT (lossless research interchange),,False,NULL = unknown/not_obtained; JSON booleans preserve false; zero is not NULL,context_dependent,published_source_or_acquisition_log,company a id — dentro de la unidad: Una alianza organizativa o comercial documentada
partner_relationships,Una alianza organizativa o comercial documentada,company_b_id,text,TEXT (lossless research interchange),,False,NULL = unknown/not_obtained; JSON booleans preserve false; zero is not NULL,context_dependent,published_source_or_acquisition_log,company b id — dentro de la unidad: Una alianza organizativa o comercial documentada
partner_relationships,Una alianza organizativa o comercial documentada,relationship_type,text,TEXT (lossless research interchange),,False,NULL = unknown/not_obtained; JSON booleans preserve false; zero is not NULL,context_dependent,published_source_or_acquisition_log,relationship type — dentro de la unidad: Una alianza organizativa o comercial documentada
partner_relationships,Una alianza organizativa o comercial documentada,stated_objective,text,TEXT (lossless research interchange),,False,NULL = unknown/not_obtained; JSON booleans preserve false; zero is not NULL,context_dependent,published_source_or_acquisition_log,stated objective — dentro de la unidad: Una alianza organizativa o comercial documentada
partner_relationships,Una alianza organizativa o comercial documentada,valid_from,ISO8601_or_documented_partial_date,TEXT (lossless research interchange),,False,NULL = unknown/not_obtained; JSON booleans preserve false; zero is not NULL,context_dependent,published_source_or_acquisition_log,Inicio de vigencia documental; NULL cuando no establecido
partner_relationships,Una alianza organizativa o comercial documentada,valid_to,ISO8601_or_documented_partial_date,TEXT (lossless research interchange),,False,NULL = unknown/not_obtained; JSON booleans preserve false; zero is not NULL,context_dependent,published_source_or_acquisition_log,Fin de vigencia documental; NULL no implica infinito confirmado
partner_relationships,Una alianza organizativa o comercial documentada,event_id,text,TEXT (lossless research interchange),,False,NULL = unknown/not_obtained; JSON booleans preserve false; zero is not NULL,critical,published_source_or_acquisition_log,Edición concreta; nunca serie o sesión
partner_relationships,Una alianza organizativa o comercial documentada,source_id,text,TEXT (lossless research interchange),,False,NULL = unknown/not_obtained; JSON booleans preserve false; zero is not NULL,critical,published_source_or_acquisition_log,Fuente exacta que respalda la fila; cada campo puede tener evidencia adicional en assertions
sponsorship_renewals,Una comparación de continuidad de patrocinio,id,text,TEXT (lossless research interchange),,True,NULL = unknown/not_obtained; JSON booleans preserve false; zero is not NULL,critical,derived_method,Clave primaria estable de la fila
sponsorship_renewals,Una comparación de continuidad de patrocinio,company_id,text,TEXT (lossless research interchange),,False,NULL = unknown/not_obtained; JSON booleans preserve false; zero is not NULL,context_dependent,derived_method,Organización o marca canónica; rol se guarda aparte
sponsorship_renewals,Una comparación de continuidad de patrocinio,series_id,text,TEXT (lossless research interchange),,False,NULL = unknown/not_obtained; JSON booleans preserve false; zero is not NULL,context_dependent,derived_method,series id — dentro de la unidad: Una comparación de continuidad de patrocinio
sponsorship_renewals,Una comparación de continuidad de patrocinio,previous_event_id,text,TEXT (lossless research interchange),,False,NULL = unknown/not_obtained; JSON booleans preserve false; zero is not NULL,context_dependent,derived_method,previous event id — dentro de la unidad: Una comparación de continuidad de patrocinio
sponsorship_renewals,Una comparación de continuidad de patrocinio,next_event_id,text,TEXT (lossless research interchange),,False,NULL = unknown/not_obtained; JSON booleans preserve false; zero is not NULL,context_dependent,derived_method,next event id — dentro de la unidad: Una comparación de continuidad de patrocinio
sponsorship_renewals,Una comparación de continuidad de patrocinio,previous_level,text,TEXT (lossless research interchange),,False,NULL = unknown/not_obtained; JSON booleans preserve false; zero is not NULL,context_dependent,derived_method,previous level — dentro de la unidad: Una comparación de continuidad de patrocinio
sponsorship_renewals,Una comparación de continuidad de patrocinio,next_level,text,TEXT (lossless research interchange),,False,NULL = unknown/not_obtained; JSON booleans preserve false; zero is not NULL,context_dependent,derived_method,next level — dentro de la unidad: Una comparación de continuidad de patrocinio
sponsorship_renewals,Una comparación de continuidad de patrocinio,classification,text,TEXT (lossless research interchange),,False,NULL = unknown/not_obtained; JSON booleans preserve false; zero is not NULL,context_dependent,derived_method,classification — dentro de la unidad: Una comparación de continuidad de patrocinio
sponsorship_renewals,Una comparación de continuidad de patrocinio,coverage_basis,text,TEXT (lossless research interchange),,False,NULL = unknown/not_obtained; JSON booleans preserve false; zero is not NULL,context_dependent,derived_method,coverage basis — dentro de la unidad: Una comparación de continuidad de patrocinio
sponsorship_renewals,Una comparación de continuidad de patrocinio,method,text,TEXT (lossless research interchange),,False,NULL = unknown/not_obtained; JSON booleans preserve false; zero is not NULL,context_dependent,derived_method,method — dentro de la unidad: Una comparación de continuidad de patrocinio
sponsorship_renewals,Una comparación de continuidad de patrocinio,version,text,TEXT (lossless research interchange),,False,NULL = unknown/not_obtained; JSON booleans preserve false; zero is not NULL,context_dependent,derived_method,version — dentro de la unidad: Una comparación de continuidad de patrocinio
sponsorship_renewals,Una comparación de continuidad de patrocinio,input_ids_json,json,TEXT (lossless research interchange),,False,NULL = unknown/not_obtained; JSON booleans preserve false; zero is not NULL,context_dependent,derived_method,input ids json — dentro de la unidad: Una comparación de continuidad de patrocinio
sponsorship_renewals,Una comparación de continuidad de patrocinio,cutoff,ISO8601_or_documented_partial_date,TEXT (lossless research interchange),,False,NULL = unknown/not_obtained; JSON booleans preserve false; zero is not NULL,context_dependent,derived_method,cutoff — dentro de la unidad: Una comparación de continuidad de patrocinio
topic_trends,Una medida temporal de un tema,id,text,TEXT (lossless research interchange),,True,NULL = unknown/not_obtained; JSON booleans preserve false; zero is not NULL,critical,derived_method,Clave primaria estable de la fila
topic_trends,Una medida temporal de un tema,term_id,text,TEXT (lossless research interchange),,False,NULL = unknown/not_obtained; JSON booleans preserve false; zero is not NULL,context_dependent,derived_method,term id — dentro de la unidad: Una medida temporal de un tema
topic_trends,Una medida temporal de un tema,geography,text,TEXT (lossless research interchange),,False,NULL = unknown/not_obtained; JSON booleans preserve false; zero is not NULL,context_dependent,derived_method,geography — dentro de la unidad: Una medida temporal de un tema
topic_trends,Una medida temporal de un tema,sector,text,TEXT (lossless research interchange),,False,NULL = unknown/not_obtained; JSON booleans preserve false; zero is not NULL,context_dependent,derived_method,sector — dentro de la unidad: Una medida temporal de un tema
topic_trends,Una medida temporal de un tema,period,text,TEXT (lossless research interchange),,False,NULL = unknown/not_obtained; JSON booleans preserve false; zero is not NULL,context_dependent,derived_method,period — dentro de la unidad: Una medida temporal de un tema
topic_trends,Una medida temporal de un tema,universe,text,TEXT (lossless research interchange),,False,NULL = unknown/not_obtained; JSON booleans preserve false; zero is not NULL,context_dependent,derived_method,universe — dentro de la unidad: Una medida temporal de un tema
topic_trends,Una medida temporal de un tema,count,text,TEXT (lossless research interchange),,False,NULL = unknown/not_obtained; JSON booleans preserve false; zero is not NULL,context_dependent,derived_method,count — dentro de la unidad: Una medida temporal de un tema
topic_trends,Una medida temporal de un tema,normalized_value,text,TEXT (lossless research interchange),,False,NULL = unknown/not_obtained; JSON booleans preserve false; zero is not NULL,context_dependent,derived_method,normalized value — dentro de la unidad: Una medida temporal de un tema
topic_trends,Una medida temporal de un tema,method,text,TEXT (lossless research interchange),,False,NULL = unknown/not_obtained; JSON booleans preserve false; zero is not NULL,context_dependent,derived_method,method — dentro de la unidad: Una medida temporal de un tema
topic_trends,Una medida temporal de un tema,version,text,TEXT (lossless research interchange),,False,NULL = unknown/not_obtained; JSON booleans preserve false; zero is not NULL,context_dependent,derived_method,version — dentro de la unidad: Una medida temporal de un tema
topic_trends,Una medida temporal de un tema,input_ids_json,json,TEXT (lossless research interchange),,False,NULL = unknown/not_obtained; JSON booleans preserve false; zero is not NULL,context_dependent,derived_method,input ids json — dentro de la unidad: Una medida temporal de un tema
topic_trends,Una medida temporal de un tema,cutoff,ISO8601_or_documented_partial_date,TEXT (lossless research interchange),,False,NULL = unknown/not_obtained; JSON booleans preserve false; zero is not NULL,context_dependent,derived_method,cutoff — dentro de la unidad: Una medida temporal de un tema
audience_overlap,Una medida agregada de coincidencia entre audiencias,id,text,TEXT (lossless research interchange),,True,NULL = unknown/not_obtained; JSON booleans preserve false; zero is not NULL,critical,derived_method,Clave primaria estable de la fila
audience_overlap,Una medida agregada de coincidencia entre audiencias,entity_a_id,text,TEXT (lossless research interchange),,False,NULL = unknown/not_obtained; JSON booleans preserve false; zero is not NULL,context_dependent,derived_method,entity a id — dentro de la unidad: Una medida agregada de coincidencia entre audiencias
audience_overlap,Una medida agregada de coincidencia entre audiencias,entity_b_id,text,TEXT (lossless research interchange),,False,NULL = unknown/not_obtained; JSON booleans preserve false; zero is not NULL,context_dependent,derived_method,entity b id — dentro de la unidad: Una medida agregada de coincidencia entre audiencias
audience_overlap,Una medida agregada de coincidencia entre audiencias,universe,text,TEXT (lossless research interchange),,False,NULL = unknown/not_obtained; JSON booleans preserve false; zero is not NULL,context_dependent,derived_method,universe — dentro de la unidad: Una medida agregada de coincidencia entre audiencias
audience_overlap,Una medida agregada de coincidencia entre audiencias,method,text,TEXT (lossless research interchange),,False,NULL = unknown/not_obtained; JSON booleans preserve false; zero is not NULL,context_dependent,derived_method,method — dentro de la unidad: Una medida agregada de coincidencia entre audiencias
audience_overlap,Una medida agregada de coincidencia entre audiencias,denominator,number_or_declared_text,TEXT (lossless research interchange),,False,NULL = unknown/not_obtained; JSON booleans preserve false; zero is not NULL,context_dependent,derived_method,denominator — dentro de la unidad: Una medida agregada de coincidencia entre audiencias
audience_overlap,Una medida agregada de coincidencia entre audiencias,value,number_or_declared_text,TEXT (lossless research interchange),paired unit field; never mix definitions,False,NULL = unknown/not_obtained; JSON booleans preserve false; zero is not NULL,context_dependent,derived_method,value — dentro de la unidad: Una medida agregada de coincidencia entre audiencias
audience_overlap,Una medida agregada de coincidencia entre audiencias,unit,text,TEXT (lossless research interchange),,False,NULL = unknown/not_obtained; JSON booleans preserve false; zero is not NULL,context_dependent,derived_method,unit — dentro de la unidad: Una medida agregada de coincidencia entre audiencias
audience_overlap,Una medida agregada de coincidencia entre audiencias,period,text,TEXT (lossless research interchange),,False,NULL = unknown/not_obtained; JSON booleans preserve false; zero is not NULL,context_dependent,derived_method,period — dentro de la unidad: Una medida agregada de coincidencia entre audiencias
audience_overlap,Una medida agregada de coincidencia entre audiencias,limitations,text,TEXT (lossless research interchange),,False,NULL = unknown/not_obtained; JSON booleans preserve false; zero is not NULL,context_dependent,derived_method,limitations — dentro de la unidad: Una medida agregada de coincidencia entre audiencias
audience_overlap,Una medida agregada de coincidencia entre audiencias,version,text,TEXT (lossless research interchange),,False,NULL = unknown/not_obtained; JSON booleans preserve false; zero is not NULL,context_dependent,derived_method,version — dentro de la unidad: Una medida agregada de coincidencia entre audiencias
audience_overlap,Una medida agregada de coincidencia entre audiencias,input_ids_json,json,TEXT (lossless research interchange),,False,NULL = unknown/not_obtained; JSON booleans preserve false; zero is not NULL,context_dependent,derived_method,input ids json — dentro de la unidad: Una medida agregada de coincidencia entre audiencias
audience_overlap,Una medida agregada de coincidencia entre audiencias,cutoff,ISO8601_or_documented_partial_date,TEXT (lossless research interchange),,False,NULL = unknown/not_obtained; JSON booleans preserve false; zero is not NULL,context_dependent,derived_method,cutoff — dentro de la unidad: Una medida agregada de coincidencia entre audiencias
opportunity_clusters,Una hipótesis de oportunidad por tema y mercado,id,text,TEXT (lossless research interchange),,True,NULL = unknown/not_obtained; JSON booleans preserve false; zero is not NULL,critical,derived_method,Clave primaria estable de la fila
opportunity_clusters,Una hipótesis de oportunidad por tema y mercado,region,text,TEXT (lossless research interchange),,False,NULL = unknown/not_obtained; JSON booleans preserve false; zero is not NULL,context_dependent,derived_method,region — dentro de la unidad: Una hipótesis de oportunidad por tema y mercado
opportunity_clusters,Una hipótesis de oportunidad por tema y mercado,audience,text,TEXT (lossless research interchange),,False,NULL = unknown/not_obtained; JSON booleans preserve false; zero is not NULL,context_dependent,derived_method,audience — dentro de la unidad: Una hipótesis de oportunidad por tema y mercado
opportunity_clusters,Una hipótesis de oportunidad por tema y mercado,topic,text,TEXT (lossless research interchange),,False,NULL = unknown/not_obtained; JSON booleans preserve false; zero is not NULL,context_dependent,derived_method,topic — dentro de la unidad: Una hipótesis de oportunidad por tema y mercado
opportunity_clusters,Una hipótesis de oportunidad por tema y mercado,format,text,TEXT (lossless research interchange),,False,NULL = unknown/not_obtained; JSON booleans preserve false; zero is not NULL,context_dependent,derived_method,format — dentro de la unidad: Una hipótesis de oportunidad por tema y mercado
opportunity_clusters,Una hipótesis de oportunidad por tema y mercado,period,text,TEXT (lossless research interchange),,False,NULL = unknown/not_obtained; JSON booleans preserve false; zero is not NULL,context_dependent,derived_method,period — dentro de la unidad: Una hipótesis de oportunidad por tema y mercado
opportunity_clusters,Una hipótesis de oportunidad por tema y mercado,observed_supply,text,TEXT (lossless research interchange),,False,NULL = unknown/not_obtained; JSON booleans preserve false; zero is not NULL,context_dependent,derived_method,observed supply — dentro de la unidad: Una hipótesis de oportunidad por tema y mercado
opportunity_clusters,Una hipótesis de oportunidad por tema y mercado,demand_evidence,text,TEXT (lossless research interchange),,False,NULL = unknown/not_obtained; JSON booleans preserve false; zero is not NULL,context_dependent,derived_method,demand evidence — dentro de la unidad: Una hipótesis de oportunidad por tema y mercado
opportunity_clusters,Una hipótesis de oportunidad por tema y mercado,costs,text,TEXT (lossless research interchange),,False,NULL = unknown/not_obtained; JSON booleans preserve false; zero is not NULL,context_dependent,derived_method,costs — dentro de la unidad: Una hipótesis de oportunidad por tema y mercado
opportunity_clusters,Una hipótesis de oportunidad por tema y mercado,gaps,text,TEXT (lossless research interchange),,False,NULL = unknown/not_obtained; JSON booleans preserve false; zero is not NULL,context_dependent,derived_method,gaps — dentro de la unidad: Una hipótesis de oportunidad por tema y mercado
opportunity_clusters,Una hipótesis de oportunidad por tema y mercado,method,text,TEXT (lossless research interchange),,False,NULL = unknown/not_obtained; JSON booleans preserve false; zero is not NULL,context_dependent,derived_method,method — dentro de la unidad: Una hipótesis de oportunidad por tema y mercado
opportunity_clusters,Una hipótesis de oportunidad por tema y mercado,version,text,TEXT (lossless research interchange),,False,NULL = unknown/not_obtained; JSON booleans preserve false; zero is not NULL,context_dependent,derived_method,version — dentro de la unidad: Una hipótesis de oportunidad por tema y mercado
opportunity_clusters,Una hipótesis de oportunidad por tema y mercado,input_ids_json,json,TEXT (lossless research interchange),,False,NULL = unknown/not_obtained; JSON booleans preserve false; zero is not NULL,context_dependent,derived_method,input ids json — dentro de la unidad: Una hipótesis de oportunidad por tema y mercado
opportunity_clusters,Una hipótesis de oportunidad por tema y mercado,cutoff,ISO8601_or_documented_partial_date,TEXT (lossless research interchange),,False,NULL = unknown/not_obtained; JSON booleans preserve false; zero is not NULL,context_dependent,derived_method,cutoff — dentro de la unidad: Una hipótesis de oportunidad por tema y mercado
evaluation_cases,Un caso de evaluación independiente,id,text,TEXT (lossless research interchange),,True,NULL = unknown/not_obtained; JSON booleans preserve false; zero is not NULL,critical,derived_method,Clave primaria estable de la fila
evaluation_cases,Un caso de evaluación independiente,title,text,TEXT (lossless research interchange),,False,NULL = unknown/not_obtained; JSON booleans preserve false; zero is not NULL,context_dependent,derived_method,title — dentro de la unidad: Un caso de evaluación independiente
evaluation_cases,Un caso de evaluación independiente,case_type,text,TEXT (lossless research interchange),,False,NULL = unknown/not_obtained; JSON booleans preserve false; zero is not NULL,context_dependent,derived_method,case type — dentro de la unidad: Un caso de evaluación independiente
evaluation_cases,Un caso de evaluación independiente,company_profile_json,json,TEXT (lossless research interchange),,False,NULL = unknown/not_obtained; JSON booleans preserve false; zero is not NULL,context_dependent,derived_method,company profile json — dentro de la unidad: Un caso de evaluación independiente
evaluation_cases,Un caso de evaluación independiente,objective,text,TEXT (lossless research interchange),,False,NULL = unknown/not_obtained; JSON booleans preserve false; zero is not NULL,context_dependent,derived_method,objective — dentro de la unidad: Un caso de evaluación independiente
evaluation_cases,Un caso de evaluación independiente,constraints_json,json,TEXT (lossless research interchange),,False,NULL = unknown/not_obtained; JSON booleans preserve false; zero is not NULL,context_dependent,derived_method,constraints json — dentro de la unidad: Un caso de evaluación independiente
evaluation_cases,Un caso de evaluación independiente,cutoff,ISO8601_or_documented_partial_date,TEXT (lossless research interchange),,False,NULL = unknown/not_obtained; JSON booleans preserve false; zero is not NULL,context_dependent,derived_method,cutoff — dentro de la unidad: Un caso de evaluación independiente
evaluation_cases,Un caso de evaluación independiente,candidate_universe,text,TEXT (lossless research interchange),,False,NULL = unknown/not_obtained; JSON booleans preserve false; zero is not NULL,context_dependent,derived_method,candidate universe — dentro de la unidad: Un caso de evaluación independiente
evaluation_cases,Un caso de evaluación independiente,label_origin,text,TEXT (lossless research interchange),,False,NULL = unknown/not_obtained; JSON booleans preserve false; zero is not NULL,context_dependent,derived_method,label origin — dentro de la unidad: Un caso de evaluación independiente
evaluation_cases,Un caso de evaluación independiente,split,text,TEXT (lossless research interchange),,False,NULL = unknown/not_obtained; JSON booleans preserve false; zero is not NULL,context_dependent,derived_method,split — dentro de la unidad: Un caso de evaluación independiente
evaluation_cases,Un caso de evaluación independiente,ground_truth_quality,text,TEXT (lossless research interchange),,False,NULL = unknown/not_obtained; JSON booleans preserve false; zero is not NULL,context_dependent,derived_method,ground truth quality — dentro de la unidad: Un caso de evaluación independiente
recommendation_runs,Una ejecución real de un método de recomendación,id,text,TEXT (lossless research interchange),,True,NULL = unknown/not_obtained; JSON booleans preserve false; zero is not NULL,critical,derived_method,Clave primaria estable de la fila
recommendation_runs,Una ejecución real de un método de recomendación,case_id,text,TEXT (lossless research interchange),,False,NULL = unknown/not_obtained; JSON booleans preserve false; zero is not NULL,context_dependent,derived_method,case id — dentro de la unidad: Una ejecución real de un método de recomendación
recommendation_runs,Una ejecución real de un método de recomendación,cutoff,ISO8601_or_documented_partial_date,TEXT (lossless research interchange),,False,NULL = unknown/not_obtained; JSON booleans preserve false; zero is not NULL,context_dependent,derived_method,cutoff — dentro de la unidad: Una ejecución real de un método de recomendación
recommendation_runs,Una ejecución real de un método de recomendación,dataset_version,text,TEXT (lossless research interchange),,False,NULL = unknown/not_obtained; JSON booleans preserve false; zero is not NULL,context_dependent,derived_method,dataset version — dentro de la unidad: Una ejecución real de un método de recomendación
recommendation_runs,Una ejecución real de un método de recomendación,method,text,TEXT (lossless research interchange),,False,NULL = unknown/not_obtained; JSON booleans preserve false; zero is not NULL,context_dependent,derived_method,method — dentro de la unidad: Una ejecución real de un método de recomendación
recommendation_runs,Una ejecución real de un método de recomendación,parameters_json,json,TEXT (lossless research interchange),,False,NULL = unknown/not_obtained; JSON booleans preserve false; zero is not NULL,context_dependent,derived_method,parameters json — dentro de la unidad: Una ejecución real de un método de recomendación
recommendation_runs,Una ejecución real de un método de recomendación,model_version,text,TEXT (lossless research interchange),,False,NULL = unknown/not_obtained; JSON booleans preserve false; zero is not NULL,context_dependent,derived_method,model version — dentro de la unidad: Una ejecución real de un método de recomendación
recommendation_runs,Una ejecución real de un método de recomendación,elapsed_ms,number_or_declared_text,TEXT (lossless research interchange),,False,NULL = unknown/not_obtained; JSON booleans preserve false; zero is not NULL,context_dependent,derived_method,elapsed ms — dentro de la unidad: Una ejecución real de un método de recomendación
recommendation_runs,Una ejecución real de un método de recomendación,measured_cost_usd,number_or_declared_text,TEXT (lossless research interchange),,False,NULL = unknown/not_obtained; JSON booleans preserve false; zero is not NULL,context_dependent,derived_method,measured cost usd — dentro de la unidad: Una ejecución real de un método de recomendación
recommendation_runs,Una ejecución real de un método de recomendación,billing_status,text,TEXT (lossless research interchange),,False,NULL = unknown/not_obtained; JSON booleans preserve false; zero is not NULL,context_dependent,derived_method,billing status — dentro de la unidad: Una ejecución real de un método de recomendación
recommendation_candidates,Un candidato evaluado en una ejecución,id,text,TEXT (lossless research interchange),,True,NULL = unknown/not_obtained; JSON booleans preserve false; zero is not NULL,critical,derived_method,Clave primaria estable de la fila
recommendation_candidates,Un candidato evaluado en una ejecución,run_id,text,TEXT (lossless research interchange),,False,NULL = unknown/not_obtained; JSON booleans preserve false; zero is not NULL,context_dependent,derived_method,run id — dentro de la unidad: Un candidato evaluado en una ejecución
recommendation_candidates,Un candidato evaluado en una ejecución,event_id,text,TEXT (lossless research interchange),,False,NULL = unknown/not_obtained; JSON booleans preserve false; zero is not NULL,critical,derived_method,Edición concreta; nunca serie o sesión
recommendation_candidates,Un candidato evaluado en una ejecución,eligibility,text,TEXT (lossless research interchange),,False,NULL = unknown/not_obtained; JSON booleans preserve false; zero is not NULL,context_dependent,derived_method,eligibility — dentro de la unidad: Un candidato evaluado en una ejecución
recommendation_candidates,Un candidato evaluado en una ejecución,score_components_json,json,TEXT (lossless research interchange),,False,NULL = unknown/not_obtained; JSON booleans preserve false; zero is not NULL,context_dependent,derived_method,score components json — dentro de la unidad: Un candidato evaluado en una ejecución
recommendation_candidates,Un candidato evaluado en una ejecución,rank,number_or_declared_text,TEXT (lossless research interchange),,False,NULL = unknown/not_obtained; JSON booleans preserve false; zero is not NULL,context_dependent,derived_method,rank — dentro de la unidad: Un candidato evaluado en una ejecución
recommendation_candidates,Un candidato evaluado en una ejecución,evidence_ids_json,json,TEXT (lossless research interchange),,False,NULL = unknown/not_obtained; JSON booleans preserve false; zero is not NULL,context_dependent,derived_method,evidence ids json — dentro de la unidad: Un candidato evaluado en una ejecución
recommendation_candidates,Un candidato evaluado en una ejecución,missing_fields_json,json,TEXT (lossless research interchange),,False,NULL = unknown/not_obtained; JSON booleans preserve false; zero is not NULL,context_dependent,derived_method,missing fields json — dentro de la unidad: Un candidato evaluado en una ejecución
recommendation_candidates,Un candidato evaluado en una ejecución,explanation,text,TEXT (lossless research interchange),,False,NULL = unknown/not_obtained; JSON booleans preserve false; zero is not NULL,context_dependent,derived_method,explanation — dentro de la unidad: Un candidato evaluado en una ejecución
recommendation_candidates,Un candidato evaluado en una ejecución,human_label,text,TEXT (lossless research interchange),,False,NULL = unknown/not_obtained; JSON booleans preserve false; zero is not NULL,context_dependent,derived_method,human label — dentro de la unidad: Un candidato evaluado en una ejecución
sponsor_match_scores,Una evaluación de afinidad sponsor–evento,id,text,TEXT (lossless research interchange),,True,NULL = unknown/not_obtained; JSON booleans preserve false; zero is not NULL,critical,derived_method,Clave primaria estable de la fila
sponsor_match_scores,Una evaluación de afinidad sponsor–evento,company_id,text,TEXT (lossless research interchange),,False,NULL = unknown/not_obtained; JSON booleans preserve false; zero is not NULL,context_dependent,derived_method,Organización o marca canónica; rol se guarda aparte
sponsor_match_scores,Una evaluación de afinidad sponsor–evento,event_id,text,TEXT (lossless research interchange),,False,NULL = unknown/not_obtained; JSON booleans preserve false; zero is not NULL,critical,derived_method,Edición concreta; nunca serie o sesión
sponsor_match_scores,Una evaluación de afinidad sponsor–evento,concept_id,text,TEXT (lossless research interchange),,False,NULL = unknown/not_obtained; JSON booleans preserve false; zero is not NULL,context_dependent,derived_method,concept id — dentro de la unidad: Una evaluación de afinidad sponsor–evento
sponsor_match_scores,Una evaluación de afinidad sponsor–evento,cutoff,ISO8601_or_documented_partial_date,TEXT (lossless research interchange),,False,NULL = unknown/not_obtained; JSON booleans preserve false; zero is not NULL,context_dependent,derived_method,cutoff — dentro de la unidad: Una evaluación de afinidad sponsor–evento
sponsor_match_scores,Una evaluación de afinidad sponsor–evento,criteria_json,json,TEXT (lossless research interchange),,False,NULL = unknown/not_obtained; JSON booleans preserve false; zero is not NULL,context_dependent,derived_method,criteria json — dentro de la unidad: Una evaluación de afinidad sponsor–evento
sponsor_match_scores,Una evaluación de afinidad sponsor–evento,constraints_json,json,TEXT (lossless research interchange),,False,NULL = unknown/not_obtained; JSON booleans preserve false; zero is not NULL,context_dependent,derived_method,constraints json — dentro de la unidad: Una evaluación de afinidad sponsor–evento
sponsor_match_scores,Una evaluación de afinidad sponsor–evento,history,text,TEXT (lossless research interchange),,False,NULL = unknown/not_obtained; JSON booleans preserve false; zero is not NULL,context_dependent,derived_method,history — dentro de la unidad: Una evaluación de afinidad sponsor–evento
sponsor_match_scores,Una evaluación de afinidad sponsor–evento,score,number_or_declared_text,TEXT (lossless research interchange),,False,NULL = unknown/not_obtained; JSON booleans preserve false; zero is not NULL,context_dependent,derived_method,score — dentro de la unidad: Una evaluación de afinidad sponsor–evento
sponsor_match_scores,Una evaluación de afinidad sponsor–evento,interest_status,text,TEXT (lossless research interchange),,False,NULL = unknown/not_obtained; JSON booleans preserve false; zero is not NULL,context_dependent,derived_method,interest status — dentro de la unidad: Una evaluación de afinidad sponsor–evento
sponsor_match_scores,Una evaluación de afinidad sponsor–evento,uncertainty,text,TEXT (lossless research interchange),,False,NULL = unknown/not_obtained; JSON booleans preserve false; zero is not NULL,context_dependent,derived_method,uncertainty — dentro de la unidad: Una evaluación de afinidad sponsor–evento
sponsor_match_scores,Una evaluación de afinidad sponsor–evento,method,text,TEXT (lossless research interchange),,False,NULL = unknown/not_obtained; JSON booleans preserve false; zero is not NULL,context_dependent,derived_method,method — dentro de la unidad: Una evaluación de afinidad sponsor–evento
sponsor_match_scores,Una evaluación de afinidad sponsor–evento,version,text,TEXT (lossless research interchange),,False,NULL = unknown/not_obtained; JSON booleans preserve false; zero is not NULL,context_dependent,derived_method,version — dentro de la unidad: Una evaluación de afinidad sponsor–evento
sponsor_match_scores,Una evaluación de afinidad sponsor–evento,input_ids_json,json,TEXT (lossless research interchange),,False,NULL = unknown/not_obtained; JSON booleans preserve false; zero is not NULL,context_dependent,derived_method,input ids json — dentro de la unidad: Una evaluación de afinidad sponsor–evento
scoring_evaluations,Una métrica de comparación entre métodos,id,text,TEXT (lossless research interchange),,True,NULL = unknown/not_obtained; JSON booleans preserve false; zero is not NULL,critical,derived_method,Clave primaria estable de la fila
scoring_evaluations,Una métrica de comparación entre métodos,evaluation_set,text,TEXT (lossless research interchange),,False,NULL = unknown/not_obtained; JSON booleans preserve false; zero is not NULL,context_dependent,derived_method,evaluation set — dentro de la unidad: Una métrica de comparación entre métodos
scoring_evaluations,Una métrica de comparación entre métodos,method,text,TEXT (lossless research interchange),,False,NULL = unknown/not_obtained; JSON booleans preserve false; zero is not NULL,context_dependent,derived_method,method — dentro de la unidad: Una métrica de comparación entre métodos
scoring_evaluations,Una métrica de comparación entre métodos,baseline,text,TEXT (lossless research interchange),,False,NULL = unknown/not_obtained; JSON booleans preserve false; zero is not NULL,context_dependent,derived_method,baseline — dentro de la unidad: Una métrica de comparación entre métodos
scoring_evaluations,Una métrica de comparación entre métodos,metric,text,TEXT (lossless research interchange),,False,NULL = unknown/not_obtained; JSON booleans preserve false; zero is not NULL,context_dependent,derived_method,metric — dentro de la unidad: Una métrica de comparación entre métodos
scoring_evaluations,Una métrica de comparación entre métodos,sample_size,text,TEXT (lossless research interchange),,False,NULL = unknown/not_obtained; JSON booleans preserve false; zero is not NULL,context_dependent,derived_method,sample size — dentro de la unidad: Una métrica de comparación entre métodos
scoring_evaluations,Una métrica de comparación entre métodos,value,number_or_declared_text,TEXT (lossless research interchange),paired unit field; never mix definitions,False,NULL = unknown/not_obtained; JSON booleans preserve false; zero is not NULL,context_dependent,derived_method,value — dentro de la unidad: Una métrica de comparación entre métodos
scoring_evaluations,Una métrica de comparación entre métodos,definition,text,TEXT (lossless research interchange),,False,NULL = unknown/not_obtained; JSON booleans preserve false; zero is not NULL,context_dependent,derived_method,definition — dentro de la unidad: Una métrica de comparación entre métodos
scoring_evaluations,Una métrica de comparación entre métodos,uncertainty,text,TEXT (lossless research interchange),,False,NULL = unknown/not_obtained; JSON booleans preserve false; zero is not NULL,context_dependent,derived_method,uncertainty — dentro de la unidad: Una métrica de comparación entre métodos
scoring_evaluations,Una métrica de comparación entre métodos,limitations,text,TEXT (lossless research interchange),,False,NULL = unknown/not_obtained; JSON booleans preserve false; zero is not NULL,context_dependent,derived_method,limitations — dentro de la unidad: Una métrica de comparación entre métodos
scoring_evaluations,Una métrica de comparación entre métodos,measurement_status,text,TEXT (lossless research interchange),,False,NULL = unknown/not_obtained; JSON booleans preserve false; zero is not NULL,context_dependent,derived_method,measurement status — dentro de la unidad: Una métrica de comparación entre métodos
unit_economics_scenarios,Un escenario de costo de operación,id,text,TEXT (lossless research interchange),,True,NULL = unknown/not_obtained; JSON booleans preserve false; zero is not NULL,critical,derived_method,Clave primaria estable de la fila
unit_economics_scenarios,Un escenario de costo de operación,volume,number_or_declared_text,TEXT (lossless research interchange),,False,NULL = unknown/not_obtained; JSON booleans preserve false; zero is not NULL,context_dependent,derived_method,volume — dentro de la unidad: Un escenario de costo de operación
unit_economics_scenarios,Un escenario de costo de operación,frequency,text,TEXT (lossless research interchange),,False,NULL = unknown/not_obtained; JSON booleans preserve false; zero is not NULL,context_dependent,derived_method,frequency — dentro de la unidad: Un escenario de costo de operación
unit_economics_scenarios,Un escenario de costo de operación,data_usd,number_or_declared_text,TEXT (lossless research interchange),,False,NULL = unknown/not_obtained; JSON booleans preserve false; zero is not NULL,context_dependent,derived_method,data usd — dentro de la unidad: Un escenario de costo de operación
unit_economics_scenarios,Un escenario de costo de operación,models_usd,number_or_declared_text,TEXT (lossless research interchange),,False,NULL = unknown/not_obtained; JSON booleans preserve false; zero is not NULL,context_dependent,derived_method,models usd — dentro de la unidad: Un escenario de costo de operación
unit_economics_scenarios,Un escenario de costo de operación,maps_usd,number_or_declared_text,TEXT (lossless research interchange),,False,NULL = unknown/not_obtained; JSON booleans preserve false; zero is not NULL,context_dependent,derived_method,maps usd — dentro de la unidad: Un escenario de costo de operación
unit_economics_scenarios,Un escenario de costo de operación,storage_usd,number_or_declared_text,TEXT (lossless research interchange),,False,NULL = unknown/not_obtained; JSON booleans preserve false; zero is not NULL,context_dependent,derived_method,storage usd — dentro de la unidad: Un escenario de costo de operación
unit_economics_scenarios,Un escenario de costo de operación,human_usd,number_or_declared_text,TEXT (lossless research interchange),,False,NULL = unknown/not_obtained; JSON booleans preserve false; zero is not NULL,context_dependent,derived_method,human usd — dentro de la unidad: Un escenario de costo de operación
unit_economics_scenarios,Un escenario de costo de operación,total_usd,number_or_declared_text,TEXT (lossless research interchange),,False,NULL = unknown/not_obtained; JSON booleans preserve false; zero is not NULL,context_dependent,derived_method,total usd — dentro de la unidad: Un escenario de costo de operación
unit_economics_scenarios,Un escenario de costo de operación,cost_per_useful_result,number_or_declared_text,TEXT (lossless research interchange),,False,NULL = unknown/not_obtained; JSON booleans preserve false; zero is not NULL,context_dependent,derived_method,cost per useful result — dentro de la unidad: Un escenario de costo de operación
unit_economics_scenarios,Un escenario de costo de operación,assumptions_json,json,TEXT (lossless research interchange),,False,NULL = unknown/not_obtained; JSON booleans preserve false; zero is not NULL,context_dependent,derived_method,assumptions json — dentro de la unidad: Un escenario de costo de operación
unit_economics_scenarios,Un escenario de costo de operación,estimate_or_measured,text,TEXT (lossless research interchange),,False,NULL = unknown/not_obtained; JSON booleans preserve false; zero is not NULL,context_dependent,derived_method,estimate or measured — dentro de la unidad: Un escenario de costo de operación
event_concepts,"Una propuesta nueva generada, todavía no un evento existente",id,text,TEXT (lossless research interchange),,True,NULL = unknown/not_obtained; JSON booleans preserve false; zero is not NULL,critical,proposal,Clave primaria estable de la fila
event_concepts,"Una propuesta nueva generada, todavía no un evento existente",brief_id,text,TEXT (lossless research interchange),,False,NULL = unknown/not_obtained; JSON booleans preserve false; zero is not NULL,context_dependent,proposal,"brief id — dentro de la unidad: Una propuesta nueva generada, todavía no un evento existente"
event_concepts,"Una propuesta nueva generada, todavía no un evento existente",title,text,TEXT (lossless research interchange),,False,NULL = unknown/not_obtained; JSON booleans preserve false; zero is not NULL,context_dependent,proposal,"title — dentro de la unidad: Una propuesta nueva generada, todavía no un evento existente"
event_concepts,"Una propuesta nueva generada, todavía no un evento existente",objective,text,TEXT (lossless research interchange),,False,NULL = unknown/not_obtained; JSON booleans preserve false; zero is not NULL,context_dependent,proposal,"objective — dentro de la unidad: Una propuesta nueva generada, todavía no un evento existente"
event_concepts,"Una propuesta nueva generada, todavía no un evento existente",audience,text,TEXT (lossless research interchange),,False,NULL = unknown/not_obtained; JSON booleans preserve false; zero is not NULL,context_dependent,proposal,"audience — dentro de la unidad: Una propuesta nueva generada, todavía no un evento existente"
event_concepts,"Una propuesta nueva generada, todavía no un evento existente",format,text,TEXT (lossless research interchange),,False,NULL = unknown/not_obtained; JSON booleans preserve false; zero is not NULL,context_dependent,proposal,"format — dentro de la unidad: Una propuesta nueva generada, todavía no un evento existente"
event_concepts,"Una propuesta nueva generada, todavía no un evento existente",proposed_location,text,TEXT (lossless research interchange),,False,NULL = unknown/not_obtained; JSON booleans preserve false; zero is not NULL,context_dependent,proposal,"proposed location — dentro de la unidad: Una propuesta nueva generada, todavía no un evento existente"
event_concepts,"Una propuesta nueva generada, todavía no un evento existente",proposed_date,ISO8601_or_documented_partial_date,TEXT (lossless research interchange),,False,NULL = unknown/not_obtained; JSON booleans preserve false; zero is not NULL,context_dependent,proposal,"proposed date — dentro de la unidad: Una propuesta nueva generada, todavía no un evento existente"
event_concepts,"Una propuesta nueva generada, todavía no un evento existente",rationale,text,TEXT (lossless research interchange),,False,NULL = unknown/not_obtained; JSON booleans preserve false; zero is not NULL,context_dependent,proposal,"rationale — dentro de la unidad: Una propuesta nueva generada, todavía no un evento existente"
event_concepts,"Una propuesta nueva generada, todavía no un evento existente",evidence_ids_json,json,TEXT (lossless research interchange),,False,NULL = unknown/not_obtained; JSON booleans preserve false; zero is not NULL,context_dependent,proposal,"evidence ids json — dentro de la unidad: Una propuesta nueva generada, todavía no un evento existente"
event_concepts,"Una propuesta nueva generada, todavía no un evento existente",estimated_budget,text,TEXT (lossless research interchange),,False,NULL = unknown/not_obtained; JSON booleans preserve false; zero is not NULL,context_dependent,proposal,"estimated budget — dentro de la unidad: Una propuesta nueva generada, todavía no un evento existente"
event_concepts,"Una propuesta nueva generada, todavía no un evento existente",currency,text,TEXT (lossless research interchange),,False,NULL = unknown/not_obtained; JSON booleans preserve false; zero is not NULL,context_dependent,proposal,"currency — dentro de la unidad: Una propuesta nueva generada, todavía no un evento existente"
event_concepts,"Una propuesta nueva generada, todavía no un evento existente",pending_decisions_json,json,TEXT (lossless research interchange),,False,NULL = unknown/not_obtained; JSON booleans preserve false; zero is not NULL,context_dependent,proposal,"pending decisions json — dentro de la unidad: Una propuesta nueva generada, todavía no un evento existente"
event_concepts,"Una propuesta nueva generada, todavía no un evento existente",status,text,TEXT (lossless research interchange),,False,NULL = unknown/not_obtained; JSON booleans preserve false; zero is not NULL,context_dependent,proposal,Estado atribuido por la fuente o del flujo; no equivale a resultado medido
luma_drafts,Una versión de contenido preparado para Luma,id,text,TEXT (lossless research interchange),,True,NULL = unknown/not_obtained; JSON booleans preserve false; zero is not NULL,critical,proposal,Clave primaria estable de la fila
luma_drafts,Una versión de contenido preparado para Luma,concept_id,text,TEXT (lossless research interchange),,False,NULL = unknown/not_obtained; JSON booleans preserve false; zero is not NULL,context_dependent,proposal,concept id — dentro de la unidad: Una versión de contenido preparado para Luma
luma_drafts,Una versión de contenido preparado para Luma,title,text,TEXT (lossless research interchange),,False,NULL = unknown/not_obtained; JSON booleans preserve false; zero is not NULL,context_dependent,proposal,title — dentro de la unidad: Una versión de contenido preparado para Luma
luma_drafts,Una versión de contenido preparado para Luma,description,text,TEXT (lossless research interchange),,False,NULL = unknown/not_obtained; JSON booleans preserve false; zero is not NULL,context_dependent,proposal,description — dentro de la unidad: Una versión de contenido preparado para Luma
luma_drafts,Una versión de contenido preparado para Luma,agenda_json,json,TEXT (lossless research interchange),,False,NULL = unknown/not_obtained; JSON booleans preserve false; zero is not NULL,context_dependent,proposal,agenda json — dentro de la unidad: Una versión de contenido preparado para Luma
luma_drafts,Una versión de contenido preparado para Luma,supported_fields_json,json,TEXT (lossless research interchange),,False,NULL = unknown/not_obtained; JSON booleans preserve false; zero is not NULL,context_dependent,proposal,supported fields json — dentro de la unidad: Una versión de contenido preparado para Luma
luma_drafts,Una versión de contenido preparado para Luma,local_state,text,TEXT (lossless research interchange),,False,NULL = unknown/not_obtained; JSON booleans preserve false; zero is not NULL,context_dependent,proposal,local state — dentro de la unidad: Una versión de contenido preparado para Luma
luma_drafts,Una versión de contenido preparado para Luma,version,text,TEXT (lossless research interchange),,False,NULL = unknown/not_obtained; JSON booleans preserve false; zero is not NULL,context_dependent,proposal,version — dentro de la unidad: Una versión de contenido preparado para Luma
luma_drafts,Una versión de contenido preparado para Luma,pending_decisions_json,json,TEXT (lossless research interchange),,False,NULL = unknown/not_obtained; JSON booleans preserve false; zero is not NULL,context_dependent,proposal,pending decisions json — dentro de la unidad: Una versión de contenido preparado para Luma
luma_drafts,Una versión de contenido preparado para Luma,luma_event_id,text,TEXT (lossless research interchange),,False,NULL = unknown/not_obtained; JSON booleans preserve false; zero is not NULL,context_dependent,proposal,luma event id — dentro de la unidad: Una versión de contenido preparado para Luma
draft_field_evidence,El origen de un campo del borrador,id,text,TEXT (lossless research interchange),,True,NULL = unknown/not_obtained; JSON booleans preserve false; zero is not NULL,critical,proposal,Clave primaria estable de la fila
draft_field_evidence,El origen de un campo del borrador,draft_id,text,TEXT (lossless research interchange),,False,NULL = unknown/not_obtained; JSON booleans preserve false; zero is not NULL,context_dependent,proposal,draft id — dentro de la unidad: El origen de un campo del borrador
draft_field_evidence,El origen de un campo del borrador,field,text,TEXT (lossless research interchange),,False,NULL = unknown/not_obtained; JSON booleans preserve false; zero is not NULL,context_dependent,proposal,field — dentro de la unidad: El origen de un campo del borrador
draft_field_evidence,El origen de un campo del borrador,value_json,json,TEXT (lossless research interchange),,False,NULL = unknown/not_obtained; JSON booleans preserve false; zero is not NULL,critical,proposal,"Valor del campo en JSON, manteniendo booleano/numérico/lista"
draft_field_evidence,El origen de un campo del borrador,origin,text,TEXT (lossless research interchange),,False,NULL = unknown/not_obtained; JSON booleans preserve false; zero is not NULL,context_dependent,proposal,origin — dentro de la unidad: El origen de un campo del borrador
draft_field_evidence,El origen de un campo del borrador,source_id,text,TEXT (lossless research interchange),,False,NULL = unknown/not_obtained; JSON booleans preserve false; zero is not NULL,critical,proposal,Fuente exacta que respalda la fila; cada campo puede tener evidencia adicional en assertions
draft_field_evidence,El origen de un campo del borrador,approval_state,text,TEXT (lossless research interchange),,False,NULL = unknown/not_obtained; JSON booleans preserve false; zero is not NULL,context_dependent,proposal,approval state — dentro de la unidad: El origen de un campo del borrador
customer_briefs,Un brief aportado por una empresa,id,text,TEXT (lossless research interchange),,True,NULL = unknown/not_obtained; JSON booleans preserve false; zero is not NULL,critical,customer_authorized,Clave primaria estable de la fila
customer_briefs,Un brief aportado por una empresa,customer_id,text,TEXT (lossless research interchange),,False,NULL = unknown/not_obtained; JSON booleans preserve false; zero is not NULL,context_dependent,customer_authorized,customer id — dentro de la unidad: Un brief aportado por una empresa
customer_briefs,Un brief aportado por una empresa,website,text,TEXT (lossless research interchange),,False,NULL = unknown/not_obtained; JSON booleans preserve false; zero is not NULL,context_dependent,customer_authorized,website — dentro de la unidad: Un brief aportado por una empresa
customer_briefs,Un brief aportado por una empresa,objective,text,TEXT (lossless research interchange),,False,NULL = unknown/not_obtained; JSON booleans preserve false; zero is not NULL,context_dependent,customer_authorized,objective — dentro de la unidad: Un brief aportado por una empresa
customer_briefs,Un brief aportado por una empresa,offer,text,TEXT (lossless research interchange),,False,NULL = unknown/not_obtained; JSON booleans preserve false; zero is not NULL,context_dependent,customer_authorized,offer — dentro de la unidad: Un brief aportado por una empresa
customer_briefs,Un brief aportado por una empresa,audience,text,TEXT (lossless research interchange),,False,NULL = unknown/not_obtained; JSON booleans preserve false; zero is not NULL,context_dependent,customer_authorized,audience — dentro de la unidad: Un brief aportado por una empresa
customer_briefs,Un brief aportado por una empresa,geography,text,TEXT (lossless research interchange),,False,NULL = unknown/not_obtained; JSON booleans preserve false; zero is not NULL,context_dependent,customer_authorized,geography — dentro de la unidad: Un brief aportado por una empresa
customer_briefs,Un brief aportado por una empresa,dates_json,json,TEXT (lossless research interchange),,False,NULL = unknown/not_obtained; JSON booleans preserve false; zero is not NULL,context_dependent,customer_authorized,dates json — dentro de la unidad: Un brief aportado por una empresa
customer_briefs,Un brief aportado por una empresa,budget,text,TEXT (lossless research interchange),,False,NULL = unknown/not_obtained; JSON booleans preserve false; zero is not NULL,context_dependent,customer_authorized,budget — dentro de la unidad: Un brief aportado por una empresa
customer_briefs,Un brief aportado por una empresa,currency,text,TEXT (lossless research interchange),,False,NULL = unknown/not_obtained; JSON booleans preserve false; zero is not NULL,context_dependent,customer_authorized,currency — dentro de la unidad: Un brief aportado por una empresa
customer_briefs,Un brief aportado por una empresa,constraints_json,json,TEXT (lossless research interchange),,False,NULL = unknown/not_obtained; JSON booleans preserve false; zero is not NULL,context_dependent,customer_authorized,constraints json — dentro de la unidad: Un brief aportado por una empresa
customer_briefs,Un brief aportado por una empresa,priorities_json,json,TEXT (lossless research interchange),,False,NULL = unknown/not_obtained; JSON booleans preserve false; zero is not NULL,context_dependent,customer_authorized,priorities json — dentro de la unidad: Un brief aportado por una empresa
customer_briefs,Un brief aportado por una empresa,version,text,TEXT (lossless research interchange),,False,NULL = unknown/not_obtained; JSON booleans preserve false; zero is not NULL,context_dependent,customer_authorized,version — dentro de la unidad: Un brief aportado por una empresa
user_feedback,Una respuesta real a una propuesta,id,text,TEXT (lossless research interchange),,True,NULL = unknown/not_obtained; JSON booleans preserve false; zero is not NULL,critical,customer_authorized,Clave primaria estable de la fila
user_feedback,Una respuesta real a una propuesta,brief_id,text,TEXT (lossless research interchange),,False,NULL = unknown/not_obtained; JSON booleans preserve false; zero is not NULL,context_dependent,customer_authorized,brief id — dentro de la unidad: Una respuesta real a una propuesta
user_feedback,Una respuesta real a una propuesta,proposal_id,text,TEXT (lossless research interchange),,False,NULL = unknown/not_obtained; JSON booleans preserve false; zero is not NULL,context_dependent,customer_authorized,proposal id — dentro de la unidad: Una respuesta real a una propuesta
user_feedback,Una respuesta real a una propuesta,feedback_type,text,TEXT (lossless research interchange),,False,NULL = unknown/not_obtained; JSON booleans preserve false; zero is not NULL,context_dependent,customer_authorized,feedback type — dentro de la unidad: Una respuesta real a una propuesta
user_feedback,Una respuesta real a una propuesta,reason,text,TEXT (lossless research interchange),,False,NULL = unknown/not_obtained; JSON booleans preserve false; zero is not NULL,context_dependent,customer_authorized,reason — dentro de la unidad: Una respuesta real a una propuesta
user_feedback,Una respuesta real a una propuesta,observed_at,ISO8601_or_documented_partial_date,TEXT (lossless research interchange),,False,NULL = unknown/not_obtained; JSON booleans preserve false; zero is not NULL,context_dependent,customer_authorized,Instante o fecha de consulta; no fecha del hecho
user_feedback,Una respuesta real a una propuesta,later_outcome_json,json,TEXT (lossless research interchange),,False,NULL = unknown/not_obtained; JSON booleans preserve false; zero is not NULL,context_dependent,customer_authorized,later outcome json — dentro de la unidad: Una respuesta real a una propuesta
