id,series_id,title,canonical_url,start_date,end_date,start_at,end_at,timezone,date_precision,end_semantics,status,temporal_bucket,location_raw,country,modality,geo_precision,venue_id,format,sector,topics_json,language,registration_status,last_verified,source_id,missing_reasons_json
evt_74924efa1f1d406d,ser_798a460a1050c31f,EARL 2025,https://earl-conference.com/,2025-10-14,2025-10-16,,,,day,inclusive_date; original_ICS_DTEND_is_exclusive,announced,historical,"Brighton, UK",United Kingdom,in_person_inferred,location_text_ungeocoded,,other_technical,technology,,,,2026-09-28,src_105ca3620163539b,"{""price"":""not_enriched"",""audience_actual"":""not_enriched"",""sponsor_budget"":""not_public"",""coordinates"":""not_geocoded"",""timezone"":""not_published""}"
evt_d9aa9a04fdafe783,,PyDay La Paz 2023,https://pyday.pylapaz.org/,2023-06-10,2023-06-10,,,,day,inclusive_date; original_ICS_DTEND_is_exclusive,announced,historical,"Higher University of San Andrés (UMSA), J.J.Perez, La Paz, Bolivia",Bolivia,in_person_inferred,location_text_ungeocoded,,other_technical,technology,,,,2026-09-28,src_105ca3620163539b,"{""price"":""not_enriched"",""audience_actual"":""not_enriched"",""sponsor_budget"":""not_public"",""coordinates"":""not_geocoded"",""timezone"":""not_published""}"
evt_85b4aa9c3b9e839a,ser_5fb830ac30758c51,PyCon Lithuania 2024,https://pycon.lt/2024,2024-04-02,2024-04-06,,,,day,inclusive_date; original_ICS_DTEND_is_exclusive,announced,historical,"Vilnius, Lithuania",Lithuania,in_person_inferred,location_text_ungeocoded,,conference,technology,,,,2026-09-28,src_105ca3620163539b,"{""price"":""not_enriched"",""audience_actual"":""not_enriched"",""sponsor_budget"":""not_public"",""coordinates"":""not_geocoded"",""timezone"":""not_published""}"
evt_8ad74a622fa38a01,ser_764abf47c6e5c0da,PyData Amsterdam 2024,https://amsterdam.pydata.org/,2024-09-18,2024-09-20,,,,day,inclusive_date; original_ICS_DTEND_is_exclusive,announced,historical,"Amsterdam, Netherlands",Netherlands,in_person_inferred,location_text_ungeocoded,,conference,technology,,,,2026-09-28,src_105ca3620163539b,"{""price"":""not_enriched"",""audience_actual"":""not_enriched"",""sponsor_budget"":""not_public"",""coordinates"":""not_geocoded"",""timezone"":""not_published""}"
evt_bb04598beeecbf2c,ser_46fb2aa17a0919c8,Python Norte 2024,https://2024.pythonnorte.org/,2024-09-27,2024-09-28,,,,day,inclusive_date; original_ICS_DTEND_is_exclusive,announced,historical,"Itacoatiara, Amazonas, Brazil",Brazil,in_person_inferred,location_text_ungeocoded,,other_technical,technology,,,,2026-09-28,src_105ca3620163539b,"{""price"":""not_enriched"",""audience_actual"":""not_enriched"",""sponsor_budget"":""not_public"",""coordinates"":""not_geocoded"",""timezone"":""not_published""}"
evt_9f19637ff3ee3243,ser_8c97893b4ded3d0b,EuroSciPy 2025,https://euroscipy.org/2025/,2025-08-18,2025-08-22,,,,day,inclusive_date; original_ICS_DTEND_is_exclusive,announced,historical,"Kraków, Poland",Poland,in_person_inferred,location_text_ungeocoded,,conference,technology,,,,2026-09-28,src_105ca3620163539b,"{""price"":""not_enriched"",""audience_actual"":""not_enriched"",""sponsor_budget"":""not_public"",""coordinates"":""not_geocoded"",""timezone"":""not_published""}"
evt_54d0e34f7c60d99e,,PyCon APAC 2022,https://tw.pycon.org/,2022-09-03,2022-09-04,,,,day,inclusive_date; original_ICS_DTEND_is_exclusive,announced,historical,"Online, Taiwan",Taiwan,online,location_text_ungeocoded,,conference,technology,,,,2026-09-28,src_105ca3620163539b,"{""price"":""not_enriched"",""audience_actual"":""not_enriched"",""sponsor_budget"":""not_public"",""coordinates"":""not_geocoded"",""timezone"":""not_published""}"
evt_fa0ae2541f8d36ea,ser_1bf6c5ea73e13e28,PyBeach 2026,https://2026.pybeach.org/,2026-10-24,2026-10-24,,,,day,inclusive_date; original_ICS_DTEND_is_exclusive,announced,upcoming_or_current,"Santa Monica, California, USA",United States,in_person_inferred,location_text_ungeocoded,,other_technical,technology,,,,2026-09-28,src_105ca3620163539b,"{""price"":""not_enriched"",""audience_actual"":""not_enriched"",""sponsor_budget"":""not_public"",""coordinates"":""not_geocoded"",""timezone"":""not_published""}"
evt_0b0968c1c4c7b16e,,PyCon Singapore 2026,http://pycon.sg/,2026-06-19,2026-06-21,,,,day,inclusive_date; original_ICS_DTEND_is_exclusive,announced,historical,"Singapore, Singapore",Singapore,in_person_inferred,location_text_ungeocoded,,conference,technology,,,,2026-09-28,src_105ca3620163539b,"{""price"":""not_enriched"",""audience_actual"":""not_enriched"",""sponsor_budget"":""not_public"",""coordinates"":""not_geocoded"",""timezone"":""not_published""}"
evt_6a33fa5b6c86304d,,PyCon APAC 2024,https://pycon.id/,2024-10-25,2024-10-26,,,,day,inclusive_date; original_ICS_DTEND_is_exclusive,announced,historical,"Yogyakarta, Indonesia",Indonesia,in_person_inferred,location_text_ungeocoded,,conference,technology,,,,2026-09-28,src_105ca3620163539b,"{""price"":""not_enriched"",""audience_actual"":""not_enriched"",""sponsor_budget"":""not_public"",""coordinates"":""not_geocoded"",""timezone"":""not_published""}"
evt_165ff6e4f6ca6aad,,DjangoCongress JP 2023,https://djangocongress.jp/,2023-10-07,2023-10-07,,,,day,inclusive_date; original_ICS_DTEND_is_exclusive,announced,historical,"Tokyo, Japan",Japan,in_person_inferred,location_text_ungeocoded,,conference,technology,,,,2026-09-28,src_105ca3620163539b,"{""price"":""not_enriched"",""audience_actual"":""not_enriched"",""sponsor_budget"":""not_public"",""coordinates"":""not_geocoded"",""timezone"":""not_published""}"
evt_0956d356a6eede47,ser_78246b4754fd2cba,Python Nordeste 2024,https://2024.pythonnordeste.org/,2024-08-09,2024-08-10,,,,day,inclusive_date; original_ICS_DTEND_is_exclusive,announced,historical,"Natal, Brazil",Brazil,in_person_inferred,location_text_ungeocoded,,other_technical,technology,,,,2026-09-28,src_105ca3620163539b,"{""price"":""not_enriched"",""audience_actual"":""not_enriched"",""sponsor_budget"":""not_public"",""coordinates"":""not_geocoded"",""timezone"":""not_published""}"
evt_46dba274af8639b7,ser_ebbb5f27fb429e6f,PyCon AU 2025,https://2025.pycon.org.au/,2025-09-12,2025-09-16,,,,day,inclusive_date; original_ICS_DTEND_is_exclusive,announced,historical,"Melbourne, Australia",Australia,in_person_inferred,location_text_ungeocoded,,conference,technology,,,,2026-09-28,src_105ca3620163539b,"{""price"":""not_enriched"",""audience_actual"":""not_enriched"",""sponsor_budget"":""not_public"",""coordinates"":""not_geocoded"",""timezone"":""not_published""}"
evt_3e5acad6adf38308,,Cloud Builder: Python Conf,https://www.cloud-builders.tech/en/python-conf,2023-09-06,2023-09-06,,,,day,inclusive_date; original_ICS_DTEND_is_exclusive,announced,historical,online,,online,location_text_ungeocoded,,other_technical,technology,,,,2026-09-28,src_105ca3620163539b,"{""price"":""not_enriched"",""audience_actual"":""not_enriched"",""sponsor_budget"":""not_public"",""coordinates"":""not_geocoded"",""timezone"":""not_published""}"
evt_4336de4732d15d92,,FastAPI Conf 2026,https://fastapiconf.com/,2026-10-28,2026-10-28,,,,day,inclusive_date; original_ICS_DTEND_is_exclusive,announced,upcoming_or_current,"Amsterdam, The Netherlands",Netherlands,in_person_inferred,location_text_ungeocoded,,other_technical,technology,,,,2026-09-28,src_105ca3620163539b,"{""price"":""not_enriched"",""audience_actual"":""not_enriched"",""sponsor_budget"":""not_public"",""coordinates"":""not_geocoded"",""timezone"":""not_published""}"
evt_0617c91d76effd08,ser_386467f000e5c7e0,Python Brasil 2024,https://2024.pythonbrasil.org.br/,2024-10-16,2024-10-20,,,,day,inclusive_date; original_ICS_DTEND_is_exclusive,announced,historical,"Rio de Janeiro, Brazil",Brazil,in_person_inferred,location_text_ungeocoded,,other_technical,technology,,,,2026-09-28,src_105ca3620163539b,"{""price"":""not_enriched"",""audience_actual"":""not_enriched"",""sponsor_budget"":""not_public"",""coordinates"":""not_geocoded"",""timezone"":""not_published""}"
evt_d26b1d203113460d,,PyDay Togo 2024,https://lu.ma/runpiv8k,2024-11-30,2024-11-30,,,,day,inclusive_date; original_ICS_DTEND_is_exclusive,announced,historical,"Lomé, Togo",Togo,in_person_inferred,location_text_ungeocoded,,other_technical,technology,,,,2026-09-28,src_105ca3620163539b,"{""price"":""not_enriched"",""audience_actual"":""not_enriched"",""sponsor_budget"":""not_public"",""coordinates"":""not_geocoded"",""timezone"":""not_published""}"
evt_fb0927245e4a697c,,PyData Tel Aviv 2023,https://pydata.org/telaviv2023,2023-11-14,2023-11-14,,,,day,inclusive_date; original_ICS_DTEND_is_exclusive,announced,historical,"Tel Aviv, Israel",Israel,in_person_inferred,location_text_ungeocoded,,conference,technology,,,,2026-09-28,src_105ca3620163539b,"{""price"":""not_enriched"",""audience_actual"":""not_enriched"",""sponsor_budget"":""not_public"",""coordinates"":""not_geocoded"",""timezone"":""not_published""}"
evt_98d6cf1138256fb7,ser_1e0bc102d3c223b8,Python Leiden User Group,https://pythonleiden.nl/meeting-2026-05-28.html?py,2026-05-28,2026-05-28,2026-05-28T17:15:00Z,2026-05-28T20:00:00Z,UTC,second,inclusive_date; original_ICS_DTEND_is_exclusive,announced,historical,"Leiden, The Netherlands",Netherlands,in_person_inferred,location_text_ungeocoded,,other_technical,technology,,,,2026-09-28,src_105ca3620163539b,"{""price"":""not_enriched"",""audience_actual"":""not_enriched"",""sponsor_budget"":""not_public"",""coordinates"":""not_geocoded"",""timezone"":null}"
evt_e9b86a328158346d,ser_1bf6c5ea73e13e28,PyBeach 2025,https://2025.pybeach.org/,2025-09-27,2025-09-27,,,,day,inclusive_date; original_ICS_DTEND_is_exclusive,announced,historical,"Santa Monica, CA, USA",United States,in_person_inferred,location_text_ungeocoded,,other_technical,technology,,,,2026-09-28,src_105ca3620163539b,"{""price"":""not_enriched"",""audience_actual"":""not_enriched"",""sponsor_budget"":""not_public"",""coordinates"":""not_geocoded"",""timezone"":""not_published""}"
evt_c74bf11ac6632c88,ser_1940b8deb6405b76,PyCon LT 2023,https://pycon.lt/2023,2023-05-17,2023-05-20,,,,day,inclusive_date; original_ICS_DTEND_is_exclusive,announced,historical,"Vilnius, Lithuania",Lithuania,in_person_inferred,location_text_ungeocoded,,conference,technology,,,,2026-09-28,src_105ca3620163539b,"{""price"":""not_enriched"",""audience_actual"":""not_enriched"",""sponsor_budget"":""not_public"",""coordinates"":""not_geocoded"",""timezone"":""not_published""}"
evt_0e361a698e5f00fa,,PyCascades 2024,https://2024.pycascades.com/,2024-04-05,2024-04-08,,,,day,inclusive_date; original_ICS_DTEND_is_exclusive,announced,historical,,,unknown,unknown,,other_technical,technology,,,,2026-09-28,src_105ca3620163539b,"{""price"":""not_enriched"",""audience_actual"":""not_enriched"",""sponsor_budget"":""not_public"",""coordinates"":""not_geocoded"",""timezone"":""not_published""}"
evt_1038cbbe810c51f9,ser_5fb830ac30758c51,PyCon Lithuania 2025,https://pycon.lt/,2025-04-23,2025-04-25,,,,day,inclusive_date; original_ICS_DTEND_is_exclusive,announced,historical,"Vilnius, Lithuania",Lithuania,in_person_inferred,location_text_ungeocoded,,conference,technology,,,,2026-09-28,src_105ca3620163539b,"{""price"":""not_enriched"",""audience_actual"":""not_enriched"",""sponsor_budget"":""not_public"",""coordinates"":""not_geocoded"",""timezone"":""not_published""}"
evt_c0adaa7474b2f421,ser_cb0bb84be03f9236,PyCon MEA & Data Science 2024,https://globaldevslam.com/,2024-10-14,2024-10-15,,,,day,inclusive_date; original_ICS_DTEND_is_exclusive,announced,historical,"Dubai, UAE",United Arab Emirates,in_person_inferred,location_text_ungeocoded,,conference,technology,,,,2026-09-28,src_105ca3620163539b,"{""price"":""not_enriched"",""audience_actual"":""not_enriched"",""sponsor_budget"":""not_public"",""coordinates"":""not_geocoded"",""timezone"":""not_published""}"
evt_c6d46b27da5cadcb,,Hamburg Python Pizza,https://hamburg.python.pizza/,2023-11-17,2023-11-17,,,,day,inclusive_date; original_ICS_DTEND_is_exclusive,announced,historical,"Hamburg, Germany and Online",Germany,hybrid_inferred,location_text_ungeocoded,,other_technical,technology,,,,2026-09-28,src_105ca3620163539b,"{""price"":""not_enriched"",""audience_actual"":""not_enriched"",""sponsor_budget"":""not_public"",""coordinates"":""not_geocoded"",""timezone"":""not_published""}"
evt_8ddd901275689efe,,DjangoCongress JP 2025,https://djangocongress.jp/,2025-02-22,2025-02-22,,,,day,inclusive_date; original_ICS_DTEND_is_exclusive,announced,historical,Online,,online,location_text_ungeocoded,,conference,technology,,,,2026-09-28,src_105ca3620163539b,"{""price"":""not_enriched"",""audience_actual"":""not_enriched"",""sponsor_budget"":""not_public"",""coordinates"":""not_geocoded"",""timezone"":""not_published""}"
evt_14f81078f72c3fb7,,JupyterCon 2025,https://events.linuxfoundation.org/jupytercon/,2025-11-03,2025-11-05,,,,day,inclusive_date; original_ICS_DTEND_is_exclusive,announced,historical,"San Diego, USA",United States,in_person_inferred,location_text_ungeocoded,,other_technical,technology,,,,2026-09-28,src_105ca3620163539b,"{""price"":""not_enriched"",""audience_actual"":""not_enriched"",""sponsor_budget"":""not_public"",""coordinates"":""not_geocoded"",""timezone"":""not_published""}"
evt_0f85b1f7331a6dbe,ser_21ff24caa85f2558,PyCon Russia 2025,https://www.pycon.ru/,2025-07-25,2025-07-26,,,,day,inclusive_date; original_ICS_DTEND_is_exclusive,announced,historical,"Moscow, Russia",Russia,in_person_inferred,location_text_ungeocoded,,conference,technology,,,,2026-09-28,src_105ca3620163539b,"{""price"":""not_enriched"",""audience_actual"":""not_enriched"",""sponsor_budget"":""not_public"",""coordinates"":""not_geocoded"",""timezone"":""not_published""}"
evt_dc71e11656e99e2d,ser_fb73bd4b32a5cf50,PyCon ES 2024,https://2024.es.pycon.org/,2024-10-04,2024-10-06,,,,day,organizer_explicit_inclusive_date; corrected_feed_conflict,announced,historical,"Vigo, Spain",Spain,in_person_inferred,location_text_ungeocoded,,conference,technology,,,,2026-09-28,src_105ca3620163539b,"{""price"":""not_enriched"",""audience_actual"":""not_enriched"",""sponsor_budget"":""not_public"",""coordinates"":""not_geocoded"",""timezone"":""not_published""}"
evt_4945d2d4a6bd64fa,ser_d176cec96435e06e,Django Day Copenhagen 2022,https://2022.djangoday.dk/,2022-04-08,2022-04-08,,,,day,inclusive_date; original_ICS_DTEND_is_exclusive,announced,historical,"Copenhagen, Denmark",Denmark,in_person_inferred,location_text_ungeocoded,,other_technical,technology,,,,2026-09-28,src_105ca3620163539b,"{""price"":""not_enriched"",""audience_actual"":""not_enriched"",""sponsor_budget"":""not_public"",""coordinates"":""not_geocoded"",""timezone"":""not_published""}"
evt_2874e14d7b7da401,ser_18a11bdb4fe8f12a,PyCon Ireland 2025,https://pycon.ie/,2025-11-15,2025-11-16,,,,day,inclusive_date; original_ICS_DTEND_is_exclusive,announced,historical,"Dublin, Ireland",Ireland,in_person_inferred,location_text_ungeocoded,,conference,technology,,,,2026-09-28,src_105ca3620163539b,"{""price"":""not_enriched"",""audience_actual"":""not_enriched"",""sponsor_budget"":""not_public"",""coordinates"":""not_geocoded"",""timezone"":""not_published""}"
evt_6a424270a326f4b7,,PyWeek Game Jam 39,https://pyweek.org/39/,2025-03-23,2025-03-30,,,,day,inclusive_date; original_ICS_DTEND_is_exclusive,announced,historical,Online,,online,location_text_ungeocoded,,other_technical,technology,,,,2026-09-28,src_105ca3620163539b,"{""price"":""not_enriched"",""audience_actual"":""not_enriched"",""sponsor_budget"":""not_public"",""coordinates"":""not_geocoded"",""timezone"":""not_published""}"
evt_fe9b0a48de67e90a,,FOSDEM 2022: Python Dev Room,https://fosdem.org/2022/schedule/track/python/,2022-02-06,2022-02-06,,,,day,inclusive_date; original_ICS_DTEND_is_exclusive,announced,historical,Online,,online,location_text_ungeocoded,,other_technical,technology,,,,2026-09-28,src_105ca3620163539b,"{""price"":""not_enriched"",""audience_actual"":""not_enriched"",""sponsor_budget"":""not_public"",""coordinates"":""not_geocoded"",""timezone"":""not_published""}"
evt_11dfac6b972886d3,ser_87ae4894d7ca24ad,PyCon UK 2023,https://2023.pyconuk.org/,2023-09-22,2023-09-25,,,,day,inclusive_date; original_ICS_DTEND_is_exclusive,announced,historical,"Cardiff, UK",United Kingdom,in_person_inferred,location_text_ungeocoded,,conference,technology,,,,2026-09-28,src_105ca3620163539b,"{""price"":""not_enriched"",""audience_actual"":""not_enriched"",""sponsor_budget"":""not_public"",""coordinates"":""not_geocoded"",""timezone"":""not_published""}"
evt_9c511cf38ef89f0a,ser_05c65766f842f59e,GeoPython 2025,https://2025.geopython.net/,2025-02-24,2025-02-26,,,,day,inclusive_date; original_ICS_DTEND_is_exclusive,announced,historical,"Basel, Switzerland",Switzerland,in_person_inferred,location_text_ungeocoded,,other_technical,technology,,,,2026-09-28,src_105ca3620163539b,"{""price"":""not_enriched"",""audience_actual"":""not_enriched"",""sponsor_budget"":""not_public"",""coordinates"":""not_geocoded"",""timezone"":""not_published""}"
evt_a0f9d3de1146199e,ser_2d5cb7c3e41342c4,PyBay 2025,https://pybay.org/,2025-10-18,2025-10-19,2025-10-18T17:00:00Z,2025-10-19T02:00:00Z,UTC,second,inclusive_date; original_ICS_DTEND_is_exclusive,announced,historical,"San Francisco, CA, USA",United States,in_person_inferred,location_text_ungeocoded,,conference,technology,,,,2026-09-28,src_105ca3620163539b,"{""price"":""not_enriched"",""audience_actual"":""not_enriched"",""sponsor_budget"":""not_public"",""coordinates"":""not_geocoded"",""timezone"":null}"
evt_09e9006e7a35cf47,ser_944cad17f300cd49,PyCon Portugal 2022,https://2022.pycon.pt/,2022-09-24,2022-09-24,,,,day,inclusive_date; original_ICS_DTEND_is_exclusive,announced,historical,"Porto, Portugal",Portugal,in_person_inferred,location_text_ungeocoded,,conference,technology,,,,2026-09-28,src_105ca3620163539b,"{""price"":""not_enriched"",""audience_actual"":""not_enriched"",""sponsor_budget"":""not_public"",""coordinates"":""not_geocoded"",""timezone"":""not_published""}"
evt_d07a76152f5489fe,ser_764abf47c6e5c0da,PyData Amsterdam 2023,https://amsterdam.pydata.org/,2023-09-14,2023-09-16,,,,day,inclusive_date; original_ICS_DTEND_is_exclusive,announced,historical,"Amsterdam, The Netherlands",Netherlands,in_person_inferred,location_text_ungeocoded,,conference,technology,,,,2026-09-28,src_105ca3620163539b,"{""price"":""not_enriched"",""audience_actual"":""not_enriched"",""sponsor_budget"":""not_public"",""coordinates"":""not_geocoded"",""timezone"":""not_published""}"
evt_451d0693e338d3f9,ser_97e2f61ee9175eb9,Python devroom @ FOSDEM 2025,https://fosdem.org/2025/schedule/track/python/,2025-02-02,2025-02-02,,,,day,inclusive_date; original_ICS_DTEND_is_exclusive,announced,historical,"Brussels, Belgium",Belgium,in_person_inferred,location_text_ungeocoded,,other_technical,technology,,,,2026-09-28,src_105ca3620163539b,"{""price"":""not_enriched"",""audience_actual"":""not_enriched"",""sponsor_budget"":""not_public"",""coordinates"":""not_geocoded"",""timezone"":""not_published""}"
evt_01a63ed96a5d4272,ser_05c65766f842f59e,GeoPython 2022,https://2022.geopython.net/,2022-06-20,2022-06-22,,,,day,inclusive_date; original_ICS_DTEND_is_exclusive,announced,historical,"Basel, Switzerland & Online",Switzerland,hybrid_inferred,location_text_ungeocoded,,other_technical,technology,,,,2026-09-28,src_105ca3620163539b,"{""price"":""not_enriched"",""audience_actual"":""not_enriched"",""sponsor_budget"":""not_public"",""coordinates"":""not_geocoded"",""timezone"":""not_published""}"
evt_a11306bd2009b244,,PyCon Poland 2025,https://pl.pycon.org/2025/,2025-08-28,2025-08-31,,,,day,inclusive_date; original_ICS_DTEND_is_exclusive,announced,historical,"Gliwice, Poland",Poland,in_person_inferred,location_text_ungeocoded,,conference,technology,,,,2026-09-28,src_105ca3620163539b,"{""price"":""not_enriched"",""audience_actual"":""not_enriched"",""sponsor_budget"":""not_public"",""coordinates"":""not_geocoded"",""timezone"":""not_published""}"
evt_b4c8b4590ac55632,ser_6946bf4bd081d371,DjangoCon US 2026,https://2026.djangocon.us/,2026-08-24,2026-08-28,,,,day,inclusive_date; original_ICS_DTEND_is_exclusive,announced,historical,"Chicago, USA",United States,in_person_inferred,location_text_ungeocoded,,conference,technology,,,,2026-09-28,src_105ca3620163539b,"{""price"":""not_enriched"",""audience_actual"":""not_enriched"",""sponsor_budget"":""not_public"",""coordinates"":""not_geocoded"",""timezone"":""not_published""}"
evt_1fc974874ad3a13f,ser_90abdbe8763dea01,PyCon US 2024,https://us.pycon.org/,2024-05-15,2024-05-23,,,,day,inclusive_date; original_ICS_DTEND_is_exclusive,announced,historical,"Pittsburgh, Pennsylvania, USA",United States,in_person_inferred,location_text_ungeocoded,,conference,technology,,,,2026-09-28,src_105ca3620163539b,"{""price"":""not_enriched"",""audience_actual"":""not_enriched"",""sponsor_budget"":""not_public"",""coordinates"":""not_geocoded"",""timezone"":""not_published""}"
evt_cee31d7848add738,,PythonAsia 2026,https://2026.pythonasia.org/,2026-03-21,2026-03-23,,,,day,inclusive_date; original_ICS_DTEND_is_exclusive,announced,historical,"Malate, Philippines",Philippines,in_person_inferred,location_text_ungeocoded,,other_technical,technology,,,,2026-09-28,src_105ca3620163539b,"{""price"":""not_enriched"",""audience_actual"":""not_enriched"",""sponsor_budget"":""not_public"",""coordinates"":""not_geocoded"",""timezone"":""not_published""}"
evt_cc542b100138de5d,ser_296f5e77c12d4f16,PyData London 2023,https://pydata.org/london2023,2023-06-02,2023-06-04,,,,day,inclusive_date; original_ICS_DTEND_is_exclusive,announced,historical,"London, UK",United Kingdom,in_person_inferred,location_text_ungeocoded,,conference,technology,,,,2026-09-28,src_105ca3620163539b,"{""price"":""not_enriched"",""audience_actual"":""not_enriched"",""sponsor_budget"":""not_public"",""coordinates"":""not_geocoded"",""timezone"":""not_published""}"
evt_ce40a806a2021651,ser_d4f3b778fb1f0208,PyCon Austria 2026,https://pycon.at/,2026-04-19,2026-04-20,,,,day,inclusive_date; original_ICS_DTEND_is_exclusive,announced,historical,"Eisenstadt, Austria",Austria,in_person_inferred,location_text_ungeocoded,,conference,technology,,,,2026-09-28,src_105ca3620163539b,"{""price"":""not_enriched"",""audience_actual"":""not_enriched"",""sponsor_budget"":""not_public"",""coordinates"":""not_geocoded"",""timezone"":""not_published""}"
evt_a24d02ff563dd463,ser_90abdbe8763dea01,PyCon US 2026,https://us.pycon.org/,2026-05-13,2026-05-19,,,,day,inclusive_date; original_ICS_DTEND_is_exclusive,announced,historical,"Long Beach, CA, USA",United States,in_person_inferred,location_text_ungeocoded,,conference,technology,,,,2026-09-28,src_105ca3620163539b,"{""price"":""not_enriched"",""audience_actual"":""not_enriched"",""sponsor_budget"":""not_public"",""coordinates"":""not_geocoded"",""timezone"":""not_published""}"
evt_014069fb64efc783,ser_cab9143556349095,EuroSciPy 2022,https://www.euroscipy.org/2022/,2022-08-29,2022-09-02,,,,day,inclusive_date; original_ICS_DTEND_is_exclusive,announced,historical,"Basel, Switzerland",Switzerland,in_person_inferred,location_text_ungeocoded,,conference,technology,,,,2026-09-28,src_105ca3620163539b,"{""price"":""not_enriched"",""audience_actual"":""not_enriched"",""sponsor_budget"":""not_public"",""coordinates"":""not_geocoded"",""timezone"":""not_published""}"
evt_8f03530072b5cab5,,PyTexas 2025,http://pytexas.org/2025,2025-04-11,2025-04-13,,,,day,inclusive_date; original_ICS_DTEND_is_exclusive,announced,historical,"Austin, TX",,in_person_inferred,location_text_ungeocoded,,other_technical,technology,,,,2026-09-28,src_105ca3620163539b,"{""price"":""not_enriched"",""audience_actual"":""not_enriched"",""sponsor_budget"":""not_public"",""coordinates"":""not_geocoded"",""timezone"":""not_published""}"
evt_36ef38d0c4f18f9b,ser_b4b5f1961d76b452,PyCon Taiwan,https://tw.pycon.org/2025/en-us,2025-09-06,2025-09-07,,,,day,inclusive_date; original_ICS_DTEND_is_exclusive,announced,historical,"Taipei City, Taiwan",Taiwan,in_person_inferred,location_text_ungeocoded,,conference,technology,,,,2026-09-28,src_105ca3620163539b,"{""price"":""not_enriched"",""audience_actual"":""not_enriched"",""sponsor_budget"":""not_public"",""coordinates"":""not_geocoded"",""timezone"":""not_published""}"
evt_b5025af901c2f949,,Plone Conference 2025,https://2025.ploneconf.org/,2025-10-13,2025-10-19,,,,day,inclusive_date; original_ICS_DTEND_is_exclusive,announced,historical,"Jyväskylä, Finland",Finland,in_person_inferred,location_text_ungeocoded,,conference,technology,,,,2026-09-28,src_105ca3620163539b,"{""price"":""not_enriched"",""audience_actual"":""not_enriched"",""sponsor_budget"":""not_public"",""coordinates"":""not_geocoded"",""timezone"":""not_published""}"
evt_6f2e680bdac0b5b0,ser_b4b5f1961d76b452,PyCon Taiwan,https://tw.pycon.org/2026/en-us,2026-10-17,2026-10-18,,,,day,inclusive_date; original_ICS_DTEND_is_exclusive,announced,upcoming_or_current,"Taipei City, Taiwan",Taiwan,in_person_inferred,location_text_ungeocoded,,conference,technology,,,,2026-09-28,src_105ca3620163539b,"{""price"":""not_enriched"",""audience_actual"":""not_enriched"",""sponsor_budget"":""not_public"",""coordinates"":""not_geocoded"",""timezone"":""not_published""}"
evt_8cfa31a0eacf62ad,ser_b381fcf96d51da08,PyHEP 2022,https://indico.cern.ch/e/PyHEP2022,2022-09-12,2022-09-16,,,,day,inclusive_date; original_ICS_DTEND_is_exclusive,announced,historical,Online,,online,location_text_ungeocoded,,other_technical,technology,,,,2026-09-28,src_105ca3620163539b,"{""price"":""not_enriched"",""audience_actual"":""not_enriched"",""sponsor_budget"":""not_public"",""coordinates"":""not_geocoded"",""timezone"":""not_published""}"
evt_4f3c87da27540383,ser_c0ec9ff865759e8f,PyCon Wroclaw 2025,http://www.pyconwroclaw.com/,2025-11-15,2025-11-15,,,,day,inclusive_date; original_ICS_DTEND_is_exclusive,announced,historical,"Concordia Design Wrocław I Wynajem biur I Centrum Konferencyjno - Eventowe, wyspa Słodowa 7, 50-266 Wrocław, Poland",Poland,in_person_inferred,location_text_ungeocoded,,conference,technology,,,,2026-09-28,src_105ca3620163539b,"{""price"":""not_enriched"",""audience_actual"":""not_enriched"",""sponsor_budget"":""not_public"",""coordinates"":""not_geocoded"",""timezone"":""not_published""}"
evt_8ff4e1a072242b32,,SpaceCon 2025,https://spacecon.antarikchya.org.np/,2025-04-11,2025-04-11,,,,day,inclusive_date; original_ICS_DTEND_is_exclusive,announced,historical,"Kathmandu, Nepal",Nepal,in_person_inferred,location_text_ungeocoded,,other_technical,technology,,,,2026-09-28,src_105ca3620163539b,"{""price"":""not_enriched"",""audience_actual"":""not_enriched"",""sponsor_budget"":""not_public"",""coordinates"":""not_geocoded"",""timezone"":""not_published""}"
evt_10f798c145b96791,ser_8c97893b4ded3d0b,EuroSciPy 2024,https://www.euroscipy.org/2024/index.html,2024-08-26,2024-08-30,,,,day,inclusive_date; original_ICS_DTEND_is_exclusive,announced,historical,"Szczecin, Poland",Poland,in_person_inferred,location_text_ungeocoded,,conference,technology,,,,2026-09-28,src_105ca3620163539b,"{""price"":""not_enriched"",""audience_actual"":""not_enriched"",""sponsor_budget"":""not_public"",""coordinates"":""not_geocoded"",""timezone"":""not_published""}"
evt_6f3e70a2e5bfc411,ser_05c65766f842f59e,GeoPython 2024,https://2024.geopython.net/,2024-05-27,2024-05-28,,,,day,inclusive_date; original_ICS_DTEND_is_exclusive,announced,historical,"Basel, Switzerland",Switzerland,in_person_inferred,location_text_ungeocoded,,other_technical,technology,,,,2026-09-28,src_105ca3620163539b,"{""price"":""not_enriched"",""audience_actual"":""not_enriched"",""sponsor_budget"":""not_public"",""coordinates"":""not_geocoded"",""timezone"":""not_published""}"
evt_f0f8bded21075692,,SciPy India 2026,https://scipy.in/2026/,2026-12-19,2026-12-20,,,,day,inclusive_date; original_ICS_DTEND_is_exclusive,announced,upcoming_or_current,"Chennai, Tamil Nadu, India",India,in_person_inferred,location_text_ungeocoded,,other_technical,technology,,,,2026-09-28,src_105ca3620163539b,"{""price"":""not_enriched"",""audience_actual"":""not_enriched"",""sponsor_budget"":""not_public"",""coordinates"":""not_geocoded"",""timezone"":""not_published""}"
evt_a8919e186668b9c7,ser_4e33f513c51a6a53,PyData Paris 2025,https://pydata.org/paris2025,2025-09-30,2025-10-01,,,,day,inclusive_date; original_ICS_DTEND_is_exclusive,announced,historical,"Paris, France",France,in_person_inferred,location_text_ungeocoded,,conference,technology,,,,2026-09-28,src_105ca3620163539b,"{""price"":""not_enriched"",""audience_actual"":""not_enriched"",""sponsor_budget"":""not_public"",""coordinates"":""not_geocoded"",""timezone"":""not_published""}"
evt_509dd77782235695,,Python Education Summit Kigali,http://afrodjangoinitiatives.org/event/9,2023-04-14,2023-04-15,,,,day,inclusive_date; original_ICS_DTEND_is_exclusive,announced,historical,"Kampala, Uganda",Uganda,in_person_inferred,location_text_ungeocoded,,other_technical,technology,,,,2026-09-28,src_105ca3620163539b,"{""price"":""not_enriched"",""audience_actual"":""not_enriched"",""sponsor_budget"":""not_public"",""coordinates"":""not_geocoded"",""timezone"":""not_published""}"
evt_6b413a3ee9f000f0,ser_028d80b439d4cebb,Wagtail Space 2025,https://events.zoom.us/ev/AtWesoZI_eMUAZtG3IN1jHe29h3D8ymQo_CtHXHif8OXHxce920A~AsPDB_wMeHEWoOe5NMmxxfUvLYmDix4jgAeEnfHjMc5yHnblkIJ88jr23fxwtHhVFjK-X8n_7gP1dGlP2Nok1bHg4A,2025-10-08,2025-10-10,,,,day,inclusive_date; original_ICS_DTEND_is_exclusive,announced,historical,Online,,online,location_text_ungeocoded,,other_technical,technology,,,,2026-09-28,src_105ca3620163539b,"{""price"":""not_enriched"",""audience_actual"":""not_enriched"",""sponsor_budget"":""not_public"",""coordinates"":""not_geocoded"",""timezone"":""not_published""}"
evt_d96d4070e54b27d1,ser_ebbb5f27fb429e6f,PyCon AU 2026,https://2026.pycon.org.au/,2026-08-26,2026-08-30,,,,day,inclusive_date; original_ICS_DTEND_is_exclusive,announced,historical,"Brisbane, Australia",Australia,in_person_inferred,location_text_ungeocoded,,conference,technology,,,,2026-09-28,src_105ca3620163539b,"{""price"":""not_enriched"",""audience_actual"":""not_enriched"",""sponsor_budget"":""not_public"",""coordinates"":""not_geocoded"",""timezone"":""not_published""}"
evt_4448807c8669f164,ser_9fcc17d1f13a723d,PyOhio 2024,https://pyohio.org/2024/,2024-07-27,2024-07-27,,,,day,inclusive_date; original_ICS_DTEND_is_exclusive,announced,historical,"Columbus, USA",United States,in_person_inferred,location_text_ungeocoded,,other_technical,technology,,,,2026-09-28,src_105ca3620163539b,"{""price"":""not_enriched"",""audience_actual"":""not_enriched"",""sponsor_budget"":""not_public"",""coordinates"":""not_geocoded"",""timezone"":""not_published""}"
evt_d90216fff9a74c0b,ser_024e67541ec44a5e,PyTexas 2024,https://www.pytexas.org/2024/,2024-04-19,2024-04-21,,,,day,inclusive_date; original_ICS_DTEND_is_exclusive,announced,historical,"Austin, Texas, USA",United States,in_person_inferred,location_text_ungeocoded,,other_technical,technology,,,,2026-09-28,src_105ca3620163539b,"{""price"":""not_enriched"",""audience_actual"":""not_enriched"",""sponsor_budget"":""not_public"",""coordinates"":""not_geocoded"",""timezone"":""not_published""}"
evt_ca268ccd9afba7db,,EduPy 2023,http://www.slec.net/edupy/,2023-10-21,2023-10-21,,,,day,inclusive_date; original_ICS_DTEND_is_exclusive,announced,historical,"Cali, Colombia",Colombia,in_person_inferred,location_text_ungeocoded,,other_technical,technology,,,,2026-09-28,src_105ca3620163539b,"{""price"":""not_enriched"",""audience_actual"":""not_enriched"",""sponsor_budget"":""not_public"",""coordinates"":""not_geocoded"",""timezone"":""not_published""}"
evt_39b390f660e8bfeb,ser_5b2cabaa32d6667e,PyCon Korea 2024,https://2024.pycon.kr/,2024-10-26,2024-10-27,,,,day,inclusive_date; original_ICS_DTEND_is_exclusive,announced,historical,"Suwon, Gyeonggi, Republic of Korea",South Korea,in_person_inferred,location_text_ungeocoded,,conference,technology,,,,2026-09-28,src_105ca3620163539b,"{""price"":""not_enriched"",""audience_actual"":""not_enriched"",""sponsor_budget"":""not_public"",""coordinates"":""not_geocoded"",""timezone"":""not_published""}"
evt_22b238eab1c43c6a,ser_e80a81bc7307ce09,North Bay Python 2024,https://2024.northbaypython.org/,2024-06-29,2024-06-29,,,,day,inclusive_date; original_ICS_DTEND_is_exclusive,announced,historical,"Petaluma, USA",United States,in_person_inferred,location_text_ungeocoded,,other_technical,technology,,,,2026-09-28,src_105ca3620163539b,"{""price"":""not_enriched"",""audience_actual"":""not_enriched"",""sponsor_budget"":""not_public"",""coordinates"":""not_geocoded"",""timezone"":""not_published""}"
evt_4661c9af3cf79e6e,ser_e80a81bc7307ce09,North Bay Python,https://2023.northbaypython.org/,2023-07-29,2023-07-30,,,,day,inclusive_date; original_ICS_DTEND_is_exclusive,announced,historical,"Petaluma, California, USA",United States,in_person_inferred,location_text_ungeocoded,,other_technical,technology,,,,2026-09-28,src_105ca3620163539b,"{""price"":""not_enriched"",""audience_actual"":""not_enriched"",""sponsor_budget"":""not_public"",""coordinates"":""not_geocoded"",""timezone"":""not_published""}"
evt_7ae4314a231e3d96,ser_9fcc17d1f13a723d,PyOhio 2025,https://pyohio.org/2025/,2025-07-26,2025-07-27,,,,day,inclusive_date; original_ICS_DTEND_is_exclusive,announced,historical,"Cleveland, USA",United States,in_person_inferred,location_text_ungeocoded,,other_technical,technology,,,,2026-09-28,src_105ca3620163539b,"{""price"":""not_enriched"",""audience_actual"":""not_enriched"",""sponsor_budget"":""not_public"",""coordinates"":""not_geocoded"",""timezone"":""not_published""}"
evt_4388e3fc954b09ae,ser_151dc9e07cbf32c0,PyCon Hong Kong 2025,https://pycon.hk/,2025-10-11,2025-10-12,,,,day,inclusive_date; original_ICS_DTEND_is_exclusive,announced,historical,"Kowloon, Hong Kong",Hong Kong,in_person_inferred,location_text_ungeocoded,,conference,technology,,,,2026-09-28,src_105ca3620163539b,"{""price"":""not_enriched"",""audience_actual"":""not_enriched"",""sponsor_budget"":""not_public"",""coordinates"":""not_geocoded"",""timezone"":""not_published""}"
evt_67f6eb4952e15482,ser_c580f4de93dae858,PyCon Sweden 2024,https://www.pycon.se/,2024-11-14,2024-11-15,,,,day,inclusive_date; original_ICS_DTEND_is_exclusive,announced,historical,"Stockholm, Sweden",Sweden,in_person_inferred,location_text_ungeocoded,,conference,technology,,,,2026-09-28,src_105ca3620163539b,"{""price"":""not_enriched"",""audience_actual"":""not_enriched"",""sponsor_budget"":""not_public"",""coordinates"":""not_geocoded"",""timezone"":""not_published""}"
evt_53a5e5ed48b9e2f6,ser_22fa175c78a06c2a,PyCon Niger 2025,https://ne.pycon.org/,2025-09-13,2025-09-15,,,,day,inclusive_date; original_ICS_DTEND_is_exclusive,announced,historical,"Dosso, Niger",Niger,in_person_inferred,location_text_ungeocoded,,conference,technology,,,,2026-09-28,src_105ca3620163539b,"{""price"":""not_enriched"",""audience_actual"":""not_enriched"",""sponsor_budget"":""not_public"",""coordinates"":""not_geocoded"",""timezone"":""not_published""}"
evt_5ca5fb8336fc78fe,ser_e80a81bc7307ce09,North Bay Python 2026,http://2026.northbaypython.org/,2026-04-25,2026-04-26,,,,day,inclusive_date; original_ICS_DTEND_is_exclusive,announced,historical,"Petaluma, California, USA",United States,in_person_inferred,location_text_ungeocoded,,other_technical,technology,,,,2026-09-28,src_105ca3620163539b,"{""price"":""not_enriched"",""audience_actual"":""not_enriched"",""sponsor_budget"":""not_public"",""coordinates"":""not_geocoded"",""timezone"":""not_published""}"
evt_2634393393f34463,ser_813e68938356d10a,PyCon Italia 2023,http://pycon.it/,2023-05-25,2023-05-28,,,,day,inclusive_date; original_ICS_DTEND_is_exclusive,announced,historical,"Florence, Italy",Italy,in_person_inferred,location_text_ungeocoded,,conference,technology,,,,2026-09-28,src_105ca3620163539b,"{""price"":""not_enriched"",""audience_actual"":""not_enriched"",""sponsor_budget"":""not_public"",""coordinates"":""not_geocoded"",""timezone"":""not_published""}"
evt_49fecf22b6d2a696,ser_19073606a8e6ba48,PyCon Kenya 2026,https://www.pycon.ke/,2026-08-28,2026-08-29,,,,day,inclusive_date; original_ICS_DTEND_is_exclusive,announced,historical,"Nairobi, Kenya",Kenya,in_person_inferred,location_text_ungeocoded,,conference,technology,,,,2026-09-28,src_105ca3620163539b,"{""price"":""not_enriched"",""audience_actual"":""not_enriched"",""sponsor_budget"":""not_public"",""coordinates"":""not_geocoded"",""timezone"":""not_published""}"
evt_770129eb2abce6be,ser_97e2f61ee9175eb9,Python Devroom @ FOSDEM 2024,https://fosdem.org/2024/schedule/track/python-devroom/,2024-02-04,2024-02-04,,,,day,inclusive_date; original_ICS_DTEND_is_exclusive,announced,historical,"Brussels, Belgium",Belgium,in_person_inferred,location_text_ungeocoded,,other_technical,technology,,,,2026-09-28,src_105ca3620163539b,"{""price"":""not_enriched"",""audience_actual"":""not_enriched"",""sponsor_budget"":""not_public"",""coordinates"":""not_geocoded"",""timezone"":""not_published""}"
evt_f599476274faabd9,ser_00162b056acc9002,PyData Global 2021,https://pydata.org/global2021/,2021-10-28,2021-10-30,,,,day,inclusive_date; original_ICS_DTEND_is_exclusive,announced,historical,Online,,online,location_text_ungeocoded,,conference,technology,,,,2026-09-28,src_105ca3620163539b,"{""price"":""not_enriched"",""audience_actual"":""not_enriched"",""sponsor_budget"":""not_public"",""coordinates"":""not_geocoded"",""timezone"":""not_published""}"
evt_3701004c3c2ce5c2,,KX CON [23],https://kx.com/events/kx-con-2023/,2023-05-17,2023-05-20,,,,day,inclusive_date; original_ICS_DTEND_is_exclusive,announced,historical,"Montauk, NY, USA",United States,in_person_inferred,location_text_ungeocoded,,other_technical,technology,,,,2026-09-28,src_105ca3620163539b,"{""price"":""not_enriched"",""audience_actual"":""not_enriched"",""sponsor_budget"":""not_public"",""coordinates"":""not_geocoded"",""timezone"":""not_published""}"
evt_a79023c8971a4f81,,PyCon+Web 2025,https://www.pyconweb.com/,2025-01-24,2025-01-25,,,,day,inclusive_date; original_ICS_DTEND_is_exclusive,announced,historical,"Berlin, Germany",Germany,in_person_inferred,location_text_ungeocoded,,conference,technology,,,,2026-09-28,src_105ca3620163539b,"{""price"":""not_enriched"",""audience_actual"":""not_enriched"",""sponsor_budget"":""not_public"",""coordinates"":""not_geocoded"",""timezone"":""not_published""}"
evt_317e03884294fe92,,PyCon ID 2023,https://pycon.id/,2023-11-18,2023-11-19,,,,day,inclusive_date; original_ICS_DTEND_is_exclusive,announced,historical,"Bandung, Indonesia",Indonesia,in_person_inferred,location_text_ungeocoded,,conference,technology,,,,2026-09-28,src_105ca3620163539b,"{""price"":""not_enriched"",""audience_actual"":""not_enriched"",""sponsor_budget"":""not_public"",""coordinates"":""not_geocoded"",""timezone"":""not_published""}"
evt_9da30b0fa0940673,,FOSDEM 2023 - Python Dev Room,https://fosdem.org/2023/schedule/track/python/,2023-02-05,2023-02-05,,,,day,inclusive_date; original_ICS_DTEND_is_exclusive,announced,historical,"Brussels, Belgium",Belgium,in_person_inferred,location_text_ungeocoded,,other_technical,technology,,,,2026-09-28,src_105ca3620163539b,"{""price"":""not_enriched"",""audience_actual"":""not_enriched"",""sponsor_budget"":""not_public"",""coordinates"":""not_geocoded"",""timezone"":""not_published""}"
evt_22b9e4bf97269c4b,ser_386467f000e5c7e0,Python Brasil 2023,https://2023.pythonbrasil.org.br/,2023-10-30,2023-11-05,,,,day,inclusive_date; original_ICS_DTEND_is_exclusive,announced,historical,"Caxias do Sul, RS, Brazil",Brazil,in_person_inferred,location_text_ungeocoded,,other_technical,technology,,,,2026-09-28,src_105ca3620163539b,"{""price"":""not_enriched"",""audience_actual"":""not_enriched"",""sponsor_budget"":""not_public"",""coordinates"":""not_geocoded"",""timezone"":""not_published""}"
evt_ec56dad6b0f54653,ser_90abdbe8763dea01,PyCon US 2025,https://us.pycon.org/,2025-05-14,2025-05-22,,,,day,inclusive_date; original_ICS_DTEND_is_exclusive,announced,historical,"Pittsburgh, Pennsylvania, USA",United States,in_person_inferred,location_text_ungeocoded,,conference,technology,,,,2026-09-28,src_105ca3620163539b,"{""price"":""not_enriched"",""audience_actual"":""not_enriched"",""sponsor_budget"":""not_public"",""coordinates"":""not_geocoded"",""timezone"":""not_published""}"
evt_f5c2782d62727627,ser_da8cb8c7fd1a2e72,PyCon India 2025,https://in.pycon.org/2025/,2025-09-12,2025-09-15,,,,day,inclusive_date; original_ICS_DTEND_is_exclusive,announced,historical,"Bengaluru, India",India,in_person_inferred,location_text_ungeocoded,,conference,technology,,,,2026-09-28,src_105ca3620163539b,"{""price"":""not_enriched"",""audience_actual"":""not_enriched"",""sponsor_budget"":""not_public"",""coordinates"":""not_geocoded"",""timezone"":""not_published""}"
evt_c03ac7f3b70a0f6a,,PackagingCon 2023,https://packaging-con.org/,2023-10-26,2023-10-28,,,,day,inclusive_date; original_ICS_DTEND_is_exclusive,announced,historical,"Berlin, Germany",Germany,in_person_inferred,location_text_ungeocoded,,other_technical,technology,,,,2026-09-28,src_105ca3620163539b,"{""price"":""not_enriched"",""audience_actual"":""not_enriched"",""sponsor_budget"":""not_public"",""coordinates"":""not_geocoded"",""timezone"":""not_published""}"
evt_ce5811836f595ed7,,Building Python Communities Yaounde,https://nokidbehind.org/event/yaounde-python-community/,2024-06-01,2024-06-02,,,,day,inclusive_date; original_ICS_DTEND_is_exclusive,announced,historical,"Yaounde, Cameroon",Cameroon,in_person_inferred,location_text_ungeocoded,,other_technical,technology,,,,2026-09-28,src_105ca3620163539b,"{""price"":""not_enriched"",""audience_actual"":""not_enriched"",""sponsor_budget"":""not_public"",""coordinates"":""not_geocoded"",""timezone"":""not_published""}"
evt_838df0a3bd3c9af4,ser_2c5ba2a649f093f1,PyCon Ghana 2022,http://gh.pycon.org/,2022-10-13,2022-10-15,,,,day,inclusive_date; original_ICS_DTEND_is_exclusive,announced,historical,"Accra, Ghana",Ghana,in_person_inferred,location_text_ungeocoded,,conference,technology,,,,2026-09-28,src_105ca3620163539b,"{""price"":""not_enriched"",""audience_actual"":""not_enriched"",""sponsor_budget"":""not_public"",""coordinates"":""not_geocoded"",""timezone"":""not_published""}"
evt_d2b39278996c574f,,PyCon TW 2024,https://tw.pycon.org/2024/en-us,2024-09-21,2024-09-22,,,,day,inclusive_date; original_ICS_DTEND_is_exclusive,announced,historical,"Kaohsiung, Taiwan",Taiwan,in_person_inferred,location_text_ungeocoded,,conference,technology,,,,2026-09-28,src_105ca3620163539b,"{""price"":""not_enriched"",""audience_actual"":""not_enriched"",""sponsor_budget"":""not_public"",""coordinates"":""not_geocoded"",""timezone"":""not_published""}"
evt_a3b9fd2e7370d4ff,ser_92183d0ae421e8c9,PyCon PH 2023,https://pycon.python.ph/,2023-02-25,2023-02-26,,,,day,inclusive_date; original_ICS_DTEND_is_exclusive,announced,historical,"Manila, Philippines",Philippines,in_person_inferred,location_text_ungeocoded,,conference,technology,,,,2026-09-28,src_105ca3620163539b,"{""price"":""not_enriched"",""audience_actual"":""not_enriched"",""sponsor_budget"":""not_public"",""coordinates"":""not_geocoded"",""timezone"":""not_published""}"
evt_157eceb454a4777d,,StatusCode 2 Hackathon,https://hackathon.iiitkalyani.ac.in/,2025-08-23,2025-08-24,,,,day,inclusive_date; original_ICS_DTEND_is_exclusive,announced,historical,"Haringhata Farm, West Bengal, India",India,in_person_inferred,location_text_ungeocoded,,hackathon,technology,,,,2026-09-28,src_105ca3620163539b,"{""price"":""not_enriched"",""audience_actual"":""not_enriched"",""sponsor_budget"":""not_public"",""coordinates"":""not_geocoded"",""timezone"":""not_published""}"
evt_2fc8bbd63dd17140,,PyCon MEA @ Global DevSlam 2022,https://globaldevslam.com/,2022-10-10,2022-10-13,,,,day,inclusive_date; original_ICS_DTEND_is_exclusive,announced,historical,"Dubai, UAE",United Arab Emirates,in_person_inferred,location_text_ungeocoded,,conference,technology,,,,2026-09-28,src_105ca3620163539b,"{""price"":""not_enriched"",""audience_actual"":""not_enriched"",""sponsor_budget"":""not_public"",""coordinates"":""not_geocoded"",""timezone"":""not_published""}"
evt_89b37d7515f7cf42,ser_67b6a77baa1c35f1,Flask Con 2025,https://flaskcon.com/2025/,2025-05-16,2025-05-16,,,,day,inclusive_date; original_ICS_DTEND_is_exclusive,announced,historical,"Pittsburgh, USA",United States,in_person_inferred,location_text_ungeocoded,,other_technical,technology,,,,2026-09-28,src_105ca3620163539b,"{""price"":""not_enriched"",""audience_actual"":""not_enriched"",""sponsor_budget"":""not_public"",""coordinates"":""not_geocoded"",""timezone"":""not_published""}"
evt_f1e832c822856bf9,ser_5aaa6541d7f058f4,PyCon Chile 2025,https://pycon.cl/,2025-11-08,2025-11-09,,,,day,inclusive_date; original_ICS_DTEND_is_exclusive,announced,historical,"Viña del Mar, Chile",Chile,in_person_inferred,location_text_ungeocoded,,conference,technology,,,,2026-09-28,src_105ca3620163539b,"{""price"":""not_enriched"",""audience_actual"":""not_enriched"",""sponsor_budget"":""not_public"",""coordinates"":""not_geocoded"",""timezone"":""not_published""}"
evt_b7381c733983e874,,Python Conference Austria 2025,https://at.pycon.org/,2025-04-06,2025-04-07,,,,day,inclusive_date; original_ICS_DTEND_is_exclusive,announced,historical,"Eisenstadt, Austria",Austria,in_person_inferred,location_text_ungeocoded,,conference,technology,,,,2026-09-28,src_105ca3620163539b,"{""price"":""not_enriched"",""audience_actual"":""not_enriched"",""sponsor_budget"":""not_public"",""coordinates"":""not_geocoded"",""timezone"":""not_published""}"
evt_8412a029278f4d47,,PyCon Zimbabwe,https://zw.pycon.org/,2024-10-31,2024-11-02,,,,day,inclusive_date; original_ICS_DTEND_is_exclusive,announced,historical,"Harare, Zimbabwe",Zimbabwe,in_person_inferred,location_text_ungeocoded,,conference,technology,,,,2026-09-28,src_105ca3620163539b,"{""price"":""not_enriched"",""audience_actual"":""not_enriched"",""sponsor_budget"":""not_public"",""coordinates"":""not_geocoded"",""timezone"":""not_published""}"
evt_725815de68c3c8b1,ser_d90c5d1750432f58,PyCamp Spain 2022,https://pycamp.es/,2022-04-15,2022-04-18,,,,day,inclusive_date; original_ICS_DTEND_is_exclusive,announced,historical,"Girona, Spain",Spain,in_person_inferred,location_text_ungeocoded,,other_technical,technology,,,,2026-09-28,src_105ca3620163539b,"{""price"":""not_enriched"",""audience_actual"":""not_enriched"",""sponsor_budget"":""not_public"",""coordinates"":""not_geocoded"",""timezone"":""not_published""}"
evt_5b75e8160a2e1a5d,,PyCon ES Canarias 2023,https://2023.es.pycon.org/en/,2023-10-06,2023-10-08,,,,day,inclusive_date; original_ICS_DTEND_is_exclusive,announced,historical,"San Cristóbal de La Laguna, Santa Cruz de Tenerife, España",Spain,in_person_inferred,location_text_ungeocoded,,conference,technology,,,,2026-09-28,src_105ca3620163539b,"{""price"":""not_enriched"",""audience_actual"":""not_enriched"",""sponsor_budget"":""not_public"",""coordinates"":""not_geocoded"",""timezone"":""not_published""}"
evt_408ba1b79e08d26e,ser_00162b056acc9002,PyData Global 2023,https://pydata.org/global2023/,2023-12-06,2023-12-08,,,,day,inclusive_date; original_ICS_DTEND_is_exclusive,announced,historical,Online,,online,location_text_ungeocoded,,conference,technology,,,,2026-09-28,src_105ca3620163539b,"{""price"":""not_enriched"",""audience_actual"":""not_enriched"",""sponsor_budget"":""not_public"",""coordinates"":""not_geocoded"",""timezone"":""not_published""}"
evt_7da0ef0ea520a2d5,ser_9d747956d78bff1f,SciPy 2023,https://www.scipy2023.scipy.org/,2023-07-10,2023-07-16,,,,day,inclusive_date; original_ICS_DTEND_is_exclusive,announced,historical,"Austin, Texas, USA",United States,in_person_inferred,location_text_ungeocoded,,other_technical,technology,,,,2026-09-28,src_105ca3620163539b,"{""price"":""not_enriched"",""audience_actual"":""not_enriched"",""sponsor_budget"":""not_public"",""coordinates"":""not_geocoded"",""timezone"":""not_published""}"
evt_a669b8c177ec9d3e,, DjangoCon Europe 2023,https://2023.djangocon.eu/,2023-05-29,2023-06-02,,,,day,inclusive_date; original_ICS_DTEND_is_exclusive,announced,historical,"Edinburgh, Scotland",United Kingdom,in_person_inferred,location_text_ungeocoded,,conference,technology,,,,2026-09-28,src_105ca3620163539b,"{""price"":""not_enriched"",""audience_actual"":""not_enriched"",""sponsor_budget"":""not_public"",""coordinates"":""not_geocoded"",""timezone"":""not_published""}"
evt_3ad9162f86d80bfe,,PyCon Latam 2023,https://www.pylatam.org/en/,2023-08-24,2023-08-26,,,,day,inclusive_date; original_ICS_DTEND_is_exclusive,announced,historical,"Monterrey, Mexico",Mexico,in_person_inferred,location_text_ungeocoded,,conference,technology,,,,2026-09-28,src_105ca3620163539b,"{""price"":""not_enriched"",""audience_actual"":""not_enriched"",""sponsor_budget"":""not_public"",""coordinates"":""not_geocoded"",""timezone"":""not_published""}"
evt_40dce9410a6ce274,ser_024e67541ec44a5e,PyTexas 2022,http://pytexas.org,2022-03-26,2022-03-27,,,,day,inclusive_date; original_ICS_DTEND_is_exclusive,announced,historical,"Austin, TX, USA",United States,in_person_inferred,location_text_ungeocoded,,other_technical,technology,,,,2026-09-28,src_105ca3620163539b,"{""price"":""not_enriched"",""audience_actual"":""not_enriched"",""sponsor_budget"":""not_public"",""coordinates"":""not_geocoded"",""timezone"":""not_published""}"
evt_8cdd2e7babdd0f59,ser_da8cb8c7fd1a2e72,PyCon India 2023,https://in.pycon.org/2023/,2023-09-29,2023-10-02,,,,day,inclusive_date; original_ICS_DTEND_is_exclusive,announced,historical,"Hyderabad, Telangana, India",India,in_person_inferred,location_text_ungeocoded,,conference,technology,,,,2026-09-28,src_105ca3620163539b,"{""price"":""not_enriched"",""audience_actual"":""not_enriched"",""sponsor_budget"":""not_public"",""coordinates"":""not_geocoded"",""timezone"":""not_published""}"
evt_6b75cba7ad4699f2,ser_ce6a05e66344ca74,EuroPython 2023,https://ep2023.europython.eu/,2023-07-17,2023-07-23,,,,day,inclusive_date; original_ICS_DTEND_is_exclusive,announced,historical,"Prague, Czech Republic",Czech Republic,in_person_inferred,location_text_ungeocoded,,other_technical,technology,,,,2026-09-28,src_105ca3620163539b,"{""price"":""not_enriched"",""audience_actual"":""not_enriched"",""sponsor_budget"":""not_public"",""coordinates"":""not_geocoded"",""timezone"":""not_published""}"
evt_93a02dedaab53176,ser_024e67541ec44a5e,PyTexas 2026,https://www.pytexas.org/2026/,2026-04-17,2026-04-19,,,,day,inclusive_date; original_ICS_DTEND_is_exclusive,announced,historical,"Austin, USA",United States,in_person_inferred,location_text_ungeocoded,,other_technical,technology,,,,2026-09-28,src_105ca3620163539b,"{""price"":""not_enriched"",""audience_actual"":""not_enriched"",""sponsor_budget"":""not_public"",""coordinates"":""not_geocoded"",""timezone"":""not_published""}"
evt_eb5743a4b206c95a,,DELSU Tech Invasion 2.0 - Python for Academics,https://dti.hamplustech.com/,2024-12-04,2024-12-05,,,,day,inclusive_date; original_ICS_DTEND_is_exclusive,announced,historical,"Abraka, Nigeria",Nigeria,in_person_inferred,location_text_ungeocoded,,other_technical,technology,,,,2026-09-28,src_105ca3620163539b,"{""price"":""not_enriched"",""audience_actual"":""not_enriched"",""sponsor_budget"":""not_public"",""coordinates"":""not_geocoded"",""timezone"":""not_published""}"
evt_3c52692b4c7b359a,ser_b8f01ba242e2e3e7,XtremePython 2022,https://www.xtremepython.dev/,2022-12-27,2022-12-27,,,,day,inclusive_date; original_ICS_DTEND_is_exclusive,announced,historical,Online,,online,location_text_ungeocoded,,other_technical,technology,,,,2026-09-28,src_105ca3620163539b,"{""price"":""not_enriched"",""audience_actual"":""not_enriched"",""sponsor_budget"":""not_public"",""coordinates"":""not_geocoded"",""timezone"":""not_published""}"
evt_8d9fb0b6dce8d4e0,ser_b8f01ba242e2e3e7,XtremePython 2026,https://xtremepython.dev/,2026-11-17,2026-11-17,,,,day,inclusive_date; original_ICS_DTEND_is_exclusive,announced,upcoming_or_current,Online,,online,location_text_ungeocoded,,other_technical,technology,,,,2026-09-28,src_105ca3620163539b,"{""price"":""not_enriched"",""audience_actual"":""not_enriched"",""sponsor_budget"":""not_public"",""coordinates"":""not_geocoded"",""timezone"":""not_published""}"
evt_c48f165b98b0b55c,,PyConEs - Granada,https://2022.es.pycon.org/,2022-09-30,2022-10-02,,,,day,inclusive_date; original_ICS_DTEND_is_exclusive,announced,historical,,,unknown,unknown,,conference,technology,,,,2026-09-28,src_105ca3620163539b,"{""price"":""not_enriched"",""audience_actual"":""not_enriched"",""sponsor_budget"":""not_public"",""coordinates"":""not_geocoded"",""timezone"":""not_published""}"
evt_39c7c95949c9cd36,ser_97e2f61ee9175eb9,Python Devroom @ FOSDEM 2026,https://fosdem.org/2026/schedule/track/python/,2026-01-31,2026-01-31,,,,day,inclusive_date; original_ICS_DTEND_is_exclusive,announced,historical,"Brussels, Belgium",Belgium,in_person_inferred,location_text_ungeocoded,,other_technical,technology,,,,2026-09-28,src_105ca3620163539b,"{""price"":""not_enriched"",""audience_actual"":""not_enriched"",""sponsor_budget"":""not_public"",""coordinates"":""not_geocoded"",""timezone"":""not_published""}"
evt_eee221c2a30d8a45,ser_67b6a77baa1c35f1,Flask Con 2024,https://flaskcon.com/2024/coming-soon,2024-05-17,2024-05-17,,,,day,inclusive_date; original_ICS_DTEND_is_exclusive,announced,historical,"Pittsburgh, USA",United States,in_person_inferred,location_text_ungeocoded,,other_technical,technology,,,,2026-09-28,src_105ca3620163539b,"{""price"":""not_enriched"",""audience_actual"":""not_enriched"",""sponsor_budget"":""not_public"",""coordinates"":""not_geocoded"",""timezone"":""not_published""}"
evt_010043d0927cfb0c,,JupyterCon 2023,https://www.jupytercon.com/,2023-05-10,2023-05-12,,,,day,inclusive_date; original_ICS_DTEND_is_exclusive,announced,historical,"Paris, France",France,in_person_inferred,location_text_ungeocoded,,other_technical,technology,,,,2026-09-28,src_105ca3620163539b,"{""price"":""not_enriched"",""audience_actual"":""not_enriched"",""sponsor_budget"":""not_public"",""coordinates"":""not_geocoded"",""timezone"":""not_published""}"
evt_a20f2dd832bf485f,,Xtreme Python,https://xtremepython.dev/,2021-11-24,2021-11-24,,,,day,inclusive_date; original_ICS_DTEND_is_exclusive,announced,historical,Online (Israel),Israel,online,location_text_ungeocoded,,other_technical,technology,,,,2026-09-28,src_105ca3620163539b,"{""price"":""not_enriched"",""audience_actual"":""not_enriched"",""sponsor_budget"":""not_public"",""coordinates"":""not_geocoded"",""timezone"":""not_published""}"
evt_a2dfcb8343b3b99a,ser_ce6a05e66344ca74,EuroPython 2024,https://ep2024.europython.eu/,2024-07-08,2024-07-14,,,,day,inclusive_date; original_ICS_DTEND_is_exclusive,announced,historical,"Prague, Czech Republic, and Online",Czech Republic,hybrid_inferred,location_text_ungeocoded,,other_technical,technology,,,,2026-09-28,src_105ca3620163539b,"{""price"":""not_enriched"",""audience_actual"":""not_enriched"",""sponsor_budget"":""not_public"",""coordinates"":""not_geocoded"",""timezone"":""not_published""}"
evt_8d582b2a010a387e,,Python Unplugged on PyTV,https://lp.jetbrains.com/python-unplugged/,2026-03-04,2026-03-04,,,,day,inclusive_date; original_ICS_DTEND_is_exclusive,announced,historical,Online,,online,location_text_ungeocoded,,other_technical,technology,,,,2026-09-28,src_105ca3620163539b,"{""price"":""not_enriched"",""audience_actual"":""not_enriched"",""sponsor_budget"":""not_public"",""coordinates"":""not_geocoded"",""timezone"":""not_published""}"
evt_8e903408da778d07,ser_a9bfea557dd0ed02,PyCon Panamá 2026,https://pycon.pa/2026/,2026-10-22,2026-10-23,,,,day,inclusive_date; original_ICS_DTEND_is_exclusive,announced,upcoming_or_current,"Panama City, Panama",Panama,in_person_inferred,location_text_ungeocoded,,conference,technology,,,,2026-09-28,src_105ca3620163539b,"{""price"":""not_enriched"",""audience_actual"":""not_enriched"",""sponsor_budget"":""not_public"",""coordinates"":""not_geocoded"",""timezone"":""not_published""}"
evt_819c65ede12cd3d6,,Python Nordeste 2026 (PyNE 2026),https://2026.pythonnordeste.org/,2026-08-13,2026-08-15,,,,day,inclusive_date; original_ICS_DTEND_is_exclusive,announced,historical,"Fortaleza, Ceará, Brazil",Brazil,in_person_inferred,location_text_ungeocoded,,other_technical,technology,,,,2026-09-28,src_105ca3620163539b,"{""price"":""not_enriched"",""audience_actual"":""not_enriched"",""sponsor_budget"":""not_public"",""coordinates"":""not_geocoded"",""timezone"":""not_published""}"
evt_0282383a21aa193e,,SciPy US 2024,https://scipy2024.scipy.org,2024-07-08,2024-07-13,,,,day,inclusive_date; original_ICS_DTEND_is_exclusive,announced,historical,"Tacoma, USA",United States,in_person_inferred,location_text_ungeocoded,,other_technical,technology,,,,2026-09-28,src_105ca3620163539b,"{""price"":""not_enriched"",""audience_actual"":""not_enriched"",""sponsor_budget"":""not_public"",""coordinates"":""not_geocoded"",""timezone"":""not_published""}"
evt_b31a275f6726784d,,PyCon Tanzania 2024,https://pycon.or.tz/,2024-12-04,2024-12-05,,,,day,inclusive_date; original_ICS_DTEND_is_exclusive,announced,historical,"Dar es Salaam, Tansania",Tanzania,in_person_inferred,location_text_ungeocoded,,conference,technology,,,,2026-09-28,src_105ca3620163539b,"{""price"":""not_enriched"",""audience_actual"":""not_enriched"",""sponsor_budget"":""not_public"",""coordinates"":""not_geocoded"",""timezone"":""not_published""}"
evt_c8fb1781b754e939,ser_fb73bd4b32a5cf50,PyCon ES 2026,https://2026.es.pycon.org/,2026-11-06,2026-11-08,,,,day,inclusive_date; original_ICS_DTEND_is_exclusive,announced,upcoming_or_current,"Barcelona, Spain",Spain,in_person_inferred,location_text_ungeocoded,,conference,technology,,,,2026-09-28,src_105ca3620163539b,"{""price"":""not_enriched"",""audience_actual"":""not_enriched"",""sponsor_budget"":""not_public"",""coordinates"":""not_geocoded"",""timezone"":""not_published""}"
evt_7aa008186cc70eef,ser_a0709530998b62a0, PyCon JP 2022,https://2022.pycon.jp/,2022-10-14,2022-10-16,,,,day,inclusive_date; original_ICS_DTEND_is_exclusive,announced,historical,"Ariake, Koto City, Tokyo 135-0063, Japan",Japan,in_person_inferred,location_text_ungeocoded,,conference,technology,,,,2026-09-28,src_105ca3620163539b,"{""price"":""not_enriched"",""audience_actual"":""not_enriched"",""sponsor_budget"":""not_public"",""coordinates"":""not_geocoded"",""timezone"":""not_published""}"
evt_90a141e31ab06bc3,ser_19073606a8e6ba48,PyCon Kenya 2025,https://www.pycon.ke/,2025-08-28,2025-08-30,,,,day,inclusive_date; original_ICS_DTEND_is_exclusive,announced,historical,"Nairobi, Kenya",Kenya,in_person_inferred,location_text_ungeocoded,,conference,technology,,,,2026-09-28,src_105ca3620163539b,"{""price"":""not_enriched"",""audience_actual"":""not_enriched"",""sponsor_budget"":""not_public"",""coordinates"":""not_geocoded"",""timezone"":""not_published""}"
evt_aab253ce33345b93,,PyCon KR,https://2023.pycon.kr/,2023-08-11,2023-08-13,,,,day,inclusive_date; original_ICS_DTEND_is_exclusive,announced,historical,"Seoul, South Korea",South Korea,in_person_inferred,location_text_ungeocoded,,conference,technology,,,,2026-09-28,src_105ca3620163539b,"{""price"":""not_enriched"",""audience_actual"":""not_enriched"",""sponsor_budget"":""not_public"",""coordinates"":""not_geocoded"",""timezone"":""not_published""}"
evt_bf5f6972b941b0b1,ser_f1ef0c41d486de5c,PyCon Colombia 2024,https://2024.pycon.co/,2024-06-07,2024-06-09,,,,day,inclusive_date; original_ICS_DTEND_is_exclusive,announced,historical,"Medellín, Colombia",Colombia,in_person_inferred,location_text_ungeocoded,,conference,technology,,,,2026-09-28,src_105ca3620163539b,"{""price"":""not_enriched"",""audience_actual"":""not_enriched"",""sponsor_budget"":""not_public"",""coordinates"":""not_geocoded"",""timezone"":""not_published""}"
evt_007e6d7ce5ceb9e7,ser_ebbb5f27fb429e6f,PyCon AU 2023,https://2023.pycon.org.au/,2023-08-18,2023-08-22,,,,day,inclusive_date; original_ICS_DTEND_is_exclusive,announced,historical,"Adelaide, Australia",Australia,in_person_inferred,location_text_ungeocoded,,conference,technology,,,,2026-09-28,src_105ca3620163539b,"{""price"":""not_enriched"",""audience_actual"":""not_enriched"",""sponsor_budget"":""not_public"",""coordinates"":""not_geocoded"",""timezone"":""not_published""}"
evt_6b5a0fd819a9d8cc,,Python fwdays 2024,https://fwdays.com/en/event/python-ds-fwdays-2024,2024-04-20,2024-04-20,,,,day,inclusive_date; original_ICS_DTEND_is_exclusive,announced,historical,"Kyiv, Ukraine",Ukraine,in_person_inferred,location_text_ungeocoded,,other_technical,technology,,,,2026-09-28,src_105ca3620163539b,"{""price"":""not_enriched"",""audience_actual"":""not_enriched"",""sponsor_budget"":""not_public"",""coordinates"":""not_geocoded"",""timezone"":""not_published""}"
evt_bd2f8bc30e62ee46,ser_2d5cb7c3e41342c4,PyBay 2024,https://pybay.org/,2024-09-21,2024-09-21,,,,day,inclusive_date; original_ICS_DTEND_is_exclusive,announced,historical,"San Francisco, CA, United States",United States,in_person_inferred,location_text_ungeocoded,,conference,technology,,,,2026-09-28,src_105ca3620163539b,"{""price"":""not_enriched"",""audience_actual"":""not_enriched"",""sponsor_budget"":""not_public"",""coordinates"":""not_geocoded"",""timezone"":""not_published""}"
evt_7fce75d3e2505c0f,ser_d176cec96435e06e,Django Day Copenhagen 2023,https://2023.djangoday.dk/,2023-10-06,2023-10-06,,,,day,inclusive_date; original_ICS_DTEND_is_exclusive,announced,historical,"Copenhagen, Denmark",Denmark,in_person_inferred,location_text_ungeocoded,,other_technical,technology,,,,2026-09-28,src_105ca3620163539b,"{""price"":""not_enriched"",""audience_actual"":""not_enriched"",""sponsor_budget"":""not_public"",""coordinates"":""not_geocoded"",""timezone"":""not_published""}"
evt_12d1207d9ccf9d16,,PyCon Africa 2024,https://africa.pycon.org/2024/,2024-09-24,2024-09-28,,,,day,inclusive_date; original_ICS_DTEND_is_exclusive,announced,historical,"Accra, Ghana",Ghana,in_person_inferred,location_text_ungeocoded,,conference,technology,,,,2026-09-28,src_105ca3620163539b,"{""price"":""not_enriched"",""audience_actual"":""not_enriched"",""sponsor_budget"":""not_public"",""coordinates"":""not_geocoded"",""timezone"":""not_published""}"
evt_bf8ff50ec763bf9c,ser_34292875b5675d8f,PyCon Israel 2025,https://pycon.org.il/2025/,2025-09-09,2025-09-09,,,,day,inclusive_date; original_ICS_DTEND_is_exclusive,announced,historical,"Cinema City, Israel",Israel,in_person_inferred,location_text_ungeocoded,,conference,technology,,,,2026-09-28,src_105ca3620163539b,"{""price"":""not_enriched"",""audience_actual"":""not_enriched"",""sponsor_budget"":""not_public"",""coordinates"":""not_geocoded"",""timezone"":""not_published""}"
evt_49be89885ae4e946,,PyConZA 2023,https://za.pycon.org/,2023-10-05,2023-10-06,,,,day,inclusive_date; original_ICS_DTEND_is_exclusive,announced,historical,"Umhlanga, Durban, South Africa and Online",South Africa,hybrid_inferred,location_text_ungeocoded,,conference,technology,,,,2026-09-28,src_105ca3620163539b,"{""price"":""not_enriched"",""audience_actual"":""not_enriched"",""sponsor_budget"":""not_public"",""coordinates"":""not_geocoded"",""timezone"":""not_published""}"
evt_b2a133883b294206,ser_eae400d2617bff1c,PyCon Estonia,https://pycon.ee/,2022-08-25,2022-08-25,,,,day,inclusive_date; original_ICS_DTEND_is_exclusive,announced,historical,"Tallinn University, Narva mnt 25, 10120 Tallinn, Estonia",Estonia,in_person_inferred,location_text_ungeocoded,,conference,technology,,,,2026-09-28,src_105ca3620163539b,"{""price"":""not_enriched"",""audience_actual"":""not_enriched"",""sponsor_budget"":""not_public"",""coordinates"":""not_geocoded"",""timezone"":""not_published""}"
evt_faba8e7ade066007,ser_e9093b2be4264623,PyCon DE & PyData Berlin 2023,https://2023.pycon.de/,2023-04-17,2023-04-19,,,,day,inclusive_date; original_ICS_DTEND_is_exclusive,announced,historical,"Berlin, Germany",Germany,in_person_inferred,location_text_ungeocoded,,conference,technology,,,,2026-09-28,src_105ca3620163539b,"{""price"":""not_enriched"",""audience_actual"":""not_enriched"",""sponsor_budget"":""not_public"",""coordinates"":""not_geocoded"",""timezone"":""not_published""}"
evt_7c5fc9d164e418c7,ser_b8f01ba242e2e3e7,XtremePython 2025,https://xtremepython.dev/,2025-11-18,2025-11-18,,,,day,inclusive_date; original_ICS_DTEND_is_exclusive,announced,historical,online,,online,location_text_ungeocoded,,other_technical,technology,,,,2026-09-28,src_105ca3620163539b,"{""price"":""not_enriched"",""audience_actual"":""not_enriched"",""sponsor_budget"":""not_public"",""coordinates"":""not_geocoded"",""timezone"":""not_published""}"
evt_ea7e32ec810738e3,ser_813e68938356d10a,PyCon Italia 2026,https://2026.pycon.it/en,2026-05-27,2026-05-30,,,,day,inclusive_date; original_ICS_DTEND_is_exclusive,announced,historical,"Bologna, Italy",Italy,in_person_inferred,location_text_ungeocoded,,conference,technology,,,,2026-09-28,src_105ca3620163539b,"{""price"":""not_enriched"",""audience_actual"":""not_enriched"",""sponsor_budget"":""not_public"",""coordinates"":""not_geocoded"",""timezone"":""not_published""}"
evt_1f682cf6c078c19d,,PyCon DE & PyData Berlin 2022,https://2022.pycon.de/,2022-04-11,2022-04-13,,,,day,inclusive_date; original_ICS_DTEND_is_exclusive,announced,historical,Berlin,,in_person_inferred,location_text_ungeocoded,,conference,technology,,,,2026-09-28,src_105ca3620163539b,"{""price"":""not_enriched"",""audience_actual"":""not_enriched"",""sponsor_budget"":""not_public"",""coordinates"":""not_geocoded"",""timezone"":""not_published""}"
evt_c3a69a7f1c1a8876,,PyCon Indonesia 2021,https://pycon.id/,2021-12-04,2021-12-05,,,,day,inclusive_date; original_ICS_DTEND_is_exclusive,announced,historical,online,,online,location_text_ungeocoded,,conference,technology,,,,2026-09-28,src_105ca3620163539b,"{""price"":""not_enriched"",""audience_actual"":""not_enriched"",""sponsor_budget"":""not_public"",""coordinates"":""not_geocoded"",""timezone"":""not_published""}"
evt_04a098608ba31f5f,ser_34292875b5675d8f,PyCon Israel 2022,https://pycon.org.il/2022/,2022-06-28,2022-06-29,,,,day,inclusive_date; original_ICS_DTEND_is_exclusive,announced,historical,"Ramat-Gan, Israel",Israel,in_person_inferred,location_text_ungeocoded,,conference,technology,,,,2026-09-28,src_105ca3620163539b,"{""price"":""not_enriched"",""audience_actual"":""not_enriched"",""sponsor_budget"":""not_public"",""coordinates"":""not_geocoded"",""timezone"":""not_published""}"
evt_955a04bc4b73ce70,,Python E-Commerce Forum,https://codehut.co.uk/2026/,2026-11-26,2026-11-28,,,,day,inclusive_date; original_ICS_DTEND_is_exclusive,announced,upcoming_or_current,"Edinburgh, United Kingdom",United Kingdom,in_person_inferred,location_text_ungeocoded,,other_technical,technology,,,,2026-09-28,src_105ca3620163539b,"{""price"":""not_enriched"",""audience_actual"":""not_enriched"",""sponsor_budget"":""not_public"",""coordinates"":""not_geocoded"",""timezone"":""not_published""}"
evt_3117238a8da03963,ser_c8c8fcf6dac81eed,PyCon DE & PyData 2026,https://pycon.de/,2026-04-14,2026-04-17,,,,day,inclusive_date; original_ICS_DTEND_is_exclusive,announced,historical,"Darmstadt, Germany",Germany,in_person_inferred,location_text_ungeocoded,,conference,technology,,,,2026-09-28,src_105ca3620163539b,"{""price"":""not_enriched"",""audience_actual"":""not_enriched"",""sponsor_budget"":""not_public"",""coordinates"":""not_geocoded"",""timezone"":""not_published""}"
evt_1f6bc4070fc627d1,,World Conference on Data Science & Statistics,https://datascience.thepeopleevents.com/,2024-06-17,2024-06-19,,,,day,inclusive_date; original_ICS_DTEND_is_exclusive,announced,historical,"Amsterdam, Netherlands",Netherlands,in_person_inferred,location_text_ungeocoded,,conference,technology,,,,2026-09-28,src_105ca3620163539b,"{""price"":""not_enriched"",""audience_actual"":""not_enriched"",""sponsor_budget"":""not_public"",""coordinates"":""not_geocoded"",""timezone"":""not_published""}"
evt_25660576432278f4,ser_bc44c5749d3d95c5,PyConf Hyderabad 2025,https://2025.pyconfhyd.org/,2025-02-22,2025-02-23,,,,day,inclusive_date; original_ICS_DTEND_is_exclusive,announced,historical,"Hyderabad, Telangana, India",India,in_person_inferred,location_text_ungeocoded,,conference,technology,,,,2026-09-28,src_105ca3620163539b,"{""price"":""not_enriched"",""audience_actual"":""not_enriched"",""sponsor_budget"":""not_public"",""coordinates"":""not_geocoded"",""timezone"":""not_published""}"
evt_a6a1f8ddac190dd0,,sciwork 2023,https://conf.sciwork.dev/,2023-12-09,2023-12-10,,,,day,inclusive_date; original_ICS_DTEND_is_exclusive,announced,historical,,,unknown,unknown,,other_technical,technology,,,,2026-09-28,src_105ca3620163539b,"{""price"":""not_enriched"",""audience_actual"":""not_enriched"",""sponsor_budget"":""not_public"",""coordinates"":""not_geocoded"",""timezone"":""not_published""}"
evt_7800a8e424a4acb3,ser_78246b4754fd2cba,Python Nordeste 2025,https://2025.pythonnordeste.org/,2025-06-20,2025-06-22,,,,day,inclusive_date; original_ICS_DTEND_is_exclusive,announced,historical,"Piauí, Brazil",Brazil,in_person_inferred,location_text_ungeocoded,,other_technical,technology,,,,2026-09-28,src_105ca3620163539b,"{""price"":""not_enriched"",""audience_actual"":""not_enriched"",""sponsor_budget"":""not_public"",""coordinates"":""not_geocoded"",""timezone"":""not_published""}"
evt_eb570aa64e466d41,,Python Web Conference 2022,https://pythonwebconference.com/,2022-03-21,2022-03-25,,,,day,inclusive_date; original_ICS_DTEND_is_exclusive,announced,historical,Online,,online,location_text_ungeocoded,,conference,technology,,,,2026-09-28,src_105ca3620163539b,"{""price"":""not_enriched"",""audience_actual"":""not_enriched"",""sponsor_budget"":""not_public"",""coordinates"":""not_geocoded"",""timezone"":""not_published""}"
evt_e7ede83cbe091d7c,ser_0fd4a3f00fd75f9f,PyCon Namibia 2023,https://na.pycon.org/,2023-02-21,2023-02-23,,,,day,inclusive_date; original_ICS_DTEND_is_exclusive,announced,historical,"Windhoek, Namibia",Namibia,in_person_inferred,location_text_ungeocoded,,conference,technology,,,,2026-09-28,src_105ca3620163539b,"{""price"":""not_enriched"",""audience_actual"":""not_enriched"",""sponsor_budget"":""not_public"",""coordinates"":""not_geocoded"",""timezone"":""not_published""}"
evt_e933ba98ab18197d,ser_6946bf4bd081d371,DjangoCon US 2023,https://2023.djangocon.us/,2023-10-16,2023-10-20,,,,day,inclusive_date; original_ICS_DTEND_is_exclusive,announced,historical,"Durham, North Carolina, USA",United States,in_person_inferred,location_text_ungeocoded,,conference,technology,,,,2026-09-28,src_105ca3620163539b,"{""price"":""not_enriched"",""audience_actual"":""not_enriched"",""sponsor_budget"":""not_public"",""coordinates"":""not_geocoded"",""timezone"":""not_published""}"
evt_ef72a6da489bd37d,ser_87ae4894d7ca24ad,PyCon UK 2022,https://2022.pyconuk.org/,2022-09-16,2022-09-18,,,,day,inclusive_date; original_ICS_DTEND_is_exclusive,announced,historical,"Cardiff City Hall, UK",United Kingdom,in_person_inferred,location_text_ungeocoded,,conference,technology,,,,2026-09-28,src_105ca3620163539b,"{""price"":""not_enriched"",""audience_actual"":""not_enriched"",""sponsor_budget"":""not_public"",""coordinates"":""not_geocoded"",""timezone"":""not_published""}"
evt_85da920c7850c2f0,ser_6946bf4bd081d371,DjangoCon US 2024,https://2024.djangocon.us/,2024-09-22,2024-09-26,,,,day,inclusive_date; original_ICS_DTEND_is_exclusive,announced,historical,"Durham, USA",United States,in_person_inferred,location_text_ungeocoded,,conference,technology,,,,2026-09-28,src_105ca3620163539b,"{""price"":""not_enriched"",""audience_actual"":""not_enriched"",""sponsor_budget"":""not_public"",""coordinates"":""not_geocoded"",""timezone"":""not_published""}"
evt_a46b496f9df575a4,ser_151dc9e07cbf32c0,PyCon Hong Kong 2024,https://pycon.hk/2024,2024-11-16,2024-11-16,,,,day,inclusive_date; original_ICS_DTEND_is_exclusive,announced,historical,"Hong Kong, China",Hong Kong,in_person_inferred,location_text_ungeocoded,,conference,technology,,,,2026-09-28,src_105ca3620163539b,"{""price"":""not_enriched"",""audience_actual"":""not_enriched"",""sponsor_budget"":""not_public"",""coordinates"":""not_geocoded"",""timezone"":""not_published""}"
evt_d48c941213dc9fa2,,PyCon APAC 2025,https://pycon-apac.python.ph/,2025-03-01,2025-03-02,,,,day,inclusive_date; original_ICS_DTEND_is_exclusive,announced,historical,"Quezon City, Philippines",Philippines,in_person_inferred,location_text_ungeocoded,,conference,technology,,,,2026-09-28,src_105ca3620163539b,"{""price"":""not_enriched"",""audience_actual"":""not_enriched"",""sponsor_budget"":""not_public"",""coordinates"":""not_geocoded"",""timezone"":""not_published""}"
evt_cda7d83829486170,,PyHo 2026,https://2026.pythonho.com/,2026-10-23,2026-10-24,,,,day,inclusive_date; original_ICS_DTEND_is_exclusive,announced,upcoming_or_current,"Ho, Ghana",Ghana,in_person_inferred,location_text_ungeocoded,,other_technical,technology,,,,2026-09-28,src_105ca3620163539b,"{""price"":""not_enriched"",""audience_actual"":""not_enriched"",""sponsor_budget"":""not_public"",""coordinates"":""not_geocoded"",""timezone"":""not_published""}"
evt_f96ac23099a4f124,ser_00162b056acc9002,PyData Global 2024,https://pydata.org/global2024/,2024-12-03,2024-12-05,,,,day,inclusive_date; original_ICS_DTEND_is_exclusive,announced,historical,Online,,online,location_text_ungeocoded,,conference,technology,,,,2026-09-28,src_105ca3620163539b,"{""price"":""not_enriched"",""audience_actual"":""not_enriched"",""sponsor_budget"":""not_public"",""coordinates"":""not_geocoded"",""timezone"":""not_published""}"
evt_37e3aa5dc7eac5c4,,PyCascades Remote 2020,https://2022.pycascades.com/,2022-02-05,2022-02-06,,,,day,inclusive_date; original_ICS_DTEND_is_exclusive,announced,historical,Online,,online,location_text_ungeocoded,,other_technical,technology,,,,2026-09-28,src_105ca3620163539b,"{""price"":""not_enriched"",""audience_actual"":""not_enriched"",""sponsor_budget"":""not_public"",""coordinates"":""not_geocoded"",""timezone"":""not_published""}"
evt_20041e6434ff620a,,PyCon Tanzania,http://pycon.or.tz/,2021-12-01,2021-12-05,,,,day,inclusive_date; original_ICS_DTEND_is_exclusive,announced,historical,,,unknown,unknown,,conference,technology,,,,2026-09-28,src_105ca3620163539b,"{""price"":""not_enriched"",""audience_actual"":""not_enriched"",""sponsor_budget"":""not_public"",""coordinates"":""not_geocoded"",""timezone"":""not_published""}"
evt_80df8e059d12d884,,PyCon Iran 2022,https://ir.pycon.org/?lang=en,2022-02-16,2022-02-18,,,,day,inclusive_date; original_ICS_DTEND_is_exclusive,announced,historical,,,unknown,unknown,,conference,technology,,,,2026-09-28,src_105ca3620163539b,"{""price"":""not_enriched"",""audience_actual"":""not_enriched"",""sponsor_budget"":""not_public"",""coordinates"":""not_geocoded"",""timezone"":""not_published""}"
evt_748ae3b5e8b3be91,ser_cab9143556349095,EuroSciPy 2023,https://www.euroscipy.org/2023/,2023-08-14,2023-08-18,,,,day,inclusive_date; original_ICS_DTEND_is_exclusive,announced,historical,"Basel, Switzerland",Switzerland,in_person_inferred,location_text_ungeocoded,,conference,technology,,,,2026-09-28,src_105ca3620163539b,"{""price"":""not_enriched"",""audience_actual"":""not_enriched"",""sponsor_budget"":""not_public"",""coordinates"":""not_geocoded"",""timezone"":""not_published""}"
evt_99b9c94330dc4ace,,Python Sul 2025,https://sul.python.org.br/,2025-11-21,2025-11-23,,,,day,inclusive_date; original_ICS_DTEND_is_exclusive,announced,historical,"Porto Alegre, Brazil",Brazil,in_person_inferred,location_text_ungeocoded,,other_technical,technology,,,,2026-09-28,src_105ca3620163539b,"{""price"":""not_enriched"",""audience_actual"":""not_enriched"",""sponsor_budget"":""not_public"",""coordinates"":""not_geocoded"",""timezone"":""not_published""}"
evt_2c0230f25ed23b86,ser_6e067ea01b58f900,DjangoCon Africa 2023,https://2023.djangocon.africa/,2023-11-06,2023-11-11,,,,day,inclusive_date; original_ICS_DTEND_is_exclusive,announced,historical,"Zanzibar, Tanzania",Tanzania,in_person_inferred,location_text_ungeocoded,,conference,technology,,,,2026-09-28,src_105ca3620163539b,"{""price"":""not_enriched"",""audience_actual"":""not_enriched"",""sponsor_budget"":""not_public"",""coordinates"":""not_geocoded"",""timezone"":""not_published""}"
evt_f1298eabddae4ed7,ser_9d747956d78bff1f,SciPy 2025,https://www.scipy2025.scipy.org/about,2025-07-07,2025-07-13,,,,day,inclusive_date; original_ICS_DTEND_is_exclusive,announced,historical,"Tacoma, WA, USA",United States,in_person_inferred,location_text_ungeocoded,,other_technical,technology,,,,2026-09-28,src_105ca3620163539b,"{""price"":""not_enriched"",""audience_actual"":""not_enriched"",""sponsor_budget"":""not_public"",""coordinates"":""not_geocoded"",""timezone"":""not_published""}"
evt_fd269bc23e58b7dc,ser_e9d8ddcd6d6717cd,PyCon Somalia 2024,http://pycon.org.so/,2024-08-21,2024-08-22,,,,day,inclusive_date; original_ICS_DTEND_is_exclusive,announced,historical,"Mogadishu, Somalia",Somalia,in_person_inferred,location_text_ungeocoded,,conference,technology,,,,2026-09-28,src_105ca3620163539b,"{""price"":""not_enriched"",""audience_actual"":""not_enriched"",""sponsor_budget"":""not_public"",""coordinates"":""not_geocoded"",""timezone"":""not_published""}"
evt_4118d5fbf58b68dc,ser_386467f000e5c7e0,Python Brasil 2025,https://2025.pythonbrasil.org.br/,2025-10-21,2025-10-27,,,,day,inclusive_date; original_ICS_DTEND_is_exclusive,announced,historical,"Sao Paulo, Brazil",Brazil,in_person_inferred,location_text_ungeocoded,,other_technical,technology,,,,2026-09-28,src_105ca3620163539b,"{""price"":""not_enriched"",""audience_actual"":""not_enriched"",""sponsor_budget"":""not_public"",""coordinates"":""not_geocoded"",""timezone"":""not_published""}"
evt_12a902bb87d230f2,,Python Communities - South West Region,https://nokidbehind.org/event/play-with-python-tiko-south-west-region/,2024-08-10,2024-08-10,,,,day,inclusive_date; original_ICS_DTEND_is_exclusive,announced,historical,"Buea, Cameroon",Cameroon,in_person_inferred,location_text_ungeocoded,,other_technical,technology,,,,2026-09-28,src_105ca3620163539b,"{""price"":""not_enriched"",""audience_actual"":""not_enriched"",""sponsor_budget"":""not_public"",""coordinates"":""not_geocoded"",""timezone"":""not_published""}"
evt_87623077ad9fa7d8,ser_9d747956d78bff1f,SciPy 2026,https://www.scipy2026.scipy.org/,2026-07-13,2026-07-19,,,,day,inclusive_date; original_ICS_DTEND_is_exclusive,announced,historical,"Minneapolis, MN, USA",United States,in_person_inferred,location_text_ungeocoded,,other_technical,technology,,,,2026-09-28,src_105ca3620163539b,"{""price"":""not_enriched"",""audience_actual"":""not_enriched"",""sponsor_budget"":""not_public"",""coordinates"":""not_geocoded"",""timezone"":""not_published""}"
evt_4be02b15188b4ee2,,PyDay Cali 2023,https://pyday.co/,2023-10-21,2023-10-21,,,,day,inclusive_date; original_ICS_DTEND_is_exclusive,announced,historical,"Cali, Colombia",Colombia,in_person_inferred,location_text_ungeocoded,,other_technical,technology,,,,2026-09-28,src_105ca3620163539b,"{""price"":""not_enriched"",""audience_actual"":""not_enriched"",""sponsor_budget"":""not_public"",""coordinates"":""not_geocoded"",""timezone"":""not_published""}"
evt_a68dd79c4805820b,,World Conference on Data Science & Statistics,https://datascience.thepeopleevents.com/,2023-06-26,2023-06-28,,,,day,inclusive_date; original_ICS_DTEND_is_exclusive,announced,historical,"Frankfurt, Germany",Germany,in_person_inferred,location_text_ungeocoded,,conference,technology,,,,2026-09-28,src_105ca3620163539b,"{""price"":""not_enriched"",""audience_actual"":""not_enriched"",""sponsor_budget"":""not_public"",""coordinates"":""not_geocoded"",""timezone"":""not_published""}"
evt_3336ea54c7f90163,,Python Sul 2024 (Brazil),https://sul.python.org.br/,2024-09-13,2024-09-15,,,,day,inclusive_date; original_ICS_DTEND_is_exclusive,announced,historical,"Florianópolis - SC, Brazil",Brazil,in_person_inferred,location_text_ungeocoded,,other_technical,technology,,,,2026-09-28,src_105ca3620163539b,"{""price"":""not_enriched"",""audience_actual"":""not_enriched"",""sponsor_budget"":""not_public"",""coordinates"":""not_geocoded"",""timezone"":""not_published""}"
evt_ce8de8faa8c341d0,,PyData Berlin 2025,https://pydata.org/berlin2025,2025-09-01,2025-09-03,,,,day,inclusive_date; original_ICS_DTEND_is_exclusive,announced,historical,"Berlin, Germany",Germany,in_person_inferred,location_text_ungeocoded,,conference,technology,,,,2026-09-28,src_105ca3620163539b,"{""price"":""not_enriched"",""audience_actual"":""not_enriched"",""sponsor_budget"":""not_public"",""coordinates"":""not_geocoded"",""timezone"":""not_published""}"
evt_663f38dd91825f2b,ser_028d80b439d4cebb,Wagtail Space 2026,https://wagtail.org/wagtail-space-2026/,2026-11-18,2026-11-20,,,,day,inclusive_date; original_ICS_DTEND_is_exclusive,announced,upcoming_or_current,Online,,online,location_text_ungeocoded,,other_technical,technology,,,,2026-09-28,src_105ca3620163539b,"{""price"":""not_enriched"",""audience_actual"":""not_enriched"",""sponsor_budget"":""not_public"",""coordinates"":""not_geocoded"",""timezone"":""not_published""}"
evt_529fcac30aec113a,ser_798a460a1050c31f,EARL 2024,https://datacove.co.uk/earl-2024-tech-conference/,2024-09-04,2024-09-05,,,,day,inclusive_date; original_ICS_DTEND_is_exclusive,announced,historical,"Brighton, UK",United Kingdom,in_person_inferred,location_text_ungeocoded,,other_technical,technology,,,,2026-09-28,src_105ca3620163539b,"{""price"":""not_enriched"",""audience_actual"":""not_enriched"",""sponsor_budget"":""not_public"",""coordinates"":""not_geocoded"",""timezone"":""not_published""}"
evt_43fbdd363158e8db,ser_fd1c9f6037ad1628,PyCon SK 2022,https://2022.pycon.sk/en/,2022-09-09,2022-09-11,,,,day,inclusive_date; original_ICS_DTEND_is_exclusive,announced,historical,"Bratislava, Slovakia",Slovakia,in_person_inferred,location_text_ungeocoded,,conference,technology,,,,2026-09-28,src_105ca3620163539b,"{""price"":""not_enriched"",""audience_actual"":""not_enriched"",""sponsor_budget"":""not_public"",""coordinates"":""not_geocoded"",""timezone"":""not_published""}"
evt_841e456695f17379,,Python at Scale,https://www.pythonatscale.com/,2022-10-27,2022-10-28,,,,day,inclusive_date; original_ICS_DTEND_is_exclusive,announced,historical,"Texas, USA and Online",United States,hybrid_inferred,location_text_ungeocoded,,other_technical,technology,,,,2026-09-28,src_105ca3620163539b,"{""price"":""not_enriched"",""audience_actual"":""not_enriched"",""sponsor_budget"":""not_public"",""coordinates"":""not_geocoded"",""timezone"":""not_published""}"
evt_e3ad5ac5f95b3432,ser_05c65766f842f59e,GeoPython 2026,https://2026.geopython.net/,2026-06-08,2026-06-10,,,,day,inclusive_date; original_ICS_DTEND_is_exclusive,announced,historical,"Basel, Switzerland",Switzerland,in_person_inferred,location_text_ungeocoded,,other_technical,technology,,,,2026-09-28,src_105ca3620163539b,"{""price"":""not_enriched"",""audience_actual"":""not_enriched"",""sponsor_budget"":""not_public"",""coordinates"":""not_geocoded"",""timezone"":""not_published""}"
evt_646859e2b49ef85e,ser_a0709530998b62a0,PyCon JP 2025,https://2025.pycon.jp/,2025-09-26,2025-09-27,,,,day,inclusive_date; original_ICS_DTEND_is_exclusive,announced,historical,"Hiroshima, Japan",Japan,in_person_inferred,location_text_ungeocoded,,conference,technology,,,,2026-09-28,src_105ca3620163539b,"{""price"":""not_enriched"",""audience_actual"":""not_enriched"",""sponsor_budget"":""not_public"",""coordinates"":""not_geocoded"",""timezone"":""not_published""}"
evt_924660f3b5d39953,,Python-Driven E-Commerce Forum 2025,https://www.codeuk.net/python-intelligence-2025,2025-10-06,2025-10-08,,,,day,inclusive_date; original_ICS_DTEND_is_exclusive,announced,historical,Online,,online,location_text_ungeocoded,,other_technical,technology,,,,2026-09-28,src_105ca3620163539b,"{""price"":""not_enriched"",""audience_actual"":""not_enriched"",""sponsor_budget"":""not_public"",""coordinates"":""not_geocoded"",""timezone"":""not_published""}"
evt_50319f4e04d616c6,ser_a0709530998b62a0,PyCon JP 2026,https://2026.pycon.jp/,2026-08-21,2026-08-23,,,,day,inclusive_date; original_ICS_DTEND_is_exclusive,announced,historical,"Hiroshima, Japan",Japan,in_person_inferred,location_text_ungeocoded,,conference,technology,,,,2026-09-28,src_105ca3620163539b,"{""price"":""not_enriched"",""audience_actual"":""not_enriched"",""sponsor_budget"":""not_public"",""coordinates"":""not_geocoded"",""timezone"":""not_published""}"
evt_b28eac60f7a8a40f,ser_3234eaa4cbdbb895,PyGrunn 2025,https://pygrunn.org/,2025-05-16,2025-05-16,,,,day,inclusive_date; original_ICS_DTEND_is_exclusive,announced,historical,"Groningen, Netherlands",Netherlands,in_person_inferred,location_text_ungeocoded,,other_technical,technology,,,,2026-09-28,src_105ca3620163539b,"{""price"":""not_enriched"",""audience_actual"":""not_enriched"",""sponsor_budget"":""not_public"",""coordinates"":""not_geocoded"",""timezone"":""not_published""}"
evt_19c280ff8d311fbb,ser_0f3185748cb08c5c,PyCon Nigeria 2025,https://ng.pycon.org/,2025-10-02,2025-10-04,,,,day,inclusive_date; original_ICS_DTEND_is_exclusive,announced,historical,"Lagos, Nigeria",Nigeria,in_person_inferred,location_text_ungeocoded,,conference,technology,,,,2026-09-28,src_105ca3620163539b,"{""price"":""not_enriched"",""audience_actual"":""not_enriched"",""sponsor_budget"":""not_public"",""coordinates"":""not_geocoded"",""timezone"":""not_published""}"
evt_6eac2b253a58a769,ser_78246b4754fd2cba,Python Nordeste 2022,https://2022.pythonnordeste.org/,2022-08-26,2022-08-28,,,,day,inclusive_date; original_ICS_DTEND_is_exclusive,announced,historical,"Aracaju, Brazil",Brazil,in_person_inferred,location_text_ungeocoded,,other_technical,technology,,,,2026-09-28,src_105ca3620163539b,"{""price"":""not_enriched"",""audience_actual"":""not_enriched"",""sponsor_budget"":""not_public"",""coordinates"":""not_geocoded"",""timezone"":""not_published""}"
evt_60511c523c6a2f8c,ser_c580f4de93dae858,PyCon Sweden,https://www.pycon.se,2023-11-09,2023-11-10,,,,day,inclusive_date; original_ICS_DTEND_is_exclusive,announced,historical,"Hilton Stockholm Slussen, Guldgränd 8, 104 65 Stockholm, Sweden",Sweden,in_person_inferred,location_text_ungeocoded,,conference,technology,,,,2026-09-28,src_105ca3620163539b,"{""price"":""not_enriched"",""audience_actual"":""not_enriched"",""sponsor_budget"":""not_public"",""coordinates"":""not_geocoded"",""timezone"":""not_published""}"
evt_d50594b6091aa66f,ser_bc44c5749d3d95c5,PyConf Hyderabad 2026,http://2026.pyconfhyd.org/,2026-03-14,2026-03-15,,,,day,inclusive_date; original_ICS_DTEND_is_exclusive,announced,historical,"Hyderabad, Telangana, India",India,in_person_inferred,location_text_ungeocoded,,conference,technology,,,,2026-09-28,src_105ca3620163539b,"{""price"":""not_enriched"",""audience_actual"":""not_enriched"",""sponsor_budget"":""not_public"",""coordinates"":""not_geocoded"",""timezone"":""not_published""}"
evt_bc80dfc064fdf559,ser_fed981cfc7406bda,Pyjamas Conf 2022,https://pyjamas.live/,2022-11-26,2022-11-27,,,,day,inclusive_date; original_ICS_DTEND_is_exclusive,announced,historical,Online,,online,location_text_ungeocoded,,other_technical,technology,,,,2026-09-28,src_105ca3620163539b,"{""price"":""not_enriched"",""audience_actual"":""not_enriched"",""sponsor_budget"":""not_public"",""coordinates"":""not_geocoded"",""timezone"":""not_published""}"
evt_19c7dd800d40d260,,PyConf Mini Davao 2024,https://pyconf-mini-2024.durianpy.org/,2024-09-26,2024-09-26,,,,day,inclusive_date; original_ICS_DTEND_is_exclusive,announced,historical,"Davao City, Philippines",Philippines,in_person_inferred,location_text_ungeocoded,,conference,technology,,,,2026-09-28,src_105ca3620163539b,"{""price"":""not_enriched"",""audience_actual"":""not_enriched"",""sponsor_budget"":""not_public"",""coordinates"":""not_geocoded"",""timezone"":""not_published""}"
evt_d511c0187cbaba23,ser_0f3185748cb08c5c,PyCon Nigeria 2024,https://ng.pycon.org/,2024-07-10,2024-07-13,,,,day,inclusive_date; original_ICS_DTEND_is_exclusive,announced,historical,"Lagos, Nigeria",Nigeria,in_person_inferred,location_text_ungeocoded,,conference,technology,,,,2026-09-28,src_105ca3620163539b,"{""price"":""not_enriched"",""audience_actual"":""not_enriched"",""sponsor_budget"":""not_public"",""coordinates"":""not_geocoded"",""timezone"":""not_published""}"
evt_667f7888ca1f7073,ser_22fa175c78a06c2a,PyCon Niger 2024,https://ne.pycon.org/,2024-09-28,2024-09-29,,,,day,inclusive_date; original_ICS_DTEND_is_exclusive,announced,historical,"Niamey, Niger",Niger,in_person_inferred,location_text_ungeocoded,,conference,technology,,,,2026-09-28,src_105ca3620163539b,"{""price"":""not_enriched"",""audience_actual"":""not_enriched"",""sponsor_budget"":""not_public"",""coordinates"":""not_geocoded"",""timezone"":""not_published""}"
evt_621e49435d2ae929,ser_cb0bb84be03f9236,PyCon MEA & Data Science 2023,https://globaldevslam.com/,2023-10-16,2023-10-19,,,,day,inclusive_date; original_ICS_DTEND_is_exclusive,announced,historical,"Dubai, UAE",United Arab Emirates,in_person_inferred,location_text_ungeocoded,,conference,technology,,,,2026-09-28,src_105ca3620163539b,"{""price"":""not_enriched"",""audience_actual"":""not_enriched"",""sponsor_budget"":""not_public"",""coordinates"":""not_geocoded"",""timezone"":""not_published""}"
evt_147500cfa90914d9,ser_f1ef0c41d486de5c,PyCon Colombia 2025,https://2025.pycon.co/#/en,2025-07-04,2025-07-06,,,,day,inclusive_date; original_ICS_DTEND_is_exclusive,announced,historical,"Medellín, Colombia",Colombia,in_person_inferred,location_text_ungeocoded,,conference,technology,,,,2026-09-28,src_105ca3620163539b,"{""price"":""not_enriched"",""audience_actual"":""not_enriched"",""sponsor_budget"":""not_public"",""coordinates"":""not_geocoded"",""timezone"":""not_published""}"
evt_1aa9382e62e8bffa,,PyLadiesCon 2023,https://conference.pyladies.com,2023-12-02,2023-12-03,,,,day,inclusive_date; original_ICS_DTEND_is_exclusive,announced,historical,Online,,online,location_text_ungeocoded,,other_technical,technology,,,,2026-09-28,src_105ca3620163539b,"{""price"":""not_enriched"",""audience_actual"":""not_enriched"",""sponsor_budget"":""not_public"",""coordinates"":""not_geocoded"",""timezone"":""not_published""}"
evt_505375abbee75c84,,FlaskCon 2023,https://flaskcon.com/2023/,2023-12-16,2023-12-17,,,,day,inclusive_date; original_ICS_DTEND_is_exclusive,announced,historical,Online,,online,location_text_ungeocoded,,other_technical,technology,,,,2026-09-28,src_105ca3620163539b,"{""price"":""not_enriched"",""audience_actual"":""not_enriched"",""sponsor_budget"":""not_public"",""coordinates"":""not_geocoded"",""timezone"":""not_published""}"
evt_9fec8a53a265ae19,,PythonHo Conference 2024,https://2024.pythonho.com/,2024-10-26,2024-10-27,,,,day,inclusive_date; original_ICS_DTEND_is_exclusive,announced,historical,"Ho, Volta Region, Ghana",Ghana,in_person_inferred,location_text_ungeocoded,,conference,technology,,,,2026-09-28,src_105ca3620163539b,"{""price"":""not_enriched"",""audience_actual"":""not_enriched"",""sponsor_budget"":""not_public"",""coordinates"":""not_geocoded"",""timezone"":""not_published""}"
evt_0f6d1a6c3fae1cfc,,PyCon DE 2027,http://pycon.de/,2027-04-20,2027-04-22,,,,day,inclusive_date; original_ICS_DTEND_is_exclusive,announced,upcoming_or_current,"Heidelberg, Germany",Germany,in_person_inferred,location_text_ungeocoded,,conference,technology,,,,2026-09-28,src_105ca3620163539b,"{""price"":""not_enriched"",""audience_actual"":""not_enriched"",""sponsor_budget"":""not_public"",""coordinates"":""not_geocoded"",""timezone"":""not_published""}"
evt_06f48dc3ff160fb5,ser_0fd4a3f00fd75f9f,PyCon Namibia 2026,https://na.pycon.org/,2026-02-20,2026-02-26,,,,day,inclusive_date; original_ICS_DTEND_is_exclusive,announced,historical,"Windhoek, Namibia",Namibia,in_person_inferred,location_text_ungeocoded,,conference,technology,,,,2026-09-28,src_105ca3620163539b,"{""price"":""not_enriched"",""audience_actual"":""not_enriched"",""sponsor_budget"":""not_public"",""coordinates"":""not_geocoded"",""timezone"":""not_published""}"
evt_0355b87b3a651cd0,ser_4e33f513c51a6a53,PyData Paris 2024,https://pydata.org/paris2024/,2024-09-25,2024-09-26,,,,day,inclusive_date; original_ICS_DTEND_is_exclusive,announced,historical,"Paris, France",France,in_person_inferred,location_text_ungeocoded,,conference,technology,,,,2026-09-28,src_105ca3620163539b,"{""price"":""not_enriched"",""audience_actual"":""not_enriched"",""sponsor_budget"":""not_public"",""coordinates"":""not_geocoded"",""timezone"":""not_published""}"
evt_9a81ea11eb0c3746,,Python Web Conf 2023,https://2023.pythonwebconf.com/,2023-03-13,2023-03-17,,,,day,inclusive_date; original_ICS_DTEND_is_exclusive,announced,historical,Online,,online,location_text_ungeocoded,,other_technical,technology,,,,2026-09-28,src_105ca3620163539b,"{""price"":""not_enriched"",""audience_actual"":""not_enriched"",""sponsor_budget"":""not_public"",""coordinates"":""not_geocoded"",""timezone"":""not_published""}"
evt_7be1afe31fdc7845,ser_88341dcee9a375e6,PyCon PL 2026,https://pl.pycon.org/2026/,2026-08-27,2026-08-30,,,,day,inclusive_date; original_ICS_DTEND_is_exclusive,announced,historical,"Gliwice, Poland",Poland,in_person_inferred,location_text_ungeocoded,,conference,technology,,,,2026-09-28,src_105ca3620163539b,"{""price"":""not_enriched"",""audience_actual"":""not_enriched"",""sponsor_budget"":""not_public"",""coordinates"":""not_geocoded"",""timezone"":""not_published""}"
evt_e71a406f3b0fa531,ser_2c5ba2a649f093f1,PyCon Ghana 2026,https://gh.pycon.org/2026/,2026-08-20,2026-08-22,,,,day,inclusive_date; original_ICS_DTEND_is_exclusive,announced,historical,"Accra, Ghana",Ghana,in_person_inferred,location_text_ungeocoded,,conference,technology,,,,2026-09-28,src_105ca3620163539b,"{""price"":""not_enriched"",""audience_actual"":""not_enriched"",""sponsor_budget"":""not_public"",""coordinates"":""not_geocoded"",""timezone"":""not_published""}"
evt_9d0b4d2d2f8faafb,ser_00162b056acc9002,PyData Global 2025,https://pydata.org/global2025,2025-12-09,2025-12-11,,,,day,inclusive_date; original_ICS_DTEND_is_exclusive,announced,historical,Online,,online,location_text_ungeocoded,,conference,technology,,,,2026-09-28,src_105ca3620163539b,"{""price"":""not_enriched"",""audience_actual"":""not_enriched"",""sponsor_budget"":""not_public"",""coordinates"":""not_geocoded"",""timezone"":""not_published""}"
evt_f798e484992d5b1b,ser_fd1c9f6037ad1628,PyCon SK 2024,https://2024.pycon.sk/,2024-03-15,2024-03-17,,,,day,inclusive_date; original_ICS_DTEND_is_exclusive,announced,historical,"Bratislava, Slovakia",Slovakia,in_person_inferred,location_text_ungeocoded,,conference,technology,,,,2026-09-28,src_105ca3620163539b,"{""price"":""not_enriched"",""audience_actual"":""not_enriched"",""sponsor_budget"":""not_public"",""coordinates"":""not_geocoded"",""timezone"":""not_published""}"
evt_2d2d41528f907e46,ser_9d06fc4067d4fb36,PyCon Thailand 2025,https://th.pycon.org/,2025-10-17,2025-10-18,,,,day,inclusive_date; original_ICS_DTEND_is_exclusive,announced,historical,"Bangkok, Thailand",Thailand,in_person_inferred,location_text_ungeocoded,,conference,technology,,,,2026-09-28,src_105ca3620163539b,"{""price"":""not_enriched"",""audience_actual"":""not_enriched"",""sponsor_budget"":""not_public"",""coordinates"":""not_geocoded"",""timezone"":""not_published""}"
evt_574acdad21541ab7,ser_5aaa6541d7f058f4,PyCon Chile 2023,https://www.pycon.cl/,2023-11-24,2023-11-26,,,,day,inclusive_date; original_ICS_DTEND_is_exclusive,announced,historical,"Santiago, Chile",Chile,in_person_inferred,location_text_ungeocoded,,conference,technology,,,,2026-09-28,src_105ca3620163539b,"{""price"":""not_enriched"",""audience_actual"":""not_enriched"",""sponsor_budget"":""not_public"",""coordinates"":""not_geocoded"",""timezone"":""not_published""}"
evt_51726b2b9748cc13,,PyCon APAC 2023,https://2023-apac.pycon.jp/,2023-10-27,2023-10-28,,,,day,inclusive_date; original_ICS_DTEND_is_exclusive,announced,historical,"Tokyo, Japan",Japan,in_person_inferred,location_text_ungeocoded,,conference,technology,,,,2026-09-28,src_105ca3620163539b,"{""price"":""not_enriched"",""audience_actual"":""not_enriched"",""sponsor_budget"":""not_public"",""coordinates"":""not_geocoded"",""timezone"":""not_published""}"
evt_9438314c52d10a5f,ser_18a11bdb4fe8f12a,PyCon Ireland 2026,https://2026.pycon.ie/,2026-11-21,2026-11-21,,,,day,inclusive_date; original_ICS_DTEND_is_exclusive,announced,upcoming_or_current,"Dublin, Ireland",Ireland,in_person_inferred,location_text_ungeocoded,,conference,technology,,,,2026-09-28,src_105ca3620163539b,"{""price"":""not_enriched"",""audience_actual"":""not_enriched"",""sponsor_budget"":""not_public"",""coordinates"":""not_geocoded"",""timezone"":""not_published""}"
evt_7d91fd45d4ad6656,ser_0fd4a3f00fd75f9f,PyCon Namibia 2024 ,https://na.pycon.org/,2024-03-04,2024-03-07,,,,day,inclusive_date; original_ICS_DTEND_is_exclusive,announced,historical,"Windhoek, Namibia",Namibia,in_person_inferred,location_text_ungeocoded,,conference,technology,,,,2026-09-28,src_105ca3620163539b,"{""price"":""not_enriched"",""audience_actual"":""not_enriched"",""sponsor_budget"":""not_public"",""coordinates"":""not_geocoded"",""timezone"":""not_published""}"
evt_1b054a5be4857f9d,ser_c580f4de93dae858,PyCon Sweden,http://www.pycon.se,2022-11-03,2022-11-04,,,,day,inclusive_date; original_ICS_DTEND_is_exclusive,announced,historical,"Hilton Stockholm Slussen, Guldgränd 8, 104 65 Stockholm, Sweden",Sweden,in_person_inferred,location_text_ungeocoded,,conference,technology,,,,2026-09-28,src_105ca3620163539b,"{""price"":""not_enriched"",""audience_actual"":""not_enriched"",""sponsor_budget"":""not_public"",""coordinates"":""not_geocoded"",""timezone"":""not_published""}"
evt_64f78dcb201c1c85,ser_69cd610f41ff2527,PyCon Togo 2026,https://pycontg.pytogo.org/,2026-08-28,2026-08-29,,,,day,inclusive_date; original_ICS_DTEND_is_exclusive,announced,historical,"Lomé, Togo",Togo,in_person_inferred,location_text_ungeocoded,,conference,technology,,,,2026-09-28,src_105ca3620163539b,"{""price"":""not_enriched"",""audience_actual"":""not_enriched"",""sponsor_budget"":""not_public"",""coordinates"":""not_geocoded"",""timezone"":""not_published""}"
evt_f961042553e2113a,,PyConTW 2021,https://tw.pycon.org/2021/en-us/,2021-10-02,2021-10-03,,,,day,inclusive_date; original_ICS_DTEND_is_exclusive,announced,historical,Online,,online,location_text_ungeocoded,,conference,technology,,,,2026-09-28,src_105ca3620163539b,"{""price"":""not_enriched"",""audience_actual"":""not_enriched"",""sponsor_budget"":""not_public"",""coordinates"":""not_geocoded"",""timezone"":""not_published""}"
evt_ae92aca8a9b313d1,ser_69cd610f41ff2527,PyCon Togo 2025,https://pycontg.pytogo.org/,2025-08-23,2025-08-23,,,,day,inclusive_date; original_ICS_DTEND_is_exclusive,announced,historical,"Lomé, Togo",Togo,in_person_inferred,location_text_ungeocoded,,conference,technology,,,,2026-09-28,src_105ca3620163539b,"{""price"":""not_enriched"",""audience_actual"":""not_enriched"",""sponsor_budget"":""not_public"",""coordinates"":""not_geocoded"",""timezone"":""not_published""}"
evt_7aead375d92504bc,,Kiwi PyCon XI,https://python.nz/kiwipycon,2022-08-19,2022-08-21,,,,day,inclusive_date; original_ICS_DTEND_is_exclusive,announced,historical,"Ōtautahi/Christchurch, Aotearoa/New Zealand",New Zealand,in_person_inferred,location_text_ungeocoded,,conference,technology,,,,2026-09-28,src_105ca3620163539b,"{""price"":""not_enriched"",""audience_actual"":""not_enriched"",""sponsor_budget"":""not_public"",""coordinates"":""not_geocoded"",""timezone"":""not_published""}"
evt_9380dc33312e8f10,,Launching Python Niger,https://fb.me/e/8alLCsc39,2024-04-28,2024-04-28,,,,day,inclusive_date; original_ICS_DTEND_is_exclusive,announced,historical,"Maradi, Niger Republic",Niger,in_person_inferred,location_text_ungeocoded,,other_technical,technology,,,,2026-09-28,src_105ca3620163539b,"{""price"":""not_enriched"",""audience_actual"":""not_enriched"",""sponsor_budget"":""not_public"",""coordinates"":""not_geocoded"",""timezone"":""not_published""}"
evt_bb0e6f1c48b8f02d,ser_9fcc17d1f13a723d,PyOhio 2026,https://www.python.org/events/python-events/,2026-07-25,2026-07-26,,,,day,inclusive_date; original_ICS_DTEND_is_exclusive,announced,historical,"Cleveland, USA",United States,in_person_inferred,location_text_ungeocoded,,other_technical,technology,,,,2026-09-28,src_105ca3620163539b,"{""price"":""not_enriched"",""audience_actual"":""not_enriched"",""sponsor_budget"":""not_public"",""coordinates"":""not_geocoded"",""timezone"":""not_published""}"
evt_38c7a7ad6251ac77,ser_b6aa227ecb25a412,PyConFr 2023,https://pycon.fr/2023/,2023-02-16,2023-02-19,,,,day,inclusive_date; original_ICS_DTEND_is_exclusive,announced,historical,"Bordeaux, France",France,in_person_inferred,location_text_ungeocoded,,conference,technology,,,,2026-09-28,src_105ca3620163539b,"{""price"":""not_enriched"",""audience_actual"":""not_enriched"",""sponsor_budget"":""not_public"",""coordinates"":""not_geocoded"",""timezone"":""not_published""}"
evt_ac8a880342244e27,ser_eae400d2617bff1c,PyCon Estonia 2023,https://pycon.ee/,2023-09-07,2023-09-08,,,,day,inclusive_date; original_ICS_DTEND_is_exclusive,announced,historical,"Tallinn University, Narva mnt 25, 10120 Tallinn, Estonia",Estonia,in_person_inferred,location_text_ungeocoded,,conference,technology,,,,2026-09-28,src_105ca3620163539b,"{""price"":""not_enriched"",""audience_actual"":""not_enriched"",""sponsor_budget"":""not_public"",""coordinates"":""not_geocoded"",""timezone"":""not_published""}"
evt_926d0c5909a230f4,ser_6208615dfeb162d4,PyCon mini Tokai 2024,https://tokai.pycon.jp/2024/,2024-11-16,2024-11-16,,,,day,inclusive_date; original_ICS_DTEND_is_exclusive,announced,historical,"Nagoya, Aichi, Japan",Japan,in_person_inferred,location_text_ungeocoded,,conference,technology,,,,2026-09-28,src_105ca3620163539b,"{""price"":""not_enriched"",""audience_actual"":""not_enriched"",""sponsor_budget"":""not_public"",""coordinates"":""not_geocoded"",""timezone"":""not_published""}"
evt_7d9e15c22ceb5248,,PyConTW 2023,https://tw.pycon.org/2023/,2023-09-02,2023-09-03,,,,day,inclusive_date; original_ICS_DTEND_is_exclusive,announced,historical,"Nankang, Taipei 115, Taiwan",Taiwan,in_person_inferred,location_text_ungeocoded,,conference,technology,,,,2026-09-28,src_105ca3620163539b,"{""price"":""not_enriched"",""audience_actual"":""not_enriched"",""sponsor_budget"":""not_public"",""coordinates"":""not_geocoded"",""timezone"":""not_published""}"
evt_9da972220c78ac0f,ser_2d5cb7c3e41342c4,PyBay 2026,https://pybay.org/,2026-10-03,2026-10-03,,,,day,inclusive_date; original_ICS_DTEND_is_exclusive,announced,upcoming_or_current,"San Francisco, CA, USA",United States,in_person_inferred,published_address_ungeocoded,venue_358f68d3e462dfb0,conference,technology,,,,2026-09-28,src_105ca3620163539b,"{""price"":""not_enriched"",""audience_actual"":""not_enriched"",""sponsor_budget"":""not_public"",""coordinates"":""not_geocoded"",""timezone"":""not_published""}"
evt_40c98b9afafcca48,,PyCascades 2025,https://2025.pycascades.com/,2025-02-08,2025-02-09,,,,day,inclusive_date; original_ICS_DTEND_is_exclusive,announced,historical,"Portland, USA",United States,in_person_inferred,location_text_ungeocoded,,other_technical,technology,,,,2026-09-28,src_105ca3620163539b,"{""price"":""not_enriched"",""audience_actual"":""not_enriched"",""sponsor_budget"":""not_public"",""coordinates"":""not_geocoded"",""timezone"":""not_published""}"
evt_f5d9e95bbf6625b6,ser_d4f3b778fb1f0208,PyCon Austria 2027 ,https://pycon.at/,2027-04-25,2027-04-26,,,,day,inclusive_date; original_ICS_DTEND_is_exclusive,announced,upcoming_or_current,"Eisenstadt, Austria",Austria,in_person_inferred,location_text_ungeocoded,,conference,technology,,,,2026-09-28,src_105ca3620163539b,"{""price"":""not_enriched"",""audience_actual"":""not_enriched"",""sponsor_budget"":""not_public"",""coordinates"":""not_geocoded"",""timezone"":""not_published""}"
evt_9ffc490f8edb96d9,,DjangoCon Europe 2026,https://2026.djangocon.eu/,2026-04-15,2026-04-19,,,,day,inclusive_date; original_ICS_DTEND_is_exclusive,announced,historical,"Athens, Greece",Greece,in_person_inferred,location_text_ungeocoded,,conference,technology,,,,2026-09-28,src_105ca3620163539b,"{""price"":""not_enriched"",""audience_actual"":""not_enriched"",""sponsor_budget"":""not_public"",""coordinates"":""not_geocoded"",""timezone"":""not_published""}"
evt_0ae41afc27179678,ser_9d06fc4067d4fb36,PyCon Thailand 2023,https://th.pycon.org/,2023-12-15,2023-12-16,,,,day,inclusive_date; original_ICS_DTEND_is_exclusive,announced,historical,"Bangkok, Thailand",Thailand,in_person_inferred,location_text_ungeocoded,,conference,technology,,,,2026-09-28,src_105ca3620163539b,"{""price"":""not_enriched"",""audience_actual"":""not_enriched"",""sponsor_budget"":""not_public"",""coordinates"":""not_geocoded"",""timezone"":""not_published""}"
evt_c43d6fa25b911b1b,ser_dccba0d321ed1546,PyCon Greece 2026,https://pycon.gr/,2026-10-12,2026-10-13,,,,day,inclusive_date; original_ICS_DTEND_is_exclusive,announced,upcoming_or_current,"Athens , Greece",Greece,in_person_inferred,location_text_ungeocoded,,conference,technology,,,,2026-09-28,src_105ca3620163539b,"{""price"":""not_enriched"",""audience_actual"":""not_enriched"",""sponsor_budget"":""not_public"",""coordinates"":""not_geocoded"",""timezone"":""not_published""}"
evt_3a3a17d29cb47ddf,,PyCon Africa 2026,https://africa.pycon.org/,2026-10-07,2026-10-11,,,,day,inclusive_date; original_ICS_DTEND_is_exclusive,announced,upcoming_or_current,"Kampala, Uganda",Uganda,in_person_inferred,published_address_ungeocoded,venue_5b2580ac3ded97d0,conference,technology,,,,2026-09-28,src_105ca3620163539b,"{""price"":""not_enriched"",""audience_actual"":""not_enriched"",""sponsor_budget"":""not_public"",""coordinates"":""not_geocoded"",""timezone"":""not_published""}"
evt_132de8d7fad158fc,,9th Conference of Scientific Python Latinamerica,https://pythoncientifico.ar/,2022-09-26,2022-09-28,,,,day,inclusive_date; original_ICS_DTEND_is_exclusive,announced,historical,"Salta, Argentina",Argentina,in_person_inferred,location_text_ungeocoded,,conference,technology,,,,2026-09-28,src_105ca3620163539b,"{""price"":""not_enriched"",""audience_actual"":""not_enriched"",""sponsor_budget"":""not_public"",""coordinates"":""not_geocoded"",""timezone"":""not_published""}"
evt_53b99dcbe87733d5,ser_ce6a05e66344ca74,EuroPython 2025,https://ep2025.europython.eu/,2025-07-14,2025-07-20,,,,day,inclusive_date; original_ICS_DTEND_is_exclusive,announced,historical,"Prague, Czech Republic",Czech Republic,in_person_inferred,location_text_ungeocoded,,other_technical,technology,,,,2026-09-28,src_105ca3620163539b,"{""price"":""not_enriched"",""audience_actual"":""not_enriched"",""sponsor_budget"":""not_public"",""coordinates"":""not_geocoded"",""timezone"":""not_published""}"
evt_fed3b8927b216576,ser_18a11bdb4fe8f12a,PyCon Ireland 2023,https://python.ie/pycon-2023/,2023-11-11,2023-11-12,,,,day,inclusive_date; original_ICS_DTEND_is_exclusive,announced,historical,"Dublin, Ireland",Ireland,in_person_inferred,location_text_ungeocoded,,conference,technology,,,,2026-09-28,src_105ca3620163539b,"{""price"":""not_enriched"",""audience_actual"":""not_enriched"",""sponsor_budget"":""not_public"",""coordinates"":""not_geocoded"",""timezone"":""not_published""}"
evt_2b75480b2a0b31db,,PyConES 2025,https://2025.es.pycon.org/,2025-10-17,2025-10-19,,,,day,inclusive_date; original_ICS_DTEND_is_exclusive,announced,historical,"Sevilla, Spain",Spain,in_person_inferred,location_text_ungeocoded,,conference,technology,,,,2026-09-28,src_105ca3620163539b,"{""price"":""not_enriched"",""audience_actual"":""not_enriched"",""sponsor_budget"":""not_public"",""coordinates"":""not_geocoded"",""timezone"":""not_published""}"
evt_36de83de5eb465b9,ser_1b96e2f8290dd059,Swiss Python Summit 2023,https://www.python-summit.ch/,2023-09-21,2023-09-21,,,,day,inclusive_date; original_ICS_DTEND_is_exclusive,announced,historical,"Rapperswil, Switzerland",Switzerland,in_person_inferred,location_text_ungeocoded,,other_technical,technology,,,,2026-09-28,src_105ca3620163539b,"{""price"":""not_enriched"",""audience_actual"":""not_enriched"",""sponsor_budget"":""not_public"",""coordinates"":""not_geocoded"",""timezone"":""not_published""}"
evt_ad1da6a67a441a62,ser_5e0db8f6ae56744f,PyCon NL 2025,https://pycon-nl.org/,2025-10-16,2025-10-16,,,,day,inclusive_date; original_ICS_DTEND_is_exclusive,announced,historical,"Utrecht, The Netherlands",Netherlands,in_person_inferred,location_text_ungeocoded,,conference,technology,,,,2026-09-28,src_105ca3620163539b,"{""price"":""not_enriched"",""audience_actual"":""not_enriched"",""sponsor_budget"":""not_public"",""coordinates"":""not_geocoded"",""timezone"":""not_published""}"
evt_feaceefad5419946,ser_5fb830ac30758c51,PyCon Lithuania 2026,https://pycon.lt/2026,2026-04-08,2026-04-10,,,,day,inclusive_date; original_ICS_DTEND_is_exclusive,announced,historical,"Vilnius, Lithuania",Lithuania,in_person_inferred,location_text_ungeocoded,,conference,technology,,,,2026-09-28,src_105ca3620163539b,"{""price"":""not_enriched"",""audience_actual"":""not_enriched"",""sponsor_budget"":""not_public"",""coordinates"":""not_geocoded"",""timezone"":""not_published""}"
evt_11c31c2a0de8a478,,EuroPython 2022,https://www.europython.eu/,2022-07-11,2022-07-17,,,,day,inclusive_date; original_ICS_DTEND_is_exclusive,announced,historical,"Dublin, Ireland",Ireland,in_person_inferred,location_text_ungeocoded,,other_technical,technology,,,,2026-09-28,src_105ca3620163539b,"{""price"":""not_enriched"",""audience_actual"":""not_enriched"",""sponsor_budget"":""not_public"",""coordinates"":""not_geocoded"",""timezone"":""not_published""}"
evt_9229307f4a03bda8,,PyCon Finland 2025,https://2025.ploneconf.org/pyconfi-2025,2025-10-17,2025-10-17,,,,day,inclusive_date; original_ICS_DTEND_is_exclusive,announced,historical,"Jyväskylä, Finland",Finland,in_person_inferred,location_text_ungeocoded,,conference,technology,,,,2026-09-28,src_105ca3620163539b,"{""price"":""not_enriched"",""audience_actual"":""not_enriched"",""sponsor_budget"":""not_public"",""coordinates"":""not_geocoded"",""timezone"":""not_published""}"
evt_a045460b33dc8c43,,PyChain 2022,https://www.pychain.org/,2022-11-15,2022-11-15,,,,day,inclusive_date; original_ICS_DTEND_is_exclusive,announced,historical,online,,online,location_text_ungeocoded,,other_technical,technology,,,,2026-09-28,src_105ca3620163539b,"{""price"":""not_enriched"",""audience_actual"":""not_enriched"",""sponsor_budget"":""not_public"",""coordinates"":""not_geocoded"",""timezone"":""not_published""}"
evt_f43d8f3824570907,ser_6e067ea01b58f900,DjangoCon Africa 2025,https://2025.djangocon.africa,2025-08-11,2025-08-15,,,,day,inclusive_date; original_ICS_DTEND_is_exclusive,announced,historical,"Arusha, Tanzania",Tanzania,in_person_inferred,location_text_ungeocoded,,conference,technology,,,,2026-09-28,src_105ca3620163539b,"{""price"":""not_enriched"",""audience_actual"":""not_enriched"",""sponsor_budget"":""not_public"",""coordinates"":""not_geocoded"",""timezone"":""not_published""}"
evt_2f9c5f04ea0084b0,ser_1940b8deb6405b76,PyCon LT 2022,http://pycon.lt/,2022-05-26,2022-05-27,,,,day,inclusive_date; original_ICS_DTEND_is_exclusive,announced,historical,"Vilnius, Lithuania",Lithuania,in_person_inferred,location_text_ungeocoded,,conference,technology,,,,2026-09-28,src_105ca3620163539b,"{""price"":""not_enriched"",""audience_actual"":""not_enriched"",""sponsor_budget"":""not_public"",""coordinates"":""not_geocoded"",""timezone"":""not_published""}"
evt_ae454a4e1b8f8bd8,,PyData Seattle: Language Creators Charity Fundraiser,https://pydata.org/language-creator-fundraiser/,2023-09-19,2023-09-19,,,,day,inclusive_date; original_ICS_DTEND_is_exclusive,announced,historical,"Bellevue, WA, USA",United States,in_person_inferred,location_text_ungeocoded,,conference,technology,,,,2026-09-28,src_105ca3620163539b,"{""price"":""not_enriched"",""audience_actual"":""not_enriched"",""sponsor_budget"":""not_public"",""coordinates"":""not_geocoded"",""timezone"":""not_published""}"
evt_f3bb6642e1fcc7fb,,Python Pizza Istanbul,https://istanbul.python.pizza/,2026-11-14,2026-11-14,,,,day,inclusive_date; original_ICS_DTEND_is_exclusive,announced,upcoming_or_current,"Istanbul, Turkey",Turkey,in_person_inferred,location_text_ungeocoded,,other_technical,technology,,,,2026-09-28,src_105ca3620163539b,"{""price"":""not_enriched"",""audience_actual"":""not_enriched"",""sponsor_budget"":""not_public"",""coordinates"":""not_geocoded"",""timezone"":""not_published""}"
evt_25950ba71af2a165,,PyTorch Conference 2025,https://events.linuxfoundation.org/pytorch-conference-2025/,2025-10-22,2025-10-23,,,,day,inclusive_date; original_ICS_DTEND_is_exclusive,announced,historical,"San Francisco, USA",United States,in_person_inferred,location_text_ungeocoded,,conference,technology,,,,2026-09-28,src_105ca3620163539b,"{""price"":""not_enriched"",""audience_actual"":""not_enriched"",""sponsor_budget"":""not_public"",""coordinates"":""not_geocoded"",""timezone"":""not_published""}"
evt_b5e94cedf38673f2,ser_23e2e7f5d5de3d43,PyCon Uganda,https://ug.pycon.org/,2023-09-21,2023-09-23,,,,day,inclusive_date; original_ICS_DTEND_is_exclusive,announced,historical,"Kampala, Uganda",Uganda,in_person_inferred,location_text_ungeocoded,,conference,technology,,,,2026-09-28,src_105ca3620163539b,"{""price"":""not_enriched"",""audience_actual"":""not_enriched"",""sponsor_budget"":""not_public"",""coordinates"":""not_geocoded"",""timezone"":""not_published""}"
evt_05c439da1374b58f,,PyCon APAC 2021,https://th.pycon.org/,2021-11-19,2021-11-23,,,,day,inclusive_date; original_ICS_DTEND_is_exclusive,announced,historical,"Bangkok, Thailand and online",Thailand,hybrid_inferred,location_text_ungeocoded,,conference,technology,,,,2026-09-28,src_105ca3620163539b,"{""price"":""not_enriched"",""audience_actual"":""not_enriched"",""sponsor_budget"":""not_public"",""coordinates"":""not_geocoded"",""timezone"":""not_published""}"
evt_1a93eb424a2526b6,,PyCon Cameroon 2026,https://pycon.pythoncameroon.org/,2026-09-17,2026-09-19,,,,day,inclusive_date; original_ICS_DTEND_is_exclusive,announced,historical,"Yaoundé, Cameroon",Cameroon,in_person_inferred,location_text_ungeocoded,,conference,technology,,,,2026-09-28,src_105ca3620163539b,"{""price"":""not_enriched"",""audience_actual"":""not_enriched"",""sponsor_budget"":""not_public"",""coordinates"":""not_geocoded"",""timezone"":""not_published""}"
evt_ea11e3447c07ca2f,,EuroPython 2026,https://ep2026.europython.eu/,2026-07-13,2026-07-19,,,,day,inclusive_date; original_ICS_DTEND_is_exclusive,announced,historical,"Kraków, Poland",Poland,in_person_inferred,location_text_ungeocoded,,other_technical,technology,,,,2026-09-28,src_105ca3620163539b,"{""price"":""not_enriched"",""audience_actual"":""not_enriched"",""sponsor_budget"":""not_public"",""coordinates"":""not_geocoded"",""timezone"":""not_published""}"
evt_390332e6860314f0,,Wagtail Space NL,https://nl.wagtail.space/,2024-06-12,2024-06-14,,,,day,inclusive_date; original_ICS_DTEND_is_exclusive,announced,historical,"Arnhem, The Netherlands",Netherlands,in_person_inferred,location_text_ungeocoded,,other_technical,technology,,,,2026-09-28,src_105ca3620163539b,"{""price"":""not_enriched"",""audience_actual"":""not_enriched"",""sponsor_budget"":""not_public"",""coordinates"":""not_geocoded"",""timezone"":""not_published""}"
evt_650ddc78bc019015,,PyCascades 2026,https://2026.pycascades.com/,2026-03-21,2026-03-22,,,,day,inclusive_date; original_ICS_DTEND_is_exclusive,announced,historical,"Vancouver, British Columbia, Canada",Canada,in_person_inferred,location_text_ungeocoded,,other_technical,technology,,,,2026-09-28,src_105ca3620163539b,"{""price"":""not_enriched"",""audience_actual"":""not_enriched"",""sponsor_budget"":""not_public"",""coordinates"":""not_geocoded"",""timezone"":""not_published""}"
evt_21b818abee646339,,PyCon Japan 2021,https://2021.pycon.jp/,2021-11-15,2021-11-15,,,,day,inclusive_date; original_ICS_DTEND_is_exclusive,announced,historical,Online,,online,location_text_ungeocoded,,conference,technology,,,,2026-09-28,src_105ca3620163539b,"{""price"":""not_enriched"",""audience_actual"":""not_enriched"",""sponsor_budget"":""not_public"",""coordinates"":""not_geocoded"",""timezone"":""not_published""}"
evt_86d12d872bbcb647,ser_2d5cb7c3e41342c4,PyBay 2022,https://www.pybay.com/,2022-09-10,2022-09-10,,,,day,inclusive_date; original_ICS_DTEND_is_exclusive,announced,historical,"San Francsisco, USA and Online",United States,hybrid_inferred,location_text_ungeocoded,,conference,technology,,,,2026-09-28,src_105ca3620163539b,"{""price"":""not_enriched"",""audience_actual"":""not_enriched"",""sponsor_budget"":""not_public"",""coordinates"":""not_geocoded"",""timezone"":""not_published""}"
evt_ccac4dd1f0638450,ser_18a11bdb4fe8f12a,PyCon Ireland 2024,https://python.ie/pycon-2024/,2024-11-16,2024-11-17,,,,day,inclusive_date; original_ICS_DTEND_is_exclusive,announced,historical,"Dublin, Ireland",Ireland,in_person_inferred,location_text_ungeocoded,,conference,technology,,,,2026-09-28,src_105ca3620163539b,"{""price"":""not_enriched"",""audience_actual"":""not_enriched"",""sponsor_budget"":""not_public"",""coordinates"":""not_geocoded"",""timezone"":""not_published""}"
evt_cf8c0af0c3218349,ser_5ab11331795fa2f0,PyCon FR 2024,https://pycon.fr/2024/,2024-10-31,2024-11-02,,,,day,inclusive_date; original_ICS_DTEND_is_exclusive,announced,historical,"Strasbourg, France",France,in_person_inferred,location_text_ungeocoded,,conference,technology,,,,2026-09-28,src_105ca3620163539b,"{""price"":""not_enriched"",""audience_actual"":""not_enriched"",""sponsor_budget"":""not_public"",""coordinates"":""not_geocoded"",""timezone"":""not_published""}"
evt_7957b3b83ad5796d,,Women Who Code CONNECT Forward 2021,https://connectforward.womenwhocode.dev/,2021-11-18,2021-11-19,,,,day,inclusive_date; original_ICS_DTEND_is_exclusive,announced,historical,Online,,online,location_text_ungeocoded,,other_technical,technology,,,,2026-09-28,src_105ca3620163539b,"{""price"":""not_enriched"",""audience_actual"":""not_enriched"",""sponsor_budget"":""not_public"",""coordinates"":""not_geocoded"",""timezone"":""not_published""}"
evt_1d0d19da82fa82a6,ser_92183d0ae421e8c9,PyCon PH 2024,https://pycon-2024.python.ph/,2024-02-25,2024-02-26,,,,day,inclusive_date; original_ICS_DTEND_is_exclusive,announced,historical,"Makati City, Philippines",Philippines,in_person_inferred,location_text_ungeocoded,,conference,technology,,,,2026-09-28,src_105ca3620163539b,"{""price"":""not_enriched"",""audience_actual"":""not_enriched"",""sponsor_budget"":""not_public"",""coordinates"":""not_geocoded"",""timezone"":""not_published""}"
evt_4ab04e025f5b553b,ser_5b2cabaa32d6667e,PyCon Korea 2025,https://2025.pycon.kr/,2025-08-15,2025-08-17,,,,day,inclusive_date; original_ICS_DTEND_is_exclusive,announced,historical,"Seoul, South Korea",South Korea,in_person_inferred,location_text_ungeocoded,,conference,technology,,,,2026-09-28,src_105ca3620163539b,"{""price"":""not_enriched"",""audience_actual"":""not_enriched"",""sponsor_budget"":""not_public"",""coordinates"":""not_geocoded"",""timezone"":""not_published""}"
evt_b857cf744d2ba090,,FlaskCon 2021 Online,https://flaskcon.com/y/2021/,2021-12-01,2021-12-04,,,,day,inclusive_date; original_ICS_DTEND_is_exclusive,announced,historical,Online,,online,location_text_ungeocoded,,other_technical,technology,,,,2026-09-28,src_105ca3620163539b,"{""price"":""not_enriched"",""audience_actual"":""not_enriched"",""sponsor_budget"":""not_public"",""coordinates"":""not_geocoded"",""timezone"":""not_published""}"
evt_e6aac56b643c6ca9,ser_3234eaa4cbdbb895,PyGrunn 2024,https://pygrunn.org/,2024-05-17,2024-05-17,,,,day,inclusive_date; original_ICS_DTEND_is_exclusive,announced,historical,"Groningen, Netherlands",Netherlands,in_person_inferred,location_text_ungeocoded,,other_technical,technology,,,,2026-09-28,src_105ca3620163539b,"{""price"":""not_enriched"",""audience_actual"":""not_enriched"",""sponsor_budget"":""not_public"",""coordinates"":""not_geocoded"",""timezone"":""not_published""}"
evt_abfbbd2a291ab0fa,ser_024e67541ec44a5e,PyTexas 2023,http://pytexas.org/,2023-04-01,2023-04-02,,,,day,inclusive_date; original_ICS_DTEND_is_exclusive,announced,historical,"Austin, TX, USA",United States,in_person_inferred,location_text_ungeocoded,,other_technical,technology,,,,2026-09-28,src_105ca3620163539b,"{""price"":""not_enriched"",""audience_actual"":""not_enriched"",""sponsor_budget"":""not_public"",""coordinates"":""not_geocoded"",""timezone"":""not_published""}"
evt_c8981e7f68a8796d,ser_e9d8ddcd6d6717cd,PyCon Somalia 2023,https://pycon.org.so/,2023-12-27,2023-12-28,,,,day,inclusive_date; original_ICS_DTEND_is_exclusive,announced,historical,"Mogadishu, Somalia",Somalia,in_person_inferred,location_text_ungeocoded,,conference,technology,,,,2026-09-28,src_105ca3620163539b,"{""price"":""not_enriched"",""audience_actual"":""not_enriched"",""sponsor_budget"":""not_public"",""coordinates"":""not_geocoded"",""timezone"":""not_published""}"
evt_b85e54f37cedc3e1,ser_d76699291095b72e,PiterPy 2024,https://piterpy.com/en/,2024-09-26,2024-09-26,,,,day,inclusive_date; original_ICS_DTEND_is_exclusive,announced,historical,"Saint Petersburg, Russia",Russia,in_person_inferred,location_text_ungeocoded,,other_technical,technology,,,,2026-09-28,src_105ca3620163539b,"{""price"":""not_enriched"",""audience_actual"":""not_enriched"",""sponsor_budget"":""not_public"",""coordinates"":""not_geocoded"",""timezone"":""not_published""}"
evt_06dae62d70342384,,PyConAU 2024,https://2024.pycon.org.au/,2024-11-22,2024-11-26,,,,day,inclusive_date; original_ICS_DTEND_is_exclusive,announced,historical,"Melbourne, Australia",Australia,in_person_inferred,location_text_ungeocoded,,conference,technology,,,,2026-09-28,src_105ca3620163539b,"{""price"":""not_enriched"",""audience_actual"":""not_enriched"",""sponsor_budget"":""not_public"",""coordinates"":""not_geocoded"",""timezone"":""not_published""}"
evt_97e632c8a9413bf1,ser_0fd4a3f00fd75f9f,PyCon Namibia 2027,https://na.pycon.org/,2027-02-26,2027-03-04,,,,day,inclusive_date; original_ICS_DTEND_is_exclusive,announced,upcoming_or_current,"Windhoek, Namibia",Namibia,in_person_inferred,location_text_ungeocoded,,conference,technology,,,,2026-09-28,src_105ca3620163539b,"{""price"":""not_enriched"",""audience_actual"":""not_enriched"",""sponsor_budget"":""not_public"",""coordinates"":""not_geocoded"",""timezone"":""not_published""}"
evt_5775e6ed4261750f,ser_5b2cabaa32d6667e,PyCon Korea 2026,https://2026.pycon.kr/,2026-08-15,2026-08-17,,,,day,inclusive_date; original_ICS_DTEND_is_exclusive,announced,historical,"Seoul, Republic of Korea",South Korea,in_person_inferred,location_text_ungeocoded,,conference,technology,,,,2026-09-28,src_105ca3620163539b,"{""price"":""not_enriched"",""audience_actual"":""not_enriched"",""sponsor_budget"":""not_public"",""coordinates"":""not_geocoded"",""timezone"":""not_published""}"
evt_b0712561b57e07e4,ser_31fd4d5967da2beb,PyHEP.dev 2025,https://indico.cern.ch/event/1515852/,2025-07-14,2025-07-17,,,,day,inclusive_date; original_ICS_DTEND_is_exclusive,announced,historical,"Seattle, USA",United States,in_person_inferred,location_text_ungeocoded,,other_technical,technology,,,,2026-09-28,src_105ca3620163539b,"{""price"":""not_enriched"",""audience_actual"":""not_enriched"",""sponsor_budget"":""not_public"",""coordinates"":""not_geocoded"",""timezone"":""not_published""}"
evt_769f69e41511e56f,,PyCon Latam 2026,https://www.pylatam.org/,2026-08-20,2026-08-23,,,,day,inclusive_date; original_ICS_DTEND_is_exclusive,announced,historical,"Turrialba, Costa Rica",Costa Rica,in_person_inferred,location_text_ungeocoded,,conference,technology,,,,2026-09-28,src_105ca3620163539b,"{""price"":""not_enriched"",""audience_actual"":""not_enriched"",""sponsor_budget"":""not_public"",""coordinates"":""not_geocoded"",""timezone"":""not_published""}"
evt_2e0c9735fc8ad60e,,PyCode Conference,https://pycode-conference.org/,2021-12-02,2021-12-03,,,,day,inclusive_date; original_ICS_DTEND_is_exclusive,announced,historical,Online,,online,location_text_ungeocoded,,conference,technology,,,,2026-09-28,src_105ca3620163539b,"{""price"":""not_enriched"",""audience_actual"":""not_enriched"",""sponsor_budget"":""not_public"",""coordinates"":""not_geocoded"",""timezone"":""not_published""}"
evt_3dbf2a3e7889e406,,DjangoCon Europe 2024,https://2024.djangocon.eu/,2024-06-05,2024-06-09,,,,day,inclusive_date; original_ICS_DTEND_is_exclusive,announced,historical,"Vigo, Spain",Spain,in_person_inferred,location_text_ungeocoded,,conference,technology,,,,2026-09-28,src_105ca3620163539b,"{""price"":""not_enriched"",""audience_actual"":""not_enriched"",""sponsor_budget"":""not_public"",""coordinates"":""not_geocoded"",""timezone"":""not_published""}"
evt_aa73b9726ea22224,,PyCon Chile,https://pycon.cl/,2021-11-05,2021-11-07,,,,day,inclusive_date; original_ICS_DTEND_is_exclusive,announced,historical,On line,,online,location_text_ungeocoded,,conference,technology,,,,2026-09-28,src_105ca3620163539b,"{""price"":""not_enriched"",""audience_actual"":""not_enriched"",""sponsor_budget"":""not_public"",""coordinates"":""not_geocoded"",""timezone"":""not_published""}"
evt_08856aa1c4fc6c27,ser_e9d8ddcd6d6717cd,PyCon Somalia 2025,https://pycon.org.so/,2025-08-13,2025-08-14,,,,day,inclusive_date; original_ICS_DTEND_is_exclusive,announced,historical,"Mogadishu, Somalia",Somalia,in_person_inferred,location_text_ungeocoded,,conference,technology,,,,2026-09-28,src_105ca3620163539b,"{""price"":""not_enriched"",""audience_actual"":""not_enriched"",""sponsor_budget"":""not_public"",""coordinates"":""not_geocoded"",""timezone"":""not_published""}"
evt_1c6fd2dcaea1775d,ser_d76699291095b72e,PiterPy 2025,https://piterpy.com/en/,2025-05-16,2025-05-17,,,,day,inclusive_date; original_ICS_DTEND_is_exclusive,announced,historical,"St. Petersburg, Russia and Online",Russia,hybrid_inferred,location_text_ungeocoded,,other_technical,technology,,,,2026-09-28,src_105ca3620163539b,"{""price"":""not_enriched"",""audience_actual"":""not_enriched"",""sponsor_budget"":""not_public"",""coordinates"":""not_geocoded"",""timezone"":""not_published""}"
evt_f2e582d70f326322,,PyCon Africa 2025,https://africa.pycon.org/,2025-10-08,2025-10-12,,,,day,inclusive_date; original_ICS_DTEND_is_exclusive,announced,historical,"Johannesburg, South Africa",South Africa,in_person_inferred,location_text_ungeocoded,,conference,technology,,,,2026-09-28,src_105ca3620163539b,"{""price"":""not_enriched"",""audience_actual"":""not_enriched"",""sponsor_budget"":""not_public"",""coordinates"":""not_geocoded"",""timezone"":""not_published""}"
evt_ed0e15d28ef07d67,,PyCon ZA 2022,https://za.pycon.org/,2022-10-13,2022-10-14,,,,day,inclusive_date; original_ICS_DTEND_is_exclusive,announced,historical,"Durban, South Africa",South Africa,in_person_inferred,location_text_ungeocoded,,conference,technology,,,,2026-09-28,src_105ca3620163539b,"{""price"":""not_enriched"",""audience_actual"":""not_enriched"",""sponsor_budget"":""not_public"",""coordinates"":""not_geocoded"",""timezone"":""not_published""}"
evt_2ac3662f74f40025,ser_05c65766f842f59e,GeoPython 2023,https://2023.geopython.net/,2023-03-06,2023-03-08,,,,day,inclusive_date; original_ICS_DTEND_is_exclusive,announced,historical,"Basel, Switzerland",Switzerland,in_person_inferred,location_text_ungeocoded,,other_technical,technology,,,,2026-09-28,src_105ca3620163539b,"{""price"":""not_enriched"",""audience_actual"":""not_enriched"",""sponsor_budget"":""not_public"",""coordinates"":""not_geocoded"",""timezone"":""not_published""}"
evt_68e94f5290e37ab2,ser_5b2cabaa32d6667e,PyCon Korea 2024,https://2024.pycon.kr/,2024-10-25,2024-10-27,,,,day,inclusive_date; original_ICS_DTEND_is_exclusive,announced,historical,"140 Gwanggyojungang-ro, Yeongtong-gu, Suwon, Gyeonggi-do, South Korea",South Korea,in_person_inferred,location_text_ungeocoded,,conference,technology,,,,2026-09-28,src_105ca3620163539b,"{""price"":""not_enriched"",""audience_actual"":""not_enriched"",""sponsor_budget"":""not_public"",""coordinates"":""not_geocoded"",""timezone"":""not_published""}"
evt_762332d0bf0a4dc1,ser_88341dcee9a375e6,PyCon PL 2023,https://pl.pycon.org/2023/en/,2023-07-29,2023-08-02,,,,day,inclusive_date; original_ICS_DTEND_is_exclusive,announced,historical,"Gliwice, Poland",Poland,in_person_inferred,location_text_ungeocoded,,conference,technology,,,,2026-09-28,src_105ca3620163539b,"{""price"":""not_enriched"",""audience_actual"":""not_enriched"",""sponsor_budget"":""not_public"",""coordinates"":""not_geocoded"",""timezone"":""not_published""}"
evt_5f21220a85f772c9,ser_88341dcee9a375e6,PyCon PL 2024,https://pl.pycon.org/2024/,2024-08-29,2024-08-31,,,,day,inclusive_date; original_ICS_DTEND_is_exclusive,announced,historical,"Gliwice, Poland",Poland,in_person_inferred,location_text_ungeocoded,,conference,technology,,,,2026-09-28,src_105ca3620163539b,"{""price"":""not_enriched"",""audience_actual"":""not_enriched"",""sponsor_budget"":""not_public"",""coordinates"":""not_geocoded"",""timezone"":""not_published""}"
evt_073e7405cb71e41e,ser_c0ec9ff865759e8f,PyCon Wroclaw 2026,http://www.pyconwroclaw.com/,2026-11-20,2026-11-20,,,,day,inclusive_date; original_ICS_DTEND_is_exclusive,announced,upcoming_or_current,"Wroclaw, Poland",Poland,in_person_inferred,location_text_ungeocoded,,conference,technology,,,,2026-09-28,src_105ca3620163539b,"{""price"":""not_enriched"",""audience_actual"":""not_enriched"",""sponsor_budget"":""not_public"",""coordinates"":""not_geocoded"",""timezone"":""not_published""}"
evt_802b88216ceb7998,ser_944cad17f300cd49,PyCon Portugal 2023,https://2023.pycon.pt/home/,2023-09-07,2023-09-09,,,,day,inclusive_date; original_ICS_DTEND_is_exclusive,announced,historical,"Coimbra, Portugal",Portugal,in_person_inferred,location_text_ungeocoded,,conference,technology,,,,2026-09-28,src_105ca3620163539b,"{""price"":""not_enriched"",""audience_actual"":""not_enriched"",""sponsor_budget"":""not_public"",""coordinates"":""not_geocoded"",""timezone"":""not_published""}"
evt_9696594454178e99,,PyCaxias 2025,https://pycaxias.com.br/,2025-05-17,2025-05-17,,,,day,inclusive_date; original_ICS_DTEND_is_exclusive,announced,historical,"Caxias do Sul, RS, Brazil",Brazil,in_person_inferred,location_text_ungeocoded,,other_technical,technology,,,,2026-09-28,src_105ca3620163539b,"{""price"":""not_enriched"",""audience_actual"":""not_enriched"",""sponsor_budget"":""not_public"",""coordinates"":""not_geocoded"",""timezone"":""not_published""}"
evt_eb790882642d724e,ser_b381fcf96d51da08,PyHEP 2023,https://indico.cern.ch/e/PyHEP2023,2023-10-09,2023-10-12,,,,day,inclusive_date; original_ICS_DTEND_is_exclusive,announced,historical,Online,,online,location_text_ungeocoded,,other_technical,technology,,,,2026-09-28,src_105ca3620163539b,"{""price"":""not_enriched"",""audience_actual"":""not_enriched"",""sponsor_budget"":""not_public"",""coordinates"":""not_geocoded"",""timezone"":""not_published""}"
evt_d35b78ba1b6c18bc,ser_1b96e2f8290dd059,Swiss Python Summit 2024,https://python-summit.ch,2024-10-17,2024-10-18,,,,day,inclusive_date; original_ICS_DTEND_is_exclusive,announced,historical,"Rapperswil, Switzerland",Switzerland,in_person_inferred,location_text_ungeocoded,,other_technical,technology,,,,2026-09-28,src_105ca3620163539b,"{""price"":""not_enriched"",""audience_actual"":""not_enriched"",""sponsor_budget"":""not_public"",""coordinates"":""not_geocoded"",""timezone"":""not_published""}"
evt_11b9d115e276d7af,ser_34292875b5675d8f,PyCon Israel 2023,https://2023.pycon.org.il/,2023-07-04,2023-07-05,,,,day,inclusive_date; original_ICS_DTEND_is_exclusive,announced,historical,"Ramat Gan, Israel",Israel,in_person_inferred,location_text_ungeocoded,,conference,technology,,,,2026-09-28,src_105ca3620163539b,"{""price"":""not_enriched"",""audience_actual"":""not_enriched"",""sponsor_budget"":""not_public"",""coordinates"":""not_geocoded"",""timezone"":""not_published""}"
evt_51041de40c716b1a,ser_a9bfea557dd0ed02,PyCon Panamá 2024,https://pycon.pa/,2024-10-16,2024-10-18,,,,day,inclusive_date; original_ICS_DTEND_is_exclusive,announced,historical,"Panama City, Panamá",Panama,in_person_inferred,location_text_ungeocoded,,conference,technology,,,,2026-09-28,src_105ca3620163539b,"{""price"":""not_enriched"",""audience_actual"":""not_enriched"",""sponsor_budget"":""not_public"",""coordinates"":""not_geocoded"",""timezone"":""not_published""}"
evt_52cf5abd6e5d474d,,PyData Eindhoven 2024,https://pydata.org/eindhoven2024/call-for-proposals,2024-07-11,2024-07-11,,,,day,inclusive_date; original_ICS_DTEND_is_exclusive,announced,historical,"Eindhoven, Netherlands",Netherlands,in_person_inferred,location_text_ungeocoded,,conference,technology,,,,2026-09-28,src_105ca3620163539b,"{""price"":""not_enriched"",""audience_actual"":""not_enriched"",""sponsor_budget"":""not_public"",""coordinates"":""not_geocoded"",""timezone"":""not_published""}"
evt_4ef0b5307ada4c97,ser_fd1c9f6037ad1628,PyCon SK 2027,https://pycon.sk/,2027-03-12,2027-03-13,,,,day,inclusive_date; original_ICS_DTEND_is_exclusive,announced,upcoming_or_current,"Bratislava, Slovakia",Slovakia,in_person_inferred,location_text_ungeocoded,,conference,technology,,,,2026-09-28,src_105ca3620163539b,"{""price"":""not_enriched"",""audience_actual"":""not_enriched"",""sponsor_budget"":""not_public"",""coordinates"":""not_geocoded"",""timezone"":""not_published""}"
evt_d34d8ef52beec619,,PyCon Sweden 2021,https://www.python.org/events/python-events/,2021-10-21,2021-10-22,,,,day,inclusive_date; original_ICS_DTEND_is_exclusive,announced,historical,online,,online,location_text_ungeocoded,,conference,technology,,,,2026-09-28,src_105ca3620163539b,"{""price"":""not_enriched"",""audience_actual"":""not_enriched"",""sponsor_budget"":""not_public"",""coordinates"":""not_geocoded"",""timezone"":""not_published""}"
evt_50e39101f9db69d3,ser_fed981cfc7406bda,Pyjamas Conf 2021,https://pyjamas.live/,2021-12-04,2021-12-05,,,,day,inclusive_date; original_ICS_DTEND_is_exclusive,announced,historical,Online,,online,location_text_ungeocoded,,other_technical,technology,,,,2026-09-28,src_105ca3620163539b,"{""price"":""not_enriched"",""audience_actual"":""not_enriched"",""sponsor_budget"":""not_public"",""coordinates"":""not_geocoded"",""timezone"":""not_published""}"
evt_f01a36cbe6669134,ser_b6aa227ecb25a412,PyConFR 2026,http://pycon.fr/2026,2026-10-29,2026-11-01,,,,day,inclusive_date; original_ICS_DTEND_is_exclusive,announced,upcoming_or_current,"Bidart, France",France,in_person_inferred,location_text_ungeocoded,,conference,technology,,,,2026-09-28,src_105ca3620163539b,"{""price"":""not_enriched"",""audience_actual"":""not_enriched"",""sponsor_budget"":""not_public"",""coordinates"":""not_geocoded"",""timezone"":""not_published""}"
evt_870f72c760655adf,,Kiwi PyCon XIII,https://kiwipycon.nz/,2024-08-23,2024-08-25,,,,day,inclusive_date; original_ICS_DTEND_is_exclusive,announced,historical,"Wellington, Aoetaroa, New Zealand",New Zealand,in_person_inferred,location_text_ungeocoded,,conference,technology,,,,2026-09-28,src_105ca3620163539b,"{""price"":""not_enriched"",""audience_actual"":""not_enriched"",""sponsor_budget"":""not_public"",""coordinates"":""not_geocoded"",""timezone"":""not_published""}"
evt_f2c0a2771e832053,,Plone Conference 2024,https://2024.ploneconf.org/en,2024-11-25,2024-11-30,,,,day,inclusive_date; original_ICS_DTEND_is_exclusive,announced,historical,"Brasilia, Brazil",Brazil,in_person_inferred,location_text_ungeocoded,,conference,technology,,,,2026-09-28,src_105ca3620163539b,"{""price"":""not_enriched"",""audience_actual"":""not_enriched"",""sponsor_budget"":""not_public"",""coordinates"":""not_geocoded"",""timezone"":""not_published""}"
evt_e198763594e39dee,ser_46fb2aa17a0919c8,Python Norte 2025,https://2025.pythonnorte.org/en,2025-07-04,2025-07-06,,,,day,inclusive_date; original_ICS_DTEND_is_exclusive,announced,historical,"Belém, Pará, Brazil",Brazil,in_person_inferred,location_text_ungeocoded,,other_technical,technology,,,,2026-09-28,src_105ca3620163539b,"{""price"":""not_enriched"",""audience_actual"":""not_enriched"",""sponsor_budget"":""not_public"",""coordinates"":""not_geocoded"",""timezone"":""not_published""}"
evt_2bf9505324bf85eb,ser_813e68938356d10a,PyCon Italia 2024,https://pycon.it/,2024-05-22,2024-05-25,,,,day,inclusive_date; original_ICS_DTEND_is_exclusive,announced,historical,"Metropolitan City of Florence, Italy",Italy,in_person_inferred,location_text_ungeocoded,,conference,technology,,,,2026-09-28,src_105ca3620163539b,"{""price"":""not_enriched"",""audience_actual"":""not_enriched"",""sponsor_budget"":""not_public"",""coordinates"":""not_geocoded"",""timezone"":""not_published""}"
evt_9c937beaf7fe929c,,Plone Conference 2021 Online,https://2021.ploneconf.org/,2021-10-23,2021-10-31,,,,day,inclusive_date; original_ICS_DTEND_is_exclusive,announced,historical,Online,,online,location_text_ungeocoded,,conference,technology,,,,2026-09-28,src_105ca3620163539b,"{""price"":""not_enriched"",""audience_actual"":""not_enriched"",""sponsor_budget"":""not_public"",""coordinates"":""not_geocoded"",""timezone"":""not_published""}"
evt_e497ba372846533a,,DjangoCon Europe 2025,https://2025.djangocon.eu/,2025-04-23,2025-04-27,,,,day,inclusive_date; original_ICS_DTEND_is_exclusive,announced,historical,"Dublin, Ireland",Ireland,in_person_inferred,location_text_ungeocoded,,conference,technology,,,,2026-09-28,src_105ca3620163539b,"{""price"":""not_enriched"",""audience_actual"":""not_enriched"",""sponsor_budget"":""not_public"",""coordinates"":""not_geocoded"",""timezone"":""not_published""}"
evt_a4aeed716714356c,ser_23e2e7f5d5de3d43,PyCon Uganda 2024,https://ug.pycon.org/2024,2024-10-09,2024-10-13,,,,day,inclusive_date; original_ICS_DTEND_is_exclusive,announced,historical,"Kampala, Uganda",Uganda,in_person_inferred,location_text_ungeocoded,,conference,technology,,,,2026-09-28,src_105ca3620163539b,"{""price"":""not_enriched"",""audience_actual"":""not_enriched"",""sponsor_budget"":""not_public"",""coordinates"":""not_geocoded"",""timezone"":""not_published""}"
evt_0e1f6384833eac78,ser_a0709530998b62a0,PyCon JP 2024,https://2024.pycon.jp/,2024-09-27,2024-09-29,,,,day,inclusive_date; original_ICS_DTEND_is_exclusive,announced,historical,"Tokyo , Japan",Japan,in_person_inferred,location_text_ungeocoded,,conference,technology,,,,2026-09-28,src_105ca3620163539b,"{""price"":""not_enriched"",""audience_actual"":""not_enriched"",""sponsor_budget"":""not_public"",""coordinates"":""not_geocoded"",""timezone"":""not_published""}"
evt_ad25736f103b5528,,PyCon Italy 22,https://pycon.it/en,2022-06-02,2022-06-05,,,,day,inclusive_date; original_ICS_DTEND_is_exclusive,announced,historical,"Florence, Italy",Italy,in_person_inferred,location_text_ungeocoded,,conference,technology,,,,2026-09-28,src_105ca3620163539b,"{""price"":""not_enriched"",""audience_actual"":""not_enriched"",""sponsor_budget"":""not_public"",""coordinates"":""not_geocoded"",""timezone"":""not_published""}"
evt_ad4f2b5f7192f4f6,,Kiwi PyCon 2023,https://kiwipycon.nz/,2023-09-15,2023-09-17,,,,day,inclusive_date; original_ICS_DTEND_is_exclusive,announced,historical,"Waihopai, Invercargill, New Zealand",New Zealand,in_person_inferred,location_text_ungeocoded,,conference,technology,,,,2026-09-28,src_105ca3620163539b,"{""price"":""not_enriched"",""audience_actual"":""not_enriched"",""sponsor_budget"":""not_public"",""coordinates"":""not_geocoded"",""timezone"":""not_published""}"
evt_971007d731dd82ab,,PyConZA 2024,https://za.pycon.org/,2024-10-03,2024-10-04,,,,day,inclusive_date; original_ICS_DTEND_is_exclusive,announced,historical,,,unknown,unknown,,conference,technology,,,,2026-09-28,src_105ca3620163539b,"{""price"":""not_enriched"",""audience_actual"":""not_enriched"",""sponsor_budget"":""not_public"",""coordinates"":""not_geocoded"",""timezone"":""not_published""}"
evt_67c8f78c473d42fa,,AfroPython Conf 2025,https://afropythonconf.org/,2025-06-07,2025-06-07,,,,day,inclusive_date; original_ICS_DTEND_is_exclusive,announced,historical,"Salvador, State of Bahia, Brazil",Brazil,in_person_inferred,location_text_ungeocoded,,other_technical,technology,,,,2026-09-28,src_105ca3620163539b,"{""price"":""not_enriched"",""audience_actual"":""not_enriched"",""sponsor_budget"":""not_public"",""coordinates"":""not_geocoded"",""timezone"":""not_published""}"
evt_9c3722d964fa5dbf,ser_88341dcee9a375e6,PyCon PL 2022,https://pl.pycon.org/2022/en/,2022-11-03,2022-11-06,,,,day,inclusive_date; original_ICS_DTEND_is_exclusive,announced,historical,"Gliwice, Poland",Poland,in_person_inferred,location_text_ungeocoded,,conference,technology,,,,2026-09-28,src_105ca3620163539b,"{""price"":""not_enriched"",""audience_actual"":""not_enriched"",""sponsor_budget"":""not_public"",""coordinates"":""not_geocoded"",""timezone"":""not_published""}"
evt_c2f6a45a70543fb6,ser_18a11bdb4fe8f12a,PyCon Ireland 2022,https://python.ie/pycon-2022/,2022-11-12,2022-11-13,,,,day,inclusive_date; original_ICS_DTEND_is_exclusive,announced,historical,"Dublin, Ireland",Ireland,in_person_inferred,location_text_ungeocoded,,conference,technology,,,,2026-09-28,src_105ca3620163539b,"{""price"":""not_enriched"",""audience_actual"":""not_enriched"",""sponsor_budget"":""not_public"",""coordinates"":""not_geocoded"",""timezone"":""not_published""}"
evt_0fad3f94458fbf6b,ser_87ae4894d7ca24ad,PyCon UK 2025,https://2025.pyconuk.org/,2025-09-19,2025-09-22,,,,day,inclusive_date; original_ICS_DTEND_is_exclusive,announced,historical,"Manchester, United Kingdom",United Kingdom,in_person_inferred,location_text_ungeocoded,,conference,technology,,,,2026-09-28,src_105ca3620163539b,"{""price"":""not_enriched"",""audience_actual"":""not_enriched"",""sponsor_budget"":""not_public"",""coordinates"":""not_geocoded"",""timezone"":""not_published""}"
evt_86c79aed44afdbd9,ser_5e0db8f6ae56744f,PyCon NL 2024,https://nl.pycon.org/,2024-10-10,2024-10-10,,,,day,inclusive_date; original_ICS_DTEND_is_exclusive,announced,historical,"Utrecht, The Netherlands",Netherlands,in_person_inferred,location_text_ungeocoded,,conference,technology,,,,2026-09-28,src_105ca3620163539b,"{""price"":""not_enriched"",""audience_actual"":""not_enriched"",""sponsor_budget"":""not_public"",""coordinates"":""not_geocoded"",""timezone"":""not_published""}"
evt_f096526169daaaea,,DjangoConAU 2023,https://2023.djangocon.com.au/,2023-08-18,2023-08-18,,,,day,inclusive_date; original_ICS_DTEND_is_exclusive,announced,historical,"Adelaide, Australia",Australia,in_person_inferred,location_text_ungeocoded,,conference,technology,,,,2026-09-28,src_105ca3620163539b,"{""price"":""not_enriched"",""audience_actual"":""not_enriched"",""sponsor_budget"":""not_public"",""coordinates"":""not_geocoded"",""timezone"":""not_published""}"
evt_d78bc39626b13783,,Building Python Community in Northern Nigeria,https://pythonniger.org/events,2025-09-27,2025-09-27,,,,day,inclusive_date; original_ICS_DTEND_is_exclusive,announced,historical,"Kano, Nigeria",Nigeria,in_person_inferred,location_text_ungeocoded,,other_technical,technology,,,,2026-09-28,src_105ca3620163539b,"{""price"":""not_enriched"",""audience_actual"":""not_enriched"",""sponsor_budget"":""not_public"",""coordinates"":""not_geocoded"",""timezone"":""not_published""}"
evt_99acac13cfa3f79d,,PyCon ZA 2021,https://za.pycon.org/,2021-10-07,2021-10-08,,,,day,inclusive_date; original_ICS_DTEND_is_exclusive,announced,historical,Online,,online,location_text_ungeocoded,,conference,technology,,,,2026-09-28,src_105ca3620163539b,"{""price"":""not_enriched"",""audience_actual"":""not_enriched"",""sponsor_budget"":""not_public"",""coordinates"":""not_geocoded"",""timezone"":""not_published""}"
evt_4e6c0637cd679314,,Wagtail Space US,https://us.wagtail.space/,2024-06-20,2024-06-22,,,,day,inclusive_date; original_ICS_DTEND_is_exclusive,announced,historical,"Philadelphia, PA, USA",United States,in_person_inferred,location_text_ungeocoded,,other_technical,technology,,,,2026-09-28,src_105ca3620163539b,"{""price"":""not_enriched"",""audience_actual"":""not_enriched"",""sponsor_budget"":""not_public"",""coordinates"":""not_geocoded"",""timezone"":""not_published""}"
evt_3e692238d6903478,ser_21ff24caa85f2558,PyCon Russia 2024,https://www.pycon.ru/,2024-07-26,2024-07-27,,,,day,inclusive_date; original_ICS_DTEND_is_exclusive,announced,historical,"Moscow, Russia",Russia,in_person_inferred,location_text_ungeocoded,,conference,technology,,,,2026-09-28,src_105ca3620163539b,"{""price"":""not_enriched"",""audience_actual"":""not_enriched"",""sponsor_budget"":""not_public"",""coordinates"":""not_geocoded"",""timezone"":""not_published""}"
evt_90eb3081c2d937d3,ser_e9093b2be4264623,PyCon DE & PyData Berlin 2024,https://pycon.de/,2024-04-22,2024-04-24,,,,day,inclusive_date; original_ICS_DTEND_is_exclusive,announced,historical,"Berlin, Germany",Germany,in_person_inferred,location_text_ungeocoded,,conference,technology,,,,2026-09-28,src_105ca3620163539b,"{""price"":""not_enriched"",""audience_actual"":""not_enriched"",""sponsor_budget"":""not_public"",""coordinates"":""not_geocoded"",""timezone"":""not_published""}"
evt_44f60cd191aa5a7e,,PyCon Bolivia 2022,https://bo.pycon.org/,2022-12-09,2022-12-10,,,,day,inclusive_date; original_ICS_DTEND_is_exclusive,announced,historical,"Cochabamba, Bolivia",Bolivia,in_person_inferred,location_text_ungeocoded,,conference,technology,,,,2026-09-28,src_105ca3620163539b,"{""price"":""not_enriched"",""audience_actual"":""not_enriched"",""sponsor_budget"":""not_public"",""coordinates"":""not_geocoded"",""timezone"":""not_published""}"
evt_f2e7818ee24be66a,,PyCon Sri Lanka 2022,https://pycon.lk/,2022-02-22,2022-02-22,,,,day,inclusive_date; original_ICS_DTEND_is_exclusive,announced,historical,Online from Sri Lanka,Sri Lanka,online,location_text_ungeocoded,,conference,technology,,,,2026-09-28,src_105ca3620163539b,"{""price"":""not_enriched"",""audience_actual"":""not_enriched"",""sponsor_budget"":""not_public"",""coordinates"":""not_geocoded"",""timezone"":""not_published""}"
evt_4dfa882fd35b0af1,,Python Communities - University of Douala,https://nokidbehind.org/event/building-micro-tech-communities-around-python-douala/,2024-07-15,2024-07-16,,,,day,inclusive_date; original_ICS_DTEND_is_exclusive,announced,historical,"Douala, Cameroon",Cameroon,in_person_inferred,location_text_ungeocoded,,other_technical,technology,,,,2026-09-28,src_105ca3620163539b,"{""price"":""not_enriched"",""audience_actual"":""not_enriched"",""sponsor_budget"":""not_public"",""coordinates"":""not_geocoded"",""timezone"":""not_published""}"
evt_dd36adad3729b7b4,ser_90abdbe8763dea01,PyCon US 2023,https://us.pycon.org/2023/,2023-04-19,2023-04-27,,,,day,inclusive_date; original_ICS_DTEND_is_exclusive,announced,historical,"Salt Lake City, Utah, USA",United States,in_person_inferred,location_text_ungeocoded,,conference,technology,,,,2026-09-28,src_105ca3620163539b,"{""price"":""not_enriched"",""audience_actual"":""not_enriched"",""sponsor_budget"":""not_public"",""coordinates"":""not_geocoded"",""timezone"":""not_published""}"
evt_4c6259b01f469950,ser_1b96e2f8290dd059,Swiss Python Summit 2026,https://www.python-summit.ch/,2026-10-22,2026-10-23,,,,day,inclusive_date; original_ICS_DTEND_is_exclusive,announced,upcoming_or_current,"Rapperswil, Switzerland",Switzerland,in_person_inferred,location_text_ungeocoded,,other_technical,technology,,,,2026-09-28,src_105ca3620163539b,"{""price"":""not_enriched"",""audience_actual"":""not_enriched"",""sponsor_budget"":""not_public"",""coordinates"":""not_geocoded"",""timezone"":""not_published""}"
evt_b8d7930d73c2506f,ser_dccba0d321ed1546,PyCon Greece 2025,https://2025.pycon.gr/en/,2025-08-29,2025-08-30,,,,day,inclusive_date; original_ICS_DTEND_is_exclusive,announced,historical,"Athens, Greece",Greece,in_person_inferred,location_text_ungeocoded,,conference,technology,,,,2026-09-28,src_105ca3620163539b,"{""price"":""not_enriched"",""audience_actual"":""not_enriched"",""sponsor_budget"":""not_public"",""coordinates"":""not_geocoded"",""timezone"":""not_published""}"
evt_53b07d74b943bfcd,,PyDay 🎃 + Django Birthday 🦄,https://www.pyladies.co/eventos/pyday-cumple-django-2025,2025-10-31,2025-10-31,,,,day,inclusive_date; original_ICS_DTEND_is_exclusive,announced,historical,"Bogotá, Colombia",Colombia,in_person_inferred,location_text_ungeocoded,,other_technical,technology,,,,2026-09-28,src_105ca3620163539b,"{""price"":""not_enriched"",""audience_actual"":""not_enriched"",""sponsor_budget"":""not_public"",""coordinates"":""not_geocoded"",""timezone"":""not_published""}"
evt_2fa5b72d6d1f3c6c,,enterPy 2022,https://www.enterpy.de/,2022-10-25,2022-10-25,,,,day,inclusive_date; original_ICS_DTEND_is_exclusive,announced,historical,Online,,online,location_text_ungeocoded,,other_technical,technology,,,,2026-09-28,src_105ca3620163539b,"{""price"":""not_enriched"",""audience_actual"":""not_enriched"",""sponsor_budget"":""not_public"",""coordinates"":""not_geocoded"",""timezone"":""not_published""}"
evt_edd2360b201a78fe,ser_2c5ba2a649f093f1,PyCon Ghana 2025,https://gh.pycon.org/2025/,2025-09-25,2025-09-27,,,,day,inclusive_date; original_ICS_DTEND_is_exclusive,announced,historical,"Accra, Ghana",Ghana,in_person_inferred,location_text_ungeocoded,,conference,technology,,,,2026-09-28,src_105ca3620163539b,"{""price"":""not_enriched"",""audience_actual"":""not_enriched"",""sponsor_budget"":""not_public"",""coordinates"":""not_geocoded"",""timezone"":""not_published""}"
evt_8557c23d2cc16405,,PyCon Indonesia 2026,https://pycon.id/,2026-08-08,2026-08-09,,,,day,inclusive_date; original_ICS_DTEND_is_exclusive,announced,historical,"Jakarta, Indonesia",Indonesia,in_person_inferred,location_text_ungeocoded,,conference,technology,,,,2026-09-28,src_105ca3620163539b,"{""price"":""not_enriched"",""audience_actual"":""not_enriched"",""sponsor_budget"":""not_public"",""coordinates"":""not_geocoded"",""timezone"":""not_published""}"
evt_61070dcbb7aabb48,ser_5ab11331795fa2f0,PyCon FR 2025,https://www.pycon.fr/2025/,2025-10-30,2025-11-02,,,,day,inclusive_date; original_ICS_DTEND_is_exclusive,announced,historical,"Lyon, France",France,in_person_inferred,location_text_ungeocoded,,conference,technology,,,,2026-09-28,src_105ca3620163539b,"{""price"":""not_enriched"",""audience_actual"":""not_enriched"",""sponsor_budget"":""not_public"",""coordinates"":""not_geocoded"",""timezone"":""not_published""}"
evt_a329971d8df8f372,,PyHEP.dev 2024,https://indico.cern.ch/event/1375573/,2024-08-26,2024-08-30,,,,day,inclusive_date; original_ICS_DTEND_is_exclusive,announced,historical,"Aachen, Germany",Germany,in_person_inferred,location_text_ungeocoded,,other_technical,technology,,,,2026-09-28,src_105ca3620163539b,"{""price"":""not_enriched"",""audience_actual"":""not_enriched"",""sponsor_budget"":""not_public"",""coordinates"":""not_geocoded"",""timezone"":""not_published""}"
evt_8c3960a9c3b5dfee,,PyCon Kenya Conference 2022,https://www.pyconke.org/,2022-05-06,2022-05-07,,,,day,inclusive_date; original_ICS_DTEND_is_exclusive,announced,historical,"Nairobi, Kenia",Kenya,in_person_inferred,location_text_ungeocoded,,conference,technology,,,,2026-09-28,src_105ca3620163539b,"{""price"":""not_enriched"",""audience_actual"":""not_enriched"",""sponsor_budget"":""not_public"",""coordinates"":""not_geocoded"",""timezone"":""not_published""}"
evt_d806eb7f327b9a36,ser_0fd4a3f00fd75f9f,PyCon Namibia 2025,https://na.pycon.org/,2025-02-24,2025-02-27,,,,day,inclusive_date; original_ICS_DTEND_is_exclusive,announced,historical,"Windhoek, Namibia ",Namibia,in_person_inferred,location_text_ungeocoded,,conference,technology,,,,2026-09-28,src_105ca3620163539b,"{""price"":""not_enriched"",""audience_actual"":""not_enriched"",""sponsor_budget"":""not_public"",""coordinates"":""not_geocoded"",""timezone"":""not_published""}"
evt_ae0c3044450d5cbe,ser_296f5e77c12d4f16,PyData London 2025,https://pydata.org/london2025t,2025-06-06,2025-06-08,,,,day,inclusive_date; original_ICS_DTEND_is_exclusive,announced,historical,"London, UK",United Kingdom,in_person_inferred,location_text_ungeocoded,,conference,technology,,,,2026-09-28,src_105ca3620163539b,"{""price"":""not_enriched"",""audience_actual"":""not_enriched"",""sponsor_budget"":""not_public"",""coordinates"":""not_geocoded"",""timezone"":""not_published""}"
evt_5680373b40dfde88,ser_46fb2aa17a0919c8,Python Norte 2025,https://2025.pythonnorte.org/,2025-06-04,2025-06-06,,,,day,inclusive_date; original_ICS_DTEND_is_exclusive,announced,historical,"Belém, Brazil",Brazil,in_person_inferred,location_text_ungeocoded,,other_technical,technology,,,,2026-09-28,src_105ca3620163539b,"{""price"":""not_enriched"",""audience_actual"":""not_enriched"",""sponsor_budget"":""not_public"",""coordinates"":""not_geocoded"",""timezone"":""not_published""}"
evt_471cc8abcc5c8600,,PyCon CZ 2023,https://cz.pycon.org/2023/,2023-09-15,2023-09-17,,,,day,inclusive_date; original_ICS_DTEND_is_exclusive,announced,historical,"Prague, Czech Republic",Czech Republic,in_person_inferred,location_text_ungeocoded,,conference,technology,,,,2026-09-28,src_105ca3620163539b,"{""price"":""not_enriched"",""audience_actual"":""not_enriched"",""sponsor_budget"":""not_public"",""coordinates"":""not_geocoded"",""timezone"":""not_published""}"
evt_4acc5f2f080c60c2,,DjangoCon Europe 2022,https://2022.djangocon.eu/,2022-09-21,2022-09-25,,,,day,inclusive_date; original_ICS_DTEND_is_exclusive,announced,historical,"Porto, Portugal",Portugal,in_person_inferred,location_text_ungeocoded,,conference,technology,,,,2026-09-28,src_105ca3620163539b,"{""price"":""not_enriched"",""audience_actual"":""not_enriched"",""sponsor_budget"":""not_public"",""coordinates"":""not_geocoded"",""timezone"":""not_published""}"
evt_29cc8dea6e758db0,ser_813e68938356d10a,PyCon Italia 2025,https://2025.pycon.it/en,2025-05-28,2025-05-31,,,,day,inclusive_date; original_ICS_DTEND_is_exclusive,announced,historical,"Bologna, Italy",Italy,in_person_inferred,location_text_ungeocoded,,conference,technology,,,,2026-09-28,src_105ca3620163539b,"{""price"":""not_enriched"",""audience_actual"":""not_enriched"",""sponsor_budget"":""not_public"",""coordinates"":""not_geocoded"",""timezone"":""not_published""}"
evt_46e4ceada76792cb,ser_00162b056acc9002,PyData Global 2022,https://pydata.org/global2022/,2022-12-01,2022-12-03,,,,day,inclusive_date; original_ICS_DTEND_is_exclusive,announced,historical,Online,,online,location_text_ungeocoded,,conference,technology,,,,2026-09-28,src_105ca3620163539b,"{""price"":""not_enriched"",""audience_actual"":""not_enriched"",""sponsor_budget"":""not_public"",""coordinates"":""not_geocoded"",""timezone"":""not_published""}"
evt_16703effc2966760,ser_1b96e2f8290dd059,Swiss Python Summit 2025,https://www.python-summit.ch/,2025-10-16,2025-10-17,,,,day,inclusive_date; original_ICS_DTEND_is_exclusive,announced,historical,"Rapperswil, Switzerland",Switzerland,in_person_inferred,location_text_ungeocoded,,other_technical,technology,,,,2026-09-28,src_105ca3620163539b,"{""price"":""not_enriched"",""audience_actual"":""not_enriched"",""sponsor_budget"":""not_public"",""coordinates"":""not_geocoded"",""timezone"":""not_published""}"
evt_25111667fe793aef,,Prague Python Pizza 2024,https://prague.python.pizza/,2024-02-24,2024-02-24,,,,day,inclusive_date; original_ICS_DTEND_is_exclusive,announced,historical,"Prague, Czech Republic",Czech Republic,in_person_inferred,location_text_ungeocoded,,other_technical,technology,,,,2026-09-28,src_105ca3620163539b,"{""price"":""not_enriched"",""audience_actual"":""not_enriched"",""sponsor_budget"":""not_public"",""coordinates"":""not_geocoded"",""timezone"":""not_published""}"
evt_9db8ca2b7bbcf002,,PyDay Boyacá 2026,https://www.pyday.co/,2026-09-12,2026-09-12,,,,day,inclusive_date; original_ICS_DTEND_is_exclusive,announced,historical,"Sogamoso, Boyacá, Colombia",Colombia,in_person_inferred,location_text_ungeocoded,,other_technical,technology,,,,2026-09-28,src_105ca3620163539b,"{""price"":""not_enriched"",""audience_actual"":""not_enriched"",""sponsor_budget"":""not_public"",""coordinates"":""not_geocoded"",""timezone"":""not_published""}"
evt_e61cb342937003e8,,"csv,conf,v8",https://csvconf.com/,2024-05-29,2024-05-30,,,,day,inclusive_date; original_ICS_DTEND_is_exclusive,announced,historical,"Puebla, Mexico",Mexico,in_person_inferred,location_text_ungeocoded,,other_technical,technology,,,,2026-09-28,src_105ca3620163539b,"{""price"":""not_enriched"",""audience_actual"":""not_enriched"",""sponsor_budget"":""not_public"",""coordinates"":""not_geocoded"",""timezone"":""not_published""}"
evt_114520af2074ae97,,PyCon Davao 2025,https://pycon-davao.durianpy.org,2025-10-25,2025-10-26,,,,day,inclusive_date; original_ICS_DTEND_is_exclusive,announced,historical,"Davao City, Philippines",Philippines,in_person_inferred,location_text_ungeocoded,,conference,technology,,,,2026-09-28,src_105ca3620163539b,"{""price"":""not_enriched"",""audience_actual"":""not_enriched"",""sponsor_budget"":""not_public"",""coordinates"":""not_geocoded"",""timezone"":""not_published""}"
evt_e7d9e9f4f601a4c2,,PyCamp CZ 25 beta,https://pycamp.cz/,2025-09-12,2025-09-14,,,,day,inclusive_date; original_ICS_DTEND_is_exclusive,announced,historical,"Třeštice, Czechia",Czech Republic,in_person_inferred,location_text_ungeocoded,,other_technical,technology,,,,2026-09-28,src_105ca3620163539b,"{""price"":""not_enriched"",""audience_actual"":""not_enriched"",""sponsor_budget"":""not_public"",""coordinates"":""not_geocoded"",""timezone"":""not_published""}"
evt_fb233c8aaad78e97,,PyCon Pakistan 2024,https://pycon.pk/,2024-03-09,2024-03-10,,,,day,inclusive_date; original_ICS_DTEND_is_exclusive,announced,historical,"Lahore, Pakistan",Pakistan,in_person_inferred,location_text_ungeocoded,,conference,technology,,,,2026-09-28,src_105ca3620163539b,"{""price"":""not_enriched"",""audience_actual"":""not_enriched"",""sponsor_budget"":""not_public"",""coordinates"":""not_geocoded"",""timezone"":""not_published""}"
evt_116e2a9fd9ecb6c4,,PyCon Colombia 2022,https://2022.pycon.co/,2022-07-09,2022-07-10,,,,day,inclusive_date; original_ICS_DTEND_is_exclusive,announced,historical,Online,,online,location_text_ungeocoded,,conference,technology,,,,2026-09-28,src_105ca3620163539b,"{""price"":""not_enriched"",""audience_actual"":""not_enriched"",""sponsor_budget"":""not_public"",""coordinates"":""not_geocoded"",""timezone"":""not_published""}"
evt_e45f72feda5af522,ser_296f5e77c12d4f16,PyData London 2024,https://pydata.org/london2024/,2024-06-14,2024-06-16,,,,day,inclusive_date; original_ICS_DTEND_is_exclusive,announced,historical,"London, United Kingdom",United Kingdom,in_person_inferred,location_text_ungeocoded,,conference,technology,,,,2026-09-28,src_105ca3620163539b,"{""price"":""not_enriched"",""audience_actual"":""not_enriched"",""sponsor_budget"":""not_public"",""coordinates"":""not_geocoded"",""timezone"":""not_published""}"
evt_3e054b00e3fa046b,ser_da8cb8c7fd1a2e72,PyCon India 2024,https://in.pycon.org/2024/,2024-09-20,2024-09-23,,,,day,inclusive_date; original_ICS_DTEND_is_exclusive,announced,historical,"Bengaluru, Karnataka, India",India,in_person_inferred,location_text_ungeocoded,,conference,technology,,,,2026-09-28,src_105ca3620163539b,"{""price"":""not_enriched"",""audience_actual"":""not_enriched"",""sponsor_budget"":""not_public"",""coordinates"":""not_geocoded"",""timezone"":""not_published""}"
evt_7f5d129c1c94e4c3,,Building Python Communities Around Python for Kids,https://nokidbehind.org/2023/03/20/building-micro-tech-communities-around-python-programming-language/,2024-01-10,2024-01-10,,,,day,inclusive_date; original_ICS_DTEND_is_exclusive,announced,historical,"MountainHub, Top floor 1st Trust Building, Great Soppo, Buea, Cameroon",Cameroon,in_person_inferred,location_text_ungeocoded,,other_technical,technology,,,,2026-09-28,src_105ca3620163539b,"{""price"":""not_enriched"",""audience_actual"":""not_enriched"",""sponsor_budget"":""not_public"",""coordinates"":""not_geocoded"",""timezone"":""not_published""}"
evt_9b60cbcf47c3ab13,ser_b8f01ba242e2e3e7,XtremePython 2023,https://xtremepython.dev/,2023-12-05,2023-12-05,,,,day,inclusive_date; original_ICS_DTEND_is_exclusive,announced,historical,Online,,online,location_text_ungeocoded,,other_technical,technology,,,,2026-09-28,src_105ca3620163539b,"{""price"":""not_enriched"",""audience_actual"":""not_enriched"",""sponsor_budget"":""not_public"",""coordinates"":""not_geocoded"",""timezone"":""not_published""}"
evt_6d3d62bb4183fbea,ser_eae400d2617bff1c,PyCon Estonia 2025,https://pycon.ee/,2025-10-02,2025-10-03,,,,day,inclusive_date; original_ICS_DTEND_is_exclusive,announced,historical,"Tallinn, Estonia",Estonia,in_person_inferred,location_text_ungeocoded,,conference,technology,,,,2026-09-28,src_105ca3620163539b,"{""price"":""not_enriched"",""audience_actual"":""not_enriched"",""sponsor_budget"":""not_public"",""coordinates"":""not_geocoded"",""timezone"":""not_published""}"
evt_2232773f76942f6b,ser_eae400d2617bff1c,PyCon Estonia 2024,https://pycon.ee/,2024-09-05,2024-09-06,,,,day,inclusive_date; original_ICS_DTEND_is_exclusive,announced,historical,"Tallinn, Estonia",Estonia,in_person_inferred,location_text_ungeocoded,,conference,technology,,,,2026-09-28,src_105ca3620163539b,"{""price"":""not_enriched"",""audience_actual"":""not_enriched"",""sponsor_budget"":""not_public"",""coordinates"":""not_geocoded"",""timezone"":""not_published""}"
evt_6c6b2bd7294cb9dd,ser_46fb2aa17a0919c8,Python Norte 2026,https://2026.pythonnorte.org/,2026-07-03,2026-07-05,,,,day,inclusive_date; original_ICS_DTEND_is_exclusive,announced,historical,"Ananindeua, Pará, Brazil",Brazil,in_person_inferred,location_text_ungeocoded,,other_technical,technology,,,,2026-09-28,src_105ca3620163539b,"{""price"":""not_enriched"",""audience_actual"":""not_enriched"",""sponsor_budget"":""not_public"",""coordinates"":""not_geocoded"",""timezone"":""not_published""}"
evt_5b3c51f4014ebc73,,PyData PyCon Armenia 2026,https://pycon.am/,2026-07-24,2026-07-25,,,,day,inclusive_date; original_ICS_DTEND_is_exclusive,announced,historical,"Yerevan, Armenia",Armenia,in_person_inferred,location_text_ungeocoded,,conference,technology,,,,2026-09-28,src_105ca3620163539b,"{""price"":""not_enriched"",""audience_actual"":""not_enriched"",""sponsor_budget"":""not_public"",""coordinates"":""not_geocoded"",""timezone"":""not_published""}"
evt_eb5c38a8ebf8e3ba,ser_c8c8fcf6dac81eed,PyCon DE & PyData 2025,https://2025.pycon.de/,2025-04-23,2025-04-25,,,,day,inclusive_date; original_ICS_DTEND_is_exclusive,announced,historical,"Darmstadt, Germany",Germany,in_person_inferred,location_text_ungeocoded,,conference,technology,,,,2026-09-28,src_105ca3620163539b,"{""price"":""not_enriched"",""audience_actual"":""not_enriched"",""sponsor_budget"":""not_public"",""coordinates"":""not_geocoded"",""timezone"":""not_published""}"
evt_aa1fb7276639f410,,PyCon Angola 2027,https://ao.pycon.org/,2027-05-20,2027-05-25,,,,day,inclusive_date; original_ICS_DTEND_is_exclusive,announced,upcoming_or_current,"Luanda, Angola ",Angola,in_person_inferred,location_text_ungeocoded,,conference,technology,,,,2026-09-28,src_105ca3620163539b,"{""price"":""not_enriched"",""audience_actual"":""not_enriched"",""sponsor_budget"":""not_public"",""coordinates"":""not_geocoded"",""timezone"":""not_published""}"
evt_a106cd5418baf41d,ser_6208615dfeb162d4,PyCon mini Tokai 2025,https://tokai.pycon.jp/2025/,2025-11-08,2025-11-08,,,,day,inclusive_date; original_ICS_DTEND_is_exclusive,announced,historical,"Nagoya, Aichi, Japan",Japan,in_person_inferred,location_text_ungeocoded,,conference,technology,,,,2026-09-28,src_105ca3620163539b,"{""price"":""not_enriched"",""audience_actual"":""not_enriched"",""sponsor_budget"":""not_public"",""coordinates"":""not_geocoded"",""timezone"":""not_published""}"
evt_f7f941f37fc9424b,ser_5e0db8f6ae56744f,PyCon NL 2026,https://www.pycon-nl.org/,2026-10-15,2026-10-15,,,,day,inclusive_date; original_ICS_DTEND_is_exclusive,announced,upcoming_or_current,"Utrecht, The Netherlands",Netherlands,in_person_inferred,published_address_ungeocoded,venue_e0186424148b71b2,conference,technology,,,,2026-09-28,src_105ca3620163539b,"{""price"":""not_enriched"",""audience_actual"":""not_enriched"",""sponsor_budget"":""not_public"",""coordinates"":""not_geocoded"",""timezone"":""not_published""}"
evt_20ccee0b7a792a00,ser_90abdbe8763dea01,PyCon US 2022,https://us.pycon.org/2022/,2022-04-27,2022-05-05,,,,day,inclusive_date; original_ICS_DTEND_is_exclusive,announced,historical,"Salt Lake City, Utah, USA",United States,in_person_inferred,location_text_ungeocoded,,conference,technology,,,,2026-09-28,src_105ca3620163539b,"{""price"":""not_enriched"",""audience_actual"":""not_enriched"",""sponsor_budget"":""not_public"",""coordinates"":""not_geocoded"",""timezone"":""not_published""}"
evt_128d383a03229bc7,ser_c580f4de93dae858,PyCon Sweden,https://pycon.se,2025-10-30,2025-10-31,,,,day,inclusive_date; original_ICS_DTEND_is_exclusive,announced,historical,"Clarion Hotel Skanstull, Stockholm, Sweden",Sweden,in_person_inferred,location_text_ungeocoded,,conference,technology,,,,2026-09-28,src_105ca3620163539b,"{""price"":""not_enriched"",""audience_actual"":""not_enriched"",""sponsor_budget"":""not_public"",""coordinates"":""not_geocoded"",""timezone"":""not_published""}"
evt_39a8c023fcba83e3,ser_8c97893b4ded3d0b,EuroSciPy 2026,https://euroscipy.org/,2026-07-18,2026-07-23,,,,day,inclusive_date; original_ICS_DTEND_is_exclusive,announced,historical,"Krakow, Poland",Poland,in_person_inferred,location_text_ungeocoded,,conference,technology,,,,2026-09-28,src_105ca3620163539b,"{""price"":""not_enriched"",""audience_actual"":""not_enriched"",""sponsor_budget"":""not_public"",""coordinates"":""not_geocoded"",""timezone"":""not_published""}"
evt_42890e435fc945e1,ser_b381fcf96d51da08,PyHEP 2024,https://indico.cern.ch/e/PyHEP2023,2024-07-01,2024-07-04,,,,day,inclusive_date; original_ICS_DTEND_is_exclusive,announced,historical,Online,,online,location_text_ungeocoded,,other_technical,technology,,,,2026-09-28,src_105ca3620163539b,"{""price"":""not_enriched"",""audience_actual"":""not_enriched"",""sponsor_budget"":""not_public"",""coordinates"":""not_geocoded"",""timezone"":""not_published""}"
evt_45b6b479966bf940,ser_c0ec9ff865759e8f,PyCon Wroclaw 2024,http://www.pyconwroclaw.com/,2024-11-30,2024-11-30,,,,day,inclusive_date; original_ICS_DTEND_is_exclusive,announced,historical,"Wroclaw, Poland",Poland,in_person_inferred,location_text_ungeocoded,,conference,technology,,,,2026-09-28,src_105ca3620163539b,"{""price"":""not_enriched"",""audience_actual"":""not_enriched"",""sponsor_budget"":""not_public"",""coordinates"":""not_geocoded"",""timezone"":""not_published""}"
evt_936ce99df98b9f03,,TehPUG (Tehran Python User Group),https://evand.com/events/tehlug269,2023-06-28,2023-06-28,2023-06-28T17:30:00Z,2023-06-28T19:30:00Z,UTC,second,inclusive_date; original_ICS_DTEND_is_exclusive,announced,historical,"Tehran, Iran",Iran,in_person_inferred,location_text_ungeocoded,,community_meeting,technology,,,,2026-09-28,src_bca1599a2f687a1a,"{""price"":""not_enriched"",""audience_actual"":""not_enriched"",""sponsor_budget"":""not_public"",""coordinates"":""not_geocoded"",""timezone"":null}"
evt_73fe6fdee9931c16,,PyLadies Amsterdam: Data science that ships: production-ready pipelines with Kedro,https://www.meetup.com/pyladiesams/events/310249357,2025-08-26,2025-08-26,2025-08-26T16:00:00Z,2025-08-26T19:00:00Z,UTC,second,inclusive_date; original_ICS_DTEND_is_exclusive,announced,historical,"Amsterdam, The Netherlands and Online",Netherlands,hybrid_inferred,location_text_ungeocoded,,community_meeting,technology,,,,2026-09-28,src_bca1599a2f687a1a,"{""price"":""not_enriched"",""audience_actual"":""not_enriched"",""sponsor_budget"":""not_public"",""coordinates"":""not_geocoded"",""timezone"":null}"
evt_b789e173e9102f0f,ser_1e0bc102d3c223b8,Python Leiden User Group,https://pythonleiden.nl/meeting-2025-07-10.html,2025-07-10,2025-07-10,2025-07-10T18:00:00Z,2025-07-10T20:00:00Z,UTC,second,inclusive_date; original_ICS_DTEND_is_exclusive,announced,historical,"Leiden, The Netherlands",Netherlands,in_person_inferred,location_text_ungeocoded,,community_meeting,technology,,,,2026-09-28,src_bca1599a2f687a1a,"{""price"":""not_enriched"",""audience_actual"":""not_enriched"",""sponsor_budget"":""not_public"",""coordinates"":""not_geocoded"",""timezone"":null}"
evt_21f3a04fe8028730,,Data Analysis with Python,https://www.eventbrite.com/e/data-analysis-with-python-tickets-346061658737,2022-06-13,2022-06-17,,,,day,inclusive_date; original_ICS_DTEND_is_exclusive,announced,historical,"Online and Abraka, Delta State, Nigeria",Nigeria,online,location_text_ungeocoded,,community_meeting,technology,,,,2026-09-28,src_bca1599a2f687a1a,"{""price"":""not_enriched"",""audience_actual"":""not_enriched"",""sponsor_budget"":""not_public"",""coordinates"":""not_geocoded"",""timezone"":""not_published""}"
evt_86857c9facd08afb,,Python Meeting Düsseldorf Spring Sprint 2026,https://pyddf.de/python-meeting-dusseldorf-spring-sprint-2026/,2026-03-21,2026-03-22,,,,day,inclusive_date; original_ICS_DTEND_is_exclusive,announced,historical,Düsseldorf,,in_person_inferred,location_text_ungeocoded,,sprint,technology,,,,2026-09-28,src_bca1599a2f687a1a,"{""price"":""not_enriched"",""audience_actual"":""not_enriched"",""sponsor_budget"":""not_public"",""coordinates"":""not_geocoded"",""timezone"":""not_published""}"
evt_dbf730a614dd92b9,ser_8a6bf48f35265e53,Python Meeting Düsseldorf,https://www.pyddf.de/,2025-06-18,2025-06-18,2025-06-18T16:00:00Z,2025-06-18T19:00:00Z,UTC,second,inclusive_date; original_ICS_DTEND_is_exclusive,announced,historical,"Düsseldorf, Germany",Germany,in_person_inferred,location_text_ungeocoded,,community_meeting,technology,,,,2026-09-28,src_bca1599a2f687a1a,"{""price"":""not_enriched"",""audience_actual"":""not_enriched"",""sponsor_budget"":""not_public"",""coordinates"":""not_geocoded"",""timezone"":null}"
evt_ce6bd55ee3cb5a28,ser_8a6bf48f35265e53,Python Meeting Düsseldorf,https://www.pyddf.de/,2026-10-07,2026-10-07,2026-10-07T16:00:00Z,2026-10-07T19:00:00Z,UTC,second,inclusive_date; original_ICS_DTEND_is_exclusive,announced,upcoming_or_current,"Düsseldorf, Germany",Germany,in_person_inferred,location_text_ungeocoded,,community_meeting,technology,,,,2026-09-28,src_bca1599a2f687a1a,"{""price"":""not_enriched"",""audience_actual"":""not_enriched"",""sponsor_budget"":""not_public"",""coordinates"":""not_geocoded"",""timezone"":null}"
evt_1d05bca07ece853a,,"London Algorithmic Trading: How to code, configure and deploy a Market Making bot",https://www.meetup.com/algorithmic-trading-london/events/304541878,2024-11-25,2024-11-25,2024-11-25T19:00:00Z,2024-11-25T22:00:00Z,UTC,second,inclusive_date; original_ICS_DTEND_is_exclusive,announced,historical,"London, UK",United Kingdom,in_person_inferred,location_text_ungeocoded,,community_meeting,technology,,,,2026-09-28,src_bca1599a2f687a1a,"{""price"":""not_enriched"",""audience_actual"":""not_enriched"",""sponsor_budget"":""not_public"",""coordinates"":""not_geocoded"",""timezone"":null}"
evt_b6ad3ef4f95107dc,,AgentCamp Amsterdam 2026,https://www.meetup.com/pyladiesams/events/313950343/,2026-04-23,2026-04-23,2026-04-23T16:00:00Z,2026-04-23T18:00:00Z,UTC,second,inclusive_date; original_ICS_DTEND_is_exclusive,announced,historical,Online,,online,location_text_ungeocoded,,community_meeting,technology,,,,2026-09-28,src_bca1599a2f687a1a,"{""price"":""not_enriched"",""audience_actual"":""not_enriched"",""sponsor_budget"":""not_public"",""coordinates"":""not_geocoded"",""timezone"":null}"
evt_c55564c471ba485b,,"PyLadies Amsterdam: Open source, open pipelines: Data ingestion with modern data stack",https://www.meetup.com/pyladiesams/events/307315014/,2025-04-29,2025-04-29,2025-04-29T16:00:00Z,2025-04-29T17:30:00Z,UTC,second,inclusive_date; original_ICS_DTEND_is_exclusive,announced,historical,Online,,online,location_text_ungeocoded,,community_meeting,technology,,,,2026-09-28,src_bca1599a2f687a1a,"{""price"":""not_enriched"",""audience_actual"":""not_enriched"",""sponsor_budget"":""not_public"",""coordinates"":""not_geocoded"",""timezone"":null}"
evt_ede74b38208c1c15,,PyLadies Amsterdam: An introduction to conformal prediction,https://www.meetup.com/pyladiesams/events/297400932/,2024-01-25,2024-01-25,2024-01-25T17:00:00Z,2024-01-25T20:00:00Z,UTC,second,inclusive_date; original_ICS_DTEND_is_exclusive,announced,historical,"Amsterdam, The Netherlands and Online",Netherlands,hybrid_inferred,location_text_ungeocoded,,community_meeting,technology,,,,2026-09-28,src_bca1599a2f687a1a,"{""price"":""not_enriched"",""audience_actual"":""not_enriched"",""sponsor_budget"":""not_public"",""coordinates"":""not_geocoded"",""timezone"":null}"
evt_e870860652ad0659,ser_39ac64f985fad182,Helsinki Python meetup,https://www.meetup.com/helpy-meetups/events/301336578/,2024-06-12,2024-06-12,2024-06-12T14:30:00Z,2024-06-12T16:00:00Z,UTC,second,inclusive_date; original_ICS_DTEND_is_exclusive,announced,historical,"Helsinki, Finland",Finland,in_person_inferred,location_text_ungeocoded,,community_meeting,technology,,,,2026-09-28,src_bca1599a2f687a1a,"{""price"":""not_enriched"",""audience_actual"":""not_enriched"",""sponsor_budget"":""not_public"",""coordinates"":""not_geocoded"",""timezone"":null}"
evt_a0ed01477347f0b3,,PyEducation – IPAF – Alda de Fátima,https://ao.pycon.org/,2026-10-08,2026-10-08,,,,day,inclusive_date; original_ICS_DTEND_is_exclusive,announced,upcoming_or_current,"Namibe, Angola",Angola,in_person_inferred,location_text_ungeocoded,,community_meeting,technology,,,,2026-09-28,src_bca1599a2f687a1a,"{""price"":""not_enriched"",""audience_actual"":""not_enriched"",""sponsor_budget"":""not_public"",""coordinates"":""not_geocoded"",""timezone"":""not_published""}"
evt_fa0deb12b9bcb563,ser_8a6bf48f35265e53,Python Meeting Düsseldorf,https://www.pyddf.de/,2027-04-28,2027-04-28,2027-04-28T16:00:00Z,2027-04-28T19:00:00Z,UTC,second,inclusive_date; original_ICS_DTEND_is_exclusive,announced,upcoming_or_current,"Düsseldorf, Germany",Germany,in_person_inferred,location_text_ungeocoded,,community_meeting,technology,,,,2026-09-28,src_bca1599a2f687a1a,"{""price"":""not_enriched"",""audience_actual"":""not_enriched"",""sponsor_budget"":""not_public"",""coordinates"":""not_geocoded"",""timezone"":null}"
evt_a1dd3167c969522d,,"Problem-solving, perspectives, programming, and presentation",https://www.meetup.com/nzpug-auckland/events/njdjssydcnbzb/,2022-10-19,2022-10-19,2022-10-19T05:30:00Z,2022-10-19T07:30:00Z,UTC,second,inclusive_date; original_ICS_DTEND_is_exclusive,announced,historical,,,unknown,unknown,,community_meeting,technology,,,,2026-09-28,src_bca1599a2f687a1a,"{""price"":""not_enriched"",""audience_actual"":""not_enriched"",""sponsor_budget"":""not_public"",""coordinates"":""not_geocoded"",""timezone"":null}"
evt_08bcafba0cec3b30,,"PyLadies Amsterdam: LLMs in Action: How Booking.com Scans, Detects, and Monitors Fake and Unsafe Content",https://www.meetup.com/pyladiesams/events/304229450/,2024-11-20,2024-11-20,2024-11-20T17:30:00Z,2024-11-20T20:00:00Z,UTC,second,inclusive_date; original_ICS_DTEND_is_exclusive,announced,historical,"Amsterdam, The Netherlands and Online",Netherlands,hybrid_inferred,location_text_ungeocoded,,community_meeting,technology,,,,2026-09-28,src_bca1599a2f687a1a,"{""price"":""not_enriched"",""audience_actual"":""not_enriched"",""sponsor_budget"":""not_public"",""coordinates"":""not_geocoded"",""timezone"":null}"
evt_d4391ed425f38787,,NZPUG-Auckland: Crafting Software,https://www.meetup.com/nzpug-auckland/events/hgxmwsydcpbdb/,2022-11-02,2022-11-02,2022-11-02T05:30:00Z,2022-11-02T07:30:00Z,UTC,second,inclusive_date; original_ICS_DTEND_is_exclusive,announced,historical,Online,,online,location_text_ungeocoded,,community_meeting,technology,,,,2026-09-28,src_bca1599a2f687a1a,"{""price"":""not_enriched"",""audience_actual"":""not_enriched"",""sponsor_budget"":""not_public"",""coordinates"":""not_geocoded"",""timezone"":null}"
evt_674e0f2899f0785f,,PyLadies Amsterdam: Scalable Data Harvesting for AI,https://www.meetup.com/pyladiesams/events/314654392/,2026-05-28,2026-05-28,2026-05-28T16:00:00Z,2026-05-28T19:00:00Z,UTC,second,inclusive_date; original_ICS_DTEND_is_exclusive,announced,historical,"Amsterdam, The Netherlands and Online",Netherlands,hybrid_inferred,location_text_ungeocoded,,community_meeting,technology,,,,2026-09-28,src_bca1599a2f687a1a,"{""price"":""not_enriched"",""audience_actual"":""not_enriched"",""sponsor_budget"":""not_public"",""coordinates"":""not_geocoded"",""timezone"":null}"
evt_7998c14a9b151525,ser_33246686244da7ef,Django Girls Groningen,https://djangogirls.org/groningen/,2022-05-21,2022-05-21,,,,day,inclusive_date; original_ICS_DTEND_is_exclusive,announced,historical,"Het Kasteel, Melkweg 1, 9718 EP Groningen, The Netherlands",Netherlands,in_person_inferred,location_text_ungeocoded,,community_meeting,technology,,,,2026-09-28,src_bca1599a2f687a1a,"{""price"":""not_enriched"",""audience_actual"":""not_enriched"",""sponsor_budget"":""not_public"",""coordinates"":""not_geocoded"",""timezone"":""not_published""}"
evt_170e4b8fe0a35df5,ser_0954a87f1bf6366e,Django - The Powerhouse,https://www.meetup.com/pythonnz-auckland/events/301951877/,2024-07-08,2024-07-08,2024-07-08T15:00:00Z,2024-07-08T16:30:00Z,UTC,second,inclusive_date; original_ICS_DTEND_is_exclusive,announced,historical,"11100 W 8th Ave, Lakewood, CO 80215, USA",United States,in_person_inferred,location_text_ungeocoded,,community_meeting,technology,,,,2026-09-28,src_bca1599a2f687a1a,"{""price"":""not_enriched"",""audience_actual"":""not_enriched"",""sponsor_budget"":""not_public"",""coordinates"":""not_geocoded"",""timezone"":null}"
evt_5bb6b4c24823702f,,Python Pizza Holguín,https://holguin.python.pizza/,2022-01-15,2022-01-15,2022-01-15T14:00:00Z,2022-01-15T21:30:00Z,UTC,second,inclusive_date; original_ICS_DTEND_is_exclusive,announced,historical,"Holguín, Holguín, Cuba",Cuba,in_person_inferred,location_text_ungeocoded,,community_meeting,technology,,,,2026-09-28,src_bca1599a2f687a1a,"{""price"":""not_enriched"",""audience_actual"":""not_enriched"",""sponsor_budget"":""not_public"",""coordinates"":""not_geocoded"",""timezone"":null}"
evt_250e9cbd9003182d,,Python Week of Code Malawi,https://mwdata.science/python-week-of-code/,2021-10-18,2021-10-22,,,,day,inclusive_date; original_ICS_DTEND_is_exclusive,announced,historical,"Lilongwe, Malawi",Malawi,in_person_inferred,location_text_ungeocoded,,community_meeting,technology,,,,2026-09-28,src_bca1599a2f687a1a,"{""price"":""not_enriched"",""audience_actual"":""not_enriched"",""sponsor_budget"":""not_public"",""coordinates"":""not_geocoded"",""timezone"":""not_published""}"
evt_14b6677bf81e7c36,,Borne Fruit,https://www.meetup.com/nzpug-auckland/,2023-11-01,2023-11-01,2023-11-01T05:15:00Z,2023-11-01T07:30:00Z,UTC,second,inclusive_date; original_ICS_DTEND_is_exclusive,announced,historical,New Zealand,New Zealand,in_person_inferred,location_text_ungeocoded,,community_meeting,technology,,,,2026-09-28,src_bca1599a2f687a1a,"{""price"":""not_enriched"",""audience_actual"":""not_enriched"",""sponsor_budget"":""not_public"",""coordinates"":""not_geocoded"",""timezone"":null}"
evt_b851210d9a74379e,ser_a57ed1d312047a14,Django Girls Medellín,https://djangogirls.org/en/medellin3/,2023-11-25,2023-11-25,,,,day,inclusive_date; original_ICS_DTEND_is_exclusive,announced,historical,"Medellín, Colombia",Colombia,in_person_inferred,location_text_ungeocoded,,community_meeting,technology,,,,2026-09-28,src_bca1599a2f687a1a,"{""price"":""not_enriched"",""audience_actual"":""not_enriched"",""sponsor_budget"":""not_public"",""coordinates"":""not_geocoded"",""timezone"":""not_published""}"
evt_237861083c443362,ser_d27aca5f6123f991,PyLadies Amsterdam: Fine-tuning text-to-image diffusion models for personalization and subject-driven generation,https://www.meetup.com/pyladiesams/events/298654058/,2024-03-29,2024-03-29,2024-03-29T17:00:00Z,2024-03-29T20:00:00Z,UTC,second,inclusive_date; original_ICS_DTEND_is_exclusive,announced,historical,"Raamstraat 7, 1016 XL Amsterdam, Netherlands",Netherlands,in_person_inferred,location_text_ungeocoded,,community_meeting,technology,,,,2026-09-28,src_bca1599a2f687a1a,"{""price"":""not_enriched"",""audience_actual"":""not_enriched"",""sponsor_budget"":""not_public"",""coordinates"":""not_geocoded"",""timezone"":null}"
evt_ef3c4e690f28e459,,PYOPP - Publish Your Own Python Package,https://indico.desy.de/event/43817/,2025-06-24,2025-06-27,,,,day,inclusive_date; original_ICS_DTEND_is_exclusive,announced,historical,"Aachen, Germany",Germany,in_person_inferred,location_text_ungeocoded,,community_meeting,technology,,,,2026-09-28,src_bca1599a2f687a1a,"{""price"":""not_enriched"",""audience_actual"":""not_enriched"",""sponsor_budget"":""not_public"",""coordinates"":""not_geocoded"",""timezone"":""not_published""}"
evt_ee7acf29da624ebc,ser_8a6bf48f35265e53,Python Meeting Düsseldorf,https://www.pyddf.de/,2022-06-08,2022-06-08,2022-06-08T16:00:00Z,2022-06-08T18:00:00Z,UTC,second,inclusive_date; original_ICS_DTEND_is_exclusive,announced,historical,"Düsseldorf, Germany",Germany,in_person_inferred,location_text_ungeocoded,,community_meeting,technology,,,,2026-09-28,src_bca1599a2f687a1a,"{""price"":""not_enriched"",""audience_actual"":""not_enriched"",""sponsor_budget"":""not_public"",""coordinates"":""not_geocoded"",""timezone"":null}"
evt_0ceea2c2fffe64a4,,PyLadies Amsterdam: AI in action: From ML models to games,https://www.meetup.com/pyladiesams/events/308537136/,2025-07-15,2025-07-15,2025-07-15T16:00:00Z,2025-07-15T19:00:00Z,UTC,second,inclusive_date; original_ICS_DTEND_is_exclusive,announced,historical,"Amsterdam, The Netherlands, and Online",Netherlands,hybrid_inferred,location_text_ungeocoded,,community_meeting,technology,,,,2026-09-28,src_bca1599a2f687a1a,"{""price"":""not_enriched"",""audience_actual"":""not_enriched"",""sponsor_budget"":""not_public"",""coordinates"":""not_geocoded"",""timezone"":null}"
evt_844ac8fd0a22bbb6,ser_dcbbff70f926a7b7,Django Girls Abraka Workshop,https://djangogirls.org/en/abraka/,2025-09-12,2025-09-12,,,,day,inclusive_date; original_ICS_DTEND_is_exclusive,announced,historical,"Abraka, Nigeria",Nigeria,in_person_inferred,location_text_ungeocoded,,workshop,technology,,,,2026-09-28,src_bca1599a2f687a1a,"{""price"":""not_enriched"",""audience_actual"":""not_enriched"",""sponsor_budget"":""not_public"",""coordinates"":""not_geocoded"",""timezone"":""not_published""}"
evt_a1e626ca691ddef7,,An Introduction to Pyro,https://www.meetup.com/pyladiesams/events/293422681/,2023-05-30,2023-05-30,2023-05-30T16:00:00Z,2023-05-30T18:00:00Z,UTC,second,inclusive_date; original_ICS_DTEND_is_exclusive,announced,historical,"Objective Platform, Kabelweg 57, 1014 BA Amsterdam, Netherlands",Netherlands,in_person_inferred,location_text_ungeocoded,,community_meeting,technology,,,,2026-09-28,src_bca1599a2f687a1a,"{""price"":""not_enriched"",""audience_actual"":""not_enriched"",""sponsor_budget"":""not_public"",""coordinates"":""not_geocoded"",""timezone"":null}"
evt_8f5c1797d6c6249c,,The 82th meeting of Tehran Python users group ,https://evand.com/events/tehlug272,2024-02-15,2024-02-15,2024-02-15T12:00:00Z,2024-02-15T14:00:00Z,UTC,second,inclusive_date; original_ICS_DTEND_is_exclusive,announced,historical,"Yas Conference Hall, No. 31, after Sanai Crossroad, Khodari Street, Shua Square, Haft Tir, Tehran, Iran",Iran,in_person_inferred,location_text_ungeocoded,,community_meeting,technology,,,,2026-09-28,src_bca1599a2f687a1a,"{""price"":""not_enriched"",""audience_actual"":""not_enriched"",""sponsor_budget"":""not_public"",""coordinates"":""not_geocoded"",""timezone"":null}"
evt_445347a494f931ef,ser_6ae04f2743e9e214,Django Girls Ecuador 2024,https://openlab.ec/djangogirls,2024-08-03,2024-08-03,2024-08-03T14:00:00Z,2024-08-03T22:30:00Z,UTC,second,inclusive_date; original_ICS_DTEND_is_exclusive,announced,historical,"Guayaquil, Ecuador",Ecuador,in_person_inferred,location_text_ungeocoded,,community_meeting,technology,,,,2026-09-28,src_bca1599a2f687a1a,"{""price"":""not_enriched"",""audience_actual"":""not_enriched"",""sponsor_budget"":""not_public"",""coordinates"":""not_geocoded"",""timezone"":null}"
evt_3236511c5fbdb9e3,ser_a57ed1d312047a14,Django Girls Medellín,https://djangogirls.org/en/medellin/,2025-06-01,2025-06-01,,,,day,inclusive_date; original_ICS_DTEND_is_exclusive,announced,historical,"Medellín, Colombia",Colombia,in_person_inferred,location_text_ungeocoded,,community_meeting,technology,,,,2026-09-28,src_bca1599a2f687a1a,"{""price"":""not_enriched"",""audience_actual"":""not_enriched"",""sponsor_budget"":""not_public"",""coordinates"":""not_geocoded"",""timezone"":""not_published""}"
evt_ce15cf16caf5d3bd,,Time series forecasting for business,https://meetu.ps/e/MsrtX/twpFK/i,2023-09-26,2023-09-26,2023-09-26T16:30:00Z,2023-09-26T18:30:00Z,UTC,second,inclusive_date; original_ICS_DTEND_is_exclusive,announced,historical,"De Entree 69, 1101 BH Amsterdam, Netherlands",Netherlands,in_person_inferred,location_text_ungeocoded,,community_meeting,technology,,,,2026-09-28,src_bca1599a2f687a1a,"{""price"":""not_enriched"",""audience_actual"":""not_enriched"",""sponsor_budget"":""not_public"",""coordinates"":""not_geocoded"",""timezone"":null}"
evt_01e4061c934330c2,,Django Girls Koforidua,https://djangogirls.org/en/koforidua/,2025-02-21,2025-02-22,,,,day,inclusive_date; original_ICS_DTEND_is_exclusive,announced,historical,"Koforidua, Ghana",Ghana,in_person_inferred,location_text_ungeocoded,,community_meeting,technology,,,,2026-09-28,src_bca1599a2f687a1a,"{""price"":""not_enriched"",""audience_actual"":""not_enriched"",""sponsor_budget"":""not_public"",""coordinates"":""not_geocoded"",""timezone"":""not_published""}"
evt_5dd8194bb7f06cc7,ser_d27aca5f6123f991,PyLadies Amsterdam: Fine-tuning text-to-image diffusion models for personalization and subject-driven generation,https://www.meetup.com/pyladiesams/events/298654058/,2024-02-29,2024-02-29,2024-02-29T17:00:00Z,2024-02-29T20:00:00Z,UTC,second,inclusive_date; original_ICS_DTEND_is_exclusive,announced,historical,"Amsterdam, The Netherlands and Online",Netherlands,hybrid_inferred,location_text_ungeocoded,,community_meeting,technology,,,,2026-09-28,src_bca1599a2f687a1a,"{""price"":""not_enriched"",""audience_actual"":""not_enriched"",""sponsor_budget"":""not_public"",""coordinates"":""not_geocoded"",""timezone"":null}"
evt_00864d830f68b89e,,IndyPy x IndyAWS: Python-Powered Cloud,https://www.meetup.com/indypy/events/305589070/,2025-07-22,2025-07-23,2025-07-22T23:00:00Z,2025-07-23T01:00:00Z,UTC,second,inclusive_date; original_ICS_DTEND_is_exclusive,announced,historical,"Indianapolis, IN, USA and Online",United States,hybrid_inferred,location_text_ungeocoded,,community_meeting,technology,,,,2026-09-28,src_bca1599a2f687a1a,"{""price"":""not_enriched"",""audience_actual"":""not_enriched"",""sponsor_budget"":""not_public"",""coordinates"":""not_geocoded"",""timezone"":null}"
evt_91114750f94b10a7,,IndyPy - Building Voice Agents: Unpacking the Pipeline,https://www.meetup.com/indypy/events/305147794,2025-01-29,2025-01-29,2025-01-29T00:00:00Z,2025-01-29T02:00:00Z,UTC,second,inclusive_date; original_ICS_DTEND_is_exclusive,announced,historical,"Carmel, IN, USA and Online",United States,hybrid_inferred,location_text_ungeocoded,,community_meeting,technology,,,,2026-09-28,src_bca1599a2f687a1a,"{""price"":""not_enriched"",""audience_actual"":""not_enriched"",""sponsor_budget"":""not_public"",""coordinates"":""not_geocoded"",""timezone"":null}"
evt_be221b6a281285cf,ser_8a6bf48f35265e53,Python Meeting Düsseldorf,https://www.pyddf.de/,2025-04-09,2025-04-09,2025-04-09T16:00:00Z,2025-04-09T19:00:00Z,UTC,second,inclusive_date; original_ICS_DTEND_is_exclusive,announced,historical,"Düsseldorf, Germany",Germany,in_person_inferred,location_text_ungeocoded,,community_meeting,technology,,,,2026-09-28,src_bca1599a2f687a1a,"{""price"":""not_enriched"",""audience_actual"":""not_enriched"",""sponsor_budget"":""not_public"",""coordinates"":""not_geocoded"",""timezone"":null}"
evt_658920bbec4ba64d,,Django Girls Chongoene #2,https://djangogirls.org/en/chongoene,2025-11-08,2025-11-08,,,,day,inclusive_date; original_ICS_DTEND_is_exclusive,announced,historical,"Chongoene, Gaza, Mozambique",Mozambique,in_person_inferred,location_text_ungeocoded,,community_meeting,technology,,,,2026-09-28,src_bca1599a2f687a1a,"{""price"":""not_enriched"",""audience_actual"":""not_enriched"",""sponsor_budget"":""not_public"",""coordinates"":""not_geocoded"",""timezone"":""not_published""}"
evt_9dd56e0eb7028081,, PyLadies Amsterdam,https://www.meetup.com/pyladiesams/events/305032895/,2025-01-16,2025-01-16,2025-01-16T16:15:00Z,2025-01-16T19:15:00Z,UTC,second,inclusive_date; original_ICS_DTEND_is_exclusive,announced,historical,Online,,online,location_text_ungeocoded,,community_meeting,technology,,,,2026-09-28,src_bca1599a2f687a1a,"{""price"":""not_enriched"",""audience_actual"":""not_enriched"",""sponsor_budget"":""not_public"",""coordinates"":""not_geocoded"",""timezone"":null}"
evt_d8df7f1b0ef08363,,Python Adelaide Meetup,https://www.meetup.com/pythonadelaide/events/292823331,2023-04-27,2023-04-27,2023-04-27T07:00:00Z,2023-04-27T09:00:00Z,UTC,second,inclusive_date; original_ICS_DTEND_is_exclusive,announced,historical,"The University of Adelaide, Adelaide SA 5005, Australia",Australia,in_person_inferred,location_text_ungeocoded,,community_meeting,technology,,,,2026-09-28,src_bca1599a2f687a1a,"{""price"":""not_enriched"",""audience_actual"":""not_enriched"",""sponsor_budget"":""not_public"",""coordinates"":""not_geocoded"",""timezone"":null}"
evt_deece9ae0dde839b,,Python Pizza Holguín,https://holguin.python.pizza/,2022-12-17,2022-12-17,,,,day,inclusive_date; original_ICS_DTEND_is_exclusive,announced,historical,Online,,online,location_text_ungeocoded,,community_meeting,technology,,,,2026-09-28,src_bca1599a2f687a1a,"{""price"":""not_enriched"",""audience_actual"":""not_enriched"",""sponsor_budget"":""not_public"",""coordinates"":""not_geocoded"",""timezone"":""not_published""}"
evt_b37423098d2de0d0,ser_8ec43fd0c26a81c2,"Python New Zealand - Online Group, Learners' Group",https://www.meetup.com/pythonnz-online/events/303246153/,2024-09-26,2024-09-26,2024-09-26T02:00:00Z,2024-09-26T04:00:00Z,UTC,second,inclusive_date; original_ICS_DTEND_is_exclusive,announced,historical,Online,,online,location_text_ungeocoded,,community_meeting,technology,,,,2026-09-28,src_bca1599a2f687a1a,"{""price"":""not_enriched"",""audience_actual"":""not_enriched"",""sponsor_budget"":""not_public"",""coordinates"":""not_geocoded"",""timezone"":null}"
evt_7857b6e5b61e8113,ser_4a358104d3b19443,PyCamp Leipzig 2024,https://barcamps.eu/python-barcamp-der-leipzig-python-user-group-2024/,2024-06-22,2024-06-23,,,,day,inclusive_date; original_ICS_DTEND_is_exclusive,announced,historical,"Leipzig, Germany",Germany,in_person_inferred,location_text_ungeocoded,,community_meeting,technology,,,,2026-09-28,src_bca1599a2f687a1a,"{""price"":""not_enriched"",""audience_actual"":""not_enriched"",""sponsor_budget"":""not_public"",""coordinates"":""not_geocoded"",""timezone"":""not_published""}"
evt_41f0bbf19e40cb92,,MLOps Open Source Sprint – PyLadies Amsterdam,https://www.meetup.com/pyladiesams/events/313200903/,2026-02-27,2026-02-27,2026-02-27T15:00:00Z,2026-02-27T20:00:00Z,UTC,second,inclusive_date; original_ICS_DTEND_is_exclusive,announced,historical,"Amsterdam, The Netherlands",Netherlands,in_person_inferred,location_text_ungeocoded,,sprint,technology,,,,2026-09-28,src_bca1599a2f687a1a,"{""price"":""not_enriched"",""audience_actual"":""not_enriched"",""sponsor_budget"":""not_public"",""coordinates"":""not_geocoded"",""timezone"":null}"
evt_37e193b096bf6988,,DjangoGirls Tamale 2026,https://djangogirls.org/en/tamale/,2026-07-17,2026-07-18,,,,day,inclusive_date; original_ICS_DTEND_is_exclusive,announced,historical,"Tamale, Northern Region, Ghana",Ghana,in_person_inferred,location_text_ungeocoded,,community_meeting,technology,,,,2026-09-28,src_bca1599a2f687a1a,"{""price"":""not_enriched"",""audience_actual"":""not_enriched"",""sponsor_budget"":""not_public"",""coordinates"":""not_geocoded"",""timezone"":""not_published""}"
evt_48d9533c09b78d56,ser_6f5289a488565c68,Python Barcamp Karlsruhe 2025,https://barcamps.eu/python-barcamp-karlsruhe-2025/,2025-02-15,2025-02-16,,,,day,inclusive_date; original_ICS_DTEND_is_exclusive,announced,historical,"Karlsruhe, Germany",Germany,in_person_inferred,location_text_ungeocoded,,community_meeting,technology,,,,2026-09-28,src_bca1599a2f687a1a,"{""price"":""not_enriched"",""audience_actual"":""not_enriched"",""sponsor_budget"":""not_public"",""coordinates"":""not_geocoded"",""timezone"":""not_published""}"
evt_a115bf26738ad42d,,Crafting Software Series,https://www.meetup.com/nzpug-auckland/,2022-10-05,2022-10-05,2022-10-05T05:30:00Z,2022-10-05T06:30:00Z,UTC,second,inclusive_date; original_ICS_DTEND_is_exclusive,announced,historical,Online from New Zealand,New Zealand,online,location_text_ungeocoded,,community_meeting,technology,,,,2026-09-28,src_bca1599a2f687a1a,"{""price"":""not_enriched"",""audience_actual"":""not_enriched"",""sponsor_budget"":""not_public"",""coordinates"":""not_geocoded"",""timezone"":null}"
evt_4b39c8f5211cfee6,ser_39ac64f985fad182,Helsinki Python meetup,https://www.meetup.com/helpy-meetups/events/305285187/,2025-01-15,2025-01-15,2025-01-15T15:30:00Z,2025-01-15T17:30:00Z,UTC,second,inclusive_date; original_ICS_DTEND_is_exclusive,announced,historical,"Helsinki, Finland",Finland,in_person_inferred,location_text_ungeocoded,,community_meeting,technology,,,,2026-09-28,src_bca1599a2f687a1a,"{""price"":""not_enriched"",""audience_actual"":""not_enriched"",""sponsor_budget"":""not_public"",""coordinates"":""not_geocoded"",""timezone"":null}"
evt_f069c27325b6e65f,,PyLadies El Alto: Flash Talks,https://www.meetup.com/pyladies-el-alto/events/314757103/,2026-05-30,2026-05-31,2026-05-30T22:00:00Z,2026-05-31T01:00:00Z,UTC,second,inclusive_date; original_ICS_DTEND_is_exclusive,announced,historical,Online,,online,location_text_ungeocoded,,community_meeting,technology,,,,2026-09-28,src_bca1599a2f687a1a,"{""price"":""not_enriched"",""audience_actual"":""not_enriched"",""sponsor_budget"":""not_public"",""coordinates"":""not_geocoded"",""timezone"":null}"
evt_92297a4781aaf106,,PyUtrecht,https://www.meetup.com/pyutrecht/events/311135659/,2025-11-04,2025-11-04,2025-11-04T17:30:00Z,2025-11-04T19:00:00Z,UTC,second,inclusive_date; original_ICS_DTEND_is_exclusive,announced,historical,"Utrecht, The Netherlands",Netherlands,in_person_inferred,location_text_ungeocoded,,community_meeting,technology,,,,2026-09-28,src_bca1599a2f687a1a,"{""price"":""not_enriched"",""audience_actual"":""not_enriched"",""sponsor_budget"":""not_public"",""coordinates"":""not_geocoded"",""timezone"":null}"
evt_49e4e89e5e899550,,An Introduction to Fairness in Machine Learning using Fairlearn - PyLadies Amsterdam,https://www.meetup.com/PyLadiesAMS/events/277246194/,2021-11-24,2021-11-24,2021-11-24T17:30:00Z,2021-11-24T19:00:00Z,UTC,second,inclusive_date; original_ICS_DTEND_is_exclusive,announced,historical,Online,,online,location_text_ungeocoded,,community_meeting,technology,,,,2026-09-28,src_bca1599a2f687a1a,"{""price"":""not_enriched"",""audience_actual"":""not_enriched"",""sponsor_budget"":""not_public"",""coordinates"":""not_geocoded"",""timezone"":null}"
evt_3f34c2034941660a,,SheDevelopers: Python Mastery Workshop 1st Edition,https://shedevspythonworkshop.co.zw/index.html,2024-08-16,2024-08-16,,,,day,inclusive_date; original_ICS_DTEND_is_exclusive,announced,historical,"Harare, Zimbabwe",Zimbabwe,in_person_inferred,location_text_ungeocoded,,workshop,technology,,,,2026-09-28,src_bca1599a2f687a1a,"{""price"":""not_enriched"",""audience_actual"":""not_enriched"",""sponsor_budget"":""not_public"",""coordinates"":""not_geocoded"",""timezone"":""not_published""}"
evt_8bddd768c74e9754,,Django Girls Eket Workshop,https://djangogirls.org/en/eket/,2024-03-15,2024-03-16,,,,day,inclusive_date; original_ICS_DTEND_is_exclusive,announced,historical,"Eket, Akwa Ibom State, Nigeria",Nigeria,in_person_inferred,location_text_ungeocoded,,workshop,technology,,,,2026-09-28,src_bca1599a2f687a1a,"{""price"":""not_enriched"",""audience_actual"":""not_enriched"",""sponsor_budget"":""not_public"",""coordinates"":""not_geocoded"",""timezone"":""not_published""}"
evt_37fa3737c02797d8,,🐍 ¡Cuarta reunión de Pythonistas GDL!,https://pythonistas-gdl.org/proxima-reunion-viernes-29-de-agosto-2025.html,2025-08-30,2025-08-30,2025-08-30T01:00:00Z,2025-08-30T03:00:00Z,UTC,second,inclusive_date; original_ICS_DTEND_is_exclusive,announced,historical,"Av de Las Rosas 1297, Chapalita, 44520 Guadalajara, Jal., Mexico",Mexico,in_person_inferred,location_text_ungeocoded,,community_meeting,technology,,,,2026-09-28,src_bca1599a2f687a1a,"{""price"":""not_enriched"",""audience_actual"":""not_enriched"",""sponsor_budget"":""not_public"",""coordinates"":""not_geocoded"",""timezone"":null}"
evt_7b8e0c5535e41c76,,Software Craftsmanship,http://www.meetup.com/NZPUG-Auckland/events/285982939/,2022-06-15,2022-06-15,2022-06-15T06:00:00Z,2022-06-15T08:30:00Z,UTC,second,inclusive_date; original_ICS_DTEND_is_exclusive,announced,historical,Online,,online,location_text_ungeocoded,,community_meeting,technology,,,,2026-09-28,src_bca1599a2f687a1a,"{""price"":""not_enriched"",""audience_actual"":""not_enriched"",""sponsor_budget"":""not_public"",""coordinates"":""not_geocoded"",""timezone"":null}"
evt_c67a0800fc2cf273,ser_d176cec96435e06e,Django Day Copenhagen 2024,https://2024.djangoday.dk/,2024-10-04,2024-10-04,,,,day,inclusive_date; original_ICS_DTEND_is_exclusive,announced,historical,"Copenhagen, Denmark",Denmark,in_person_inferred,location_text_ungeocoded,,community_meeting,technology,,,,2026-09-28,src_bca1599a2f687a1a,"{""price"":""not_enriched"",""audience_actual"":""not_enriched"",""sponsor_budget"":""not_public"",""coordinates"":""not_geocoded"",""timezone"":""not_published""}"
evt_da11409b3457546b,ser_8a6bf48f35265e53,Python Meeting Düsseldorf,https://www.pyddf.de/,2023-01-18,2023-01-18,2023-01-18T17:00:00Z,2023-01-18T20:00:00Z,UTC,second,inclusive_date; original_ICS_DTEND_is_exclusive,announced,historical,"Düsseldorf, Germany",Germany,in_person_inferred,location_text_ungeocoded,,community_meeting,technology,,,,2026-09-28,src_bca1599a2f687a1a,"{""price"":""not_enriched"",""audience_actual"":""not_enriched"",""sponsor_budget"":""not_public"",""coordinates"":""not_geocoded"",""timezone"":null}"
evt_af294747b83323a8,,PyLadies Amsterdam: Robotics beginner class with MicroPython,https://www.meetup.com/pyladiesams/events/312460234/,2026-01-27,2026-01-27,2026-01-27T17:00:00Z,2026-01-27T20:00:00Z,UTC,second,inclusive_date; original_ICS_DTEND_is_exclusive,announced,historical,"Amsterdam, The Netherlands and Online",Netherlands,hybrid_inferred,location_text_ungeocoded,,community_meeting,technology,,,,2026-09-28,src_bca1599a2f687a1a,"{""price"":""not_enriched"",""audience_actual"":""not_enriched"",""sponsor_budget"":""not_public"",""coordinates"":""not_geocoded"",""timezone"":null}"
evt_7aad3c54d1952d65,,Limbe - Creating Python Communities and outreach,https://nokidbehind.org/limbe,2025-09-01,2025-09-01,,,,day,inclusive_date; original_ICS_DTEND_is_exclusive,announced,historical,"Limbe, Cameroon",Cameroon,in_person_inferred,location_text_ungeocoded,,community_meeting,technology,,,,2026-09-28,src_bca1599a2f687a1a,"{""price"":""not_enriched"",""audience_actual"":""not_enriched"",""sponsor_budget"":""not_public"",""coordinates"":""not_geocoded"",""timezone"":""not_published""}"
evt_66cd1d9936a0e2d1,ser_8a6bf48f35265e53,Python Meeting Düsseldorf,https://www.pyddf.de/,2026-01-14,2026-01-14,2026-01-14T17:00:00Z,2026-01-14T20:00:00Z,UTC,second,inclusive_date; original_ICS_DTEND_is_exclusive,announced,historical,"Düsseldorf, Germany",Germany,in_person_inferred,location_text_ungeocoded,,community_meeting,technology,,,,2026-09-28,src_bca1599a2f687a1a,"{""price"":""not_enriched"",""audience_actual"":""not_enriched"",""sponsor_budget"":""not_public"",""coordinates"":""not_geocoded"",""timezone"":null}"
evt_a66563042f9f42be,ser_b853714791da5442,PythonCamp Rügen 2026,https://barcamps.eu/pythoncamp-ruegen-2026/,2026-09-26,2026-09-27,,,,day,inclusive_date; original_ICS_DTEND_is_exclusive,announced,historical,"Lietzow, Germany",Germany,in_person_inferred,location_text_ungeocoded,,community_meeting,technology,,,,2026-09-28,src_bca1599a2f687a1a,"{""price"":""not_enriched"",""audience_actual"":""not_enriched"",""sponsor_budget"":""not_public"",""coordinates"":""not_geocoded"",""timezone"":""not_published""}"
evt_c9312b5b50e18e65,,Python New Zealand: From virtual envs to my reality,https://www.meetup.com/pythonnz-online/events/302440467/,2024-10-16,2024-10-16,2024-10-16T05:30:00Z,2024-10-16T07:30:00Z,UTC,second,inclusive_date; original_ICS_DTEND_is_exclusive,announced,historical,online,,online,location_text_ungeocoded,,community_meeting,technology,,,,2026-09-28,src_bca1599a2f687a1a,"{""price"":""not_enriched"",""audience_actual"":""not_enriched"",""sponsor_budget"":""not_public"",""coordinates"":""not_geocoded"",""timezone"":null}"
evt_79b48c3019b9cdde,ser_dc90cb83b176087b,PyLadies Amsterdam: Global AI Bootcamp,https://www.meetup.com/pyladiesams/events/299015689/,2024-03-27,2024-03-27,2024-03-27T17:00:00Z,2024-03-27T19:00:00Z,UTC,second,inclusive_date; original_ICS_DTEND_is_exclusive,announced,historical,Online,,online,location_text_ungeocoded,,community_meeting,technology,,,,2026-09-28,src_bca1599a2f687a1a,"{""price"":""not_enriched"",""audience_actual"":""not_enriched"",""sponsor_budget"":""not_public"",""coordinates"":""not_geocoded"",""timezone"":null}"
evt_ccdae9cb789ace9e,,Smart Iterator Challenge (week 2),https://www.meetup.com/nzpug-auckland/events/288813698/,2022-10-08,2022-10-16,,,,day,inclusive_date; original_ICS_DTEND_is_exclusive,announced,historical,"Online, New Zealand",New Zealand,online,location_text_ungeocoded,,community_meeting,technology,,,,2026-09-28,src_bca1599a2f687a1a,"{""price"":""not_enriched"",""audience_actual"":""not_enriched"",""sponsor_budget"":""not_public"",""coordinates"":""not_geocoded"",""timezone"":""not_published""}"
evt_ced74d619da32b81,,101 Django Rest Framework - PyLadies Amsterdam,https://www.meetup.com/pyladiesams/events/290017921/,2023-01-25,2023-01-25,2023-01-25T17:30:00Z,2023-01-25T19:00:00Z,UTC,second,inclusive_date; original_ICS_DTEND_is_exclusive,announced,historical,,,unknown,unknown,,community_meeting,technology,,,,2026-09-28,src_bca1599a2f687a1a,"{""price"":""not_enriched"",""audience_actual"":""not_enriched"",""sponsor_budget"":""not_public"",""coordinates"":""not_geocoded"",""timezone"":null}"
evt_b3e8d71af5ec4f2c,,PyTV x PyLadies Amsterdam speakers Meet and Greet,https://www.meetup.com/pyladiesams/events/313322734/,2026-03-04,2026-03-04,2026-03-04T18:30:00Z,2026-03-04T20:00:00Z,UTC,second,inclusive_date; original_ICS_DTEND_is_exclusive,announced,historical,"Amsterdam, The Netherlands",Netherlands,in_person_inferred,location_text_ungeocoded,,community_meeting,technology,,,,2026-09-28,src_bca1599a2f687a1a,"{""price"":""not_enriched"",""audience_actual"":""not_enriched"",""sponsor_budget"":""not_public"",""coordinates"":""not_geocoded"",""timezone"":null}"
evt_a5decb723fa4730b,,Lightning Talks - PythonHo User Group Ho ,https://www.meetup.com/python-ghana/events/302080640/,2024-07-27,2024-07-27,2024-07-27T16:00:00Z,2024-07-27T17:00:00Z,UTC,second,inclusive_date; original_ICS_DTEND_is_exclusive,announced,historical,"Ho, Ghana",Ghana,in_person_inferred,location_text_ungeocoded,,community_meeting,technology,,,,2026-09-28,src_bca1599a2f687a1a,"{""price"":""not_enriched"",""audience_actual"":""not_enriched"",""sponsor_budget"":""not_public"",""coordinates"":""not_geocoded"",""timezone"":null}"
evt_ed09337171ba36bf,ser_6ae04f2743e9e214,Django Girls Ecuador 2024,https://openlab.ec/djangogirls,2024-05-17,2024-05-17,2024-05-17T13:30:00Z,2024-05-17T22:30:00Z,UTC,second,inclusive_date; original_ICS_DTEND_is_exclusive,announced,historical,"Loja, Ecuador",Ecuador,in_person_inferred,location_text_ungeocoded,,community_meeting,technology,,,,2026-09-28,src_bca1599a2f687a1a,"{""price"":""not_enriched"",""audience_actual"":""not_enriched"",""sponsor_budget"":""not_public"",""coordinates"":""not_geocoded"",""timezone"":null}"
evt_efe17b6e56fd5572,ser_39ac64f985fad182,Helsinki Python meetup,https://www.meetup.com/helpy-meetups/events/303828168/,2024-10-22,2024-10-22,2024-10-22T15:30:00Z,2024-10-22T17:30:00Z,UTC,second,inclusive_date; original_ICS_DTEND_is_exclusive,announced,historical,"Helsinki, Finland",Finland,in_person_inferred,location_text_ungeocoded,,community_meeting,technology,,,,2026-09-28,src_bca1599a2f687a1a,"{""price"":""not_enriched"",""audience_actual"":""not_enriched"",""sponsor_budget"":""not_public"",""coordinates"":""not_geocoded"",""timezone"":null}"
evt_5c167a612ca8d75a,ser_7f78d790e6c02425,Django Girls Aba,https://djangogirls.org/en/aba/,2023-10-13,2023-10-13,,,,day,inclusive_date; original_ICS_DTEND_is_exclusive,announced,historical,"Aba, Abia State Nigeria",Nigeria,in_person_inferred,location_text_ungeocoded,,community_meeting,technology,,,,2026-09-28,src_bca1599a2f687a1a,"{""price"":""not_enriched"",""audience_actual"":""not_enriched"",""sponsor_budget"":""not_public"",""coordinates"":""not_geocoded"",""timezone"":""not_published""}"
evt_139bb8e3fe07cc24,ser_8a6bf48f35265e53,Python Meeting Düsseldorf,https://www.pyddf.de/,2025-01-22,2025-01-22,2025-01-22T17:00:00Z,2025-01-22T20:00:00Z,UTC,second,inclusive_date; original_ICS_DTEND_is_exclusive,announced,historical,"Düsseldorf, Germany",Germany,in_person_inferred,location_text_ungeocoded,,community_meeting,technology,,,,2026-09-28,src_bca1599a2f687a1a,"{""price"":""not_enriched"",""audience_actual"":""not_enriched"",""sponsor_budget"":""not_public"",""coordinates"":""not_geocoded"",""timezone"":null}"
evt_dd777393fb267ac4,,PyData Karlsruhe #8,https://www.meetup.com/de-DE/pydata-suedwest/events/294504138/,2023-11-16,2023-11-16,2023-11-16T17:00:00Z,2023-11-16T20:00:00Z,UTC,second,inclusive_date; original_ICS_DTEND_is_exclusive,announced,historical,"Karlsruhe, Germany",Germany,in_person_inferred,location_text_ungeocoded,,conference,technology,,,,2026-09-28,src_bca1599a2f687a1a,"{""price"":""not_enriched"",""audience_actual"":""not_enriched"",""sponsor_budget"":""not_public"",""coordinates"":""not_geocoded"",""timezone"":null}"
evt_26d3fde3019d27f9,,Smart Iterator Challenge (week 3),https://www.meetup.com/nzpug-auckland/events/288813734/,2022-10-22,2022-10-30,,,,day,inclusive_date; original_ICS_DTEND_is_exclusive,announced,historical,"Online, New Zealand",New Zealand,online,location_text_ungeocoded,,community_meeting,technology,,,,2026-09-28,src_bca1599a2f687a1a,"{""price"":""not_enriched"",""audience_actual"":""not_enriched"",""sponsor_budget"":""not_public"",""coordinates"":""not_geocoded"",""timezone"":""not_published""}"
evt_6104738bf7f342d5,ser_d8f673ab76ac8a79,TOUFU - Parent-Child Python Programming Workshop,https://ohtoufu.com/education/register/kochi/2023-10/,2023-10-22,2023-10-22,,,,day,inclusive_date; original_ICS_DTEND_is_exclusive,announced,historical,"Kōenji Temple, 3-chōKouenji Temple, 〒105-0001 3-23-10, Toranomon, Minato-ku, Tokyo, Japan",Japan,in_person_inferred,location_text_ungeocoded,,workshop,technology,,,,2026-09-28,src_bca1599a2f687a1a,"{""price"":""not_enriched"",""audience_actual"":""not_enriched"",""sponsor_budget"":""not_public"",""coordinates"":""not_geocoded"",""timezone"":""not_published""}"
evt_8f7a8a103ca6e3b3,,Singula Python Meetup Online,https://www.eventbrite.com/e/singula-python-meetup-online-tickets-680030749277?aff=PythonOrg,2023-08-29,2023-08-29,2023-08-29T16:00:00Z,2023-08-29T18:00:00Z,UTC,second,inclusive_date; original_ICS_DTEND_is_exclusive,announced,historical,Online,,online,location_text_ungeocoded,,community_meeting,technology,,,,2026-09-28,src_bca1599a2f687a1a,"{""price"":""not_enriched"",""audience_actual"":""not_enriched"",""sponsor_budget"":""not_public"",""coordinates"":""not_geocoded"",""timezone"":null}"
evt_760e30916c3407e0,,Python Day Grupy RN,https://github.com/grupyrn/meetup,2022-11-05,2022-11-05,2022-11-05T11:00:00Z,2022-11-05T11:45:00Z,UTC,second,inclusive_date; original_ICS_DTEND_is_exclusive,announced,historical,"Natal, State of Rio Grande do Norte, Brazil",Brazil,in_person_inferred,location_text_ungeocoded,,community_meeting,technology,,,,2026-09-28,src_bca1599a2f687a1a,"{""price"":""not_enriched"",""audience_actual"":""not_enriched"",""sponsor_budget"":""not_public"",""coordinates"":""not_geocoded"",""timezone"":null}"
evt_6e4f8d575166bbb1,,Scikit-learn Sprint Salta AR 2022,https://pythoncientifico.ar/events/sprints/,2022-09-26,2022-09-28,,,,day,inclusive_date; original_ICS_DTEND_is_exclusive,announced,historical,"Salta, Argentina and Online",Argentina,hybrid_inferred,location_text_ungeocoded,,sprint,technology,,,,2026-09-28,src_bca1599a2f687a1a,"{""price"":""not_enriched"",""audience_actual"":""not_enriched"",""sponsor_budget"":""not_public"",""coordinates"":""not_geocoded"",""timezone"":""not_published""}"
evt_bdcbfa76e15b364c,ser_7f78d790e6c02425,Django Girls Aba,https://djangogirls.org/aba/,2025-10-04,2025-10-04,,,,day,inclusive_date; original_ICS_DTEND_is_exclusive,announced,historical,"Aba, Abia State, Nigeria",Nigeria,in_person_inferred,location_text_ungeocoded,,community_meeting,technology,,,,2026-09-28,src_bca1599a2f687a1a,"{""price"":""not_enriched"",""audience_actual"":""not_enriched"",""sponsor_budget"":""not_public"",""coordinates"":""not_geocoded"",""timezone"":""not_published""}"
evt_aa51f33171bfdff9,,NZPUG-Auckland: The Python Community in 2024,https://www.meetup.com/nzpug-auckland/events/298557107/,2024-02-21,2024-02-21,2024-02-21T05:30:00Z,2024-02-21T07:30:00Z,UTC,second,inclusive_date; original_ICS_DTEND_is_exclusive,announced,historical,Online,,online,location_text_ungeocoded,,community_meeting,technology,,,,2026-09-28,src_bca1599a2f687a1a,"{""price"":""not_enriched"",""audience_actual"":""not_enriched"",""sponsor_budget"":""not_public"",""coordinates"":""not_geocoded"",""timezone"":null}"
evt_3bcd8de3ab5c000e,,NZPUG-Auckland Presentation and Code-along-at-home,https://www.meetup.com/nzpug-auckland/,2023-08-16,2023-08-16,2023-08-16T06:00:00Z,2023-08-16T08:30:00Z,UTC,second,inclusive_date; original_ICS_DTEND_is_exclusive,announced,historical,"Hybrid Event, New Zealand",New Zealand,in_person_inferred,location_text_ungeocoded,,community_meeting,technology,,,,2026-09-28,src_bca1599a2f687a1a,"{""price"":""not_enriched"",""audience_actual"":""not_enriched"",""sponsor_budget"":""not_public"",""coordinates"":""not_geocoded"",""timezone"":null}"
evt_db7735680e5a9a2e,,Open Source with Python | Python User Group Ho,https://www.meetup.com/python-ghana/events/300210627/,2024-04-27,2024-04-27,2024-04-27T15:00:00Z,2024-04-27T17:00:00Z,UTC,second,inclusive_date; original_ICS_DTEND_is_exclusive,announced,historical,Online,,online,location_text_ungeocoded,,community_meeting,technology,,,,2026-09-28,src_bca1599a2f687a1a,"{""price"":""not_enriched"",""audience_actual"":""not_enriched"",""sponsor_budget"":""not_public"",""coordinates"":""not_geocoded"",""timezone"":null}"
evt_c85b800434c82e89,ser_8a6bf48f35265e53,Python Meeting Düsseldorf,https://www.pyddf.de/,2026-06-03,2026-06-03,2026-06-03T16:00:00Z,2026-06-03T19:00:00Z,UTC,second,inclusive_date; original_ICS_DTEND_is_exclusive,announced,historical,"Düsseldorf, Germany",Germany,in_person_inferred,location_text_ungeocoded,,community_meeting,technology,,,,2026-09-28,src_bca1599a2f687a1a,"{""price"":""not_enriched"",""audience_actual"":""not_enriched"",""sponsor_budget"":""not_public"",""coordinates"":""not_geocoded"",""timezone"":null}"
evt_b2528b9bd6bd4d42,,PyLadies Amsterdam: An introduction to Data Science using Snowflake,https://www.meetup.com/pyladiesams/events/291775431/,2023-04-25,2023-04-25,2023-04-25T16:30:00Z,2023-04-25T18:00:00Z,UTC,second,inclusive_date; original_ICS_DTEND_is_exclusive,announced,historical,Online,,online,location_text_ungeocoded,,community_meeting,technology,,,,2026-09-28,src_bca1599a2f687a1a,"{""price"":""not_enriched"",""audience_actual"":""not_enriched"",""sponsor_budget"":""not_public"",""coordinates"":""not_geocoded"",""timezone"":null}"
evt_d0efbb7202548412,ser_1e0bc102d3c223b8,Python Leiden User Group,https://pythonleiden.nl/meeting-2026-07-02.html?py,2026-07-02,2026-07-02,2026-07-02T17:15:00Z,2026-07-02T20:00:00Z,UTC,second,inclusive_date; original_ICS_DTEND_is_exclusive,announced,historical,"Leiden, The Netherlands",Netherlands,in_person_inferred,location_text_ungeocoded,,community_meeting,technology,,,,2026-09-28,src_bca1599a2f687a1a,"{""price"":""not_enriched"",""audience_actual"":""not_enriched"",""sponsor_budget"":""not_public"",""coordinates"":""not_geocoded"",""timezone"":null}"
evt_3db6955dac280dc7,,The Tech Circle Python Kids Coding Camp,https://sites.google.com/view/the-tech-circle/home#,2024-07-26,2024-07-30,,,,day,inclusive_date; original_ICS_DTEND_is_exclusive,announced,historical,"Jos Plateau, Nigeria",Nigeria,in_person_inferred,location_text_ungeocoded,,community_meeting,technology,,,,2026-09-28,src_bca1599a2f687a1a,"{""price"":""not_enriched"",""audience_actual"":""not_enriched"",""sponsor_budget"":""not_public"",""coordinates"":""not_geocoded"",""timezone"":""not_published""}"
evt_41ce7e5d9eb3b27f,,Django Girls Parnaíba 2024,https://djangogirls.org/pt-br/parnaiba/,2024-11-16,2024-11-16,2024-11-16T11:00:00Z,2024-11-16T20:30:00Z,UTC,second,inclusive_date; original_ICS_DTEND_is_exclusive,announced,historical,"IFPI - Instituto Federal do Piauí - Campus Parnaíba, Avenida Monsenhor Antonio Sampaio, S/N. Bairro Dirceu Arcoverde. Parnaíba-PI. CEP: - Dirceu Arcoverde, Parnaíba - PI, 64211-145, Brazil",Brazil,in_person_inferred,location_text_ungeocoded,,community_meeting,technology,,,,2026-09-28,src_bca1599a2f687a1a,"{""price"":""not_enriched"",""audience_actual"":""not_enriched"",""sponsor_budget"":""not_public"",""coordinates"":""not_geocoded"",""timezone"":null}"
evt_5c2c88495656db3b,,PyDay Angola 2026 – Namibe,https://pyconangola.web.app/,2026-08-23,2026-08-23,,,,day,inclusive_date; original_ICS_DTEND_is_exclusive,announced,historical,"Namibe, Angola",Angola,in_person_inferred,location_text_ungeocoded,,community_meeting,technology,,,,2026-09-28,src_bca1599a2f687a1a,"{""price"":""not_enriched"",""audience_actual"":""not_enriched"",""sponsor_budget"":""not_public"",""coordinates"":""not_geocoded"",""timezone"":""not_published""}"
evt_aaf98d0fc4d7f8db,ser_7f78d790e6c02425,Django Girls Aba,https://djangogirls.org/aba/,2024-10-27,2024-10-27,2024-10-27T07:00:00Z,2024-10-27T08:00:00Z,UTC,second,inclusive_date; original_ICS_DTEND_is_exclusive,announced,historical,"Aba, Abia, Nigeria",Nigeria,in_person_inferred,location_text_ungeocoded,,community_meeting,technology,,,,2026-09-28,src_bca1599a2f687a1a,"{""price"":""not_enriched"",""audience_actual"":""not_enriched"",""sponsor_budget"":""not_public"",""coordinates"":""not_geocoded"",""timezone"":null}"
evt_0cc38d4f6188a546,,NZPUG-Auckland Coding Evening - Crafting Software,https://www.meetup.com/nzpug-auckland/,2022-08-03,2022-08-03,2022-08-03T06:00:00Z,2022-08-03T08:30:00Z,UTC,second,inclusive_date; original_ICS_DTEND_is_exclusive,announced,historical,Online,,online,location_text_ungeocoded,,community_meeting,technology,,,,2026-09-28,src_bca1599a2f687a1a,"{""price"":""not_enriched"",""audience_actual"":""not_enriched"",""sponsor_budget"":""not_public"",""coordinates"":""not_geocoded"",""timezone"":null}"
evt_e9ad69a87f4e2b65,,Python Help: Problems to Solutions,http://https//www.meetup.com/pythonnz-online/events/315817148/,2026-08-13,2026-08-13,2026-08-13T07:00:00Z,2026-08-13T10:00:00Z,UTC,second,inclusive_date; original_ICS_DTEND_is_exclusive,announced,historical,Online,,online,location_text_ungeocoded,,community_meeting,technology,,,,2026-09-28,src_bca1599a2f687a1a,"{""price"":""not_enriched"",""audience_actual"":""not_enriched"",""sponsor_budget"":""not_public"",""coordinates"":""not_geocoded"",""timezone"":null}"
evt_68eb0ef36110237d,,"Call for Proposals - Speaking at PyCon US 2023 - Fireside Chat with Mariatta Wijaya, Conference Chair",https://us02web.zoom.us/webinar/register/WN_BClUH_qPQmaCju7nARutYg,2022-11-17,2022-11-17,2022-11-17T01:00:00Z,2022-11-17T03:00:00Z,UTC,second,inclusive_date; original_ICS_DTEND_is_exclusive,announced,historical,online,,online,location_text_ungeocoded,,conference,technology,,,,2026-09-28,src_bca1599a2f687a1a,"{""price"":""not_enriched"",""audience_actual"":""not_enriched"",""sponsor_budget"":""not_public"",""coordinates"":""not_geocoded"",""timezone"":null}"
evt_0611b9f3cde6cf20,,Py Café 02 - CV Review ,https://forms.gle/TeKdvBVeXwJX5V2S7,2023-10-28,2023-10-28,2023-10-28T19:00:00Z,2023-10-28T20:00:00Z,UTC,second,inclusive_date; original_ICS_DTEND_is_exclusive,announced,historical,"La Paz, Bolivia",Bolivia,in_person_inferred,location_text_ungeocoded,,community_meeting,technology,,,,2026-09-28,src_bca1599a2f687a1a,"{""price"":""not_enriched"",""audience_actual"":""not_enriched"",""sponsor_budget"":""not_public"",""coordinates"":""not_geocoded"",""timezone"":null}"
evt_b5aae5c6c0fb93c5,ser_bb765f16f55e379f,Workshop: Creating Python Communities,https://python-gm.org/event-details-serekunda/,2025-06-29,2025-06-29,,,,day,inclusive_date; original_ICS_DTEND_is_exclusive,announced,historical,"Serekunda, Gambia",Gambia,in_person_inferred,location_text_ungeocoded,,workshop,technology,,,,2026-09-28,src_bca1599a2f687a1a,"{""price"":""not_enriched"",""audience_actual"":""not_enriched"",""sponsor_budget"":""not_public"",""coordinates"":""not_geocoded"",""timezone"":""not_published""}"
evt_9f891a159c7bbec0,ser_33246686244da7ef,Django Girls Groningen,https://djangogirls.org/groningen/,2022-11-26,2022-11-26,2022-11-26T08:00:00Z,2022-11-26T17:30:00Z,UTC,second,inclusive_date; original_ICS_DTEND_is_exclusive,announced,historical,"Het Kasteel, Melkweg 1, 9718 EP Groningen, Netherlands",Netherlands,in_person_inferred,location_text_ungeocoded,,community_meeting,technology,,,,2026-09-28,src_bca1599a2f687a1a,"{""price"":""not_enriched"",""audience_actual"":""not_enriched"",""sponsor_budget"":""not_public"",""coordinates"":""not_geocoded"",""timezone"":null}"
evt_ef7800e95f8ac383,,Pyladies Kampala Open source workshop,https://pyladieskla.github.io/,2022-11-29,2022-11-29,2022-11-29T06:00:00Z,2022-11-29T14:00:00Z,UTC,second,inclusive_date; original_ICS_DTEND_is_exclusive,announced,historical,"Kampala,Uganda",Uganda,in_person_inferred,location_text_ungeocoded,,workshop,technology,,,,2026-09-28,src_bca1599a2f687a1a,"{""price"":""not_enriched"",""audience_actual"":""not_enriched"",""sponsor_budget"":""not_public"",""coordinates"":""not_geocoded"",""timezone"":null}"
evt_bfee1a061e0fbaf8,,PyLadies Amsterdam: Introduction to LLM Agents with LangChain,https://www.meetup.com/pyladiesams/events/301423417/,2024-06-25,2024-06-25,2024-06-25T16:00:00Z,2024-06-25T19:00:00Z,UTC,second,inclusive_date; original_ICS_DTEND_is_exclusive,announced,historical,"Amsterdam, Netherlands and Online",Netherlands,hybrid_inferred,location_text_ungeocoded,,community_meeting,technology,,,,2026-09-28,src_bca1599a2f687a1a,"{""price"":""not_enriched"",""audience_actual"":""not_enriched"",""sponsor_budget"":""not_public"",""coordinates"":""not_geocoded"",""timezone"":null}"
evt_9de44038af9835c6,ser_33246686244da7ef,Django Girls Groningen,https://djangogirls.org/groningen/,2023-05-27,2023-05-27,,,,day,inclusive_date; original_ICS_DTEND_is_exclusive,announced,historical,"Groningen, The Netherlands",Netherlands,in_person_inferred,location_text_ungeocoded,,community_meeting,technology,,,,2026-09-28,src_bca1599a2f687a1a,"{""price"":""not_enriched"",""audience_actual"":""not_enriched"",""sponsor_budget"":""not_public"",""coordinates"":""not_geocoded"",""timezone"":""not_published""}"
evt_deb65e7bf14584b1,,PyLadies Amsterdam: What's inside the box? An introduction to explainability in finance,https://www.meetup.com/pyladiesams/events/303275674/,2024-10-22,2024-10-22,2024-10-22T16:30:00Z,2024-10-22T19:00:00Z,UTC,second,inclusive_date; original_ICS_DTEND_is_exclusive,announced,historical,"Amsterdam, Netherlands",Netherlands,in_person_inferred,location_text_ungeocoded,,community_meeting,technology,,,,2026-09-28,src_bca1599a2f687a1a,"{""price"":""not_enriched"",""audience_actual"":""not_enriched"",""sponsor_budget"":""not_public"",""coordinates"":""not_geocoded"",""timezone"":null}"
evt_be4859aae6a87199,ser_654dbf57562ddd13,"NZPUG-Auckland Coding Challenge ""Office Hours"" ",https://www.meetup.com/nzpug-auckland/,2022-11-23,2022-11-23,2022-11-23T05:30:00Z,2022-11-23T06:30:00Z,UTC,second,inclusive_date; original_ICS_DTEND_is_exclusive,announced,historical,Online,,online,location_text_ungeocoded,,community_meeting,technology,,,,2026-09-28,src_bca1599a2f687a1a,"{""price"":""not_enriched"",""audience_actual"":""not_enriched"",""sponsor_budget"":""not_public"",""coordinates"":""not_geocoded"",""timezone"":null}"
evt_54616bd8f4394e1a,,Django Girls Xai-Xai,https://djangogirls.org/en/xaixai/,2023-06-17,2023-06-17,,,,day,inclusive_date; original_ICS_DTEND_is_exclusive,announced,historical,"Xai-Xai District, Mozambique",Mozambique,in_person_inferred,location_text_ungeocoded,,community_meeting,technology,,,,2026-09-28,src_bca1599a2f687a1a,"{""price"":""not_enriched"",""audience_actual"":""not_enriched"",""sponsor_budget"":""not_public"",""coordinates"":""not_geocoded"",""timezone"":""not_published""}"
evt_49518cbe2d657cdb,,PyLadies Amsterdam: Introduction to Data Storytelling,https://www.meetup.com/pyladiesams/events/304664913/,2024-12-07,2024-12-07,2024-12-07T15:30:00Z,2024-12-07T17:00:00Z,UTC,second,inclusive_date; original_ICS_DTEND_is_exclusive,announced,historical,Online,,online,location_text_ungeocoded,,community_meeting,technology,,,,2026-09-28,src_bca1599a2f687a1a,"{""price"":""not_enriched"",""audience_actual"":""not_enriched"",""sponsor_budget"":""not_public"",""coordinates"":""not_geocoded"",""timezone"":null}"
evt_65e9889355453238,ser_8a6bf48f35265e53,Python Meeting Düsseldorf,https://www.pyddf.de/,2021-10-27,2021-10-27,2021-10-27T16:00:00Z,2021-10-27T18:00:00Z,UTC,second,inclusive_date; original_ICS_DTEND_is_exclusive,announced,historical,"Online, Düsseldorf, Germany",Germany,online,location_text_ungeocoded,,community_meeting,technology,,,,2026-09-28,src_bca1599a2f687a1a,"{""price"":""not_enriched"",""audience_actual"":""not_enriched"",""sponsor_budget"":""not_public"",""coordinates"":""not_geocoded"",""timezone"":null}"
evt_297a33a6d4ca6bbe,,Django Summit DELSU,http://dsd.hamplustech.com/,2025-09-01,2025-09-05,,,,day,inclusive_date; original_ICS_DTEND_is_exclusive,announced,historical,"Abraka, Nigeria",Nigeria,in_person_inferred,location_text_ungeocoded,,community_meeting,technology,,,,2026-09-28,src_bca1599a2f687a1a,"{""price"":""not_enriched"",""audience_actual"":""not_enriched"",""sponsor_budget"":""not_public"",""coordinates"":""not_geocoded"",""timezone"":""not_published""}"
evt_8d5e20dcbae7f181,,Python Practitioners' SIG,https://www.meetup.com/pythonnz-auckland/events/301826701/,2024-07-08,2024-07-08,2024-07-08T00:15:00Z,2024-07-08T01:15:00Z,UTC,second,inclusive_date; original_ICS_DTEND_is_exclusive,announced,historical,,,unknown,unknown,,community_meeting,technology,,,,2026-09-28,src_bca1599a2f687a1a,"{""price"":""not_enriched"",""audience_actual"":""not_enriched"",""sponsor_budget"":""not_public"",""coordinates"":""not_geocoded"",""timezone"":null}"
evt_9c1c29547f87b7cf,ser_8a6bf48f35265e53,Python Meeting Düsseldorf,https://www.pyddf.de/,2023-09-27,2023-09-27,2023-09-27T16:00:00Z,2023-09-27T19:00:00Z,UTC,second,inclusive_date; original_ICS_DTEND_is_exclusive,announced,historical,"Düsseldorf, Germany",Germany,in_person_inferred,location_text_ungeocoded,,community_meeting,technology,,,,2026-09-28,src_bca1599a2f687a1a,"{""price"":""not_enriched"",""audience_actual"":""not_enriched"",""sponsor_budget"":""not_public"",""coordinates"":""not_geocoded"",""timezone"":null}"
evt_00bcf0d9ffdab436,ser_d8f673ab76ac8a79,TOUFU - Parent-Child Python Programming Workshop,https://ohtoufu.com/education/register/ichikawa/2024-04/,2024-05-04,2024-05-04,,,,day,inclusive_date; original_ICS_DTEND_is_exclusive,announced,historical,"Ichikawa City, Chiba Prefecture, Japan",Japan,in_person_inferred,location_text_ungeocoded,,workshop,technology,,,,2026-09-28,src_bca1599a2f687a1a,"{""price"":""not_enriched"",""audience_actual"":""not_enriched"",""sponsor_budget"":""not_public"",""coordinates"":""not_geocoded"",""timezone"":""not_published""}"
evt_0d678bd87419fb42,,PyLadies Amsterdam: Python Open Source Sprints,https://www.meetup.com/pyladiesams/events/298654440/,2024-03-23,2024-03-23,2024-03-23T12:00:00Z,2024-03-23T17:30:00Z,UTC,second,inclusive_date; original_ICS_DTEND_is_exclusive,announced,historical,"Amsterdam, The Netherlands",Netherlands,in_person_inferred,location_text_ungeocoded,,sprint,technology,,,,2026-09-28,src_bca1599a2f687a1a,"{""price"":""not_enriched"",""audience_actual"":""not_enriched"",""sponsor_budget"":""not_public"",""coordinates"":""not_geocoded"",""timezone"":null}"
evt_b2785723547d9f93,ser_4a358104d3b19443,PyCamp Leipzig 2024,https://barcamps.eu/python-barcamp-der-leipzig-python-user-group-2024/,2024-06-15,2024-06-16,,,,day,inclusive_date; original_ICS_DTEND_is_exclusive,announced,historical,"Leipzig, Germany",Germany,in_person_inferred,location_text_ungeocoded,,community_meeting,technology,,,,2026-09-28,src_bca1599a2f687a1a,"{""price"":""not_enriched"",""audience_actual"":""not_enriched"",""sponsor_budget"":""not_public"",""coordinates"":""not_geocoded"",""timezone"":""not_published""}"
evt_74610ad3e150a658,,PyDay Maradi 1st edition,https://chat.whatsapp.com/LH6H4V4OlYj9HIMEOme5AM,2023-10-29,2023-10-29,2023-10-29T09:00:00Z,2023-10-29T11:00:00Z,UTC,second,inclusive_date; original_ICS_DTEND_is_exclusive,announced,historical,"Maradi, Niger",Niger,in_person_inferred,location_text_ungeocoded,,community_meeting,technology,,,,2026-09-28,src_bca1599a2f687a1a,"{""price"":""not_enriched"",""audience_actual"":""not_enriched"",""sponsor_budget"":""not_public"",""coordinates"":""not_geocoded"",""timezone"":null}"
evt_7ad8465d3f7e9d49,ser_1e0bc102d3c223b8,Python Leiden User Group,https://pythonleiden.nl/meeting-2025-03-27.html,2025-03-27,2025-03-27,2025-03-27T19:00:00Z,2025-03-27T21:00:00Z,UTC,second,inclusive_date; original_ICS_DTEND_is_exclusive,announced,historical,"Leiden, The Netherlands",Netherlands,in_person_inferred,location_text_ungeocoded,,community_meeting,technology,,,,2026-09-28,src_bca1599a2f687a1a,"{""price"":""not_enriched"",""audience_actual"":""not_enriched"",""sponsor_budget"":""not_public"",""coordinates"":""not_geocoded"",""timezone"":null}"
evt_fd2d5fdf56c6d2cf,,"IndyPy: ""Advanced Models & AI... For Dummies”",https://www.meetup.com/indypy/events/297838473/,2024-01-24,2024-01-24,2024-01-24T00:00:00Z,2024-01-24T02:00:00Z,UTC,second,inclusive_date; original_ICS_DTEND_is_exclusive,announced,historical,"Indianapolis, IN, USA and Online",United States,hybrid_inferred,location_text_ungeocoded,,community_meeting,technology,,,,2026-09-28,src_bca1599a2f687a1a,"{""price"":""not_enriched"",""audience_actual"":""not_enriched"",""sponsor_budget"":""not_public"",""coordinates"":""not_geocoded"",""timezone"":null}"
evt_fdbd689a6182dd06,,Python Coding Club for Teens (PyTahoua),https://pythonniger.org/events,2025-06-20,2025-06-22,,,,day,inclusive_date; original_ICS_DTEND_is_exclusive,announced,historical,"Tahoua, Niger",Niger,in_person_inferred,location_text_ungeocoded,,community_meeting,technology,,,,2026-09-28,src_bca1599a2f687a1a,"{""price"":""not_enriched"",""audience_actual"":""not_enriched"",""sponsor_budget"":""not_public"",""coordinates"":""not_geocoded"",""timezone"":""not_published""}"
evt_33bde9ebde92de31,,Building Micro Tech Communities Around Python Programming Language (June 20 - July 30),https://www.eventbrite.com/e/building-mico-tech-communities-around-python-programming-language-tickets-595207560837,2023-06-20,2023-06-20,,,,day,inclusive_date; original_ICS_DTEND_is_exclusive,announced,historical,"Buea, Cameroon",Cameroon,in_person_inferred,location_text_ungeocoded,,community_meeting,technology,,,,2026-09-28,src_bca1599a2f687a1a,"{""price"":""not_enriched"",""audience_actual"":""not_enriched"",""sponsor_budget"":""not_public"",""coordinates"":""not_geocoded"",""timezone"":""not_published""}"
evt_a2620ac1885e7bfb,,Michigan Python,https://www.meetup.com/michigan-python/events/305384924/,2025-06-06,2025-06-06,2025-06-06T02:00:00Z,2025-06-06T04:00:00Z,UTC,second,inclusive_date; original_ICS_DTEND_is_exclusive,announced,historical,"Ann Arbor, MI, USA",United States,in_person_inferred,location_text_ungeocoded,,community_meeting,technology,,,,2026-09-28,src_bca1599a2f687a1a,"{""price"":""not_enriched"",""audience_actual"":""not_enriched"",""sponsor_budget"":""not_public"",""coordinates"":""not_geocoded"",""timezone"":null}"
evt_b22971bfb1a27ed6,,Python for (Almost) Everything,https://www.meetup.com/python-stlouis/events/313870807,2026-06-18,2026-06-19,2026-06-18T21:00:00Z,2026-06-19T00:00:00Z,UTC,second,inclusive_date; original_ICS_DTEND_is_exclusive,announced,historical,"St. Louis, Missouri, United States",United States,in_person_inferred,location_text_ungeocoded,,community_meeting,technology,,,,2026-09-28,src_bca1599a2f687a1a,"{""price"":""not_enriched"",""audience_actual"":""not_enriched"",""sponsor_budget"":""not_public"",""coordinates"":""not_geocoded"",""timezone"":null}"
evt_404d84596af4ef95,,Launching Python Katsina Community,https://pythonkatsina.org/events/3,2025-06-28,2025-06-28,,,,day,inclusive_date; original_ICS_DTEND_is_exclusive,announced,historical,"Katsina, Nigeria",Nigeria,in_person_inferred,location_text_ungeocoded,,community_meeting,technology,,,,2026-09-28,src_bca1599a2f687a1a,"{""price"":""not_enriched"",""audience_actual"":""not_enriched"",""sponsor_budget"":""not_public"",""coordinates"":""not_geocoded"",""timezone"":""not_published""}"
evt_0631c3cfb3c6e098,,Building an AI Agent,https://www.meetup.com/pyladiesams/events/311674926/,2025-11-25,2025-11-25,2025-11-25T17:30:00Z,2025-11-25T20:00:00Z,UTC,second,inclusive_date; original_ICS_DTEND_is_exclusive,announced,historical," JetBrains Amsterdam Terrace Tower office; Gelrestraat 16, 1079 MZ, Amsterdam, The Netherlands",Netherlands,in_person_inferred,location_text_ungeocoded,,community_meeting,technology,,,,2026-09-28,src_bca1599a2f687a1a,"{""price"":""not_enriched"",""audience_actual"":""not_enriched"",""sponsor_budget"":""not_public"",""coordinates"":""not_geocoded"",""timezone"":null}"
evt_e173473e19838ae0,,Django Girls Colombia 2026,https://djangogirls.org/es/colombia-remote/,2026-03-28,2026-03-28,,,,day,inclusive_date; original_ICS_DTEND_is_exclusive,announced,historical,Online,,online,location_text_ungeocoded,,community_meeting,technology,,,,2026-09-28,src_bca1599a2f687a1a,"{""price"":""not_enriched"",""audience_actual"":""not_enriched"",""sponsor_budget"":""not_public"",""coordinates"":""not_geocoded"",""timezone"":""not_published""}"
evt_57ecf42ccd9ab381,ser_8a6bf48f35265e53,Python Meeting Düsseldorf,https://www.pyddf.de/,2023-03-22,2023-03-22,2023-03-22T17:00:00Z,2023-03-22T20:00:00Z,UTC,second,inclusive_date; original_ICS_DTEND_is_exclusive,announced,historical,"Düsseldorf, Germany",Germany,in_person_inferred,location_text_ungeocoded,,community_meeting,technology,,,,2026-09-28,src_bca1599a2f687a1a,"{""price"":""not_enriched"",""audience_actual"":""not_enriched"",""sponsor_budget"":""not_public"",""coordinates"":""not_geocoded"",""timezone"":null}"
evt_0e8d3cac5415913d,,PyBodensee Yearend Meetup,https://pybodensee.com/meetups/,2024-12-10,2024-12-10,2024-12-10T17:00:00Z,2024-12-10T19:00:00Z,UTC,second,inclusive_date; original_ICS_DTEND_is_exclusive,announced,historical,"Wangen im Allgaeu, Germany",Germany,in_person_inferred,location_text_ungeocoded,,community_meeting,technology,,,,2026-09-28,src_bca1599a2f687a1a,"{""price"":""not_enriched"",""audience_actual"":""not_enriched"",""sponsor_budget"":""not_public"",""coordinates"":""not_geocoded"",""timezone"":null}"
evt_6510146ff10d9a69,,PyCon mini Shizuoka 2026,https://shizuoka.pycon.jp/2026,2026-02-21,2026-02-21,,,,day,inclusive_date; original_ICS_DTEND_is_exclusive,announced,historical,"Shizuoka, Japan",Japan,in_person_inferred,location_text_ungeocoded,,conference,technology,,,,2026-09-28,src_bca1599a2f687a1a,"{""price"":""not_enriched"",""audience_actual"":""not_enriched"",""sponsor_budget"":""not_public"",""coordinates"":""not_geocoded"",""timezone"":""not_published""}"
evt_a498793e98a647af,,Global AI Developer Days - PyLadies Amsterdam,https://www.meetup.com/nl-NL/pyladiesams/events/288457943/,2022-10-31,2022-10-31,2022-10-31T17:00:00Z,2022-10-31T19:00:00Z,UTC,second,inclusive_date; original_ICS_DTEND_is_exclusive,announced,historical,online,,online,location_text_ungeocoded,,community_meeting,technology,,,,2026-09-28,src_bca1599a2f687a1a,"{""price"":""not_enriched"",""audience_actual"":""not_enriched"",""sponsor_budget"":""not_public"",""coordinates"":""not_geocoded"",""timezone"":null}"
evt_3fe2f73a2602b6e9,,Getting back to Python land - Stockholm Python User Group,https://www.meetup.com/pysthlm/events/289817346/,2022-11-29,2022-11-29,2022-11-29T16:30:00Z,2022-11-29T19:00:00Z,UTC,second,inclusive_date; original_ICS_DTEND_is_exclusive,announced,historical,"SUNET, Tulegatan 11, 113 53 Stockholm, Sweden",Sweden,in_person_inferred,location_text_ungeocoded,,community_meeting,technology,,,,2026-09-28,src_bca1599a2f687a1a,"{""price"":""not_enriched"",""audience_actual"":""not_enriched"",""sponsor_budget"":""not_public"",""coordinates"":""not_geocoded"",""timezone"":null}"
evt_fb99546d8a1fa641,,"Dash - web applications, dashboards, and data visualisation from Python - New Zealand Python User Group - Auckland",https://www.meetup.com/nzpug-auckland/events/njdjssyfcdbtb/,2023-02-15,2023-02-15,2023-02-15T05:00:00Z,2023-02-15T07:30:00Z,UTC,second,inclusive_date; original_ICS_DTEND_is_exclusive,announced,historical,online,,online,location_text_ungeocoded,,community_meeting,technology,,,,2026-09-28,src_bca1599a2f687a1a,"{""price"":""not_enriched"",""audience_actual"":""not_enriched"",""sponsor_budget"":""not_public"",""coordinates"":""not_geocoded"",""timezone"":null}"
evt_1936bd31f6d0da12,,Creating Python Communities and Outreach,https://nokidbehind.org/grandnord,2025-03-20,2025-03-20,,,,day,inclusive_date; original_ICS_DTEND_is_exclusive,announced,historical,"Garoua, Cameroon",Cameroon,in_person_inferred,location_text_ungeocoded,,community_meeting,technology,,,,2026-09-28,src_bca1599a2f687a1a,"{""price"":""not_enriched"",""audience_actual"":""not_enriched"",""sponsor_budget"":""not_public"",""coordinates"":""not_geocoded"",""timezone"":""not_published""}"
evt_50204350f64d8341,ser_8a6bf48f35265e53,Python Meeting Düsseldorf,https://www.pyddf.de/,2022-01-19,2022-01-19,2022-01-19T17:00:00Z,2022-01-19T19:00:00Z,UTC,second,inclusive_date; original_ICS_DTEND_is_exclusive,announced,historical,"Düsseldorf, Germany",Germany,in_person_inferred,location_text_ungeocoded,,community_meeting,technology,,,,2026-09-28,src_bca1599a2f687a1a,"{""price"":""not_enriched"",""audience_actual"":""not_enriched"",""sponsor_budget"":""not_public"",""coordinates"":""not_geocoded"",""timezone"":null}"
evt_ad212682e70e4bad,,The long white computing cloud - NZPUG-Auckland,https://www.meetup.com/nzpug-auckland/events/291789444/,2023-03-15,2023-03-15,2023-03-15T05:00:00Z,2023-03-15T07:30:00Z,UTC,second,inclusive_date; original_ICS_DTEND_is_exclusive,announced,historical,online,,online,location_text_ungeocoded,,community_meeting,technology,,,,2026-09-28,src_bca1599a2f687a1a,"{""price"":""not_enriched"",""audience_actual"":""not_enriched"",""sponsor_budget"":""not_public"",""coordinates"":""not_geocoded"",""timezone"":null}"
evt_a9df4aa4f0c59e41,ser_4a358104d3b19443,PyCamp Leipzig 2023,https://barcamps.eu/python-barcamp-der-leipzig-python-user-group-2023/,2023-07-29,2023-07-30,,,,day,inclusive_date; original_ICS_DTEND_is_exclusive,announced,historical,"Leipzig, Germany",Germany,in_person_inferred,location_text_ungeocoded,,community_meeting,technology,,,,2026-09-28,src_bca1599a2f687a1a,"{""price"":""not_enriched"",""audience_actual"":""not_enriched"",""sponsor_budget"":""not_public"",""coordinates"":""not_geocoded"",""timezone"":""not_published""}"
evt_4afc5a8d48e6af22,,Python Meeting Düsseldorf - Python Herbst Sprint 2025,https://www.egenix.com/company/news/PyDDF-Herbst-Sprint-2025,2025-11-15,2025-11-16,,,,day,inclusive_date; original_ICS_DTEND_is_exclusive,announced,historical,"Düsseldorf, Germany",Germany,in_person_inferred,location_text_ungeocoded,,sprint,technology,,,,2026-09-28,src_bca1599a2f687a1a,"{""price"":""not_enriched"",""audience_actual"":""not_enriched"",""sponsor_budget"":""not_public"",""coordinates"":""not_geocoded"",""timezone"":""not_published""}"
evt_db634b47ec5ad1ca,,SOLID's Single Responsibility Principle - continues the Software Craftsmanship series,https://www.meetup.com/nzpug-auckland/events/njdjssydclbwb/,2022-08-17,2022-08-17,2022-08-17T06:00:00Z,2022-08-17T06:30:00Z,UTC,second,inclusive_date; original_ICS_DTEND_is_exclusive,announced,historical,,,unknown,unknown,,community_meeting,technology,,,,2026-09-28,src_bca1599a2f687a1a,"{""price"":""not_enriched"",""audience_actual"":""not_enriched"",""sponsor_budget"":""not_public"",""coordinates"":""not_geocoded"",""timezone"":null}"
evt_0d1ddc84cd41f2d6,ser_d8f673ab76ac8a79,TOUFU - Parent-Child Python Programming Workshop,https://ohtoufu.com/education/register/kochi/2023-10/,2023-10-08,2023-10-08,,,,day,inclusive_date; original_ICS_DTEND_is_exclusive,announced,historical,"Kochi, Japan",Japan,in_person_inferred,location_text_ungeocoded,,workshop,technology,,,,2026-09-28,src_bca1599a2f687a1a,"{""price"":""not_enriched"",""audience_actual"":""not_enriched"",""sponsor_budget"":""not_public"",""coordinates"":""not_geocoded"",""timezone"":""not_published""}"
evt_67e7ddb82f22d155,ser_1e0bc102d3c223b8,Python Leiden User Group,https://pythonleiden.nl/meeting-2026-01-22.html,2026-01-22,2026-01-22,2026-01-22T18:15:00Z,2026-01-22T21:00:00Z,UTC,second,inclusive_date; original_ICS_DTEND_is_exclusive,announced,historical,"Leiden, The Netherlands",Netherlands,in_person_inferred,location_text_ungeocoded,,community_meeting,technology,,,,2026-09-28,src_bca1599a2f687a1a,"{""price"":""not_enriched"",""audience_actual"":""not_enriched"",""sponsor_budget"":""not_public"",""coordinates"":""not_geocoded"",""timezone"":null}"
evt_5cdd70a815217204,ser_01347ef3e733b37f,Django Girls Ho,https://djangogirls.org/en/ho/,2024-02-24,2024-02-24,,,,day,inclusive_date; original_ICS_DTEND_is_exclusive,announced,historical,"Ho, Volta Region, Ghana",Ghana,in_person_inferred,location_text_ungeocoded,,community_meeting,technology,,,,2026-09-28,src_bca1599a2f687a1a,"{""price"":""not_enriched"",""audience_actual"":""not_enriched"",""sponsor_budget"":""not_public"",""coordinates"":""not_geocoded"",""timezone"":""not_published""}"
evt_3de6f81a748d1ff2,ser_d90c5d1750432f58,PyCamp Spain 2024,https://pycamp.es/,2024-03-29,2024-04-01,,,,day,inclusive_date; original_ICS_DTEND_is_exclusive,announced,historical,"Guixers, Lleida, Spain",Spain,in_person_inferred,location_text_ungeocoded,,community_meeting,technology,,,,2026-09-28,src_bca1599a2f687a1a,"{""price"":""not_enriched"",""audience_actual"":""not_enriched"",""sponsor_budget"":""not_public"",""coordinates"":""not_geocoded"",""timezone"":""not_published""}"
evt_06a4ef859b8ffa95,,Python User Group Dhaka Monthly Meetup,https://www.facebook.com/share/15QmRLdonb/,2025-02-15,2025-02-15,2025-02-15T09:00:00Z,2025-02-15T11:00:00Z,UTC,second,inclusive_date; original_ICS_DTEND_is_exclusive,announced,historical,"Dhaka, Bangladesh",Bangladesh,in_person_inferred,location_text_ungeocoded,,community_meeting,technology,,,,2026-09-28,src_bca1599a2f687a1a,"{""price"":""not_enriched"",""audience_actual"":""not_enriched"",""sponsor_budget"":""not_public"",""coordinates"":""not_geocoded"",""timezone"":null}"
evt_b1501c4fbd3cac53,,PyLadies Amsterdam: An Introduction to RAG with Elastic,https://www.meetup.com/pyladiesams/events/300253273/,2024-04-23,2024-04-23,2024-04-23T16:00:00Z,2024-04-23T18:00:00Z,UTC,second,inclusive_date; original_ICS_DTEND_is_exclusive,announced,historical,"Amsterdam, Netherlands and Online",Netherlands,hybrid_inferred,location_text_ungeocoded,,community_meeting,technology,,,,2026-09-28,src_bca1599a2f687a1a,"{""price"":""not_enriched"",""audience_actual"":""not_enriched"",""sponsor_budget"":""not_public"",""coordinates"":""not_geocoded"",""timezone"":null}"
evt_089b29f7a862852b,,Django Girls Caxias do Sul 2025,https://djangogirls.org/pt-br/caxiasdosul/,2025-05-18,2025-05-18,2025-05-18T12:00:00Z,2025-05-18T21:00:00Z,UTC,second,inclusive_date; original_ICS_DTEND_is_exclusive,announced,historical,"Caxias do Sul, RS, Brazil",Brazil,in_person_inferred,location_text_ungeocoded,,community_meeting,technology,,,,2026-09-28,src_bca1599a2f687a1a,"{""price"":""not_enriched"",""audience_actual"":""not_enriched"",""sponsor_budget"":""not_public"",""coordinates"":""not_geocoded"",""timezone"":null}"
evt_7129909b558a2c85,,Python Live: An Introduction to Practical MLOps,https://www.eventbrite.co.uk/e/python-live-an-introduction-to-practical-mlops-tickets-323891256467,2022-06-09,2022-06-09,2022-06-09T16:30:00Z,2022-06-09T17:30:00Z,UTC,second,inclusive_date; original_ICS_DTEND_is_exclusive,announced,historical,Online,,online,location_text_ungeocoded,,community_meeting,technology,,,,2026-09-28,src_bca1599a2f687a1a,"{""price"":""not_enriched"",""audience_actual"":""not_enriched"",""sponsor_budget"":""not_public"",""coordinates"":""not_geocoded"",""timezone"":null}"
evt_920139456a6959c8,ser_1e0bc102d3c223b8,Python Leiden User Group,https://www.meetup.com/leiden-python-user-group/events/305358713/,2025-01-27,2025-01-27,2025-01-27T19:00:00Z,2025-01-27T21:00:00Z,UTC,second,inclusive_date; original_ICS_DTEND_is_exclusive,announced,historical,"Leiden, The Netherlands",Netherlands,in_person_inferred,location_text_ungeocoded,,community_meeting,technology,,,,2026-09-28,src_bca1599a2f687a1a,"{""price"":""not_enriched"",""audience_actual"":""not_enriched"",""sponsor_budget"":""not_public"",""coordinates"":""not_geocoded"",""timezone"":null}"
evt_2036f81b0ea8dcd7,,Python New Zealand: Python Learners' Co-op,https://hub.iridescent.nz/s/oMAbr84BFR3bWAe,2025-07-03,2025-07-03,2025-07-03T02:00:00Z,2025-07-03T04:00:00Z,UTC,second,inclusive_date; original_ICS_DTEND_is_exclusive,announced,historical,Online,,online,location_text_ungeocoded,,community_meeting,technology,,,,2026-09-28,src_bca1599a2f687a1a,"{""price"":""not_enriched"",""audience_actual"":""not_enriched"",""sponsor_budget"":""not_public"",""coordinates"":""not_geocoded"",""timezone"":null}"
evt_6c4c049d26869e0b,,Basic Web Development with Python & Flask (PyMaradi),https://pythonniger.org/events,2025-06-17,2025-06-19,,,,day,inclusive_date; original_ICS_DTEND_is_exclusive,announced,historical,"Maradi, Niger",Niger,in_person_inferred,location_text_ungeocoded,,community_meeting,technology,,,,2026-09-28,src_bca1599a2f687a1a,"{""price"":""not_enriched"",""audience_actual"":""not_enriched"",""sponsor_budget"":""not_public"",""coordinates"":""not_geocoded"",""timezone"":""not_published""}"
evt_5ae4d3c86fbc9f55,ser_d8f673ab76ac8a79,TOUFU - Parent-Child Python Programming Workshop,https://ohtoufu.com/education/register/kochi/2023-10/,2023-11-05,2023-11-05,,,,day,inclusive_date; original_ICS_DTEND_is_exclusive,announced,historical,"Kouenji Temple, 〒105-0001 3-23-10, Toranomon, Minato-ku, Tokyo, Japan",Japan,in_person_inferred,location_text_ungeocoded,,workshop,technology,,,,2026-09-28,src_bca1599a2f687a1a,"{""price"":""not_enriched"",""audience_actual"":""not_enriched"",""sponsor_budget"":""not_public"",""coordinates"":""not_geocoded"",""timezone"":""not_published""}"
evt_256ca699c1ec267e,,Python Community. Cozy Talks with Andersen,https://docs.google.com/forms/d/e/1FAIpQLSdcQXphbny7Hs-kO9doH-XmROyGIaKQHgHaEApb34sWYsfI_g/viewform,2023-12-05,2023-12-05,2023-12-05T17:30:00Z,2023-12-05T19:30:00Z,UTC,second,inclusive_date; original_ICS_DTEND_is_exclusive,announced,historical,"Warsaw, Poland",Poland,in_person_inferred,location_text_ungeocoded,,community_meeting,technology,,,,2026-09-28,src_bca1599a2f687a1a,"{""price"":""not_enriched"",""audience_actual"":""not_enriched"",""sponsor_budget"":""not_public"",""coordinates"":""not_geocoded"",""timezone"":null}"
evt_ed7da201fe6279d6,,Django Girls Beira #1,https://djangogirls.org/en/beira/,2025-06-07,2025-06-07,,,,day,inclusive_date; original_ICS_DTEND_is_exclusive,announced,historical,"Beira, Sofala Province, Mozambique",Mozambique,in_person_inferred,location_text_ungeocoded,,community_meeting,technology,,,,2026-09-28,src_bca1599a2f687a1a,"{""price"":""not_enriched"",""audience_actual"":""not_enriched"",""sponsor_budget"":""not_public"",""coordinates"":""not_geocoded"",""timezone"":""not_published""}"
evt_89cf10578ce09a61,ser_31fd4d5967da2beb,PyHEP.dev 2023,https://indico.cern.ch/e/PyHEP2023.dev,2023-07-25,2023-07-28,,,,day,inclusive_date; original_ICS_DTEND_is_exclusive,announced,historical,"Princeton, NJ, United States",United States,in_person_inferred,location_text_ungeocoded,,community_meeting,technology,,,,2026-09-28,src_bca1599a2f687a1a,"{""price"":""not_enriched"",""audience_actual"":""not_enriched"",""sponsor_budget"":""not_public"",""coordinates"":""not_geocoded"",""timezone"":""not_published""}"
evt_b60a357de57ecae7,,NZPUG-Auckland: Python on fire? Dash to the River ,https://www.meetup.com/nzpug-auckland/,2023-04-19,2023-04-19,2023-04-19T06:30:00Z,2023-04-19T08:30:00Z,UTC,second,inclusive_date; original_ICS_DTEND_is_exclusive,announced,historical,"Online and Auckland, New Zealand",New Zealand,online,location_text_ungeocoded,,community_meeting,technology,,,,2026-09-28,src_bca1599a2f687a1a,"{""price"":""not_enriched"",""audience_actual"":""not_enriched"",""sponsor_budget"":""not_public"",""coordinates"":""not_geocoded"",""timezone"":null}"
evt_1e50542671b4be2e,,PyData Heidelberg #12,https://www.meetup.com/de-DE/pydata-suedwest/events/294163882/,2023-12-05,2023-12-05,2023-12-05T17:00:00Z,2023-12-05T20:00:00Z,UTC,second,inclusive_date; original_ICS_DTEND_is_exclusive,announced,historical,"Heidelberg, Germany",Germany,in_person_inferred,location_text_ungeocoded,,conference,technology,,,,2026-09-28,src_bca1599a2f687a1a,"{""price"":""not_enriched"",""audience_actual"":""not_enriched"",""sponsor_budget"":""not_public"",""coordinates"":""not_geocoded"",""timezone"":null}"
evt_6c3f273c022c3ada,,Python Weekend Abuja,https://codecampus.com.ng/python-weekend/,2025-02-22,2025-02-22,2025-02-22T08:00:00,2025-02-22T16:00:00,Africa/Lagos,second,inclusive_date; original_ICS_DTEND_is_exclusive,announced,historical,"Abuja, Federal Capital Territory, Nigeria",Nigeria,in_person_inferred,location_text_ungeocoded,,community_meeting,technology,,,,2026-09-28,src_bca1599a2f687a1a,"{""price"":""not_enriched"",""audience_actual"":""not_enriched"",""sponsor_budget"":""not_public"",""coordinates"":""not_geocoded"",""timezone"":null}"
evt_be1ca948d9ec7102,,BookQuest - Gamifying Libraries for Kids with Python workshop,https://www.edukawa.org/pl/hackthelibrary,2025-05-10,2025-05-10,,,,day,inclusive_date; original_ICS_DTEND_is_exclusive,announced,historical,"Gdansk, Poland",Poland,in_person_inferred,location_text_ungeocoded,,workshop,technology,,,,2026-09-28,src_bca1599a2f687a1a,"{""price"":""not_enriched"",""audience_actual"":""not_enriched"",""sponsor_budget"":""not_public"",""coordinates"":""not_geocoded"",""timezone"":""not_published""}"
evt_fa4ae51ab4966e57,ser_8ec43fd0c26a81c2,"Python New Zealand - Online Group, Learners' Group",https://www.meetup.com/pythonnz-online/events/303246153/,2024-09-25,2024-09-25,2024-09-25T06:30:00Z,2024-09-25T08:30:00Z,UTC,second,inclusive_date; original_ICS_DTEND_is_exclusive,announced,historical,Online,,online,location_text_ungeocoded,,community_meeting,technology,,,,2026-09-28,src_bca1599a2f687a1a,"{""price"":""not_enriched"",""audience_actual"":""not_enriched"",""sponsor_budget"":""not_public"",""coordinates"":""not_geocoded"",""timezone"":null}"
evt_8defeece9bb0ac7c,,Django Girls Bogotá Workshop,https://djangogirls.org/es/bogota/,2025-11-01,2025-11-01,,,,day,inclusive_date; original_ICS_DTEND_is_exclusive,announced,historical,"Bogotá, Colombia",Colombia,in_person_inferred,location_text_ungeocoded,,workshop,technology,,,,2026-09-28,src_bca1599a2f687a1a,"{""price"":""not_enriched"",""audience_actual"":""not_enriched"",""sponsor_budget"":""not_public"",""coordinates"":""not_geocoded"",""timezone"":""not_published""}"
evt_ff9a7403635948a0,,Hamburg Python Pizza,https://hamburg.python.pizza/,2021-12-11,2021-12-11,2021-12-11T09:00:00Z,2021-12-11T18:00:00Z,UTC,second,inclusive_date; original_ICS_DTEND_is_exclusive,announced,historical,Online / Hamburg,,online,location_text_ungeocoded,,community_meeting,technology,,,,2026-09-28,src_bca1599a2f687a1a,"{""price"":""not_enriched"",""audience_actual"":""not_enriched"",""sponsor_budget"":""not_public"",""coordinates"":""not_geocoded"",""timezone"":null}"
evt_437f2683530c8fa9,,Virtual Code & Coffee,https://meet.mscc.mu/VirtualCodeCoffee,2022-10-12,2022-10-12,2022-10-12T05:30:00Z,2022-10-12T07:30:00Z,UTC,second,inclusive_date; original_ICS_DTEND_is_exclusive,announced,historical,Online,,online,location_text_ungeocoded,,community_meeting,technology,,,,2026-09-28,src_bca1599a2f687a1a,"{""price"":""not_enriched"",""audience_actual"":""not_enriched"",""sponsor_budget"":""not_public"",""coordinates"":""not_geocoded"",""timezone"":null}"
evt_64031b1829b32e15,ser_8a6bf48f35265e53,Python Meeting Düsseldorf,https://www.pyddf.de/,2027-11-30,2027-11-30,2027-11-30T17:00:00Z,2027-11-30T20:00:00Z,UTC,second,inclusive_date; original_ICS_DTEND_is_exclusive,announced,upcoming_or_current,"Düsseldorf, Germany",Germany,in_person_inferred,location_text_ungeocoded,,community_meeting,technology,,,,2026-09-28,src_bca1599a2f687a1a,"{""price"":""not_enriched"",""audience_actual"":""not_enriched"",""sponsor_budget"":""not_public"",""coordinates"":""not_geocoded"",""timezone"":null}"
evt_5838fadfc1b5d04e,,Las 4 Ps: Python y Pandas en Pandora Papers,https://www.meetup.com/es-ES/python-madrid/events/282543599/,2021-12-15,2021-12-15,2021-12-15T16:00:00Z,2021-12-15T18:00:00Z,UTC,second,inclusive_date; original_ICS_DTEND_is_exclusive,announced,historical,"Online, Madrid",,online,location_text_ungeocoded,,community_meeting,technology,,,,2026-09-28,src_bca1599a2f687a1a,"{""price"":""not_enriched"",""audience_actual"":""not_enriched"",""sponsor_budget"":""not_public"",""coordinates"":""not_geocoded"",""timezone"":null}"
evt_effb223040c82114,,IndyPy: Lightning Talks,https://www.meetup.com/indypy/events/311855002/,2026-05-05,2026-05-06,2026-05-05T23:00:00Z,2026-05-06T01:00:00Z,UTC,second,inclusive_date; original_ICS_DTEND_is_exclusive,announced,historical,"Indianapolis, IN, USA and Online",United States,hybrid_inferred,location_text_ungeocoded,,community_meeting,technology,,,,2026-09-28,src_bca1599a2f687a1a,"{""price"":""not_enriched"",""audience_actual"":""not_enriched"",""sponsor_budget"":""not_public"",""coordinates"":""not_geocoded"",""timezone"":null}"
evt_6f3dca0e4eb15e26,ser_dc90cb83b176087b,PyLadies Amsterdam: Global AI Bootcamp,https://www.meetup.com/pyladiesams/events/306221786/,2025-03-04,2025-03-04,2025-03-04T17:00:00Z,2025-03-04T20:00:00Z,UTC,second,inclusive_date; original_ICS_DTEND_is_exclusive,announced,historical,Online,,online,location_text_ungeocoded,,community_meeting,technology,,,,2026-09-28,src_bca1599a2f687a1a,"{""price"":""not_enriched"",""audience_actual"":""not_enriched"",""sponsor_budget"":""not_public"",""coordinates"":""not_geocoded"",""timezone"":null}"
evt_5d52fabd19ff5f97,ser_39ac64f985fad182,Helsinki Python meetup,https://www.meetup.com/helpy-meetups/events/306131829/,2025-02-26,2025-02-26,2025-02-26T15:30:00Z,2025-02-26T17:30:00Z,UTC,second,inclusive_date; original_ICS_DTEND_is_exclusive,announced,historical,"Helsinki, Finland",Finland,in_person_inferred,location_text_ungeocoded,,community_meeting,technology,,,,2026-09-28,src_bca1599a2f687a1a,"{""price"":""not_enriched"",""audience_actual"":""not_enriched"",""sponsor_budget"":""not_public"",""coordinates"":""not_geocoded"",""timezone"":null}"
evt_23c44d073385aba7,,Taller gratuito de programación enfocado en las mujeres — Django Girls Cali 2025,https://djangogirls.org/es/cali/,2025-10-04,2025-10-04,,,,day,inclusive_date; original_ICS_DTEND_is_exclusive,announced,historical,"Cali, Colombia",Colombia,in_person_inferred,location_text_ungeocoded,,workshop,technology,,,,2026-09-28,src_bca1599a2f687a1a,"{""price"":""not_enriched"",""audience_actual"":""not_enriched"",""sponsor_budget"":""not_public"",""coordinates"":""not_geocoded"",""timezone"":""not_published""}"
evt_4d6fc62eae37d972,,NZPUG-Auckland  Coding Evening,https://www.meetup.com/nzpug-auckland/events/hgxmwsydcqbkb/,2022-12-07,2022-12-07,2022-12-07T05:30:00Z,2022-12-07T07:30:00Z,UTC,second,inclusive_date; original_ICS_DTEND_is_exclusive,announced,historical,Online,,online,location_text_ungeocoded,,community_meeting,technology,,,,2026-09-28,src_bca1599a2f687a1a,"{""price"":""not_enriched"",""audience_actual"":""not_enriched"",""sponsor_budget"":""not_public"",""coordinates"":""not_geocoded"",""timezone"":null}"
evt_c1fc812209c1e5f7,ser_33246686244da7ef,Django Girls Groningen,https://djangogirls.org/groningen/,2024-05-18,2024-05-18,,,,day,inclusive_date; original_ICS_DTEND_is_exclusive,announced,historical,"Groningen, The Netherlands",Netherlands,in_person_inferred,location_text_ungeocoded,,community_meeting,technology,,,,2026-09-28,src_bca1599a2f687a1a,"{""price"":""not_enriched"",""audience_actual"":""not_enriched"",""sponsor_budget"":""not_public"",""coordinates"":""not_geocoded"",""timezone"":""not_published""}"
evt_7aaec041d2222700,,IndyPy: Python Meets Microcontrollers,https://www.meetup.com/indypy/events/311854930/,2026-01-21,2026-01-21,2026-01-21T00:00:00Z,2026-01-21T02:00:00Z,UTC,second,inclusive_date; original_ICS_DTEND_is_exclusive,announced,historical,"Indianapolis, IN, USA and Online",United States,hybrid_inferred,location_text_ungeocoded,,community_meeting,technology,,,,2026-09-28,src_bca1599a2f687a1a,"{""price"":""not_enriched"",""audience_actual"":""not_enriched"",""sponsor_budget"":""not_public"",""coordinates"":""not_geocoded"",""timezone"":null}"
evt_37ca887c3e181799,,Michigan Python May Meeting,https://www.meetup.com/michigan-python/events/305384919,2025-05-01,2025-05-02,2025-05-01T23:00:00Z,2025-05-02T00:00:00Z,UTC,second,inclusive_date; original_ICS_DTEND_is_exclusive,announced,historical,"Ann Arbor, MI, USA",United States,in_person_inferred,location_text_ungeocoded,,community_meeting,technology,,,,2026-09-28,src_bca1599a2f687a1a,"{""price"":""not_enriched"",""audience_actual"":""not_enriched"",""sponsor_budget"":""not_public"",""coordinates"":""not_geocoded"",""timezone"":null}"
evt_74049a371269896f,,PyLadies Amsterdam + MLOps.Community Meetup,https://www.meetup.com/pyladiesams/events/291311603/,2023-02-23,2023-02-23,2023-02-23T17:00:00Z,2023-02-23T20:00:00Z,UTC,second,inclusive_date; original_ICS_DTEND_is_exclusive,announced,historical,"Amsterdam, the Netherlands",Netherlands,in_person_inferred,location_text_ungeocoded,,community_meeting,technology,,,,2026-09-28,src_bca1599a2f687a1a,"{""price"":""not_enriched"",""audience_actual"":""not_enriched"",""sponsor_budget"":""not_public"",""coordinates"":""not_geocoded"",""timezone"":null}"
evt_3cf761f1e8c6a11d,ser_1cd4caf3df772ee2,Django Girls CDO Workshop 2023,https://djangogirls.org/en/cagayandeoro/,2023-03-04,2023-03-04,,,,day,inclusive_date; original_ICS_DTEND_is_exclusive,announced,historical,"Cagayan de Oro, Philippines",Philippines,in_person_inferred,location_text_ungeocoded,,workshop,technology,,,,2026-09-28,src_bca1599a2f687a1a,"{""price"":""not_enriched"",""audience_actual"":""not_enriched"",""sponsor_budget"":""not_public"",""coordinates"":""not_geocoded"",""timezone"":""not_published""}"
evt_5fc2ba3af4a8b8d2,ser_1e0bc102d3c223b8,Python Leiden User Group,https://pythonleiden.nl/meeting-2026-09-17.html,2026-09-17,2026-09-17,2026-09-17T17:15:00Z,2026-09-17T20:00:00Z,UTC,second,inclusive_date; original_ICS_DTEND_is_exclusive,announced,historical,"Leiden, The Netherlands",Netherlands,in_person_inferred,location_text_ungeocoded,,community_meeting,technology,,,,2026-09-28,src_bca1599a2f687a1a,"{""price"":""not_enriched"",""audience_actual"":""not_enriched"",""sponsor_budget"":""not_public"",""coordinates"":""not_geocoded"",""timezone"":null}"
evt_3b1e71e0f91d4e45,,Statistical Types for Pandas DataFrames and Friends,https://www.eventbrite.co.uk/e/python-live-statistical-types-for-pandas-dataframes-and-friends-tickets-380247780347,2022-07-28,2022-07-28,2022-07-28T16:00:00Z,2022-07-28T17:00:00Z,UTC,second,inclusive_date; original_ICS_DTEND_is_exclusive,announced,historical,Online,,online,location_text_ungeocoded,,community_meeting,technology,,,,2026-09-28,src_bca1599a2f687a1a,"{""price"":""not_enriched"",""audience_actual"":""not_enriched"",""sponsor_budget"":""not_public"",""coordinates"":""not_geocoded"",""timezone"":null}"
evt_d2f82fa381d6ae59,ser_8a6bf48f35265e53,Python Meeting Düsseldorf,https://www.pyddf.de/,2024-10-02,2024-10-02,2024-10-02T16:00:00Z,2024-10-02T19:00:00Z,UTC,second,inclusive_date; original_ICS_DTEND_is_exclusive,announced,historical,"Düsseldorf, Germany",Germany,in_person_inferred,location_text_ungeocoded,,community_meeting,technology,,,,2026-09-28,src_bca1599a2f687a1a,"{""price"":""not_enriched"",""audience_actual"":""not_enriched"",""sponsor_budget"":""not_public"",""coordinates"":""not_geocoded"",""timezone"":null}"
evt_c4817f1185db10ae,,PyLadies Amsterdam: Introduction to BDD in Python,https://www.meetup.com/pyladiesams/events/306653842/,2025-03-31,2025-03-31,2025-03-31T16:00:00Z,2025-03-31T18:15:00Z,UTC,second,inclusive_date; original_ICS_DTEND_is_exclusive,announced,historical,Online,,online,location_text_ungeocoded,,community_meeting,technology,,,,2026-09-28,src_bca1599a2f687a1a,"{""price"":""not_enriched"",""audience_actual"":""not_enriched"",""sponsor_budget"":""not_public"",""coordinates"":""not_geocoded"",""timezone"":null}"
evt_3ec641d53699cf30,,ScaleDown: Optimize AI prompts to reduce verbosity and carbon footprint,https://www.meetup.com/pyladiesams/events/308081339/,2025-06-26,2025-06-26,2025-06-26T16:30:00Z,2025-06-26T18:00:00Z,UTC,second,inclusive_date; original_ICS_DTEND_is_exclusive,announced,historical,online,,online,location_text_ungeocoded,,community_meeting,technology,,,,2026-09-28,src_bca1599a2f687a1a,"{""price"":""not_enriched"",""audience_actual"":""not_enriched"",""sponsor_budget"":""not_public"",""coordinates"":""not_geocoded"",""timezone"":null}"
evt_7e0f1a03809190ec,,Django Girls Maputo #6,https://djangogirls.org/en/maputo,2026-03-21,2026-03-21,,,,day,inclusive_date; original_ICS_DTEND_is_exclusive,announced,historical,"Maputo, Mozambique",Mozambique,in_person_inferred,location_text_ungeocoded,,community_meeting,technology,,,,2026-09-28,src_bca1599a2f687a1a,"{""price"":""not_enriched"",""audience_actual"":""not_enriched"",""sponsor_budget"":""not_public"",""coordinates"":""not_geocoded"",""timezone"":""not_published""}"
evt_4ab46368efb9ff6d,ser_33246686244da7ef,Django Girls Groningen,https://djangogirls.org/groningen/,2023-11-18,2023-11-18,2023-11-18T08:00:00Z,2023-11-18T15:30:00Z,UTC,second,inclusive_date; original_ICS_DTEND_is_exclusive,announced,historical,"KPN Borg, Stationsplein 7, 9726 AE Groningen, The Netherlands",Netherlands,in_person_inferred,location_text_ungeocoded,,community_meeting,technology,,,,2026-09-28,src_bca1599a2f687a1a,"{""price"":""not_enriched"",""audience_actual"":""not_enriched"",""sponsor_budget"":""not_public"",""coordinates"":""not_geocoded"",""timezone"":null}"
evt_a495e787b7e5ec88,,"Python New Zealand, Online Group, Presentation and Code-along-at-home",https://www.meetup.com/pythonnz-online/events/302440285,2024-08-28,2024-08-28,2024-08-28T06:30:00Z,2024-08-28T08:30:00Z,UTC,second,inclusive_date; original_ICS_DTEND_is_exclusive,announced,historical,Online,,online,location_text_ungeocoded,,community_meeting,technology,,,,2026-09-28,src_bca1599a2f687a1a,"{""price"":""not_enriched"",""audience_actual"":""not_enriched"",""sponsor_budget"":""not_public"",""coordinates"":""not_geocoded"",""timezone"":null}"
evt_1a8db605e109b26f,,Taller de programación para mujeres — Django Girls Santa Marta 2025,https://djangogirls.org/es/santamarta/,2025-10-25,2025-10-25,,,,day,inclusive_date; original_ICS_DTEND_is_exclusive,announced,historical,"Santa Marta, Colombia",Colombia,in_person_inferred,location_text_ungeocoded,,workshop,technology,,,,2026-09-28,src_bca1599a2f687a1a,"{""price"":""not_enriched"",""audience_actual"":""not_enriched"",""sponsor_budget"":""not_public"",""coordinates"":""not_geocoded"",""timezone"":""not_published""}"
evt_203be877fa40e6c9,,Python Meeting Düsseldorf: Sprint Sprint / Hackathon,https://www.python.org/events/python-user-group/,2023-03-25,2023-03-26,,,,day,inclusive_date; original_ICS_DTEND_is_exclusive,announced,historical,"Düsseldorf, Germany",Germany,in_person_inferred,location_text_ungeocoded,,hackathon,technology,,,,2026-09-28,src_bca1599a2f687a1a,"{""price"":""not_enriched"",""audience_actual"":""not_enriched"",""sponsor_budget"":""not_public"",""coordinates"":""not_geocoded"",""timezone"":""not_published""}"
evt_74ae7d31d7329b17,ser_654dbf57562ddd13,"NZPUG-Auckland Coding Challenge ""Office Hours"" ",https://www.meetup.com/nzpug-auckland/,2022-11-30,2022-11-30,2022-11-30T05:30:00Z,2022-11-30T06:30:00Z,UTC,second,inclusive_date; original_ICS_DTEND_is_exclusive,announced,historical,Online,,online,location_text_ungeocoded,,community_meeting,technology,,,,2026-09-28,src_bca1599a2f687a1a,"{""price"":""not_enriched"",""audience_actual"":""not_enriched"",""sponsor_budget"":""not_public"",""coordinates"":""not_geocoded"",""timezone"":null}"
evt_cee331b79ddc2c33,,NZPUG-Auckland: Data Ethics,https://www.meetup.com/nzpug-auckland/events/299764076/,2024-04-17,2024-04-17,2024-04-17T06:30:00Z,2024-04-17T08:30:00Z,UTC,second,inclusive_date; original_ICS_DTEND_is_exclusive,announced,historical,Online,,online,location_text_ungeocoded,,community_meeting,technology,,,,2026-09-28,src_bca1599a2f687a1a,"{""price"":""not_enriched"",""audience_actual"":""not_enriched"",""sponsor_budget"":""not_public"",""coordinates"":""not_geocoded"",""timezone"":null}"
evt_3ad4b5f8bdd8e031,ser_1e0bc102d3c223b8,Python Leiden User Group,https://pythonleiden.nl/meeting-2026-07-02.html?py,2026-06-15,2026-06-15,2026-06-15T17:15:00Z,2026-06-15T20:00:00Z,UTC,second,inclusive_date; original_ICS_DTEND_is_exclusive,announced,historical,"Leiden, The Netherlands",Netherlands,in_person_inferred,location_text_ungeocoded,,community_meeting,technology,,,,2026-09-28,src_bca1599a2f687a1a,"{""price"":""not_enriched"",""audience_actual"":""not_enriched"",""sponsor_budget"":""not_public"",""coordinates"":""not_geocoded"",""timezone"":null}"
evt_b914ae05c88ac676,ser_dcbbff70f926a7b7,Django Girls Abraka Workshop 2024,https://djangogirls.org/en/abraka/,2024-06-13,2024-06-14,,,,day,inclusive_date; original_ICS_DTEND_is_exclusive,announced,historical,"Abraka, Nigeria",Nigeria,in_person_inferred,location_text_ungeocoded,,workshop,technology,,,,2026-09-28,src_bca1599a2f687a1a,"{""price"":""not_enriched"",""audience_actual"":""not_enriched"",""sponsor_budget"":""not_public"",""coordinates"":""not_geocoded"",""timezone"":""not_published""}"
evt_e750cebabe753ce1,,Django Girls Abuja,https://djangogirls.org/en/abuja/,2023-08-11,2023-08-12,,,,day,inclusive_date; original_ICS_DTEND_is_exclusive,announced,historical,"Abuja, Nigeria",Nigeria,in_person_inferred,location_text_ungeocoded,,community_meeting,technology,,,,2026-09-28,src_bca1599a2f687a1a,"{""price"":""not_enriched"",""audience_actual"":""not_enriched"",""sponsor_budget"":""not_public"",""coordinates"":""not_geocoded"",""timezone"":""not_published""}"
evt_6ee7fcea5d44b614,,An Introduction to Graph Databases with GQLAlchemy and Python,https://www.meetup.com/nl-NL/PyLadiesAMS/events/284174070/,2022-03-29,2022-03-29,2022-03-29T16:30:00Z,2022-03-29T18:00:00Z,UTC,second,inclusive_date; original_ICS_DTEND_is_exclusive,announced,historical,Online,,online,location_text_ungeocoded,,community_meeting,technology,,,,2026-09-28,src_bca1599a2f687a1a,"{""price"":""not_enriched"",""audience_actual"":""not_enriched"",""sponsor_budget"":""not_public"",""coordinates"":""not_geocoded"",""timezone"":null}"
evt_94192e5823dd6c5a,,Building Scalable Web Apps with Python,https://www.eventbrite.com/e/building-scalable-web-apps-with-python-tickets-374326419397,2022-07-11,2022-07-15,,,,day,inclusive_date; original_ICS_DTEND_is_exclusive,announced,historical,"Online and Abraka, Delta State, Nigeria",Nigeria,online,location_text_ungeocoded,,community_meeting,technology,,,,2026-09-28,src_bca1599a2f687a1a,"{""price"":""not_enriched"",""audience_actual"":""not_enriched"",""sponsor_budget"":""not_public"",""coordinates"":""not_geocoded"",""timezone"":""not_published""}"
evt_90da8a508497bce2,ser_8a6bf48f35265e53,Python Meeting Düsseldorf,https://www.pyddf.de/,2022-03-30,2022-03-30,2022-03-30T16:00:00Z,2022-03-30T18:00:00Z,UTC,second,inclusive_date; original_ICS_DTEND_is_exclusive,announced,historical,"Düsseldorf, Germany",Germany,in_person_inferred,location_text_ungeocoded,,community_meeting,technology,,,,2026-09-28,src_bca1599a2f687a1a,"{""price"":""not_enriched"",""audience_actual"":""not_enriched"",""sponsor_budget"":""not_public"",""coordinates"":""not_geocoded"",""timezone"":null}"
evt_5d67dff2d9433141,,An introduction to geodata in Python,https://www.meetup.com/pyladiesams/events/296507394/,2023-10-25,2023-10-25,2023-10-25T16:00:00Z,2023-10-25T17:30:00Z,UTC,second,inclusive_date; original_ICS_DTEND_is_exclusive,announced,historical,,,unknown,unknown,,community_meeting,technology,,,,2026-09-28,src_bca1599a2f687a1a,"{""price"":""not_enriched"",""audience_actual"":""not_enriched"",""sponsor_budget"":""not_public"",""coordinates"":""not_geocoded"",""timezone"":null}"
evt_7154c72c97435330,,Python Kino-Barcamp Südost,https://barcamps.eu/python-barcamp-suedost-2025/,2025-11-14,2025-11-16,,,,day,inclusive_date; original_ICS_DTEND_is_exclusive,announced,historical,"Peißenberg, Germany",Germany,in_person_inferred,location_text_ungeocoded,,community_meeting,technology,,,,2026-09-28,src_bca1599a2f687a1a,"{""price"":""not_enriched"",""audience_actual"":""not_enriched"",""sponsor_budget"":""not_public"",""coordinates"":""not_geocoded"",""timezone"":""not_published""}"
evt_5deaec442ecd2887,,April Helsinki Python meetup - Wolt x Aiven,https://www.meetup.com/helpy-meetups/events/299649951/,2024-04-03,2024-04-03,2024-04-03T14:30:00Z,2024-04-03T16:30:00Z,UTC,second,inclusive_date; original_ICS_DTEND_is_exclusive,announced,historical,"Helsinki, Finland",Finland,in_person_inferred,location_text_ungeocoded,,community_meeting,technology,,,,2026-09-28,src_bca1599a2f687a1a,"{""price"":""not_enriched"",""audience_actual"":""not_enriched"",""sponsor_budget"":""not_public"",""coordinates"":""not_geocoded"",""timezone"":null}"
evt_a8c1c41b1a389be3,,Careers with Python: Volume 2,https://www.meetup.com/pyladiesams/events/293631462/,2023-06-20,2023-06-20,2023-06-20T16:30:00Z,2023-06-20T18:30:00Z,UTC,second,inclusive_date; original_ICS_DTEND_is_exclusive,announced,historical,"Johan Huizingalaan 763A, 1066 VH Amsterdam, Netherlands",Netherlands,in_person_inferred,location_text_ungeocoded,,community_meeting,technology,,,,2026-09-28,src_bca1599a2f687a1a,"{""price"":""not_enriched"",""audience_actual"":""not_enriched"",""sponsor_budget"":""not_public"",""coordinates"":""not_geocoded"",""timezone"":null}"
evt_4b1f9a1de2a0267f,,Python Live: Python Monolith: Solutions beyond microservices,https://www.eventbrite.co.uk/e/323909480977,2022-05-24,2022-05-24,2022-05-24T20:00:00Z,2022-05-24T21:00:00Z,UTC,second,inclusive_date; original_ICS_DTEND_is_exclusive,announced,historical,Online,,online,location_text_ungeocoded,,community_meeting,technology,,,,2026-09-28,src_bca1599a2f687a1a,"{""price"":""not_enriched"",""audience_actual"":""not_enriched"",""sponsor_budget"":""not_public"",""coordinates"":""not_geocoded"",""timezone"":null}"
evt_c697118d3b493feb,,An applied introduction to Finite State Machines,https://www.meetup.com/nzpug-auckland/,2022-09-21,2022-09-21,2022-09-21T06:30:00Z,2022-09-21T08:30:00Z,UTC,second,inclusive_date; original_ICS_DTEND_is_exclusive,announced,historical,Online from New Zealand,New Zealand,online,location_text_ungeocoded,,community_meeting,technology,,,,2026-09-28,src_bca1599a2f687a1a,"{""price"":""not_enriched"",""audience_actual"":""not_enriched"",""sponsor_budget"":""not_public"",""coordinates"":""not_geocoded"",""timezone"":null}"
evt_fa3612d924c8e87d,,Python in Education Day,https://scienceoxford.com/python-in-education-day/,2024-10-14,2024-10-14,2024-10-14T08:15:00Z,2024-10-14T15:45:00Z,UTC,second,inclusive_date; original_ICS_DTEND_is_exclusive,announced,historical,"Oxford, UK",United Kingdom,in_person_inferred,location_text_ungeocoded,,community_meeting,technology,,,,2026-09-28,src_bca1599a2f687a1a,"{""price"":""not_enriched"",""audience_actual"":""not_enriched"",""sponsor_budget"":""not_public"",""coordinates"":""not_geocoded"",""timezone"":null}"
evt_c9758b492cefad52,,Big PyData BBQ #5: Large Language Models,https://www.meetup.com/de-DE/pydata-suedwest/events/295202051/,2023-09-21,2023-09-21,2023-09-21T16:00:00Z,2023-09-21T20:00:00Z,UTC,second,inclusive_date; original_ICS_DTEND_is_exclusive,announced,historical,"Heidelberg, Germany",Germany,in_person_inferred,location_text_ungeocoded,,conference,technology,,,,2026-09-28,src_bca1599a2f687a1a,"{""price"":""not_enriched"",""audience_actual"":""not_enriched"",""sponsor_budget"":""not_public"",""coordinates"":""not_geocoded"",""timezone"":null}"
evt_6db2b77dcb8ad4c2,ser_d8f673ab76ac8a79,TOUFU - Parent-Child Python Programming Workshop,https://ohtoufu.com/education/register/ichikawa/2024-04/,2024-04-29,2024-04-29,,,,day,inclusive_date; original_ICS_DTEND_is_exclusive,announced,historical,"Ichikawa City, Chiba Prefecture, Japan",Japan,in_person_inferred,location_text_ungeocoded,,workshop,technology,,,,2026-09-28,src_bca1599a2f687a1a,"{""price"":""not_enriched"",""audience_actual"":""not_enriched"",""sponsor_budget"":""not_public"",""coordinates"":""not_geocoded"",""timezone"":""not_published""}"
evt_bd74e048c2d1e39d,ser_8a6bf48f35265e53,Python Meeting Düsseldorf,https://www.pyddf.de/,2027-09-22,2027-09-22,2027-09-22T16:00:00Z,2027-09-22T19:00:00Z,UTC,second,inclusive_date; original_ICS_DTEND_is_exclusive,announced,upcoming_or_current,"Düsseldorf, Germany",Germany,in_person_inferred,location_text_ungeocoded,,community_meeting,technology,,,,2026-09-28,src_bca1599a2f687a1a,"{""price"":""not_enriched"",""audience_actual"":""not_enriched"",""sponsor_budget"":""not_public"",""coordinates"":""not_geocoded"",""timezone"":null}"
evt_b223eba33e50886e,,Python Ugep 2025,https://roynek.com/python_ugep/,2024-11-22,2024-11-22,,,,day,inclusive_date; original_ICS_DTEND_is_exclusive,announced,historical,"Ugep, Nigeria",Nigeria,in_person_inferred,location_text_ungeocoded,,community_meeting,technology,,,,2026-09-28,src_bca1599a2f687a1a,"{""price"":""not_enriched"",""audience_actual"":""not_enriched"",""sponsor_budget"":""not_public"",""coordinates"":""not_geocoded"",""timezone"":""not_published""}"
evt_d872a5e68838304b,,Fundamentals of Machine Learning with Python,https://www.eventbrite.com/e/fundamentals-of-machine-learning-with-python-tickets-376218679197,2022-08-15,2022-08-19,,,,day,inclusive_date; original_ICS_DTEND_is_exclusive,announced,historical,"Online and Abraka, Delta State, Nigeria",Nigeria,online,location_text_ungeocoded,,community_meeting,technology,,,,2026-09-28,src_bca1599a2f687a1a,"{""price"":""not_enriched"",""audience_actual"":""not_enriched"",""sponsor_budget"":""not_public"",""coordinates"":""not_geocoded"",""timezone"":""not_published""}"
evt_1b4f809adc542ba4,ser_d8f673ab76ac8a79,TOUFU - Parent-Child Python Programming Workshop,https://ohtoufu.com/education/register/ichikawa/2024-04/,2024-05-05,2024-05-05,,,,day,inclusive_date; original_ICS_DTEND_is_exclusive,announced,historical,"Ichikawa City, Chiba Prefecture, Japan",Japan,in_person_inferred,location_text_ungeocoded,,workshop,technology,,,,2026-09-28,src_bca1599a2f687a1a,"{""price"":""not_enriched"",""audience_actual"":""not_enriched"",""sponsor_budget"":""not_public"",""coordinates"":""not_geocoded"",""timezone"":""not_published""}"
evt_c2fd477af6ad84f0,,Interactively Exploring & Revealing ALL Your Data With hvPlot,https://www.eventbrite.co.uk/e/python-live-interactively-exploring-revealing-all-your-data-with-hvplot-tickets-391039478607,2022-08-09,2022-08-09,2022-08-09T16:00:00Z,2022-08-09T17:00:00Z,UTC,second,inclusive_date; original_ICS_DTEND_is_exclusive,announced,historical,Online,,online,location_text_ungeocoded,,community_meeting,technology,,,,2026-09-28,src_bca1599a2f687a1a,"{""price"":""not_enriched"",""audience_actual"":""not_enriched"",""sponsor_budget"":""not_public"",""coordinates"":""not_geocoded"",""timezone"":null}"
evt_75fd79a7117be237,,Django on the Med 2026,https://djangomed.eu/2026/,2026-09-23,2026-09-25,,,,day,inclusive_date; original_ICS_DTEND_is_exclusive,announced,historical,"Pescara, Italy",Italy,in_person_inferred,location_text_ungeocoded,,community_meeting,technology,,,,2026-09-28,src_bca1599a2f687a1a,"{""price"":""not_enriched"",""audience_actual"":""not_enriched"",""sponsor_budget"":""not_public"",""coordinates"":""not_geocoded"",""timezone"":""not_published""}"
evt_6cf46299022d5c15,,PyLadies Amsterdam: Building with Coding Agents — Ship a Python Streamlit dashboard,https://www.meetup.com/pyladiesams/events/315542536/,2026-07-14,2026-07-14,2026-07-14T16:30:00Z,2026-07-14T18:00:00Z,UTC,second,inclusive_date; original_ICS_DTEND_is_exclusive,announced,historical,Online,,online,location_text_ungeocoded,,community_meeting,technology,,,,2026-09-28,src_bca1599a2f687a1a,"{""price"":""not_enriched"",""audience_actual"":""not_enriched"",""sponsor_budget"":""not_public"",""coordinates"":""not_geocoded"",""timezone"":null}"
evt_af5c6933fb8159e9,ser_de0c5cc1a026e0a3,Global AI Bootcamp,https://www.meetup.com/pyladiesams/events/291662118/,2023-03-02,2023-03-02,2023-03-02T17:00:00Z,2023-03-02T19:00:00Z,UTC,second,inclusive_date; original_ICS_DTEND_is_exclusive,announced,historical,Online,,online,location_text_ungeocoded,,community_meeting,technology,,,,2026-09-28,src_bca1599a2f687a1a,"{""price"":""not_enriched"",""audience_actual"":""not_enriched"",""sponsor_budget"":""not_public"",""coordinates"":""not_geocoded"",""timezone"":null}"
evt_55527464e377cef3,ser_8a6bf48f35265e53,Python Meeting Düsseldorf,https://www.pyddf.de/,2023-06-07,2023-06-07,2023-06-07T16:00:00Z,2023-06-07T19:00:00Z,UTC,second,inclusive_date; original_ICS_DTEND_is_exclusive,announced,historical,"Düsseldorf, Germany",Germany,in_person_inferred,location_text_ungeocoded,,community_meeting,technology,,,,2026-09-28,src_bca1599a2f687a1a,"{""price"":""not_enriched"",""audience_actual"":""not_enriched"",""sponsor_budget"":""not_public"",""coordinates"":""not_geocoded"",""timezone"":null}"
evt_e7c0b2f324524845,ser_4a358104d3b19443,PyCamp Leipzig 2025,https://barcamps.eu/python-barcamp-leipzig-2025/,2025-06-28,2025-06-29,,,,day,inclusive_date; original_ICS_DTEND_is_exclusive,announced,historical,"Leipzig, Germany",Germany,in_person_inferred,location_text_ungeocoded,,community_meeting,technology,,,,2026-09-28,src_bca1599a2f687a1a,"{""price"":""not_enriched"",""audience_actual"":""not_enriched"",""sponsor_budget"":""not_public"",""coordinates"":""not_geocoded"",""timezone"":""not_published""}"
evt_b3dab3e33f75c317,ser_1e0bc102d3c223b8,Python Leiden User Group,https://pythonleiden.nl/meeting-2025-09-04.html,2025-09-04,2025-09-04,2025-09-04T18:00:00Z,2025-09-04T20:00:00Z,UTC,second,inclusive_date; original_ICS_DTEND_is_exclusive,announced,historical,"Leiden, The Netherlands",Netherlands,in_person_inferred,location_text_ungeocoded,,community_meeting,technology,,,,2026-09-28,src_bca1599a2f687a1a,"{""price"":""not_enriched"",""audience_actual"":""not_enriched"",""sponsor_budget"":""not_public"",""coordinates"":""not_geocoded"",""timezone"":null}"
evt_eef12d21d0b907b9,ser_8a6bf48f35265e53,Python Meeting Düsseldorf,https://www.pyddf.de/,2027-02-24,2027-02-24,2027-02-24T17:00:00Z,2027-02-24T20:00:00Z,UTC,second,inclusive_date; original_ICS_DTEND_is_exclusive,announced,upcoming_or_current,"Düsseldorf, Germany",Germany,in_person_inferred,location_text_ungeocoded,,community_meeting,technology,,,,2026-09-28,src_bca1599a2f687a1a,"{""price"":""not_enriched"",""audience_actual"":""not_enriched"",""sponsor_budget"":""not_public"",""coordinates"":""not_geocoded"",""timezone"":null}"
evt_9b69e006f72f98b5,,Python New Zealand: GNSS Reflectivity to map inner hurricane wind speeds from space,https://www.meetup.com/pythonnz-online/events/304513325/,2024-11-28,2024-11-28,2024-11-28T05:00:00Z,2024-11-28T07:00:00Z,UTC,second,inclusive_date; original_ICS_DTEND_is_exclusive,announced,historical,Online,,online,location_text_ungeocoded,,community_meeting,technology,,,,2026-09-28,src_bca1599a2f687a1a,"{""price"":""not_enriched"",""audience_actual"":""not_enriched"",""sponsor_budget"":""not_public"",""coordinates"":""not_geocoded"",""timezone"":null}"
evt_7df9b14f4b3990bf,,Jupyter Sprint,https://pythoncientifico.ar/events/sprints/,2022-09-26,2022-09-28,,,,day,inclusive_date; original_ICS_DTEND_is_exclusive,announced,historical,"Salta, Argentina and Online",Argentina,hybrid_inferred,location_text_ungeocoded,,sprint,technology,,,,2026-09-28,src_bca1599a2f687a1a,"{""price"":""not_enriched"",""audience_actual"":""not_enriched"",""sponsor_budget"":""not_public"",""coordinates"":""not_geocoded"",""timezone"":""not_published""}"
evt_da963b5d8c54ed8a,,Buea - Creating Python Communities and outreach,https://nokidbehind.org/buea,2025-08-08,2025-08-08,,,,day,inclusive_date; original_ICS_DTEND_is_exclusive,announced,historical,"Buea, Cameroon",Cameroon,in_person_inferred,location_text_ungeocoded,,community_meeting,technology,,,,2026-09-28,src_bca1599a2f687a1a,"{""price"":""not_enriched"",""audience_actual"":""not_enriched"",""sponsor_budget"":""not_public"",""coordinates"":""not_geocoded"",""timezone"":""not_published""}"
evt_646d4301efe250b4,,PyConnect Panama 2023,https://www.meetup.com/python-panama,2023-10-13,2023-10-14,,,,day,inclusive_date; original_ICS_DTEND_is_exclusive,announced,historical,"Panama City, Panama",Panama,in_person_inferred,location_text_ungeocoded,,conference,technology,,,,2026-09-28,src_bca1599a2f687a1a,"{""price"":""not_enriched"",""audience_actual"":""not_enriched"",""sponsor_budget"":""not_public"",""coordinates"":""not_geocoded"",""timezone"":""not_published""}"
evt_a277c9c7761355cd,ser_8a6bf48f35265e53,Python Meeting Düsseldorf,https://www.pyddf.de/,2024-04-17,2024-04-17,2024-04-17T16:00:00Z,2024-04-17T19:00:00Z,UTC,second,inclusive_date; original_ICS_DTEND_is_exclusive,announced,historical,"Düsseldorf, Germany",Germany,in_person_inferred,location_text_ungeocoded,,community_meeting,technology,,,,2026-09-28,src_bca1599a2f687a1a,"{""price"":""not_enriched"",""audience_actual"":""not_enriched"",""sponsor_budget"":""not_public"",""coordinates"":""not_geocoded"",""timezone"":null}"
evt_e031096e2872cd62,,"NZPUG-Auckland: Problem-solving, perspectives, programming, and presentation",https://www.meetup.com/nzpug-auckland/events/njdjssydcnbzb/,2022-10-19,2022-10-19,2022-10-19T05:30:00Z,2022-10-19T07:30:00Z,UTC,second,inclusive_date; original_ICS_DTEND_is_exclusive,announced,historical,Online,,online,location_text_ungeocoded,,community_meeting,technology,,,,2026-09-28,src_bca1599a2f687a1a,"{""price"":""not_enriched"",""audience_actual"":""not_enriched"",""sponsor_budget"":""not_public"",""coordinates"":""not_geocoded"",""timezone"":null}"
evt_650fa0761a9fc55f,ser_0954a87f1bf6366e,Django - The Powerhouse,https://www.meetup.com/pythonnz-auckland/events/301951877/,2024-07-07,2024-07-07,2024-07-07T21:00:00Z,2024-07-07T22:30:00Z,UTC,second,inclusive_date; original_ICS_DTEND_is_exclusive,announced,historical,"11100 W 8th Ave, Lakewood, CO 80215, USA",United States,in_person_inferred,location_text_ungeocoded,,community_meeting,technology,,,,2026-09-28,src_bca1599a2f687a1a,"{""price"":""not_enriched"",""audience_actual"":""not_enriched"",""sponsor_budget"":""not_public"",""coordinates"":""not_geocoded"",""timezone"":null}"
evt_f8a72172bac5eded,,Jupyter,https://www.meetup.com/pythonnz-online/events/302440401/,2024-09-18,2024-09-18,2024-09-18T06:30:00Z,2024-09-18T08:30:00Z,UTC,second,inclusive_date; original_ICS_DTEND_is_exclusive,announced,historical,online,,online,location_text_ungeocoded,,community_meeting,technology,,,,2026-09-28,src_bca1599a2f687a1a,"{""price"":""not_enriched"",""audience_actual"":""not_enriched"",""sponsor_budget"":""not_public"",""coordinates"":""not_geocoded"",""timezone"":null}"
evt_6341bbe7757acfdc,ser_b853714791da5442,PythonCamp Rügen 2024,https://barcamps.eu/pyr2024/,2024-09-21,2024-09-22,,,,day,inclusive_date; original_ICS_DTEND_is_exclusive,announced,historical,"Lietzow, Germany",Germany,in_person_inferred,location_text_ungeocoded,,community_meeting,technology,,,,2026-09-28,src_bca1599a2f687a1a,"{""price"":""not_enriched"",""audience_actual"":""not_enriched"",""sponsor_budget"":""not_public"",""coordinates"":""not_geocoded"",""timezone"":""not_published""}"
evt_283eadd78afcaa1f,ser_bb765f16f55e379f,Workshop: Creating Python Communities,https://python-gm.org/event-details/,2025-09-09,2025-09-09,,,,day,inclusive_date; original_ICS_DTEND_is_exclusive,announced,historical,"Banjul, The Gambia",Gambia,in_person_inferred,location_text_ungeocoded,,workshop,technology,,,,2026-09-28,src_bca1599a2f687a1a,"{""price"":""not_enriched"",""audience_actual"":""not_enriched"",""sponsor_budget"":""not_public"",""coordinates"":""not_geocoded"",""timezone"":""not_published""}"
evt_3b82eec2d105cc0a,,PyLadies Amsterdam: NLP projects with spaCy,https://www.meetup.com/pyladiesams/events/301064956/,2024-05-29,2024-05-29,2024-05-29T16:30:00Z,2024-05-29T18:00:00Z,UTC,second,inclusive_date; original_ICS_DTEND_is_exclusive,announced,historical,Online,,online,location_text_ungeocoded,,community_meeting,technology,,,,2026-09-28,src_bca1599a2f687a1a,"{""price"":""not_enriched"",""audience_actual"":""not_enriched"",""sponsor_budget"":""not_public"",""coordinates"":""not_geocoded"",""timezone"":null}"
evt_2c50b3bf523779ba,,NZPUG-Hamilton: AST module,https://www.meetup.com/nzpug-hamilton/events/283776844/,2022-09-12,2022-09-12,2022-09-12T07:00:00Z,2022-09-12T09:30:00Z,UTC,second,inclusive_date; original_ICS_DTEND_is_exclusive,announced,historical,"Online, New Zealand",New Zealand,online,location_text_ungeocoded,,community_meeting,technology,,,,2026-09-28,src_bca1599a2f687a1a,"{""price"":""not_enriched"",""audience_actual"":""not_enriched"",""sponsor_budget"":""not_public"",""coordinates"":""not_geocoded"",""timezone"":null}"
evt_e2e510068d358994,,PyCamp España 2025,https://pycamp.es/,2025-05-01,2025-05-04,,,,day,inclusive_date; original_ICS_DTEND_is_exclusive,announced,historical,"Sevilla, Spain",Spain,in_person_inferred,location_text_ungeocoded,,community_meeting,technology,,,,2026-09-28,src_bca1599a2f687a1a,"{""price"":""not_enriched"",""audience_actual"":""not_enriched"",""sponsor_budget"":""not_public"",""coordinates"":""not_geocoded"",""timezone"":""not_published""}"
evt_3b2c502b22f4fbb1,,PyCamp Leipzig 2022,https://barcamps.eu/pycamp-leipzig-2022/,2022-01-29,2022-01-30,,,,day,inclusive_date; original_ICS_DTEND_is_exclusive,announced,historical,Online,,online,location_text_ungeocoded,,community_meeting,technology,,,,2026-09-28,src_bca1599a2f687a1a,"{""price"":""not_enriched"",""audience_actual"":""not_enriched"",""sponsor_budget"":""not_public"",""coordinates"":""not_geocoded"",""timezone"":""not_published""}"
evt_da84603b4444c878,,"NZPUG-Auckland: Python, MongoDB, and AI",https://www.meetup.com/pythonnz-auckland/events/301572188/,2024-07-17,2024-07-17,2024-07-17T06:30:00Z,2024-07-17T08:30:00Z,UTC,second,inclusive_date; original_ICS_DTEND_is_exclusive,announced,historical,Online,,online,location_text_ungeocoded,,community_meeting,technology,,,,2026-09-28,src_bca1599a2f687a1a,"{""price"":""not_enriched"",""audience_actual"":""not_enriched"",""sponsor_budget"":""not_public"",""coordinates"":""not_geocoded"",""timezone"":null}"
evt_c2fed92692ede59c,,Django Girls Malabo,https://djangogirls.org/en/malabo/,2022-05-21,2022-05-21,,,,day,inclusive_date; original_ICS_DTEND_is_exclusive,announced,historical,"Malabo, Equatorial Guinea",Equatorial Guinea,in_person_inferred,location_text_ungeocoded,,community_meeting,technology,,,,2026-09-28,src_bca1599a2f687a1a,"{""price"":""not_enriched"",""audience_actual"":""not_enriched"",""sponsor_budget"":""not_public"",""coordinates"":""not_geocoded"",""timezone"":""not_published""}"
evt_2144134cfbaff628,,Django Girls Jos,https://djangogirls.org/jos/,2025-04-26,2025-04-26,,,,day,inclusive_date; original_ICS_DTEND_is_exclusive,announced,historical,"Jos, Nigeria",Nigeria,in_person_inferred,location_text_ungeocoded,,community_meeting,technology,,,,2026-09-28,src_bca1599a2f687a1a,"{""price"":""not_enriched"",""audience_actual"":""not_enriched"",""sponsor_budget"":""not_public"",""coordinates"":""not_geocoded"",""timezone"":""not_published""}"
evt_52a98968a03607de,ser_33246686244da7ef,Django Girls Groningen,https://djangogirls.org/groningen/,2021-11-13,2021-11-13,2021-11-13T09:00:00Z,2021-11-13T16:30:00Z,UTC,second,inclusive_date; original_ICS_DTEND_is_exclusive,announced,historical,"Het Kasteel, Melkweg 1, 9718 EP Groningen, The Netherlands",Netherlands,in_person_inferred,location_text_ungeocoded,,community_meeting,technology,,,,2026-09-28,src_bca1599a2f687a1a,"{""price"":""not_enriched"",""audience_actual"":""not_enriched"",""sponsor_budget"":""not_public"",""coordinates"":""not_geocoded"",""timezone"":null}"
evt_8b6b8840d6cf185b,,"The When of Python, and Dependency Injection Principle",https://www.meetup.com/nzpug-auckland/,2023-10-18,2023-10-18,2023-10-18T05:15:00Z,2023-10-18T07:30:00Z,UTC,second,inclusive_date; original_ICS_DTEND_is_exclusive,announced,historical,New Zealand,New Zealand,in_person_inferred,location_text_ungeocoded,,community_meeting,technology,,,,2026-09-28,src_bca1599a2f687a1a,"{""price"":""not_enriched"",""audience_actual"":""not_enriched"",""sponsor_budget"":""not_public"",""coordinates"":""not_geocoded"",""timezone"":null}"
evt_d56946d50a9568ba,,Meet the NZPUG PRESIDENT,https://www.meetup.com/NZPUG-Auckland/events/283369885/,2022-04-20,2022-04-20,2022-04-20T06:30:00Z,2022-04-20T08:30:00Z,UTC,second,inclusive_date; original_ICS_DTEND_is_exclusive,announced,historical,Online,,online,location_text_ungeocoded,,community_meeting,technology,,,,2026-09-28,src_bca1599a2f687a1a,"{""price"":""not_enriched"",""audience_actual"":""not_enriched"",""sponsor_budget"":""not_public"",""coordinates"":""not_geocoded"",""timezone"":null}"
evt_612aaae6f98fc90a,ser_01347ef3e733b37f,Django Girls Ho 2026,https://djangogirls.org/en/ho/,2026-10-22,2026-10-23,,,,day,inclusive_date; original_ICS_DTEND_is_exclusive,announced,upcoming_or_current,"Ho, Ghana",Ghana,in_person_inferred,location_text_ungeocoded,,community_meeting,technology,,,,2026-09-28,src_bca1599a2f687a1a,"{""price"":""not_enriched"",""audience_actual"":""not_enriched"",""sponsor_budget"":""not_public"",""coordinates"":""not_geocoded"",""timezone"":""not_published""}"
evt_b5cd17a2332568c5,,Django User Group Berlin,https://www.meetup.com/django-user-group-berlin/,2025-06-05,2025-06-05,2025-06-05T16:30:00Z,2025-06-05T19:00:00Z,UTC,second,inclusive_date; original_ICS_DTEND_is_exclusive,announced,historical,"Berlin, Germany",Germany,in_person_inferred,location_text_ungeocoded,,community_meeting,technology,,,,2026-09-28,src_bca1599a2f687a1a,"{""price"":""not_enriched"",""audience_actual"":""not_enriched"",""sponsor_budget"":""not_public"",""coordinates"":""not_geocoded"",""timezone"":null}"
evt_0f446634002d32ee,ser_8a6bf48f35265e53,Python Meeting Düsseldorf,https://www.pyddf.de/,2024-07-03,2024-07-03,2024-07-03T16:00:00Z,2024-07-03T19:00:00Z,UTC,second,inclusive_date; original_ICS_DTEND_is_exclusive,announced,historical,"Düsseldorf, Germany",Germany,in_person_inferred,location_text_ungeocoded,,community_meeting,technology,,,,2026-09-28,src_bca1599a2f687a1a,"{""price"":""not_enriched"",""audience_actual"":""not_enriched"",""sponsor_budget"":""not_public"",""coordinates"":""not_geocoded"",""timezone"":null}"
evt_fe6e9215fec4590a,,"IndyPy - Developer Tools: Code Faster, Work Smarter",https://www.meetup.com/indypy/events/305147717/,2025-04-15,2025-04-16,2025-04-15T23:00:00Z,2025-04-16T01:00:00Z,UTC,second,inclusive_date; original_ICS_DTEND_is_exclusive,announced,historical,"8415 Allison Pointe Blvd suite 110, Indianapolis, IN 46250, USA",United States,in_person_inferred,location_text_ungeocoded,,community_meeting,technology,,,,2026-09-28,src_bca1599a2f687a1a,"{""price"":""not_enriched"",""audience_actual"":""not_enriched"",""sponsor_budget"":""not_public"",""coordinates"":""not_geocoded"",""timezone"":null}"
evt_de2f158d806fd72f,ser_1e0bc102d3c223b8,Python Leiden User Group ,https://pythonleiden.nl/meeting-2026-09-17.html,2026-09-17,2026-09-17,2026-09-17T17:15:00Z,2026-09-17T20:00:00Z,UTC,second,inclusive_date; original_ICS_DTEND_is_exclusive,announced,historical,"Leiden, Netherlands",Netherlands,in_person_inferred,location_text_ungeocoded,,community_meeting,technology,,,,2026-09-28,src_bca1599a2f687a1a,"{""price"":""not_enriched"",""audience_actual"":""not_enriched"",""sponsor_budget"":""not_public"",""coordinates"":""not_geocoded"",""timezone"":null}"
evt_fc417c6fbaaf8a8f,ser_d8f673ab76ac8a79,TOUFU - Parent-Child Python Programming Workshop,https://ohtoufu.com/education/register/kochi/2023-10/,2023-10-29,2023-10-29,,,,day,inclusive_date; original_ICS_DTEND_is_exclusive,announced,historical,"Kouenji Temple, 〒105-0001 3-23-10, Toranomon, Minato-ku, Tokyo, Japan",Japan,in_person_inferred,location_text_ungeocoded,,workshop,technology,,,,2026-09-28,src_bca1599a2f687a1a,"{""price"":""not_enriched"",""audience_actual"":""not_enriched"",""sponsor_budget"":""not_public"",""coordinates"":""not_geocoded"",""timezone"":""not_published""}"
evt_8748e36e7b87304a,,May Helsinki Python meetup,https://www.meetup.com/helpy-meetups/events/299649951/,2024-05-07,2024-05-07,2024-05-07T14:30:00Z,2024-05-07T16:30:00Z,UTC,second,inclusive_date; original_ICS_DTEND_is_exclusive,announced,historical,"Helsinki, Finland",Finland,in_person_inferred,location_text_ungeocoded,,community_meeting,technology,,,,2026-09-28,src_bca1599a2f687a1a,"{""price"":""not_enriched"",""audience_actual"":""not_enriched"",""sponsor_budget"":""not_public"",""coordinates"":""not_geocoded"",""timezone"":null}"
evt_2fdbcd0f2aa7d5f4,ser_d8f673ab76ac8a79,TOUFU - Parent-Child Python Programming Workshop,https://ohtoufu.com/education/register/minato/2023-11/,2023-11-19,2023-11-19,,,,day,inclusive_date; original_ICS_DTEND_is_exclusive,announced,historical,"Kouenji Temple, 〒105-0001 3-23-10, Toranomon, Minato-ku, Tokyo, Japan",Japan,in_person_inferred,location_text_ungeocoded,,workshop,technology,,,,2026-09-28,src_bca1599a2f687a1a,"{""price"":""not_enriched"",""audience_actual"":""not_enriched"",""sponsor_budget"":""not_public"",""coordinates"":""not_geocoded"",""timezone"":""not_published""}"
evt_eb62cd7e8b06fe41,ser_d8f673ab76ac8a79,TOUFU - Parent-Child Python Programming Workshop,https://ohtoufu.com/education/register/ichikawa/2024-04/,2024-05-06,2024-05-06,,,,day,inclusive_date; original_ICS_DTEND_is_exclusive,announced,historical,"Ichikawa City, Chiba Prefecture, Japan",Japan,in_person_inferred,location_text_ungeocoded,,workshop,technology,,,,2026-09-28,src_bca1599a2f687a1a,"{""price"":""not_enriched"",""audience_actual"":""not_enriched"",""sponsor_budget"":""not_public"",""coordinates"":""not_geocoded"",""timezone"":""not_published""}"
evt_e7884569e364b292,,The 81th meeting of Tehran Python users group,https://evand.com/events/tehlug271,2023-11-30,2023-11-30,2023-11-30T10:30:00Z,2023-11-30T12:30:00Z,UTC,second,inclusive_date; original_ICS_DTEND_is_exclusive,announced,historical,"Tehran, Iran ",Iran,in_person_inferred,location_text_ungeocoded,,community_meeting,technology,,,,2026-09-28,src_bca1599a2f687a1a,"{""price"":""not_enriched"",""audience_actual"":""not_enriched"",""sponsor_budget"":""not_public"",""coordinates"":""not_geocoded"",""timezone"":null}"
evt_a6096d896615d770,,Build a Data Science Portfolio that Gets You Noticed,https://www.meetup.com/pyladiesams/events/302233672/,2024-08-27,2024-08-27,2024-08-27T16:30:00Z,2024-08-27T17:45:00Z,UTC,second,inclusive_date; original_ICS_DTEND_is_exclusive,announced,historical,,,unknown,unknown,,community_meeting,technology,,,,2026-09-28,src_bca1599a2f687a1a,"{""price"":""not_enriched"",""audience_actual"":""not_enriched"",""sponsor_budget"":""not_public"",""coordinates"":""not_geocoded"",""timezone"":null}"
evt_0f2983bbcc9b4160,ser_6f5289a488565c68,Python Barcamp Karlsruhe,https://barcamps.eu/pythonbarcamp-karlsruhe-2024/,2024-03-23,2024-03-24,,,,day,inclusive_date; original_ICS_DTEND_is_exclusive,announced,historical,"Karlsruhe, Germany",Germany,in_person_inferred,location_text_ungeocoded,,community_meeting,technology,,,,2026-09-28,src_bca1599a2f687a1a,"{""price"":""not_enriched"",""audience_actual"":""not_enriched"",""sponsor_budget"":""not_public"",""coordinates"":""not_geocoded"",""timezone"":""not_published""}"
evt_3c178dedf76003d2,ser_1e0bc102d3c223b8,Python Leiden User Group,https://pythonleiden.nl/meeting-2026-11-12.html,2026-11-12,2026-11-12,2026-11-12T18:15:00Z,2026-11-12T21:00:00Z,UTC,second,inclusive_date; original_ICS_DTEND_is_exclusive,announced,upcoming_or_current,"Leiden, The Netherlands",Netherlands,in_person_inferred,location_text_ungeocoded,,community_meeting,technology,,,,2026-09-28,src_bca1599a2f687a1a,"{""price"":""not_enriched"",""audience_actual"":""not_enriched"",""sponsor_budget"":""not_public"",""coordinates"":""not_geocoded"",""timezone"":null}"
evt_c10755238ed1153c,,Python Sucre Summit,https://python-sucre-summit-2025.vercel.app/,2025-06-14,2025-06-14,,,,day,inclusive_date; original_ICS_DTEND_is_exclusive,announced,historical,"Sucre, Bolivia",Bolivia,in_person_inferred,location_text_ungeocoded,,community_meeting,technology,,,,2026-09-28,src_bca1599a2f687a1a,"{""price"":""not_enriched"",""audience_actual"":""not_enriched"",""sponsor_budget"":""not_public"",""coordinates"":""not_geocoded"",""timezone"":""not_published""}"
evt_8ca37dbdff94a378,,Lesser knowns about Computer Vision: Pre-processing and Feature Extraction,https://www.eventbrite.co.uk/e/python-live-lesser-knowns-about-computer-vision-tickets-388503523497,2022-08-03,2022-08-03,2022-08-03T16:00:00Z,2022-08-03T17:00:00Z,UTC,second,inclusive_date; original_ICS_DTEND_is_exclusive,announced,historical,,,unknown,unknown,,community_meeting,technology,,,,2026-09-28,src_bca1599a2f687a1a,"{""price"":""not_enriched"",""audience_actual"":""not_enriched"",""sponsor_budget"":""not_public"",""coordinates"":""not_geocoded"",""timezone"":null}"
evt_f59d8086b9dbc751,,Django Girls Matola #3,https://djangogirls.org/en/matola/,2024-04-13,2024-04-13,,,,day,inclusive_date; original_ICS_DTEND_is_exclusive,announced,historical,"Matola, Maputo Province, Mozambique",Mozambique,in_person_inferred,location_text_ungeocoded,,community_meeting,technology,,,,2026-09-28,src_bca1599a2f687a1a,"{""price"":""not_enriched"",""audience_actual"":""not_enriched"",""sponsor_budget"":""not_public"",""coordinates"":""not_geocoded"",""timezone"":""not_published""}"
evt_68b84077a3d48c21,ser_a57ed1d312047a14,Django Girls Medellín,https://djangogirls.org/en/medellin/,2024-06-01,2024-06-01,,,,day,inclusive_date; original_ICS_DTEND_is_exclusive,announced,historical,"Medellín, Colombia",Colombia,in_person_inferred,location_text_ungeocoded,,community_meeting,technology,,,,2026-09-28,src_bca1599a2f687a1a,"{""price"":""not_enriched"",""audience_actual"":""not_enriched"",""sponsor_budget"":""not_public"",""coordinates"":""not_geocoded"",""timezone"":""not_published""}"
evt_53319260ea622d16,,Django Girls Quito 2023,https://djangogirls.org/es/quito/,2023-10-14,2023-10-14,2023-10-14T13:00:00Z,2023-10-14T23:00:00Z,UTC,second,inclusive_date; original_ICS_DTEND_is_exclusive,announced,historical,,,unknown,unknown,,community_meeting,technology,,,,2026-09-28,src_bca1599a2f687a1a,"{""price"":""not_enriched"",""audience_actual"":""not_enriched"",""sponsor_budget"":""not_public"",""coordinates"":""not_geocoded"",""timezone"":null}"
evt_734f16c7c4badb04,,A deep dive into Fairness in Machine Learning using Fairlearn - PyLadies Amsterdam,https://www.meetup.com/nl-NL/PyLadiesAMS/events/278770131/,2022-02-23,2022-02-23,2022-02-23T17:30:00Z,2022-02-23T19:00:00Z,UTC,second,inclusive_date; original_ICS_DTEND_is_exclusive,announced,historical,Online,,online,location_text_ungeocoded,,community_meeting,technology,,,,2026-09-28,src_bca1599a2f687a1a,"{""price"":""not_enriched"",""audience_actual"":""not_enriched"",""sponsor_budget"":""not_public"",""coordinates"":""not_geocoded"",""timezone"":null}"
evt_59067c95e6bd3644,,NZPUG-Auckland Workshop: Terminal-based user interfaces (TUIs) with ease using Textual,https://www.meetup.com/nzpug-auckland/,2023-09-21,2023-09-21,2023-09-21T06:30:00Z,2023-09-21T11:30:00Z,UTC,second,inclusive_date; original_ICS_DTEND_is_exclusive,announced,historical,Online,,online,location_text_ungeocoded,,workshop,technology,,,,2026-09-28,src_bca1599a2f687a1a,"{""price"":""not_enriched"",""audience_actual"":""not_enriched"",""sponsor_budget"":""not_public"",""coordinates"":""not_geocoded"",""timezone"":null}"
evt_c1a376f426ab4d58,,PyLadies Amsterdam - Workshop (Basic-Intermediary level),https://www.meetup.com/pyladiesams/events/301971745/,2024-07-24,2024-07-24,2024-07-24T16:00:00Z,2024-07-24T19:00:00Z,UTC,second,inclusive_date; original_ICS_DTEND_is_exclusive,announced,historical,"Geldersekade 101e, 1011 EM Amsterdam, Netherlands",Netherlands,in_person_inferred,location_text_ungeocoded,,workshop,technology,,,,2026-09-28,src_bca1599a2f687a1a,"{""price"":""not_enriched"",""audience_actual"":""not_enriched"",""sponsor_budget"":""not_public"",""coordinates"":""not_geocoded"",""timezone"":null}"
evt_4fa59f0071d0910d,,An introduction to cloud-native web applications,https://www.meetup.com/nl-NL/pyladiesams/events/287144248/,2022-08-17,2022-08-17,2022-08-17T17:00:00Z,2022-08-17T18:30:00Z,UTC,second,inclusive_date; original_ICS_DTEND_is_exclusive,announced,historical,,,unknown,unknown,,community_meeting,technology,,,,2026-09-28,src_bca1599a2f687a1a,"{""price"":""not_enriched"",""audience_actual"":""not_enriched"",""sponsor_budget"":""not_public"",""coordinates"":""not_geocoded"",""timezone"":null}"
evt_e32303008bd7dd81,ser_d8f673ab76ac8a79,TOUFU - Parent-Child Python Programming Workshop,https://ohtoufu.com/education/register/ichikawa/2024-04/,2024-04-28,2024-04-28,,,,day,inclusive_date; original_ICS_DTEND_is_exclusive,announced,historical,"Ichikawa City, Chiba Prefecture, Japan",Japan,in_person_inferred,location_text_ungeocoded,,workshop,technology,,,,2026-09-28,src_bca1599a2f687a1a,"{""price"":""not_enriched"",""audience_actual"":""not_enriched"",""sponsor_budget"":""not_public"",""coordinates"":""not_geocoded"",""timezone"":""not_published""}"
evt_53cd8890451552e1,,wroc.py with Monterail,https://www.meetup.com/pl-PL/wrocpy/events/264719503/,2022-08-02,2022-08-02,2022-08-02T16:00:00Z,2022-08-02T18:00:00Z,UTC,second,inclusive_date; original_ICS_DTEND_is_exclusive,announced,historical,"Klubokawiarnia Mleczarnia, Pawła Włodkowica 5, 50-072 Wrocław, Poland",Poland,in_person_inferred,location_text_ungeocoded,,community_meeting,technology,,,,2026-09-28,src_bca1599a2f687a1a,"{""price"":""not_enriched"",""audience_actual"":""not_enriched"",""sponsor_budget"":""not_public"",""coordinates"":""not_geocoded"",""timezone"":null}"
evt_0ad70410c453833c,,Python Meeting Düsseldorf: Sprint,https://www.pyddf.de/,2026-11-14,2026-11-15,,,,day,inclusive_date; original_ICS_DTEND_is_exclusive,announced,upcoming_or_current,"Düsseldorf, Germany",Germany,in_person_inferred,location_text_ungeocoded,,sprint,technology,,,,2026-09-28,src_bca1599a2f687a1a,"{""price"":""not_enriched"",""audience_actual"":""not_enriched"",""sponsor_budget"":""not_public"",""coordinates"":""not_geocoded"",""timezone"":""not_published""}"
evt_52bcdc5557b2b9e2,,PyLadies: Getting Started with Tabular Foundation Models with TabPFN,https://www.meetup.com/pyladiesams/events/315698062/,2026-08-20,2026-08-20,2026-08-20T16:00:00Z,2026-08-20T17:30:00Z,UTC,second,inclusive_date; original_ICS_DTEND_is_exclusive,announced,historical,Online,,online,location_text_ungeocoded,,community_meeting,technology,,,,2026-09-28,src_bca1599a2f687a1a,"{""price"":""not_enriched"",""audience_actual"":""not_enriched"",""sponsor_budget"":""not_public"",""coordinates"":""not_geocoded"",""timezone"":null}"
evt_48c9e1718785701d,,Crafting Software,https://www.meetup.com/nzpug-auckland/events/hgxmwsydcnbhb/,2022-10-05,2022-10-05,2022-10-05T05:00:00Z,2022-10-05T07:30:00Z,UTC,second,inclusive_date; original_ICS_DTEND_is_exclusive,announced,historical,"Online, New Zealand",New Zealand,online,location_text_ungeocoded,,community_meeting,technology,,,,2026-09-28,src_bca1599a2f687a1a,"{""price"":""not_enriched"",""audience_actual"":""not_enriched"",""sponsor_budget"":""not_public"",""coordinates"":""not_geocoded"",""timezone"":null}"
evt_fc8f3fec6af58cca,ser_8a6bf48f35265e53,Python Meeting Düsseldorf,https://www.pyddf.de/,2025-09-10,2025-09-10,2025-09-10T16:00:00Z,2025-09-10T19:00:00Z,UTC,second,inclusive_date; original_ICS_DTEND_is_exclusive,announced,historical,"Düsseldorf, Germany",Germany,in_person_inferred,location_text_ungeocoded,,community_meeting,technology,,,,2026-09-28,src_bca1599a2f687a1a,"{""price"":""not_enriched"",""audience_actual"":""not_enriched"",""sponsor_budget"":""not_public"",""coordinates"":""not_geocoded"",""timezone"":null}"
evt_0e27b7d75a4a1750,,Virtual PythonCamp Cologne 2022,https://barcamps.eu/pycampcologne2022/,2022-06-04,2022-06-05,,,,day,inclusive_date; original_ICS_DTEND_is_exclusive,announced,historical,Online,,online,location_text_ungeocoded,,community_meeting,technology,,,,2026-09-28,src_bca1599a2f687a1a,"{""price"":""not_enriched"",""audience_actual"":""not_enriched"",""sponsor_budget"":""not_public"",""coordinates"":""not_geocoded"",""timezone"":""not_published""}"
evt_c2db0cdfb2726a49,,An Introduction to Model Drift - PyLadies Amsterdam,https://www.meetup.com/nl-NL/pyladiesams/events/289791169/,2022-12-21,2022-12-21,2022-12-21T17:30:00Z,2022-12-21T19:00:00Z,UTC,second,inclusive_date; original_ICS_DTEND_is_exclusive,announced,historical,online,,online,location_text_ungeocoded,,community_meeting,technology,,,,2026-09-28,src_bca1599a2f687a1a,"{""price"":""not_enriched"",""audience_actual"":""not_enriched"",""sponsor_budget"":""not_public"",""coordinates"":""not_geocoded"",""timezone"":null}"
evt_a183239570de870f,, iftar_py: Python Dhaka March Meetup + Iftar Party,https://www.facebook.com/events/1164502658372317,2025-03-15,2025-03-15,,,,day,inclusive_date; original_ICS_DTEND_is_exclusive,announced,historical,"Dhaka, Bangladesh",Bangladesh,in_person_inferred,location_text_ungeocoded,,community_meeting,technology,,,,2026-09-28,src_bca1599a2f687a1a,"{""price"":""not_enriched"",""audience_actual"":""not_enriched"",""sponsor_budget"":""not_public"",""coordinates"":""not_geocoded"",""timezone"":""not_published""}"
evt_efbee74f22bfd3c5,ser_1e0bc102d3c223b8,Python Leiden User Group ,https://pythonleiden.nl/meeting-2025-03-27.html,2025-05-22,2025-05-22,2025-05-22T18:00:00Z,2025-05-22T20:00:00Z,UTC,second,inclusive_date; original_ICS_DTEND_is_exclusive,announced,historical,"Leiden, Netherlands",Netherlands,in_person_inferred,location_text_ungeocoded,,community_meeting,technology,,,,2026-09-28,src_bca1599a2f687a1a,"{""price"":""not_enriched"",""audience_actual"":""not_enriched"",""sponsor_budget"":""not_public"",""coordinates"":""not_geocoded"",""timezone"":null}"
evt_c44a48d0ed75e300,,Django Girls Sogakope 2026,https://djangogirls.org/en/sogakope/,2026-11-20,2026-11-21,,,,day,inclusive_date; original_ICS_DTEND_is_exclusive,announced,upcoming_or_current,"Sogakope, Ghana",Ghana,in_person_inferred,location_text_ungeocoded,,community_meeting,technology,,,,2026-09-28,src_bca1599a2f687a1a,"{""price"":""not_enriched"",""audience_actual"":""not_enriched"",""sponsor_budget"":""not_public"",""coordinates"":""not_geocoded"",""timezone"":""not_published""}"
evt_e411c2bb3e1e5184,,Creating Python Communities - Buea,https://nokidbehind.org/pybuea,2024-10-07,2024-10-07,,,,day,inclusive_date; original_ICS_DTEND_is_exclusive,announced,historical,"Mountain Hub, Buea, Cameroon",Cameroon,in_person_inferred,location_text_ungeocoded,,community_meeting,technology,,,,2026-09-28,src_bca1599a2f687a1a,"{""price"":""not_enriched"",""audience_actual"":""not_enriched"",""sponsor_budget"":""not_public"",""coordinates"":""not_geocoded"",""timezone"":""not_published""}"
evt_2a453cc03f00f119,ser_d90c5d1750432f58,PyCamp Spain 2026,https://pycamp.es/,2026-04-30,2026-05-03,,,,day,inclusive_date; original_ICS_DTEND_is_exclusive,announced,historical,"Castilblanco de los Arroyos, Sevilla, Spain",Spain,in_person_inferred,location_text_ungeocoded,,community_meeting,technology,,,,2026-09-28,src_bca1599a2f687a1a,"{""price"":""not_enriched"",""audience_actual"":""not_enriched"",""sponsor_budget"":""not_public"",""coordinates"":""not_geocoded"",""timezone"":""not_published""}"
evt_e22cd1cc0b8fb6fa,,PyLadies Amsterdam: Dapr in Action: From Core Concepts to AI Agents,https://www.meetup.com/pyladiesams/events/307652222/,2025-05-27,2025-05-27,2025-05-27T16:30:00Z,2025-05-27T19:00:00Z,UTC,second,inclusive_date; original_ICS_DTEND_is_exclusive,announced,historical,"Amsterdam, Netherlands",Netherlands,in_person_inferred,location_text_ungeocoded,,community_meeting,technology,,,,2026-09-28,src_bca1599a2f687a1a,"{""price"":""not_enriched"",""audience_actual"":""not_enriched"",""sponsor_budget"":""not_public"",""coordinates"":""not_geocoded"",""timezone"":null}"
evt_ed7ecf1a5c24439b,ser_bb765f16f55e379f,Workshop: Creating Python Communities,https://python-gm.org/event-details/,2025-02-20,2025-02-20,,,,day,inclusive_date; original_ICS_DTEND_is_exclusive,announced,historical,"Banjul, Gambia",Gambia,in_person_inferred,location_text_ungeocoded,,workshop,technology,,,,2026-09-28,src_bca1599a2f687a1a,"{""price"":""not_enriched"",""audience_actual"":""not_enriched"",""sponsor_budget"":""not_public"",""coordinates"":""not_geocoded"",""timezone"":""not_published""}"
evt_18626ec094ed37b6,,NZPUG-Auckland: Crafting Software,https://www.meetup.com/nzpug-auckland/,2022-09-07,2022-09-07,2022-09-07T06:00:00Z,2022-09-07T08:30:00Z,UTC,second,inclusive_date; original_ICS_DTEND_is_exclusive,announced,historical,"Online, New Zealand",New Zealand,online,location_text_ungeocoded,,community_meeting,technology,,,,2026-09-28,src_bca1599a2f687a1a,"{""price"":""not_enriched"",""audience_actual"":""not_enriched"",""sponsor_budget"":""not_public"",""coordinates"":""not_geocoded"",""timezone"":null}"
evt_59c94afe2168350b,,IndyPy: Data Meets Intelligence,https://www.meetup.com/indypy/events/305589187/,2025-11-05,2025-11-05,2025-11-05T00:00:00Z,2025-11-05T02:00:00Z,UTC,second,inclusive_date; original_ICS_DTEND_is_exclusive,announced,historical,"Carmel, IN, USA and Online",United States,hybrid_inferred,location_text_ungeocoded,,community_meeting,technology,,,,2026-09-28,src_bca1599a2f687a1a,"{""price"":""not_enriched"",""audience_actual"":""not_enriched"",""sponsor_budget"":""not_public"",""coordinates"":""not_geocoded"",""timezone"":null}"
evt_f98456919f51bf3b,,Yaounde - Creating Python Communities and outreach,https://nokidbehind.org/yaounde,2025-10-01,2025-10-01,,,,day,inclusive_date; original_ICS_DTEND_is_exclusive,announced,historical,"Yaounde, Cameroon",Cameroon,in_person_inferred,location_text_ungeocoded,,community_meeting,technology,,,,2026-09-28,src_bca1599a2f687a1a,"{""price"":""not_enriched"",""audience_actual"":""not_enriched"",""sponsor_budget"":""not_public"",""coordinates"":""not_geocoded"",""timezone"":""not_published""}"
evt_271183b863badc08,,DELSU Tech Invasion 3.0,http://dti.hamplustech.com/,2025-11-19,2025-11-20,,,,day,inclusive_date; original_ICS_DTEND_is_exclusive,announced,historical,"Abraka, Nigeria",Nigeria,in_person_inferred,location_text_ungeocoded,,community_meeting,technology,,,,2026-09-28,src_bca1599a2f687a1a,"{""price"":""not_enriched"",""audience_actual"":""not_enriched"",""sponsor_budget"":""not_public"",""coordinates"":""not_geocoded"",""timezone"":""not_published""}"
evt_9811ec9638b1fbcc,,PyTraining: Getting Started with API Design using Python,https://www.meetup.com/mpt-pyladies/events/295751795/,2023-09-16,2023-09-16,2023-09-16T07:00:00Z,2023-09-16T11:00:00Z,UTC,second,inclusive_date; original_ICS_DTEND_is_exclusive,announced,historical,"Maputo, Mozambique",Mozambique,in_person_inferred,location_text_ungeocoded,,community_meeting,technology,,,,2026-09-28,src_bca1599a2f687a1a,"{""price"":""not_enriched"",""audience_actual"":""not_enriched"",""sponsor_budget"":""not_public"",""coordinates"":""not_geocoded"",""timezone"":null}"
evt_f8ca29d8aaf3554c,,PyLadies Rivers In-Person Python Workshop,https://pyladies-rivers.github.io/website/,2027-02-12,2027-02-13,,,,day,inclusive_date; original_ICS_DTEND_is_exclusive,announced,upcoming_or_current,"Port Harcourt, Rivers State, Nigeria",Nigeria,in_person_inferred,location_text_ungeocoded,,workshop,technology,,,,2026-09-28,src_bca1599a2f687a1a,"{""price"":""not_enriched"",""audience_actual"":""not_enriched"",""sponsor_budget"":""not_public"",""coordinates"":""not_geocoded"",""timezone"":""not_published""}"
evt_02f2b35b65883f13,ser_8a6bf48f35265e53,Python Meeting Düsseldorf,https://www.pyddf.de/,2024-01-17,2024-01-17,2024-01-17T17:00:00Z,2024-01-17T20:00:00Z,UTC,second,inclusive_date; original_ICS_DTEND_is_exclusive,announced,historical,"Düsseldorf, Germany",Germany,in_person_inferred,location_text_ungeocoded,,community_meeting,technology,,,,2026-09-28,src_bca1599a2f687a1a,"{""price"":""not_enriched"",""audience_actual"":""not_enriched"",""sponsor_budget"":""not_public"",""coordinates"":""not_geocoded"",""timezone"":null}"
evt_7aa2315026a455d4,ser_6ae04f2743e9e214,Django Girls Ecuador 2024,https://openlab.ec/djangogirls,2024-10-05,2024-10-05,2024-10-05T14:00:00Z,2024-10-05T22:30:00Z,UTC,second,inclusive_date; original_ICS_DTEND_is_exclusive,announced,historical,"Quito, Ecuador",Ecuador,in_person_inferred,location_text_ungeocoded,,community_meeting,technology,,,,2026-09-28,src_bca1599a2f687a1a,"{""price"":""not_enriched"",""audience_actual"":""not_enriched"",""sponsor_budget"":""not_public"",""coordinates"":""not_geocoded"",""timezone"":null}"
evt_ebeea41d3b2cc2f4,ser_6f5289a488565c68,Python BarCamp Karlsruhe 2026,https://barcamps.eu/pythonbarcamp-2026/,2026-02-21,2026-02-22,,,,day,inclusive_date; original_ICS_DTEND_is_exclusive,announced,historical,"Karlsruhe, Germany",Germany,in_person_inferred,location_text_ungeocoded,,community_meeting,technology,,,,2026-09-28,src_bca1599a2f687a1a,"{""price"":""not_enriched"",""audience_actual"":""not_enriched"",""sponsor_budget"":""not_public"",""coordinates"":""not_geocoded"",""timezone"":""not_published""}"
evt_0aa269c82bc35ecb,,NZPUG-Auckland: Data Science: Pandas and PyArrow ,https://www.meetup.com/pythonnz-auckland/events/301572166/,2024-06-19,2024-06-19,2024-06-19T06:30:00Z,2024-06-19T08:30:00Z,UTC,second,inclusive_date; original_ICS_DTEND_is_exclusive,announced,historical,Online,,online,location_text_ungeocoded,,community_meeting,technology,,,,2026-09-28,src_bca1599a2f687a1a,"{""price"":""not_enriched"",""audience_actual"":""not_enriched"",""sponsor_budget"":""not_public"",""coordinates"":""not_geocoded"",""timezone"":null}"
evt_d0372c6c42f0d18d,ser_1e0bc102d3c223b8,Python Leiden User Group,https://pythonleiden.nl/meeting-2025-11-13.html,2025-11-13,2025-11-13,2025-11-13T18:15:00Z,2025-11-13T21:00:00Z,UTC,second,inclusive_date; original_ICS_DTEND_is_exclusive,announced,historical,"Leiden, The Netherlands",Netherlands,in_person_inferred,location_text_ungeocoded,,community_meeting,technology,,,,2026-09-28,src_bca1599a2f687a1a,"{""price"":""not_enriched"",""audience_actual"":""not_enriched"",""sponsor_budget"":""not_public"",""coordinates"":""not_geocoded"",""timezone"":null}"
evt_214ad6bea53fa8c8,,(Hybrid) A Deep Dive into Containerized Model Serving with FastAPI,https://www.meetup.com/PyLadiesAMS/events/285821531/,2022-06-28,2022-06-28,2022-06-28T16:15:00Z,2022-06-28T18:45:00Z,UTC,second,inclusive_date; original_ICS_DTEND_is_exclusive,announced,historical,"Adyen, Simon Carmiggeltstraat 6 - 50, 1011 DJ Amsterdam, Netherlands",Netherlands,in_person_inferred,location_text_ungeocoded,,community_meeting,technology,,,,2026-09-28,src_bca1599a2f687a1a,"{""price"":""not_enriched"",""audience_actual"":""not_enriched"",""sponsor_budget"":""not_public"",""coordinates"":""not_geocoded"",""timezone"":null}"
evt_656b138ad9f77966,ser_6ae04f2743e9e214,Django Girls Ecuador 2024,https://openlab.ec/djangogirls,2024-04-06,2024-04-06,2024-04-06T14:00:00Z,2024-04-06T22:30:00Z,UTC,second,inclusive_date; original_ICS_DTEND_is_exclusive,announced,historical,"Cuenca, Ecuador",Ecuador,in_person_inferred,location_text_ungeocoded,,community_meeting,technology,,,,2026-09-28,src_bca1599a2f687a1a,"{""price"":""not_enriched"",""audience_actual"":""not_enriched"",""sponsor_budget"":""not_public"",""coordinates"":""not_geocoded"",""timezone"":null}"
evt_fca0556d0d79f159,,MeetUp 10 - Python La Paz,https://forms.gle/TUUDNPBS3qK7XtM5A,2023-10-21,2023-10-21,2023-10-21T19:00:00Z,2023-10-21T20:00:00Z,UTC,second,inclusive_date; original_ICS_DTEND_is_exclusive,announced,historical,On line,,online,location_text_ungeocoded,,community_meeting,technology,,,,2026-09-28,src_bca1599a2f687a1a,"{""price"":""not_enriched"",""audience_actual"":""not_enriched"",""sponsor_budget"":""not_public"",""coordinates"":""not_geocoded"",""timezone"":null}"
evt_e7b63af2d5025030,ser_1cd4caf3df772ee2,Django Girls CDO Workshop 2024,https://djangogirls.org/en/cagayandeoro/,2024-03-09,2024-03-09,,,,day,inclusive_date; original_ICS_DTEND_is_exclusive,announced,historical,"Cagayan de Oro City, Philippines",Philippines,in_person_inferred,location_text_ungeocoded,,workshop,technology,,,,2026-09-28,src_bca1599a2f687a1a,"{""price"":""not_enriched"",""audience_actual"":""not_enriched"",""sponsor_budget"":""not_public"",""coordinates"":""not_geocoded"",""timezone"":""not_published""}"
evt_e39e93bc1ebe1be9,ser_de0c5cc1a026e0a3,Global AI Bootcamp 2022,https://www.meetup.com/nl-NL/PyLadiesAMS/events/282427658/,2022-01-15,2022-01-15,,,,day,inclusive_date; original_ICS_DTEND_is_exclusive,announced,historical,"Online, Amsterdam",,online,location_text_ungeocoded,,community_meeting,technology,,,,2026-09-28,src_bca1599a2f687a1a,"{""price"":""not_enriched"",""audience_actual"":""not_enriched"",""sponsor_budget"":""not_public"",""coordinates"":""not_geocoded"",""timezone"":""not_published""}"
evt_f8d135410443179f,ser_bb765f16f55e379f,Workshop: Creating Python Communities,https://python-gm.org/event-details-bakau/,2025-10-15,2025-10-15,,,,day,inclusive_date; original_ICS_DTEND_is_exclusive,announced,historical,"Bakau, The Gambia",Gambia,in_person_inferred,location_text_ungeocoded,,workshop,technology,,,,2026-09-28,src_bca1599a2f687a1a,"{""price"":""not_enriched"",""audience_actual"":""not_enriched"",""sponsor_budget"":""not_public"",""coordinates"":""not_geocoded"",""timezone"":""not_published""}"
evt_557605ca2d07333a,,Python Communities - Bamenda,https://nokidbehind.org/bamenda,2025-05-10,2025-05-10,,,,day,inclusive_date; original_ICS_DTEND_is_exclusive,announced,historical,"Bamenda, Cameroon",Cameroon,in_person_inferred,location_text_ungeocoded,,community_meeting,technology,,,,2026-09-28,src_bca1599a2f687a1a,"{""price"":""not_enriched"",""audience_actual"":""not_enriched"",""sponsor_budget"":""not_public"",""coordinates"":""not_geocoded"",""timezone"":""not_published""}"
evt_86d22fa6f5a5d266,,Deep Learning with PyTorch - PyLadies Amsterdam,https://www.meetup.com/pyladiesams/events/289561742/,2022-11-30,2022-11-30,2022-11-30T17:30:00Z,2022-11-30T19:00:00Z,UTC,second,inclusive_date; original_ICS_DTEND_is_exclusive,announced,historical,online ,,online,location_text_ungeocoded,,community_meeting,technology,,,,2026-09-28,src_bca1599a2f687a1a,"{""price"":""not_enriched"",""audience_actual"":""not_enriched"",""sponsor_budget"":""not_public"",""coordinates"":""not_geocoded"",""timezone"":null}"
evt_810091516b8cdf53,,Django Girls Ekpoma Workshop,https://djangogirls.org/en/ekpoma/,2024-05-01,2024-05-02,,,,day,inclusive_date; original_ICS_DTEND_is_exclusive,announced,historical,"Ambrose Alli University, Ekpoma, Edo state, Nigeria",Nigeria,in_person_inferred,location_text_ungeocoded,,workshop,technology,,,,2026-09-28,src_bca1599a2f687a1a,"{""price"":""not_enriched"",""audience_actual"":""not_enriched"",""sponsor_budget"":""not_public"",""coordinates"":""not_geocoded"",""timezone"":""not_published""}"
evt_c4f78ea66f7b8c55,,PyLadies Amsterdam: Lightweight Analytics at Scale: Hands-On with DuckDB & Smallpond in Python,https://www.meetup.com/pyladiesams/events/311303956,2025-10-23,2025-10-23,2025-10-23T16:00:00Z,2025-10-23T17:30:00Z,UTC,second,inclusive_date; original_ICS_DTEND_is_exclusive,announced,historical,Online,,online,location_text_ungeocoded,,community_meeting,technology,,,,2026-09-28,src_bca1599a2f687a1a,"{""price"":""not_enriched"",""audience_actual"":""not_enriched"",""sponsor_budget"":""not_public"",""coordinates"":""not_geocoded"",""timezone"":null}"
evt_f1224171dc987b8a,,5th Django Girls Maputo,https://djangogirls.org/en/maputo/,2024-03-23,2024-03-23,2024-03-23T06:00:00Z,2024-03-23T15:00:00Z,UTC,second,inclusive_date; original_ICS_DTEND_is_exclusive,announced,historical,"Maputo, Mozambique",Mozambique,in_person_inferred,location_text_ungeocoded,,community_meeting,technology,,,,2026-09-28,src_bca1599a2f687a1a,"{""price"":""not_enriched"",""audience_actual"":""not_enriched"",""sponsor_budget"":""not_public"",""coordinates"":""not_geocoded"",""timezone"":null}"
evt_f7724e1d47fcfe0a,,Stephen's on-Deque,https://www.meetup.com/nzpug-auckland/,2023-11-15,2023-11-15,2023-11-15T05:15:00Z,2023-11-15T07:45:00Z,UTC,second,inclusive_date; original_ICS_DTEND_is_exclusive,announced,historical,New Zealand,New Zealand,in_person_inferred,location_text_ungeocoded,,community_meeting,technology,,,,2026-09-28,src_bca1599a2f687a1a,"{""price"":""not_enriched"",""audience_actual"":""not_enriched"",""sponsor_budget"":""not_public"",""coordinates"":""not_geocoded"",""timezone"":null}"
evt_b276f2ca0b3f3414,,Python Milano - PyBirra,https://www.eventbrite.com/e/pybirra-and-now-something-completely-different-tickets-371943833017?aff=ebdsoporgprofile,2022-07-12,2022-07-12,2022-07-12T18:00:00Z,2022-07-12T21:00:00Z,UTC,second,inclusive_date; original_ICS_DTEND_is_exclusive,announced,historical,"Metropolitan City of Milan, Italy",Italy,in_person_inferred,location_text_ungeocoded,,community_meeting,technology,,,,2026-09-28,src_bca1599a2f687a1a,"{""price"":""not_enriched"",""audience_actual"":""not_enriched"",""sponsor_budget"":""not_public"",""coordinates"":""not_geocoded"",""timezone"":null}"
evt_207d218a5b4df982,,PyCamp Argentina 2025,https://pyar.discourse.group/t/pycamp-2025/1373,2025-03-21,2025-03-24,,,,day,inclusive_date; original_ICS_DTEND_is_exclusive,announced,historical,"Baradero, Argentina",Argentina,in_person_inferred,location_text_ungeocoded,,community_meeting,technology,,,,2026-09-28,src_bca1599a2f687a1a,"{""price"":""not_enriched"",""audience_actual"":""not_enriched"",""sponsor_budget"":""not_public"",""coordinates"":""not_geocoded"",""timezone"":""not_published""}"
evt_9e8343e036deef82,,Python Communities - Yaounde,https://nokidbehind.org/yaounde,2025-04-05,2025-04-05,,,,day,inclusive_date; original_ICS_DTEND_is_exclusive,announced,historical,"Yaounde, Cameroon",Cameroon,in_person_inferred,location_text_ungeocoded,,community_meeting,technology,,,,2026-09-28,src_bca1599a2f687a1a,"{""price"":""not_enriched"",""audience_actual"":""not_enriched"",""sponsor_budget"":""not_public"",""coordinates"":""not_geocoded"",""timezone"":""not_published""}"
evt_9dc2c7a6d40a75b6,ser_dcbbff70f926a7b7,Django Girls Abraka Workshop,https://djangogirls.org/en/abraka/,2023-07-07,2023-07-07,,,,day,inclusive_date; original_ICS_DTEND_is_exclusive,announced,historical,"Abraka, Nigeria",Nigeria,in_person_inferred,location_text_ungeocoded,,workshop,technology,,,,2026-09-28,src_bca1599a2f687a1a,"{""price"":""not_enriched"",""audience_actual"":""not_enriched"",""sponsor_budget"":""not_public"",""coordinates"":""not_geocoded"",""timezone"":""not_published""}"
evt_509dff0f9ae80a76,,October Oslo Python meetup,https://www.meetup.com/oslo-python/events/303701430,2024-10-24,2024-10-24,2024-10-24T15:00:00Z,2024-10-24T19:00:00Z,UTC,second,inclusive_date; original_ICS_DTEND_is_exclusive,announced,historical,"Oslo, Norway",Norway,in_person_inferred,location_text_ungeocoded,,community_meeting,technology,,,,2026-09-28,src_bca1599a2f687a1a,"{""price"":""not_enriched"",""audience_actual"":""not_enriched"",""sponsor_budget"":""not_public"",""coordinates"":""not_geocoded"",""timezone"":null}"
evt_86455e9b97b2854d,,Python Community Building and Training event,https://roynek.com/python_ugep/,2024-08-12,2024-08-18,,,,day,inclusive_date; original_ICS_DTEND_is_exclusive,announced,historical,"Ugep, Nigeria",Nigeria,in_person_inferred,location_text_ungeocoded,,community_meeting,technology,,,,2026-09-28,src_bca1599a2f687a1a,"{""price"":""not_enriched"",""audience_actual"":""not_enriched"",""sponsor_budget"":""not_public"",""coordinates"":""not_geocoded"",""timezone"":""not_published""}"
evt_52acb71523a21b08,ser_1e0bc102d3c223b8,Python Leiden User Group,https://pythonleiden.nl/meeting-2026-04-02.html,2026-04-02,2026-04-02,2026-04-02T17:15:00Z,2026-04-02T20:00:00Z,UTC,second,inclusive_date; original_ICS_DTEND_is_exclusive,announced,historical,"Leiden, The Netherlands",Netherlands,in_person_inferred,location_text_ungeocoded,,community_meeting,technology,,,,2026-09-28,src_bca1599a2f687a1a,"{""price"":""not_enriched"",""audience_actual"":""not_enriched"",""sponsor_budget"":""not_public"",""coordinates"":""not_geocoded"",""timezone"":null}"
evt_df9582e6dff519ea,ser_bb765f16f55e379f,Workshop: Creating Python Communities,https://python-gm.org/event-details-bakau/,2025-04-15,2025-04-15,,,,day,inclusive_date; original_ICS_DTEND_is_exclusive,announced,historical,"Bakau, Gambia",Gambia,in_person_inferred,location_text_ungeocoded,,workshop,technology,,,,2026-09-28,src_bca1599a2f687a1a,"{""price"":""not_enriched"",""audience_actual"":""not_enriched"",""sponsor_budget"":""not_public"",""coordinates"":""not_geocoded"",""timezone"":""not_published""}"
evt_eb58a35e5f3a8e6d,ser_8a6bf48f35265e53,Python Meeting Düsseldorf,https://www.pyddf.de/,2022-09-28,2022-09-28,2022-09-28T16:00:00Z,2022-09-28T19:00:00Z,UTC,second,inclusive_date; original_ICS_DTEND_is_exclusive,announced,historical,"Düsseldorf, Germany",Germany,in_person_inferred,location_text_ungeocoded,,community_meeting,technology,,,,2026-09-28,src_bca1599a2f687a1a,"{""price"":""not_enriched"",""audience_actual"":""not_enriched"",""sponsor_budget"":""not_public"",""coordinates"":""not_geocoded"",""timezone"":null}"
evt_9f17995d9eef59f1,,Python: The New Normal,https://ptnn.eventbrite.com/,2022-05-23,2022-05-25,,,,day,inclusive_date; original_ICS_DTEND_is_exclusive,announced,historical,"Abraka, Delta State, Nigeria",Nigeria,in_person_inferred,location_text_ungeocoded,,community_meeting,technology,,,,2026-09-28,src_bca1599a2f687a1a,"{""price"":""not_enriched"",""audience_actual"":""not_enriched"",""sponsor_budget"":""not_public"",""coordinates"":""not_geocoded"",""timezone"":""not_published""}"
evt_4091597f5b237d47,,Creating Python Communities and Outreach - Yaounde,https://nokidbehind.org/pyyaounde,2024-09-30,2024-09-30,,,,day,inclusive_date; original_ICS_DTEND_is_exclusive,announced,historical,"Mountain Hub, Yaounde, Cameroon",Cameroon,in_person_inferred,location_text_ungeocoded,,community_meeting,technology,,,,2026-09-28,src_bca1599a2f687a1a,"{""price"":""not_enriched"",""audience_actual"":""not_enriched"",""sponsor_budget"":""not_public"",""coordinates"":""not_geocoded"",""timezone"":""not_published""}"
evt_216ea48a972ff0a5,,The Carpentries - Plotting and Programming in Python,https://instats.org/seminar/plotting-and-programming-in-python,2026-04-22,2026-04-23,,,,day,inclusive_date; original_ICS_DTEND_is_exclusive,announced,historical,Online,,online,location_text_ungeocoded,,community_meeting,technology,,,,2026-09-28,src_bca1599a2f687a1a,"{""price"":""not_enriched"",""audience_actual"":""not_enriched"",""sponsor_budget"":""not_public"",""coordinates"":""not_geocoded"",""timezone"":""not_published""}"
evt_849cb4ba9c92b4ba,,git this lab organised,https://www.meetup.com/pythonnz-online/events/302440509/,2024-11-20,2024-11-20,2024-11-20T05:30:00Z,2024-11-20T07:30:00Z,UTC,second,inclusive_date; original_ICS_DTEND_is_exclusive,announced,historical,,,unknown,unknown,,community_meeting,technology,,,,2026-09-28,src_bca1599a2f687a1a,"{""price"":""not_enriched"",""audience_actual"":""not_enriched"",""sponsor_budget"":""not_public"",""coordinates"":""not_geocoded"",""timezone"":null}"
evt_6e684c9e0dfeea68,,Python Coding Club for Teens (PyDiffa),https://pythonniger.org/events,2025-06-23,2025-06-25,,,,day,inclusive_date; original_ICS_DTEND_is_exclusive,announced,historical,"Diffa, Niger",Niger,in_person_inferred,location_text_ungeocoded,,community_meeting,technology,,,,2026-09-28,src_bca1599a2f687a1a,"{""price"":""not_enriched"",""audience_actual"":""not_enriched"",""sponsor_budget"":""not_public"",""coordinates"":""not_geocoded"",""timezone"":""not_published""}"
evt_759c1cb0c7e52d0d,ser_d90c5d1750432f58,PyCamp Spain 2023,https://pycamp.es/,2023-04-07,2023-04-10,,,,day,inclusive_date; original_ICS_DTEND_is_exclusive,announced,historical,"Vilablareix, Girona, Spain",Spain,in_person_inferred,location_text_ungeocoded,,community_meeting,technology,,,,2026-09-28,src_bca1599a2f687a1a,"{""price"":""not_enriched"",""audience_actual"":""not_enriched"",""sponsor_budget"":""not_public"",""coordinates"":""not_geocoded"",""timezone"":""not_published""}"
evt_76769dd311eeacc9,,Monitoring Python applications using Prometheus,https://www.youtube.com/watch?v=n1nL4Sf7VEs,2022-03-29,2022-03-29,2022-03-29T16:00:00Z,2022-03-29T18:00:00Z,UTC,second,inclusive_date; original_ICS_DTEND_is_exclusive,announced,historical,Online,,online,location_text_ungeocoded,,community_meeting,technology,,,,2026-09-28,src_bca1599a2f687a1a,"{""price"":""not_enriched"",""audience_actual"":""not_enriched"",""sponsor_budget"":""not_public"",""coordinates"":""not_geocoded"",""timezone"":null}"
evt_868f9804c4ae07e5,,IndyPy Panel: AI Powered by Python,https://www.meetup.com/indypy/events/299661600/,2024-06-11,2024-06-12,2024-06-11T23:00:00Z,2024-06-12T01:00:00Z,UTC,second,inclusive_date; original_ICS_DTEND_is_exclusive,announced,historical,"E-gineering Inc., 8415 Allison Pointe Blvd, Indianapolis, IN 46250, USA",United States,in_person_inferred,location_text_ungeocoded,,community_meeting,technology,,,,2026-09-28,src_bca1599a2f687a1a,"{""price"":""not_enriched"",""audience_actual"":""not_enriched"",""sponsor_budget"":""not_public"",""coordinates"":""not_geocoded"",""timezone"":null}"
evt_87cc4c2fcd34b932,,AI Engine: Summer Hack,https://luma.com/edovbkm4,2025-08-02,2025-08-03,,,,day,published_date_range; inclusive_when_explicit,announced,historical,"London, United Kingdom",United Kingdom,in_person_inferred,location_text_ungeocoded,,hackathon,technology,,,,2026-09-28,src_aa4f79b66f07fd27,"{""price"":""not_enriched"",""audience_actual"":""not_enriched"",""sponsor_budget"":""not_public"",""coordinates"":""not_geocoded"",""timezone"":""not_published""}"
evt_e976b2a951aaed52,,Karen Chang: Artist Talk & Reception,https://www.galleryb612.com/post/gallery-b612-metamorphosis-secret-garden,2026-04-04,2026-04-04,,,,day,published_date_range; inclusive_when_explicit,announced,historical,"Gallery B612 Pioneer Square, Seattle, WA, USA",United States,in_person_inferred,location_text_ungeocoded,,cultural_gathering,arts,,,,2026-09-28,src_2317a3403ba9944e,"{""price"":""not_enriched"",""audience_actual"":""not_enriched"",""sponsor_budget"":""not_public"",""coordinates"":""not_geocoded"",""timezone"":""not_published""}"
evt_74a6ba9e314f9ca1,,Jiamin Zhu: Opening Reception,https://www.galleryb612.com/post/gallery-b612-metamorphosis-secret-garden,2026-04-11,2026-04-11,,,,day,published_date_range; inclusive_when_explicit,announced,historical,"Gallery B612 SoDo, Seattle, WA, USA",United States,in_person_inferred,location_text_ungeocoded,,cultural_gathering,arts,,,,2026-09-28,src_2317a3403ba9944e,"{""price"":""not_enriched"",""audience_actual"":""not_enriched"",""sponsor_budget"":""not_public"",""coordinates"":""not_geocoded"",""timezone"":""not_published""}"
evt_f01cce2e76d94292,,O-Jak Watch Party,https://www.galleryb612.com/post/gallery-b612-metamorphosis-secret-garden,2026-04-19,2026-04-19,,,,day,published_date_range; inclusive_when_explicit,announced,historical,"Central Cinema, 1411 21st Ave, Seattle, WA 98122, USA",United States,in_person_inferred,location_text_ungeocoded,,cultural_gathering,arts,,,,2026-09-28,src_2317a3403ba9944e,"{""price"":""not_enriched"",""audience_actual"":""not_enriched"",""sponsor_budget"":""not_public"",""coordinates"":""not_geocoded"",""timezone"":""not_published""}"
evt_7c23b6f4a95b46b2,ser_d3f196dafd73ee85,Feria Internacional del Libro de Guadalajara 2021,https://www.gaceta.udg.mx/prepara-fil-guadalajara-edicion-2021-de-forma-presencial/,2021-11-27,2021-12-05,,,,day,published_date_range; inclusive_when_explicit,reported_held,historical,"Guadalajara, Jalisco; Expo Guadalajara, México",Mexico,hybrid,location_text_ungeocoded,,book_fair,editorial / cultura,,,,2026-09-28,src_9bfa177a797131b5,"{""price"":""not_enriched"",""audience_actual"":""not_enriched"",""sponsor_budget"":""not_public"",""coordinates"":""not_geocoded"",""timezone"":""not_published"",""evidence_status"":""primary_body_verified""}"
evt_fdeead605e18951d,ser_d3f196dafd73ee85,Feria Internacional del Libro de Guadalajara 2022,https://www.gaceta.udg.mx/806-mil-805-lectores-se-reencontraron-en-la-fil-guadalajara/,2022-11-26,2022-12-04,,,,day,published_date_range; inclusive_when_explicit,reported_held,historical,"Guadalajara, Jalisco; Expo Guadalajara, México",Mexico,in_person,location_text_ungeocoded,,book_fair,editorial / cultura,,,,2026-09-28,src_c5fd8dcde420d1b2,"{""price"":""not_enriched"",""audience_actual"":""not_enriched"",""sponsor_budget"":""not_public"",""coordinates"":""not_geocoded"",""timezone"":""not_published"",""evidence_status"":""primary_body_verified""}"
evt_cea07e35df96562c,ser_d3f196dafd73ee85,Feria Internacional del Libro de Guadalajara 2023,https://www.cucsh.udg.mx/noticias/fil-guadalajara-anuncia-su-programa-general-2023,2023-11-25,2023-12-03,,,,day,published_date_range; inclusive_when_explicit,reported_held,historical,"Guadalajara, Jalisco; Expo Guadalajara, México",Mexico,in_person,location_text_ungeocoded,,book_fair,editorial / cultura,,,,2026-09-28,src_f5648339c0e5d0f5,"{""price"":""not_enriched"",""audience_actual"":""not_enriched"",""sponsor_budget"":""not_public"",""coordinates"":""not_geocoded"",""timezone"":""not_published"",""evidence_status"":""primary_body_verified""}"
evt_c0d04e23b7badf81,ser_d3f196dafd73ee85,Feria Internacional del Libro de Guadalajara 2024,https://udg.mx/evento/feria-internacional-del-libro-2024-invitado-de-honor-espana,2024-11-30,2024-12-08,,,,day,published_date_range; inclusive_when_explicit,reported_held,historical,"Guadalajara, Jalisco; Expo Guadalajara, México",Mexico,in_person,location_text_ungeocoded,,book_fair,editorial / cultura,,,,2026-09-28,src_b78720f3456482bd,"{""price"":""not_enriched"",""audience_actual"":""not_enriched"",""sponsor_budget"":""not_public"",""coordinates"":""not_geocoded"",""timezone"":""not_published"",""evidence_status"":""primary_body_verified""}"
evt_099c88e44f72691b,ser_d3f196dafd73ee85,Feria Internacional del Libro de Guadalajara 2025,https://fil.com.mx/prensa/boletin.asp?id=3186&ids=2,2025-11-29,2025-12-07,,,,day,published_date_range; inclusive_when_explicit,reported_held,historical,"Guadalajara, Jalisco; Expo Guadalajara, México",Mexico,in_person,location_text_ungeocoded,,book_fair,editorial / cultura,,,,2026-09-28,src_b10d917700689230,"{""price"":""not_enriched"",""audience_actual"":""not_enriched"",""sponsor_budget"":""not_public"",""coordinates"":""not_geocoded"",""timezone"":""not_published"",""evidence_status"":""primary_body_verified""}"
evt_d3fff58ce4638dcf,ser_d3f196dafd73ee85,Feria Internacional del Libro de Guadalajara 2026,https://fil.com.mx/info/faq.asp,2026-11-28,2026-12-06,,,,day,published_date_range; inclusive_when_explicit,announced,upcoming_or_current,"Guadalajara, Jalisco; Expo Guadalajara, México",Mexico,in_person,location_text_ungeocoded,,book_fair,editorial / cultura,,,,2026-09-28,src_6b7b409be4fa4156,"{""price"":""not_enriched"",""audience_actual"":""not_enriched"",""sponsor_budget"":""not_public"",""coordinates"":""not_geocoded"",""timezone"":""not_published"",""evidence_status"":""primary_body_verified""}"
evt_c8b37df559673420,ser_4e448897946ead9e,Flip — Festa Literária Internacional de Paraty 2021,https://flip.org.br/noticias/flip-confirma-as-datas-da-19-ordf-edicao/,2021-11-27,2021-12-05,,,,day,published_date_range; inclusive_when_explicit,reported_held,historical,"Online; sede de la serie: Paraty, RJ, Brasil",Brazil,online,location_text_ungeocoded,,literary_festival,literatura / cultura,,,,2026-09-28,src_07ad0508d8bb441a,"{""price"":""not_enriched"",""audience_actual"":""not_enriched"",""sponsor_budget"":""not_public"",""coordinates"":""not_geocoded"",""timezone"":""not_published"",""evidence_status"":""provisional_primary_index_only""}"
evt_2253e6ea3ff25fa2,ser_4e448897946ead9e,Flip — Festa Literária Internacional de Paraty 2022,https://institucional.flip.org.br/home-2022/,2022-11-23,2022-11-27,,,,day,published_date_range; inclusive_when_explicit,reported_held,historical,"Paraty, Rio de Janeiro, Brasil",Brazil,in_person,location_text_ungeocoded,,literary_festival,literatura / cultura,,,,2026-09-28,src_80b095d23342bb5a,"{""price"":""not_enriched"",""audience_actual"":""not_enriched"",""sponsor_budget"":""not_public"",""coordinates"":""not_geocoded"",""timezone"":""not_published"",""evidence_status"":""provisional_primary_index_only""}"
evt_6704b7655314d306,ser_4e448897946ead9e,Flip — Festa Literária Internacional de Paraty 2023,https://www.flip.org.br/confira-as-datas-da-21a-flip/,2023-11-22,2023-11-26,,,,day,published_date_range; inclusive_when_explicit,reported_held,historical,"Paraty, Rio de Janeiro, Brasil",Brazil,in_person,location_text_ungeocoded,,literary_festival,literatura / cultura,,,,2026-09-28,src_db1171296d81ebde,"{""price"":""not_enriched"",""audience_actual"":""not_enriched"",""sponsor_budget"":""not_public"",""coordinates"":""not_geocoded"",""timezone"":""not_published"",""evidence_status"":""provisional_primary_index_only""}"
evt_5a1c9a0feddee5d3,ser_4e448897946ead9e,Flip — Festa Literária Internacional de Paraty 2024,https://2024.flip.org.br/,2024-10-09,2024-10-13,,,,day,published_date_range; inclusive_when_explicit,reported_held,historical,"Paraty, Rio de Janeiro, Brasil",Brazil,in_person,location_text_ungeocoded,,literary_festival,literatura / cultura,,,,2026-09-28,src_267e0627dc947437,"{""price"":""not_enriched"",""audience_actual"":""not_enriched"",""sponsor_budget"":""not_public"",""coordinates"":""not_geocoded"",""timezone"":""not_published"",""evidence_status"":""provisional_primary_index_only""}"
evt_c90c3558f43cb50d,ser_4e448897946ead9e,Flip — Festa Literária Internacional de Paraty 2025,https://www.flip.org.br/flip-anuncia-a-data-da-23a-edicao/,2025-07-30,2025-08-03,,,,day,published_date_range; inclusive_when_explicit,reported_held,historical,"Paraty, Rio de Janeiro, Brasil",Brazil,in_person,location_text_ungeocoded,,literary_festival,literatura / cultura,,,,2026-09-28,src_90f48305de6d0fef,"{""price"":""not_enriched"",""audience_actual"":""not_enriched"",""sponsor_budget"":""not_public"",""coordinates"":""not_geocoded"",""timezone"":""not_published"",""evidence_status"":""provisional_primary_index_only""}"
evt_ea931431175f2ea2,ser_4e448897946ead9e,Flip — Festa Literária Internacional de Paraty 2026,https://flip.org.br/evento/flip-2026/,2026-07-22,2026-07-26,,,,day,published_date_range; inclusive_when_explicit,announced,historical,"Paraty, Rio de Janeiro, Brasil",Brazil,in_person,location_text_ungeocoded,,literary_festival,literatura / cultura,,,,2026-09-28,src_250acab3c85dbfa1,"{""price"":""not_enriched"",""audience_actual"":""not_enriched"",""sponsor_budget"":""not_public"",""coordinates"":""not_geocoded"",""timezone"":""not_published"",""evidence_status"":""provisional_primary_index_only""}"
evt_e1feb77eee70a360,ser_b3b2f406610a9f31,Frieze London 2021,https://www.frieze.com/article/galleries-and-programming-frieze-london-and-frieze-masters-2021,2021-10-13,2021-10-17,,,,day,published_date_range; inclusive_when_explicit,reported_held,historical,"London; The Regent’s Park, Reino Unido",United Kingdom,in_person,location_text_ungeocoded,,art_fair,arte contemporáneo / mercado del arte,,,,2026-09-28,src_642521ca61c47b44,"{""price"":""not_enriched"",""audience_actual"":""not_enriched"",""sponsor_budget"":""not_public"",""coordinates"":""not_geocoded"",""timezone"":""not_published"",""evidence_status"":""primary_body_verified""}"
evt_53fb9701a6a908e5,ser_b3b2f406610a9f31,Frieze London 2022,https://www.frieze.com/article/frieze-london-and-masters-vip-visitor-faqs,2022-10-12,2022-10-16,,,,day,published_date_range; inclusive_when_explicit,reported_held,historical,"London; The Regent’s Park, Reino Unido",United Kingdom,in_person,location_text_ungeocoded,,art_fair,arte contemporáneo / mercado del arte,,,,2026-09-28,src_fd9f4b80d80140c6,"{""price"":""not_enriched"",""audience_actual"":""not_enriched"",""sponsor_budget"":""not_public"",""coordinates"":""not_geocoded"",""timezone"":""not_published"",""evidence_status"":""primary_body_verified""}"
evt_99a8ced283d90fe1,ser_b3b2f406610a9f31,Frieze London 2023,https://www.frieze.com/article/galleries-and-curators-frieze-london-and-frieze-masters-2023,2023-10-11,2023-10-15,,,,day,published_date_range; inclusive_when_explicit,reported_held,historical,"London; The Regent’s Park, Reino Unido",United Kingdom,in_person,location_text_ungeocoded,,art_fair,arte contemporáneo / mercado del arte,,,,2026-09-28,src_bd02139477f1ea29,"{""price"":""not_enriched"",""audience_actual"":""not_enriched"",""sponsor_budget"":""not_public"",""coordinates"":""not_geocoded"",""timezone"":""not_published"",""evidence_status"":""primary_body_verified""}"
evt_4c0cf41806407c37,ser_b3b2f406610a9f31,Frieze London 2024,https://press.frieze.com/frieze-unveils-bold-design-for-frieze-london-2024-and-a-new-curatorial-direction-at-frieze-masters/,2024-10-09,2024-10-13,,,,day,published_date_range; inclusive_when_explicit,reported_held,historical,"London; The Regent’s Park, Reino Unido",United Kingdom,in_person,location_text_ungeocoded,,art_fair,arte contemporáneo / mercado del arte,,,,2026-09-28,src_66f32ab2e391e67f,"{""price"":""not_enriched"",""audience_actual"":""not_enriched"",""sponsor_budget"":""not_public"",""coordinates"":""not_geocoded"",""timezone"":""not_published"",""evidence_status"":""primary_body_verified""}"
evt_3fd86574b40703fe,ser_b3b2f406610a9f31,Frieze London 2025,https://press.frieze.com/frieze-london-frieze-masters-2025-first-details/,2025-10-15,2025-10-19,,,,day,published_date_range; inclusive_when_explicit,reported_held,historical,"London; The Regent’s Park, Reino Unido",United Kingdom,in_person,location_text_ungeocoded,,art_fair,arte contemporáneo / mercado del arte,,,,2026-09-28,src_38b3e9b572dc81a7,"{""price"":""not_enriched"",""audience_actual"":""not_enriched"",""sponsor_budget"":""not_public"",""coordinates"":""not_geocoded"",""timezone"":""not_published"",""evidence_status"":""primary_body_verified""}"
evt_d4fe659e50c08239,ser_b3b2f406610a9f31,Frieze London 2026,https://press.frieze.com/flfm26-first-details/,2026-10-14,2026-10-18,,,,day,published_date_range; inclusive_when_explicit,announced,upcoming_or_current,"London; The Regent’s Park, Reino Unido",United Kingdom,in_person,location_text_ungeocoded,,art_fair,arte contemporáneo / mercado del arte,,,,2026-09-28,src_f67eaa1904019791,"{""price"":""not_enriched"",""audience_actual"":""not_enriched"",""sponsor_budget"":""not_public"",""coordinates"":""not_geocoded"",""timezone"":""not_published"",""evidence_status"":""primary_body_verified""}"
evt_52af40c014f2d2d3,ser_d932354fa0549d84,Roland-Garros 2022,https://www.rolandgarros.com/en-us/article/roland-garros-innovations-commitments-edition-2022,2022-05-16,2022-06-05,,,,day,published_date_range; inclusive_when_explicit,reported_held,historical,"Paris; Stade Roland-Garros, Francia",France,in_person,location_text_ungeocoded,,tennis_tournament,deporte / tenis,,,,2026-09-28,src_8e12c6aa8c47e7b8,"{""price"":""not_enriched"",""audience_actual"":""not_enriched"",""sponsor_budget"":""not_public"",""coordinates"":""not_geocoded"",""timezone"":""not_published"",""evidence_status"":""primary_body_verified""}"
evt_8d8eb916db13f136,ser_d932354fa0549d84,Roland-Garros 2023,https://www.rolandgarros.com/en-us/article/roland-garros-2023-opening-official-ticketing-offers-15-march,2023-05-22,2023-06-11,,,,day,published_date_range; inclusive_when_explicit,reported_held,historical,"Paris; Stade Roland-Garros, Francia",France,in_person,location_text_ungeocoded,,tennis_tournament,deporte / tenis,,,,2026-09-28,src_d856d2647d07e8fe,"{""price"":""not_enriched"",""audience_actual"":""not_enriched"",""sponsor_budget"":""not_public"",""coordinates"":""not_geocoded"",""timezone"":""not_published"",""evidence_status"":""primary_body_verified""}"
evt_575050f022c31923,ser_d932354fa0549d84,Roland-Garros 2024,https://www.emirates.com/media-centre/emirates-is-back-in-action-at-roland-garros-2024/,2024-05-20,2024-06-09,,,,day,published_date_range; inclusive_when_explicit,reported_held,historical,"Paris; Stade Roland-Garros, Francia",France,in_person,location_text_ungeocoded,,tennis_tournament,deporte / tenis,,,,2026-09-28,src_33217bc4be0ea729,"{""price"":""not_enriched"",""audience_actual"":""not_enriched"",""sponsor_budget"":""not_public"",""coordinates"":""not_geocoded"",""timezone"":""not_published"",""evidence_status"":""primary_body_verified""}"
evt_2a698763747ecca0,ser_d932354fa0549d84,Roland-Garros 2025,https://media.renault.com/?p=529529,2025-05-19,2025-06-08,,,,day,published_date_range; inclusive_when_explicit,reported_held,historical,"Paris; Stade Roland-Garros, Francia",France,in_person,location_text_ungeocoded,,tennis_tournament,deporte / tenis,,,,2026-09-28,src_0e7b4b30161968fb,"{""price"":""not_enriched"",""audience_actual"":""not_enriched"",""sponsor_budget"":""not_public"",""coordinates"":""not_geocoded"",""timezone"":""not_published"",""evidence_status"":""primary_body_verified""}"
evt_2272e37cfee02d14,ser_d932354fa0549d84,Roland-Garros 2026,https://www.rolandgarros.com/fr-fr/article/medias-accreditations-presse-radio-photo-tv-roland-garros-2026,2026-05-18,2026-06-07,,,,day,published_date_range; inclusive_when_explicit,reported_held,historical,"Paris; Stade Roland-Garros, Francia",France,in_person,location_text_ungeocoded,,tennis_tournament,deporte / tenis,,,,2026-09-28,src_1e9ba82b345b7a3b,"{""price"":""not_enriched"",""audience_actual"":""not_enriched"",""sponsor_budget"":""not_public"",""coordinates"":""not_geocoded"",""timezone"":""not_published"",""evidence_status"":""primary_body_verified""}"
evt_5c2563f1f041e2ac,ser_d932354fa0549d84,Roland-Garros 2027,https://travel.rolandgarros.com/fr/conditions,2027-05-17,2027-06-06,,,,day,published_date_range; inclusive_when_explicit,announced,upcoming_or_current,"Paris; Stade Roland-Garros, Francia",France,in_person,location_text_ungeocoded,,tennis_tournament,deporte / tenis,,,,2026-09-28,src_bfa4b2bf1f76dec0,"{""price"":""not_enriched"",""audience_actual"":""not_enriched"",""sponsor_budget"":""not_public"",""coordinates"":""not_geocoded"",""timezone"":""not_published"",""evidence_status"":""primary_body_verified""}"
evt_a2d3daeab9632648,,Python Edinburgh - September Pub Meetup,https://www.meetup.com/python-edinburgh/,2024-09-24,,2024-09-24T18:30:00,,BST,day,unknown_end_date,announced,historical,"Fierce Beer, Edinburgh",,in_person_inferred,location_text_ungeocoded,,community_meeting,technology,,,,2026-09-28,src_7f342d86233569f0,"{""price"":""not_enriched"",""audience_actual"":""not_enriched"",""sponsor_budget"":""not_public"",""coordinates"":""not_geocoded"",""timezone"":null,""evidence_status"":""read""}"
evt_5f5bdac4e27d1e40,,EASA Convention,https://10times.com/easa,2024-06-23,2024-06-25,,,,day,explicit_source_date,announced,historical,"Caesars Palace, Las Vegas",,in_person_inferred,location_text_ungeocoded,,trade_fair,other,,,,2026-09-28,src_ecd126e46aa5f958,"{""price"":""not_enriched"",""audience_actual"":""not_enriched"",""sponsor_budget"":""not_public"",""coordinates"":""not_geocoded"",""timezone"":""not_published"",""evidence_status"":""read_aggregator_needs_organizer_confirmation""}"
evt_506cc479ae1320b9,,2024 All Day DevOps,https://sessionize.com/2024-all-day-devops/,2024-10-10,2024-10-11,,,,day,explicit_source_date,announced,historical,Online,,online,location_text_ungeocoded,,conference,technology,,,,2026-09-28,src_3cca216945a62f3d,"{""price"":""not_enriched"",""audience_actual"":""not_enriched"",""sponsor_budget"":""not_public"",""coordinates"":""not_geocoded"",""timezone"":""not_published"",""evidence_status"":""read""}"
evt_f3c3ac908069c867,,OpenEmbedded Workshop 2024,https://pretix.eu/OpenEmbedded/OEW24/,2024-02-05,2024-02-05,2024-02-05T09:00:00,2024-02-05T18:00:00,,day,explicit_source_date,announced,historical,"Avenue Louise 523, 1050 Brussels, Belgium",Belgium,in_person_inferred,location_text_ungeocoded,,workshop,technology,,,,2026-09-28,src_c13d7441cc98d488,"{""price"":""not_enriched"",""audience_actual"":""not_enriched"",""sponsor_budget"":""not_public"",""coordinates"":""not_geocoded"",""timezone"":""not_published"",""evidence_status"":""read""}"
evt_7fdc6dfa76a5980f,,Sell smart not hard: drive more sales and get smart insights from your new reporting tools,https://www.tickettailor.com/events/tickettailorwebinars/1021136,2023-10-31,2023-10-31,2023-10-31T16:00:00,2023-10-31T16:30:00,GMT,day,explicit_source_date,announced,historical,"Online, Zoom",,online,location_text_ungeocoded,,webinar,other,,,,2026-09-28,src_7fed1c8598d7bd1f,"{""price"":""not_enriched"",""audience_actual"":""not_enriched"",""sponsor_budget"":""not_public"",""coordinates"":""not_geocoded"",""timezone"":null,""evidence_status"":""read""}"
evt_4053e17a941e8ff5,,RA 2023 Transport Summit (Sydney),https://events.humanitix.com/ra-2023-transport-summit-sydney/contact,2023-04-27,2023-04-27,2023-04-27T08:00:00,2023-04-27T17:00:00,AEST,day,explicit_source_date,announced,historical,"Sofitel Sydney Wentworth Ballroom, 61-101 Phillip St, Sydney NSW 2000, Australia",Australia,in_person_inferred,location_text_ungeocoded,,conference,other,,,,2026-09-28,src_cf9cb7d13d9b0b35,"{""price"":""not_enriched"",""audience_actual"":""not_enriched"",""sponsor_budget"":""not_public"",""coordinates"":""not_geocoded"",""timezone"":null,""evidence_status"":""read""}"
evt_4c75646805affc70,,52nd Annual Stanford Powwow and Art Market,https://events.stanford.edu/event/52nd_annual_stanford_powwow,2023-05-12,2023-05-14,,,,day,explicit_source_date,announced,historical,"Eucalyptus Grove, Stanford",,in_person_inferred,location_text_ungeocoded,,cultural_festival,other,,,,2026-09-28,src_947efca5c26335ec,"{""price"":""not_enriched"",""audience_actual"":""not_enriched"",""sponsor_budget"":""not_public"",""coordinates"":""not_geocoded"",""timezone"":""not_published"",""evidence_status"":""indexed_only_direct_read_blocked""}"
evt_4149574d03a4abe1,,Integrated Systems Europe 2024,https://cdn.asp.events/CLIENT_Integrat_169E7B04_E6F3_39F6_8BE4DB27C54F731E/sites/ise-2024/media/Facts-and-Figures-2024_ISE_0404.pdf,2024-01-30,2024-02-02,,,,day,explicit_source_date,announced,historical,Fira de Barcelona Gran Via,,in_person_inferred,location_text_ungeocoded,,trade_fair,technology,,,,2026-09-28,src_af08650519d4bd96,"{""price"":""not_enriched"",""audience_actual"":""not_enriched"",""sponsor_budget"":""not_public"",""coordinates"":""not_geocoded"",""timezone"":""not_published"",""evidence_status"":""read_text_pdf""}"
