id,event_id,platform,native_id,url,first_observed,last_observed,listing_status,evidence_method,source_id
listing_4e77fcfcba88290e,evt_74924efa1f1d406d,organizer_website,,https://earl-conference.com/,2026-09-28,2026-09-28,linked_not_fetched,linked_from_source,src_105ca3620163539b
listing_0d2f3c668eb04dba,evt_d9aa9a04fdafe783,organizer_website,,https://pyday.pylapaz.org/,2026-09-28,2026-09-28,linked_not_fetched,linked_from_source,src_105ca3620163539b
listing_79423eed3678179c,evt_85b4aa9c3b9e839a,organizer_website,,https://pycon.lt/2024,2026-09-28,2026-09-28,linked_not_fetched,linked_from_source,src_105ca3620163539b
listing_01d976da87df117c,evt_8ad74a622fa38a01,organizer_website,,https://amsterdam.pydata.org/,2026-09-28,2026-09-28,linked_not_fetched,linked_from_source,src_105ca3620163539b
listing_33f59b01fbe397ed,evt_bb04598beeecbf2c,organizer_website,,https://2024.pythonnorte.org/,2026-09-28,2026-09-28,linked_not_fetched,linked_from_source,src_105ca3620163539b
listing_85d4cfcfde9816c9,evt_9f19637ff3ee3243,organizer_website,,https://euroscipy.org/2025/,2026-09-28,2026-09-28,linked_not_fetched,linked_from_source,src_105ca3620163539b
listing_bfa8f3e2807a0a4e,evt_54d0e34f7c60d99e,organizer_website,,https://tw.pycon.org/,2026-09-28,2026-09-28,linked_not_fetched,linked_from_source,src_105ca3620163539b
listing_c8df07feb83adebc,evt_fa0ae2541f8d36ea,organizer_website,,https://2026.pybeach.org/,2026-09-28,2026-09-28,linked_not_fetched,linked_from_source,src_105ca3620163539b
listing_df3f54cc856086d0,evt_0b0968c1c4c7b16e,organizer_website,,http://pycon.sg/,2026-09-28,2026-09-28,linked_not_fetched,linked_from_source,src_105ca3620163539b
listing_f5808198babe0e6c,evt_6a33fa5b6c86304d,organizer_website,,https://pycon.id/,2026-09-28,2026-09-28,linked_not_fetched,linked_from_source,src_105ca3620163539b
listing_0461b491fba3f502,evt_165ff6e4f6ca6aad,organizer_website,,https://djangocongress.jp/,2026-09-28,2026-09-28,linked_not_fetched,linked_from_source,src_105ca3620163539b
listing_8513c134cc946c16,evt_0956d356a6eede47,organizer_website,,https://2024.pythonnordeste.org/,2026-09-28,2026-09-28,linked_not_fetched,linked_from_source,src_105ca3620163539b
listing_11858a87b7afe6f9,evt_46dba274af8639b7,organizer_website,,https://2025.pycon.org.au/,2026-09-28,2026-09-28,linked_not_fetched,linked_from_source,src_105ca3620163539b
listing_ba8931f6a60a0185,evt_3e5acad6adf38308,organizer_website,,https://www.cloud-builders.tech/en/python-conf,2026-09-28,2026-09-28,linked_not_fetched,linked_from_source,src_105ca3620163539b
listing_6900a9abe4cc0a96,evt_4336de4732d15d92,organizer_website,,https://fastapiconf.com/,2026-09-28,2026-09-28,linked_not_fetched,linked_from_source,src_105ca3620163539b
listing_ff07de3e0ec12412,evt_0617c91d76effd08,organizer_website,,https://2024.pythonbrasil.org.br/,2026-09-28,2026-09-28,linked_not_fetched,linked_from_source,src_105ca3620163539b
listing_e5c32316f881701d,evt_d26b1d203113460d,Luma,,https://lu.ma/runpiv8k,2026-09-28,2026-09-28,linked_not_fetched,linked_from_source,src_105ca3620163539b
listing_cae106b5d1328fe8,evt_fb0927245e4a697c,organizer_website,,https://pydata.org/telaviv2023,2026-09-28,2026-09-28,linked_not_fetched,linked_from_source,src_105ca3620163539b
listing_2f451ec8afe9b0d2,evt_98d6cf1138256fb7,organizer_website,,https://pythonleiden.nl/meeting-2026-05-28.html?py,2026-09-28,2026-09-28,linked_not_fetched,linked_from_source,src_105ca3620163539b
listing_5ca063babf1b594b,evt_e9b86a328158346d,organizer_website,,https://2025.pybeach.org/,2026-09-28,2026-09-28,linked_not_fetched,linked_from_source,src_105ca3620163539b
listing_be3a165d591d5dac,evt_c74bf11ac6632c88,organizer_website,,https://pycon.lt/2023,2026-09-28,2026-09-28,linked_not_fetched,linked_from_source,src_105ca3620163539b
listing_a62ca26a4c55cc3b,evt_0e361a698e5f00fa,organizer_website,,https://2024.pycascades.com/,2026-09-28,2026-09-28,linked_not_fetched,linked_from_source,src_105ca3620163539b
listing_5f3b3eaeae07c723,evt_1038cbbe810c51f9,organizer_website,,https://pycon.lt/,2026-09-28,2026-09-28,linked_not_fetched,linked_from_source,src_105ca3620163539b
listing_bb53c1783e80b22f,evt_c0adaa7474b2f421,organizer_website,,https://globaldevslam.com/,2026-09-28,2026-09-28,linked_not_fetched,linked_from_source,src_105ca3620163539b
listing_dae1edbdf5eff285,evt_c6d46b27da5cadcb,organizer_website,,https://hamburg.python.pizza/,2026-09-28,2026-09-28,linked_not_fetched,linked_from_source,src_105ca3620163539b
listing_6dc0a5f8360c779d,evt_8ddd901275689efe,organizer_website,,https://djangocongress.jp/,2026-09-28,2026-09-28,linked_not_fetched,linked_from_source,src_105ca3620163539b
listing_769bb892831e3aab,evt_14f81078f72c3fb7,organizer_website,,https://events.linuxfoundation.org/jupytercon/,2026-09-28,2026-09-28,linked_not_fetched,linked_from_source,src_105ca3620163539b
listing_92e7dc8ee8eff75f,evt_0f85b1f7331a6dbe,organizer_website,,https://www.pycon.ru/,2026-09-28,2026-09-28,linked_not_fetched,linked_from_source,src_105ca3620163539b
listing_c7105d5c3fdb140c,evt_dc71e11656e99e2d,organizer_website,,https://2024.es.pycon.org/,2026-09-28,2026-09-28,linked_not_fetched,linked_from_source,src_105ca3620163539b
listing_e897620ed504c8f5,evt_4945d2d4a6bd64fa,organizer_website,,https://2022.djangoday.dk/,2026-09-28,2026-09-28,linked_not_fetched,linked_from_source,src_105ca3620163539b
listing_ea8fa2ed9ab84046,evt_2874e14d7b7da401,organizer_website,,https://pycon.ie/,2026-09-28,2026-09-28,linked_not_fetched,linked_from_source,src_105ca3620163539b
listing_e38da8c0aa21301d,evt_6a424270a326f4b7,organizer_website,,https://pyweek.org/39/,2026-09-28,2026-09-28,linked_not_fetched,linked_from_source,src_105ca3620163539b
listing_0c4895e93cb782d8,evt_fe9b0a48de67e90a,organizer_website,,https://fosdem.org/2022/schedule/track/python/,2026-09-28,2026-09-28,linked_not_fetched,linked_from_source,src_105ca3620163539b
listing_b3d8a2df8715a972,evt_11dfac6b972886d3,organizer_website,,https://2023.pyconuk.org/,2026-09-28,2026-09-28,linked_not_fetched,linked_from_source,src_105ca3620163539b
listing_5a4694837f1e4ef8,evt_9c511cf38ef89f0a,organizer_website,,https://2025.geopython.net/,2026-09-28,2026-09-28,linked_not_fetched,linked_from_source,src_105ca3620163539b
listing_7ce5a8502ba3d5c3,evt_a0f9d3de1146199e,organizer_website,,https://pybay.org/,2026-09-28,2026-09-28,linked_not_fetched,linked_from_source,src_105ca3620163539b
listing_8354e1edd6b2bb5a,evt_09e9006e7a35cf47,organizer_website,,https://2022.pycon.pt/,2026-09-28,2026-09-28,linked_not_fetched,linked_from_source,src_105ca3620163539b
listing_eec574befc51a859,evt_d07a76152f5489fe,organizer_website,,https://amsterdam.pydata.org/,2026-09-28,2026-09-28,linked_not_fetched,linked_from_source,src_105ca3620163539b
listing_e6402a4b45a7ec5d,evt_451d0693e338d3f9,organizer_website,,https://fosdem.org/2025/schedule/track/python/,2026-09-28,2026-09-28,linked_not_fetched,linked_from_source,src_105ca3620163539b
listing_182642ac86a655b8,evt_01a63ed96a5d4272,organizer_website,,https://2022.geopython.net/,2026-09-28,2026-09-28,linked_not_fetched,linked_from_source,src_105ca3620163539b
listing_3eb1353f0f5451a5,evt_a11306bd2009b244,organizer_website,,https://pl.pycon.org/2025/,2026-09-28,2026-09-28,linked_not_fetched,linked_from_source,src_105ca3620163539b
listing_662dbdb3bbd71d2d,evt_b4c8b4590ac55632,organizer_website,,https://2026.djangocon.us/,2026-09-28,2026-09-28,linked_not_fetched,linked_from_source,src_105ca3620163539b
listing_12d0f47e68c8d751,evt_1fc974874ad3a13f,organizer_website,,https://us.pycon.org/,2026-09-28,2026-09-28,linked_not_fetched,linked_from_source,src_105ca3620163539b
listing_94c4b6ded47c3cda,evt_cee31d7848add738,organizer_website,,https://2026.pythonasia.org/,2026-09-28,2026-09-28,linked_not_fetched,linked_from_source,src_105ca3620163539b
listing_56287bb9f338a67d,evt_cc542b100138de5d,organizer_website,,https://pydata.org/london2023,2026-09-28,2026-09-28,linked_not_fetched,linked_from_source,src_105ca3620163539b
listing_4466691ede8fd7fe,evt_ce40a806a2021651,organizer_website,,https://pycon.at/,2026-09-28,2026-09-28,linked_not_fetched,linked_from_source,src_105ca3620163539b
listing_58e630d405263b89,evt_a24d02ff563dd463,organizer_website,,https://us.pycon.org/,2026-09-28,2026-09-28,linked_not_fetched,linked_from_source,src_105ca3620163539b
listing_de6ea364ca0b5dee,evt_014069fb64efc783,organizer_website,,https://www.euroscipy.org/2022/,2026-09-28,2026-09-28,linked_not_fetched,linked_from_source,src_105ca3620163539b
listing_2ea187d44e195acf,evt_8f03530072b5cab5,organizer_website,,http://pytexas.org/2025,2026-09-28,2026-09-28,linked_not_fetched,linked_from_source,src_105ca3620163539b
listing_bdcf400d7c07851b,evt_36ef38d0c4f18f9b,organizer_website,,https://tw.pycon.org/2025/en-us,2026-09-28,2026-09-28,linked_not_fetched,linked_from_source,src_105ca3620163539b
listing_ed1cee62004b092a,evt_b5025af901c2f949,organizer_website,,https://2025.ploneconf.org/,2026-09-28,2026-09-28,linked_not_fetched,linked_from_source,src_105ca3620163539b
listing_283b970799ce062b,evt_6f2e680bdac0b5b0,organizer_website,,https://tw.pycon.org/2026/en-us,2026-09-28,2026-09-28,linked_not_fetched,linked_from_source,src_105ca3620163539b
listing_73b23bf069123226,evt_8cfa31a0eacf62ad,organizer_website,,https://indico.cern.ch/e/PyHEP2022,2026-09-28,2026-09-28,linked_not_fetched,linked_from_source,src_105ca3620163539b
listing_0910c8b31340de01,evt_4f3c87da27540383,organizer_website,,http://www.pyconwroclaw.com/,2026-09-28,2026-09-28,linked_not_fetched,linked_from_source,src_105ca3620163539b
listing_60f0ecf63386e5fa,evt_8ff4e1a072242b32,organizer_website,,https://spacecon.antarikchya.org.np/,2026-09-28,2026-09-28,linked_not_fetched,linked_from_source,src_105ca3620163539b
listing_8cce582355352c24,evt_10f798c145b96791,organizer_website,,https://www.euroscipy.org/2024/index.html,2026-09-28,2026-09-28,linked_not_fetched,linked_from_source,src_105ca3620163539b
listing_df40543076e12393,evt_6f3e70a2e5bfc411,organizer_website,,https://2024.geopython.net/,2026-09-28,2026-09-28,linked_not_fetched,linked_from_source,src_105ca3620163539b
listing_6ee115ac3150faf4,evt_f0f8bded21075692,organizer_website,,https://scipy.in/2026/,2026-09-28,2026-09-28,linked_not_fetched,linked_from_source,src_105ca3620163539b
listing_713ab58fb189e1cf,evt_a8919e186668b9c7,organizer_website,,https://pydata.org/paris2025,2026-09-28,2026-09-28,linked_not_fetched,linked_from_source,src_105ca3620163539b
listing_e196a921ff07bc69,evt_509dd77782235695,organizer_website,,http://afrodjangoinitiatives.org/event/9,2026-09-28,2026-09-28,linked_not_fetched,linked_from_source,src_105ca3620163539b
listing_be50ddd9c76831b6,evt_6b413a3ee9f000f0,organizer_website,,https://events.zoom.us/ev/AtWesoZI_eMUAZtG3IN1jHe29h3D8ymQo_CtHXHif8OXHxce920A~AsPDB_wMeHEWoOe5NMmxxfUvLYmDix4jgAeEnfHjMc5yHnblkIJ88jr23fxwtHhVFjK-X8n_7gP1dGlP2Nok1bHg4A,2026-09-28,2026-09-28,linked_not_fetched,linked_from_source,src_105ca3620163539b
listing_5e74988145cf5d4b,evt_d96d4070e54b27d1,organizer_website,,https://2026.pycon.org.au/,2026-09-28,2026-09-28,linked_not_fetched,linked_from_source,src_105ca3620163539b
listing_132fe4a9ab6dfc2b,evt_4448807c8669f164,organizer_website,,https://pyohio.org/2024/,2026-09-28,2026-09-28,linked_not_fetched,linked_from_source,src_105ca3620163539b
listing_4b5dda2d9b3f2e2f,evt_d90216fff9a74c0b,organizer_website,,https://www.pytexas.org/2024/,2026-09-28,2026-09-28,linked_not_fetched,linked_from_source,src_105ca3620163539b
listing_b4588c25c0ca219e,evt_ca268ccd9afba7db,organizer_website,,http://www.slec.net/edupy/,2026-09-28,2026-09-28,linked_not_fetched,linked_from_source,src_105ca3620163539b
listing_5cfff2800ea9f626,evt_39b390f660e8bfeb,organizer_website,,https://2024.pycon.kr/,2026-09-28,2026-09-28,linked_not_fetched,linked_from_source,src_105ca3620163539b
listing_c6b537a13181f749,evt_22b238eab1c43c6a,organizer_website,,https://2024.northbaypython.org/,2026-09-28,2026-09-28,linked_not_fetched,linked_from_source,src_105ca3620163539b
listing_469be043efadc061,evt_4661c9af3cf79e6e,organizer_website,,https://2023.northbaypython.org/,2026-09-28,2026-09-28,linked_not_fetched,linked_from_source,src_105ca3620163539b
listing_54dc51bd52311a27,evt_7ae4314a231e3d96,organizer_website,,https://pyohio.org/2025/,2026-09-28,2026-09-28,linked_not_fetched,linked_from_source,src_105ca3620163539b
listing_cb69ae3d9f7f25c8,evt_4388e3fc954b09ae,organizer_website,,https://pycon.hk/,2026-09-28,2026-09-28,linked_not_fetched,linked_from_source,src_105ca3620163539b
listing_6c359939a0f22f32,evt_67f6eb4952e15482,organizer_website,,https://www.pycon.se/,2026-09-28,2026-09-28,linked_not_fetched,linked_from_source,src_105ca3620163539b
listing_60a6075993e33419,evt_53a5e5ed48b9e2f6,organizer_website,,https://ne.pycon.org/,2026-09-28,2026-09-28,linked_not_fetched,linked_from_source,src_105ca3620163539b
listing_c0fdd3c0a0c9e9b9,evt_5ca5fb8336fc78fe,organizer_website,,http://2026.northbaypython.org/,2026-09-28,2026-09-28,linked_not_fetched,linked_from_source,src_105ca3620163539b
listing_d1e82df3244690ef,evt_2634393393f34463,organizer_website,,http://pycon.it/,2026-09-28,2026-09-28,linked_not_fetched,linked_from_source,src_105ca3620163539b
listing_b6d8674cc701732a,evt_49fecf22b6d2a696,organizer_website,,https://www.pycon.ke/,2026-09-28,2026-09-28,linked_not_fetched,linked_from_source,src_105ca3620163539b
listing_b62a399f056845c1,evt_770129eb2abce6be,organizer_website,,https://fosdem.org/2024/schedule/track/python-devroom/,2026-09-28,2026-09-28,linked_not_fetched,linked_from_source,src_105ca3620163539b
listing_1cf8954f2b65585c,evt_f599476274faabd9,organizer_website,,https://pydata.org/global2021/,2026-09-28,2026-09-28,linked_not_fetched,linked_from_source,src_105ca3620163539b
listing_7691c09f237f7f3e,evt_3701004c3c2ce5c2,organizer_website,,https://kx.com/events/kx-con-2023/,2026-09-28,2026-09-28,linked_not_fetched,linked_from_source,src_105ca3620163539b
listing_723987b13b1d9da7,evt_a79023c8971a4f81,organizer_website,,https://www.pyconweb.com/,2026-09-28,2026-09-28,linked_not_fetched,linked_from_source,src_105ca3620163539b
listing_79da302c70163d77,evt_317e03884294fe92,organizer_website,,https://pycon.id/,2026-09-28,2026-09-28,linked_not_fetched,linked_from_source,src_105ca3620163539b
listing_5b82e7a717aa3ac7,evt_9da30b0fa0940673,organizer_website,,https://fosdem.org/2023/schedule/track/python/,2026-09-28,2026-09-28,linked_not_fetched,linked_from_source,src_105ca3620163539b
listing_5eee449a01338776,evt_22b9e4bf97269c4b,organizer_website,,https://2023.pythonbrasil.org.br/,2026-09-28,2026-09-28,linked_not_fetched,linked_from_source,src_105ca3620163539b
listing_703f71c84b55266b,evt_ec56dad6b0f54653,organizer_website,,https://us.pycon.org/,2026-09-28,2026-09-28,linked_not_fetched,linked_from_source,src_105ca3620163539b
listing_3e66f08015c7ac98,evt_f5c2782d62727627,organizer_website,,https://in.pycon.org/2025/,2026-09-28,2026-09-28,linked_not_fetched,linked_from_source,src_105ca3620163539b
listing_faa7a378fea06be7,evt_c03ac7f3b70a0f6a,organizer_website,,https://packaging-con.org/,2026-09-28,2026-09-28,linked_not_fetched,linked_from_source,src_105ca3620163539b
listing_184869a591778212,evt_ce5811836f595ed7,organizer_website,,https://nokidbehind.org/event/yaounde-python-community/,2026-09-28,2026-09-28,linked_not_fetched,linked_from_source,src_105ca3620163539b
listing_8b2f09a87922e1c4,evt_838df0a3bd3c9af4,organizer_website,,http://gh.pycon.org/,2026-09-28,2026-09-28,linked_not_fetched,linked_from_source,src_105ca3620163539b
listing_4e22c231ffe93d99,evt_d2b39278996c574f,organizer_website,,https://tw.pycon.org/2024/en-us,2026-09-28,2026-09-28,linked_not_fetched,linked_from_source,src_105ca3620163539b
listing_4ec5b5128d2226be,evt_a3b9fd2e7370d4ff,organizer_website,,https://pycon.python.ph/,2026-09-28,2026-09-28,linked_not_fetched,linked_from_source,src_105ca3620163539b
listing_7207c7bfef7338ec,evt_157eceb454a4777d,organizer_website,,https://hackathon.iiitkalyani.ac.in/,2026-09-28,2026-09-28,linked_not_fetched,linked_from_source,src_105ca3620163539b
listing_6a1cd3eeabda7661,evt_2fc8bbd63dd17140,organizer_website,,https://globaldevslam.com/,2026-09-28,2026-09-28,linked_not_fetched,linked_from_source,src_105ca3620163539b
listing_634385871b34bef2,evt_89b37d7515f7cf42,organizer_website,,https://flaskcon.com/2025/,2026-09-28,2026-09-28,linked_not_fetched,linked_from_source,src_105ca3620163539b
listing_5cd73b132f468901,evt_f1e832c822856bf9,organizer_website,,https://pycon.cl/,2026-09-28,2026-09-28,linked_not_fetched,linked_from_source,src_105ca3620163539b
listing_79ca565a6debdbff,evt_b7381c733983e874,organizer_website,,https://at.pycon.org/,2026-09-28,2026-09-28,linked_not_fetched,linked_from_source,src_105ca3620163539b
listing_83738eae23399522,evt_8412a029278f4d47,organizer_website,,https://zw.pycon.org/,2026-09-28,2026-09-28,linked_not_fetched,linked_from_source,src_105ca3620163539b
listing_136f63620e684c77,evt_725815de68c3c8b1,organizer_website,,https://pycamp.es/,2026-09-28,2026-09-28,linked_not_fetched,linked_from_source,src_105ca3620163539b
listing_b88653160439f46f,evt_5b75e8160a2e1a5d,organizer_website,,https://2023.es.pycon.org/en/,2026-09-28,2026-09-28,linked_not_fetched,linked_from_source,src_105ca3620163539b
listing_26d17d86459657cf,evt_408ba1b79e08d26e,organizer_website,,https://pydata.org/global2023/,2026-09-28,2026-09-28,linked_not_fetched,linked_from_source,src_105ca3620163539b
listing_a45d0343e29fb49c,evt_7da0ef0ea520a2d5,organizer_website,,https://www.scipy2023.scipy.org/,2026-09-28,2026-09-28,linked_not_fetched,linked_from_source,src_105ca3620163539b
listing_e786f5036a5ba7e5,evt_a669b8c177ec9d3e,organizer_website,,https://2023.djangocon.eu/,2026-09-28,2026-09-28,linked_not_fetched,linked_from_source,src_105ca3620163539b
listing_1fe7bc3b4f87971a,evt_3ad9162f86d80bfe,organizer_website,,https://www.pylatam.org/en/,2026-09-28,2026-09-28,linked_not_fetched,linked_from_source,src_105ca3620163539b
listing_eb7b9435c6468fae,evt_40dce9410a6ce274,organizer_website,,http://pytexas.org,2026-09-28,2026-09-28,linked_not_fetched,linked_from_source,src_105ca3620163539b
listing_ef5505a26824cd9c,evt_8cdd2e7babdd0f59,organizer_website,,https://in.pycon.org/2023/,2026-09-28,2026-09-28,linked_not_fetched,linked_from_source,src_105ca3620163539b
listing_4ecd3695ed19478c,evt_6b75cba7ad4699f2,organizer_website,,https://ep2023.europython.eu/,2026-09-28,2026-09-28,linked_not_fetched,linked_from_source,src_105ca3620163539b
listing_5ba8f977cffd0081,evt_93a02dedaab53176,organizer_website,,https://www.pytexas.org/2026/,2026-09-28,2026-09-28,linked_not_fetched,linked_from_source,src_105ca3620163539b
listing_0ac49ea50036088b,evt_eb5743a4b206c95a,organizer_website,,https://dti.hamplustech.com/,2026-09-28,2026-09-28,linked_not_fetched,linked_from_source,src_105ca3620163539b
listing_f27143e7d26062e6,evt_3c52692b4c7b359a,organizer_website,,https://www.xtremepython.dev/,2026-09-28,2026-09-28,linked_not_fetched,linked_from_source,src_105ca3620163539b
listing_8ab3a9700bcfd072,evt_8d9fb0b6dce8d4e0,organizer_website,,https://xtremepython.dev/,2026-09-28,2026-09-28,linked_not_fetched,linked_from_source,src_105ca3620163539b
listing_e715950f58d8bacc,evt_c48f165b98b0b55c,organizer_website,,https://2022.es.pycon.org/,2026-09-28,2026-09-28,linked_not_fetched,linked_from_source,src_105ca3620163539b
listing_f2a9401601bad1b2,evt_39c7c95949c9cd36,organizer_website,,https://fosdem.org/2026/schedule/track/python/,2026-09-28,2026-09-28,linked_not_fetched,linked_from_source,src_105ca3620163539b
listing_26152d27005e5723,evt_39c7c95949c9cd36,organizer_website,,https://fosdem.org/2026/,2026-09-28,2026-09-28,linked_not_fetched,linked_from_source,src_105ca3620163539b
listing_bbb11c30fcde51c7,evt_eee221c2a30d8a45,organizer_website,,https://flaskcon.com/2024/coming-soon,2026-09-28,2026-09-28,linked_not_fetched,linked_from_source,src_105ca3620163539b
listing_653174f7a4916db3,evt_010043d0927cfb0c,organizer_website,,https://www.jupytercon.com/,2026-09-28,2026-09-28,linked_not_fetched,linked_from_source,src_105ca3620163539b
listing_0e0bc85081c569e0,evt_a20f2dd832bf485f,organizer_website,,https://xtremepython.dev/,2026-09-28,2026-09-28,linked_not_fetched,linked_from_source,src_105ca3620163539b
listing_c4642ca7e6e0ad6b,evt_a2dfcb8343b3b99a,organizer_website,,https://ep2024.europython.eu/,2026-09-28,2026-09-28,linked_not_fetched,linked_from_source,src_105ca3620163539b
listing_33fe6b4a25feb617,evt_8d582b2a010a387e,organizer_website,,https://lp.jetbrains.com/python-unplugged/,2026-09-28,2026-09-28,linked_not_fetched,linked_from_source,src_105ca3620163539b
listing_fcee9a1fbc4408de,evt_8e903408da778d07,organizer_website,,https://pycon.pa/2026/,2026-09-28,2026-09-28,linked_not_fetched,linked_from_source,src_105ca3620163539b
listing_29269cbed10df666,evt_819c65ede12cd3d6,organizer_website,,https://2026.pythonnordeste.org/,2026-09-28,2026-09-28,linked_not_fetched,linked_from_source,src_105ca3620163539b
listing_07d485af7ea4e472,evt_0282383a21aa193e,organizer_website,,https://scipy2024.scipy.org,2026-09-28,2026-09-28,linked_not_fetched,linked_from_source,src_105ca3620163539b
listing_10dc76db8bd4f039,evt_b31a275f6726784d,organizer_website,,https://pycon.or.tz/,2026-09-28,2026-09-28,linked_not_fetched,linked_from_source,src_105ca3620163539b
listing_81d2f3f362b98386,evt_c8fb1781b754e939,organizer_website,,https://2026.es.pycon.org/,2026-09-28,2026-09-28,linked_not_fetched,linked_from_source,src_105ca3620163539b
listing_1881f93952dd5d7f,evt_7aa008186cc70eef,organizer_website,,https://2022.pycon.jp/,2026-09-28,2026-09-28,linked_not_fetched,linked_from_source,src_105ca3620163539b
listing_e0e34031a78e72f1,evt_90a141e31ab06bc3,organizer_website,,https://www.pycon.ke/,2026-09-28,2026-09-28,linked_not_fetched,linked_from_source,src_105ca3620163539b
listing_52f6748ed83e5369,evt_aab253ce33345b93,organizer_website,,https://2023.pycon.kr/,2026-09-28,2026-09-28,linked_not_fetched,linked_from_source,src_105ca3620163539b
listing_b2cf62f189c1ea24,evt_bf5f6972b941b0b1,organizer_website,,https://2024.pycon.co/,2026-09-28,2026-09-28,linked_not_fetched,linked_from_source,src_105ca3620163539b
listing_5de57e1a0c22b4c5,evt_007e6d7ce5ceb9e7,organizer_website,,https://2023.pycon.org.au/,2026-09-28,2026-09-28,linked_not_fetched,linked_from_source,src_105ca3620163539b
listing_a2ef3506328d0d1c,evt_6b5a0fd819a9d8cc,organizer_website,,https://fwdays.com/en/event/python-ds-fwdays-2024,2026-09-28,2026-09-28,linked_not_fetched,linked_from_source,src_105ca3620163539b
listing_5525dcc145d8ebf4,evt_bd2f8bc30e62ee46,organizer_website,,https://pybay.org/,2026-09-28,2026-09-28,linked_not_fetched,linked_from_source,src_105ca3620163539b
listing_7935220b4b3df54b,evt_7fce75d3e2505c0f,organizer_website,,https://2023.djangoday.dk/,2026-09-28,2026-09-28,linked_not_fetched,linked_from_source,src_105ca3620163539b
listing_4b56aa99f31a7845,evt_12d1207d9ccf9d16,organizer_website,,https://africa.pycon.org/2024/,2026-09-28,2026-09-28,linked_not_fetched,linked_from_source,src_105ca3620163539b
listing_12a38ea097bd1cee,evt_bf8ff50ec763bf9c,organizer_website,,https://pycon.org.il/2025/,2026-09-28,2026-09-28,linked_not_fetched,linked_from_source,src_105ca3620163539b
listing_c965616c8dff0cfe,evt_49be89885ae4e946,organizer_website,,https://za.pycon.org/,2026-09-28,2026-09-28,linked_not_fetched,linked_from_source,src_105ca3620163539b
listing_7f6ccb640e549a69,evt_b2a133883b294206,organizer_website,,https://pycon.ee/,2026-09-28,2026-09-28,linked_not_fetched,linked_from_source,src_105ca3620163539b
listing_1c5fe942dc67b1ed,evt_faba8e7ade066007,organizer_website,,https://2023.pycon.de/,2026-09-28,2026-09-28,linked_not_fetched,linked_from_source,src_105ca3620163539b
listing_d362226456ba9db2,evt_7c5fc9d164e418c7,organizer_website,,https://xtremepython.dev/,2026-09-28,2026-09-28,linked_not_fetched,linked_from_source,src_105ca3620163539b
listing_e8360b88d546e18d,evt_ea7e32ec810738e3,organizer_website,,https://2026.pycon.it/en,2026-09-28,2026-09-28,linked_not_fetched,linked_from_source,src_105ca3620163539b
listing_140d4ef882245b2e,evt_1f682cf6c078c19d,organizer_website,,https://2022.pycon.de/,2026-09-28,2026-09-28,linked_not_fetched,linked_from_source,src_105ca3620163539b
listing_3ea08ddc2eff88e8,evt_c3a69a7f1c1a8876,organizer_website,,https://pycon.id/,2026-09-28,2026-09-28,linked_not_fetched,linked_from_source,src_105ca3620163539b
listing_983171d096453cca,evt_04a098608ba31f5f,organizer_website,,https://pycon.org.il/2022/,2026-09-28,2026-09-28,linked_not_fetched,linked_from_source,src_105ca3620163539b
listing_a7c10510ab2ef593,evt_955a04bc4b73ce70,organizer_website,,https://codehut.co.uk/2026/,2026-09-28,2026-09-28,linked_not_fetched,linked_from_source,src_105ca3620163539b
listing_6faa4be10fa0ddb7,evt_3117238a8da03963,organizer_website,,https://pycon.de/,2026-09-28,2026-09-28,linked_not_fetched,linked_from_source,src_105ca3620163539b
listing_4052331b9496399d,evt_1f6bc4070fc627d1,organizer_website,,https://datascience.thepeopleevents.com/,2026-09-28,2026-09-28,linked_not_fetched,linked_from_source,src_105ca3620163539b
listing_6de5752112e65980,evt_25660576432278f4,organizer_website,,https://2025.pyconfhyd.org/,2026-09-28,2026-09-28,linked_not_fetched,linked_from_source,src_105ca3620163539b
listing_d23f0899d9de283e,evt_a6a1f8ddac190dd0,organizer_website,,https://conf.sciwork.dev/,2026-09-28,2026-09-28,linked_not_fetched,linked_from_source,src_105ca3620163539b
listing_ad88e5d95c10064b,evt_7800a8e424a4acb3,organizer_website,,https://2025.pythonnordeste.org/,2026-09-28,2026-09-28,linked_not_fetched,linked_from_source,src_105ca3620163539b
listing_2c1e4f40fdfc2fa8,evt_eb570aa64e466d41,organizer_website,,https://pythonwebconference.com/,2026-09-28,2026-09-28,linked_not_fetched,linked_from_source,src_105ca3620163539b
listing_5c7db573455b2d58,evt_e7ede83cbe091d7c,organizer_website,,https://na.pycon.org/,2026-09-28,2026-09-28,linked_not_fetched,linked_from_source,src_105ca3620163539b
listing_f22be47d9674a9b7,evt_e933ba98ab18197d,organizer_website,,https://2023.djangocon.us/,2026-09-28,2026-09-28,linked_not_fetched,linked_from_source,src_105ca3620163539b
listing_42f21c87a4753838,evt_ef72a6da489bd37d,organizer_website,,https://2022.pyconuk.org/,2026-09-28,2026-09-28,linked_not_fetched,linked_from_source,src_105ca3620163539b
listing_a893b26667bafdea,evt_85da920c7850c2f0,organizer_website,,https://2024.djangocon.us/,2026-09-28,2026-09-28,linked_not_fetched,linked_from_source,src_105ca3620163539b
listing_068b018111f829a8,evt_a46b496f9df575a4,organizer_website,,https://pycon.hk/2024,2026-09-28,2026-09-28,linked_not_fetched,linked_from_source,src_105ca3620163539b
listing_409b2d81519da879,evt_d48c941213dc9fa2,organizer_website,,https://pycon-apac.python.ph/,2026-09-28,2026-09-28,linked_not_fetched,linked_from_source,src_105ca3620163539b
listing_d23b618a4c2cace7,evt_cda7d83829486170,organizer_website,,https://2026.pythonho.com/,2026-09-28,2026-09-28,linked_not_fetched,linked_from_source,src_105ca3620163539b
listing_25dae49afdd493c0,evt_f96ac23099a4f124,organizer_website,,https://pydata.org/global2024/,2026-09-28,2026-09-28,linked_not_fetched,linked_from_source,src_105ca3620163539b
listing_559508a2895a3433,evt_37e3aa5dc7eac5c4,organizer_website,,https://2022.pycascades.com/,2026-09-28,2026-09-28,linked_not_fetched,linked_from_source,src_105ca3620163539b
listing_5d3c2ddc6abe65e6,evt_20041e6434ff620a,organizer_website,,http://pycon.or.tz/,2026-09-28,2026-09-28,linked_not_fetched,linked_from_source,src_105ca3620163539b
listing_39008ce0bbbfd7e7,evt_80df8e059d12d884,organizer_website,,https://ir.pycon.org/?lang=en,2026-09-28,2026-09-28,linked_not_fetched,linked_from_source,src_105ca3620163539b
listing_c1cae637803d4b0f,evt_748ae3b5e8b3be91,organizer_website,,https://www.euroscipy.org/2023/,2026-09-28,2026-09-28,linked_not_fetched,linked_from_source,src_105ca3620163539b
listing_6c9fed9ed7ab6839,evt_99b9c94330dc4ace,organizer_website,,https://sul.python.org.br/,2026-09-28,2026-09-28,linked_not_fetched,linked_from_source,src_105ca3620163539b
listing_a6759e5bac0d585f,evt_2c0230f25ed23b86,organizer_website,,https://2023.djangocon.africa/,2026-09-28,2026-09-28,linked_not_fetched,linked_from_source,src_105ca3620163539b
listing_fe63ca0457af6ce9,evt_f1298eabddae4ed7,organizer_website,,https://www.scipy2025.scipy.org/about,2026-09-28,2026-09-28,linked_not_fetched,linked_from_source,src_105ca3620163539b
listing_43d9329d11d6d5c2,evt_fd269bc23e58b7dc,organizer_website,,http://pycon.org.so/,2026-09-28,2026-09-28,linked_not_fetched,linked_from_source,src_105ca3620163539b
listing_94ea0439268b0a25,evt_4118d5fbf58b68dc,organizer_website,,https://2025.pythonbrasil.org.br/,2026-09-28,2026-09-28,linked_not_fetched,linked_from_source,src_105ca3620163539b
listing_4ce163fc22fdf7ae,evt_12a902bb87d230f2,organizer_website,,https://nokidbehind.org/event/play-with-python-tiko-south-west-region/,2026-09-28,2026-09-28,linked_not_fetched,linked_from_source,src_105ca3620163539b
listing_64e18a9a536193fc,evt_87623077ad9fa7d8,organizer_website,,https://www.scipy2026.scipy.org/,2026-09-28,2026-09-28,linked_not_fetched,linked_from_source,src_105ca3620163539b
listing_fe58fc0fb33d7a3a,evt_4be02b15188b4ee2,organizer_website,,https://pyday.co/,2026-09-28,2026-09-28,linked_not_fetched,linked_from_source,src_105ca3620163539b
listing_6b197b666d69fa74,evt_a68dd79c4805820b,organizer_website,,https://datascience.thepeopleevents.com/,2026-09-28,2026-09-28,linked_not_fetched,linked_from_source,src_105ca3620163539b
listing_9398be5cd6d5c01f,evt_3336ea54c7f90163,organizer_website,,https://sul.python.org.br/,2026-09-28,2026-09-28,linked_not_fetched,linked_from_source,src_105ca3620163539b
listing_e14584b09414af52,evt_ce8de8faa8c341d0,organizer_website,,https://pydata.org/berlin2025,2026-09-28,2026-09-28,linked_not_fetched,linked_from_source,src_105ca3620163539b
listing_0bc992edd9f8b0ec,evt_663f38dd91825f2b,organizer_website,,https://wagtail.org/wagtail-space-2026/,2026-09-28,2026-09-28,linked_not_fetched,linked_from_source,src_105ca3620163539b
listing_247f972bfd293428,evt_529fcac30aec113a,organizer_website,,https://datacove.co.uk/earl-2024-tech-conference/,2026-09-28,2026-09-28,linked_not_fetched,linked_from_source,src_105ca3620163539b
listing_968986e4e9d0b644,evt_43fbdd363158e8db,organizer_website,,https://2022.pycon.sk/en/,2026-09-28,2026-09-28,linked_not_fetched,linked_from_source,src_105ca3620163539b
listing_0f8e4c22e1aa036f,evt_841e456695f17379,organizer_website,,https://www.pythonatscale.com/,2026-09-28,2026-09-28,linked_not_fetched,linked_from_source,src_105ca3620163539b
listing_84d449da2ca62811,evt_e3ad5ac5f95b3432,organizer_website,,https://2026.geopython.net/,2026-09-28,2026-09-28,linked_not_fetched,linked_from_source,src_105ca3620163539b
listing_955dbcf9f30fcb59,evt_646859e2b49ef85e,organizer_website,,https://2025.pycon.jp/,2026-09-28,2026-09-28,linked_not_fetched,linked_from_source,src_105ca3620163539b
listing_b2c8471b65be2ca4,evt_924660f3b5d39953,organizer_website,,https://www.codeuk.net/python-intelligence-2025,2026-09-28,2026-09-28,linked_not_fetched,linked_from_source,src_105ca3620163539b
listing_318820ef27f6cc48,evt_50319f4e04d616c6,organizer_website,,https://2026.pycon.jp/,2026-09-28,2026-09-28,linked_not_fetched,linked_from_source,src_105ca3620163539b
listing_a6eaf4270635ebbb,evt_b28eac60f7a8a40f,organizer_website,,https://pygrunn.org/,2026-09-28,2026-09-28,linked_not_fetched,linked_from_source,src_105ca3620163539b
listing_0c4e22c95c5344ea,evt_19c280ff8d311fbb,organizer_website,,https://ng.pycon.org/,2026-09-28,2026-09-28,linked_not_fetched,linked_from_source,src_105ca3620163539b
listing_1e93df13fa72ee8d,evt_6eac2b253a58a769,organizer_website,,https://2022.pythonnordeste.org/,2026-09-28,2026-09-28,linked_not_fetched,linked_from_source,src_105ca3620163539b
listing_34c5d5a01ea029df,evt_60511c523c6a2f8c,organizer_website,,https://www.pycon.se,2026-09-28,2026-09-28,linked_not_fetched,linked_from_source,src_105ca3620163539b
listing_adf407869cad246e,evt_d50594b6091aa66f,organizer_website,,http://2026.pyconfhyd.org/,2026-09-28,2026-09-28,linked_not_fetched,linked_from_source,src_105ca3620163539b
listing_95049569b75172d5,evt_bc80dfc064fdf559,organizer_website,,https://pyjamas.live/,2026-09-28,2026-09-28,linked_not_fetched,linked_from_source,src_105ca3620163539b
listing_15bcf09b2ec68a43,evt_19c7dd800d40d260,organizer_website,,https://pyconf-mini-2024.durianpy.org/,2026-09-28,2026-09-28,linked_not_fetched,linked_from_source,src_105ca3620163539b
listing_24c4f847c447a52e,evt_d511c0187cbaba23,organizer_website,,https://ng.pycon.org/,2026-09-28,2026-09-28,linked_not_fetched,linked_from_source,src_105ca3620163539b
listing_fb22f47cffac3f89,evt_667f7888ca1f7073,organizer_website,,https://ne.pycon.org/,2026-09-28,2026-09-28,linked_not_fetched,linked_from_source,src_105ca3620163539b
listing_3a345423dd883ab7,evt_621e49435d2ae929,organizer_website,,https://globaldevslam.com/,2026-09-28,2026-09-28,linked_not_fetched,linked_from_source,src_105ca3620163539b
listing_e6c6a87eab0909db,evt_147500cfa90914d9,organizer_website,,https://2025.pycon.co/#/en,2026-09-28,2026-09-28,linked_not_fetched,linked_from_source,src_105ca3620163539b
listing_b0416e6462106197,evt_1aa9382e62e8bffa,organizer_website,,https://conference.pyladies.com,2026-09-28,2026-09-28,linked_not_fetched,linked_from_source,src_105ca3620163539b
listing_73c26e2ab353fa33,evt_505375abbee75c84,organizer_website,,https://flaskcon.com/2023/,2026-09-28,2026-09-28,linked_not_fetched,linked_from_source,src_105ca3620163539b
listing_7f66f340da25cb99,evt_9fec8a53a265ae19,organizer_website,,https://2024.pythonho.com/,2026-09-28,2026-09-28,linked_not_fetched,linked_from_source,src_105ca3620163539b
listing_f1d1f719ec7356da,evt_0f6d1a6c3fae1cfc,organizer_website,,http://pycon.de/,2026-09-28,2026-09-28,linked_not_fetched,linked_from_source,src_105ca3620163539b
listing_bd885511e0187001,evt_06f48dc3ff160fb5,organizer_website,,https://na.pycon.org/,2026-09-28,2026-09-28,linked_not_fetched,linked_from_source,src_105ca3620163539b
listing_643ac2f9634a6e35,evt_0355b87b3a651cd0,organizer_website,,https://pydata.org/paris2024/,2026-09-28,2026-09-28,linked_not_fetched,linked_from_source,src_105ca3620163539b
listing_2bf0c5955df2f373,evt_9a81ea11eb0c3746,organizer_website,,https://2023.pythonwebconf.com/,2026-09-28,2026-09-28,linked_not_fetched,linked_from_source,src_105ca3620163539b
listing_c4660d5bf2088b18,evt_7be1afe31fdc7845,organizer_website,,https://pl.pycon.org/2026/,2026-09-28,2026-09-28,linked_not_fetched,linked_from_source,src_105ca3620163539b
listing_ec437c63cfeca04e,evt_e71a406f3b0fa531,organizer_website,,https://gh.pycon.org/2026/,2026-09-28,2026-09-28,linked_not_fetched,linked_from_source,src_105ca3620163539b
listing_28996125931cd7db,evt_9d0b4d2d2f8faafb,organizer_website,,https://pydata.org/global2025,2026-09-28,2026-09-28,linked_not_fetched,linked_from_source,src_105ca3620163539b
listing_4aed8ce894bbc81a,evt_f798e484992d5b1b,organizer_website,,https://2024.pycon.sk/,2026-09-28,2026-09-28,linked_not_fetched,linked_from_source,src_105ca3620163539b
listing_299e279cd9de387b,evt_2d2d41528f907e46,organizer_website,,https://th.pycon.org/,2026-09-28,2026-09-28,linked_not_fetched,linked_from_source,src_105ca3620163539b
listing_07b0ee0461d3de05,evt_574acdad21541ab7,organizer_website,,https://www.pycon.cl/,2026-09-28,2026-09-28,linked_not_fetched,linked_from_source,src_105ca3620163539b
listing_b613dee9d6e23f95,evt_51726b2b9748cc13,organizer_website,,https://2023-apac.pycon.jp/,2026-09-28,2026-09-28,linked_not_fetched,linked_from_source,src_105ca3620163539b
listing_549b1e261c920c9f,evt_9438314c52d10a5f,organizer_website,,https://2026.pycon.ie/,2026-09-28,2026-09-28,linked_not_fetched,linked_from_source,src_105ca3620163539b
listing_875e8f39a81d55fe,evt_7d91fd45d4ad6656,organizer_website,,https://na.pycon.org/,2026-09-28,2026-09-28,linked_not_fetched,linked_from_source,src_105ca3620163539b
listing_74a47635e9331f6d,evt_1b054a5be4857f9d,organizer_website,,http://www.pycon.se,2026-09-28,2026-09-28,linked_not_fetched,linked_from_source,src_105ca3620163539b
listing_0fc28977da98b428,evt_64f78dcb201c1c85,organizer_website,,https://pycontg.pytogo.org/,2026-09-28,2026-09-28,linked_not_fetched,linked_from_source,src_105ca3620163539b
listing_4cc252118dbe87d9,evt_f961042553e2113a,organizer_website,,https://tw.pycon.org/2021/en-us/,2026-09-28,2026-09-28,linked_not_fetched,linked_from_source,src_105ca3620163539b
listing_6730ddf7b46881a1,evt_ae92aca8a9b313d1,organizer_website,,https://pycontg.pytogo.org/,2026-09-28,2026-09-28,linked_not_fetched,linked_from_source,src_105ca3620163539b
listing_b23f56a563e2e1de,evt_7aead375d92504bc,organizer_website,,https://python.nz/kiwipycon,2026-09-28,2026-09-28,linked_not_fetched,linked_from_source,src_105ca3620163539b
listing_60023a7ac8597653,evt_9380dc33312e8f10,organizer_website,,https://fb.me/e/8alLCsc39,2026-09-28,2026-09-28,linked_not_fetched,linked_from_source,src_105ca3620163539b
listing_313cfb11c04deb5e,evt_38c7a7ad6251ac77,organizer_website,,https://pycon.fr/2023/,2026-09-28,2026-09-28,linked_not_fetched,linked_from_source,src_105ca3620163539b
listing_f7f5258b32296b82,evt_ac8a880342244e27,organizer_website,,https://pycon.ee/,2026-09-28,2026-09-28,linked_not_fetched,linked_from_source,src_105ca3620163539b
listing_138a2d0690c71765,evt_926d0c5909a230f4,organizer_website,,https://tokai.pycon.jp/2024/,2026-09-28,2026-09-28,linked_not_fetched,linked_from_source,src_105ca3620163539b
listing_8c8dd4f2d98e7f5f,evt_7d9e15c22ceb5248,organizer_website,,https://tw.pycon.org/2023/,2026-09-28,2026-09-28,linked_not_fetched,linked_from_source,src_105ca3620163539b
listing_d230ce590d5dc3db,evt_9da972220c78ac0f,organizer_website,,https://pybay.org/,2026-09-28,2026-09-28,linked_not_fetched,linked_from_source,src_105ca3620163539b
listing_33daf06d55b40f4c,evt_40c98b9afafcca48,organizer_website,,https://2025.pycascades.com/,2026-09-28,2026-09-28,linked_not_fetched,linked_from_source,src_105ca3620163539b
listing_93798a7ec11b84b1,evt_f5d9e95bbf6625b6,organizer_website,,https://pycon.at/,2026-09-28,2026-09-28,linked_not_fetched,linked_from_source,src_105ca3620163539b
listing_ad2ff934e06af9ed,evt_9ffc490f8edb96d9,organizer_website,,https://2026.djangocon.eu/,2026-09-28,2026-09-28,linked_not_fetched,linked_from_source,src_105ca3620163539b
listing_4016b716806a5b56,evt_0ae41afc27179678,organizer_website,,https://th.pycon.org/,2026-09-28,2026-09-28,linked_not_fetched,linked_from_source,src_105ca3620163539b
listing_ac740a9f654bf15c,evt_c43d6fa25b911b1b,organizer_website,,https://pycon.gr/,2026-09-28,2026-09-28,linked_not_fetched,linked_from_source,src_105ca3620163539b
listing_5c254687f397e96f,evt_3a3a17d29cb47ddf,organizer_website,,https://africa.pycon.org/,2026-09-28,2026-09-28,linked_not_fetched,linked_from_source,src_105ca3620163539b
listing_18e2503c84c328b2,evt_132de8d7fad158fc,organizer_website,,https://pythoncientifico.ar/,2026-09-28,2026-09-28,linked_not_fetched,linked_from_source,src_105ca3620163539b
listing_78d1949a76ca5c13,evt_53b99dcbe87733d5,organizer_website,,https://ep2025.europython.eu/,2026-09-28,2026-09-28,linked_not_fetched,linked_from_source,src_105ca3620163539b
listing_d34ace6f9f45127a,evt_fed3b8927b216576,organizer_website,,https://python.ie/pycon-2023/,2026-09-28,2026-09-28,linked_not_fetched,linked_from_source,src_105ca3620163539b
listing_10e963d2b95aeef9,evt_2b75480b2a0b31db,organizer_website,,https://2025.es.pycon.org/,2026-09-28,2026-09-28,linked_not_fetched,linked_from_source,src_105ca3620163539b
listing_61edcf05d1fc1a3a,evt_36de83de5eb465b9,organizer_website,,https://www.python-summit.ch/,2026-09-28,2026-09-28,linked_not_fetched,linked_from_source,src_105ca3620163539b
listing_4f20a962fcb561d5,evt_ad1da6a67a441a62,organizer_website,,https://pycon-nl.org/,2026-09-28,2026-09-28,linked_not_fetched,linked_from_source,src_105ca3620163539b
listing_ebb7d6e6907910af,evt_feaceefad5419946,organizer_website,,https://pycon.lt/2026,2026-09-28,2026-09-28,linked_not_fetched,linked_from_source,src_105ca3620163539b
listing_bbe2a8807112a336,evt_11c31c2a0de8a478,organizer_website,,https://www.europython.eu/,2026-09-28,2026-09-28,linked_not_fetched,linked_from_source,src_105ca3620163539b
listing_8f39a890624689c9,evt_9229307f4a03bda8,organizer_website,,https://2025.ploneconf.org/pyconfi-2025,2026-09-28,2026-09-28,linked_not_fetched,linked_from_source,src_105ca3620163539b
listing_0f0601e192309608,evt_a045460b33dc8c43,organizer_website,,https://www.pychain.org/,2026-09-28,2026-09-28,linked_not_fetched,linked_from_source,src_105ca3620163539b
listing_d72698a257f6cf05,evt_f43d8f3824570907,organizer_website,,https://2025.djangocon.africa,2026-09-28,2026-09-28,linked_not_fetched,linked_from_source,src_105ca3620163539b
listing_63591384c5bd644e,evt_2f9c5f04ea0084b0,organizer_website,,http://pycon.lt/,2026-09-28,2026-09-28,linked_not_fetched,linked_from_source,src_105ca3620163539b
listing_54fdf02e7cf5627f,evt_ae454a4e1b8f8bd8,organizer_website,,https://pydata.org/language-creator-fundraiser/,2026-09-28,2026-09-28,linked_not_fetched,linked_from_source,src_105ca3620163539b
listing_f4dc21a22c9848f9,evt_f3bb6642e1fcc7fb,organizer_website,,https://istanbul.python.pizza/,2026-09-28,2026-09-28,linked_not_fetched,linked_from_source,src_105ca3620163539b
listing_4201c3bdd7573968,evt_25950ba71af2a165,organizer_website,,https://events.linuxfoundation.org/pytorch-conference-2025/,2026-09-28,2026-09-28,linked_not_fetched,linked_from_source,src_105ca3620163539b
listing_3bc82d328a6b1d74,evt_b5e94cedf38673f2,organizer_website,,https://ug.pycon.org/,2026-09-28,2026-09-28,linked_not_fetched,linked_from_source,src_105ca3620163539b
listing_14d55bcce488e2ce,evt_05c439da1374b58f,organizer_website,,https://th.pycon.org/,2026-09-28,2026-09-28,linked_not_fetched,linked_from_source,src_105ca3620163539b
listing_7208a2b049b6651a,evt_1a93eb424a2526b6,organizer_website,,https://pycon.pythoncameroon.org/,2026-09-28,2026-09-28,linked_not_fetched,linked_from_source,src_105ca3620163539b
listing_956de8c23001f3cd,evt_ea11e3447c07ca2f,organizer_website,,https://ep2026.europython.eu/,2026-09-28,2026-09-28,linked_not_fetched,linked_from_source,src_105ca3620163539b
listing_bd438650f7190ab7,evt_390332e6860314f0,organizer_website,,https://nl.wagtail.space/,2026-09-28,2026-09-28,linked_not_fetched,linked_from_source,src_105ca3620163539b
listing_b221cf70b9c9dd57,evt_650ddc78bc019015,organizer_website,,https://2026.pycascades.com/,2026-09-28,2026-09-28,linked_not_fetched,linked_from_source,src_105ca3620163539b
listing_febf91e1dafa0c9c,evt_21b818abee646339,organizer_website,,https://2021.pycon.jp/,2026-09-28,2026-09-28,linked_not_fetched,linked_from_source,src_105ca3620163539b
listing_503165cef4cca223,evt_86d12d872bbcb647,organizer_website,,https://www.pybay.com/,2026-09-28,2026-09-28,linked_not_fetched,linked_from_source,src_105ca3620163539b
listing_d5742ee326113414,evt_ccac4dd1f0638450,organizer_website,,https://python.ie/pycon-2024/,2026-09-28,2026-09-28,linked_not_fetched,linked_from_source,src_105ca3620163539b
listing_6cb9a5f8df9ab6fb,evt_cf8c0af0c3218349,organizer_website,,https://pycon.fr/2024/,2026-09-28,2026-09-28,linked_not_fetched,linked_from_source,src_105ca3620163539b
listing_b164581cbfc16f83,evt_7957b3b83ad5796d,organizer_website,,https://connectforward.womenwhocode.dev/,2026-09-28,2026-09-28,linked_not_fetched,linked_from_source,src_105ca3620163539b
listing_82e68f2585d2a5c4,evt_1d0d19da82fa82a6,organizer_website,,https://pycon-2024.python.ph/,2026-09-28,2026-09-28,linked_not_fetched,linked_from_source,src_105ca3620163539b
listing_f61153b92f1c1ab1,evt_4ab04e025f5b553b,organizer_website,,https://2025.pycon.kr/,2026-09-28,2026-09-28,linked_not_fetched,linked_from_source,src_105ca3620163539b
listing_cc96b5299dd42cad,evt_b857cf744d2ba090,organizer_website,,https://flaskcon.com/y/2021/,2026-09-28,2026-09-28,linked_not_fetched,linked_from_source,src_105ca3620163539b
listing_cb88a55c057840e2,evt_e6aac56b643c6ca9,organizer_website,,https://pygrunn.org/,2026-09-28,2026-09-28,linked_not_fetched,linked_from_source,src_105ca3620163539b
listing_30f784c799ae7f00,evt_abfbbd2a291ab0fa,organizer_website,,http://pytexas.org/,2026-09-28,2026-09-28,linked_not_fetched,linked_from_source,src_105ca3620163539b
listing_b7f27c1694080f56,evt_c8981e7f68a8796d,organizer_website,,https://pycon.org.so/,2026-09-28,2026-09-28,linked_not_fetched,linked_from_source,src_105ca3620163539b
listing_24695130f8f64797,evt_b85e54f37cedc3e1,organizer_website,,https://piterpy.com/en/,2026-09-28,2026-09-28,linked_not_fetched,linked_from_source,src_105ca3620163539b
listing_805ef73b872646fc,evt_06dae62d70342384,organizer_website,,https://2024.pycon.org.au/,2026-09-28,2026-09-28,linked_not_fetched,linked_from_source,src_105ca3620163539b
listing_53ea7f8647768dba,evt_97e632c8a9413bf1,organizer_website,,https://na.pycon.org/,2026-09-28,2026-09-28,linked_not_fetched,linked_from_source,src_105ca3620163539b
listing_c7ec28486437131c,evt_5775e6ed4261750f,organizer_website,,https://2026.pycon.kr/,2026-09-28,2026-09-28,linked_not_fetched,linked_from_source,src_105ca3620163539b
listing_41614026cffc6637,evt_b0712561b57e07e4,organizer_website,,https://indico.cern.ch/event/1515852/,2026-09-28,2026-09-28,linked_not_fetched,linked_from_source,src_105ca3620163539b
listing_a6d02f7769f413ab,evt_769f69e41511e56f,organizer_website,,https://www.pylatam.org/,2026-09-28,2026-09-28,linked_not_fetched,linked_from_source,src_105ca3620163539b
listing_50c1f89c1ca1d5e1,evt_2e0c9735fc8ad60e,organizer_website,,https://pycode-conference.org/,2026-09-28,2026-09-28,linked_not_fetched,linked_from_source,src_105ca3620163539b
listing_034a9eb642e325f2,evt_3dbf2a3e7889e406,organizer_website,,https://2024.djangocon.eu/,2026-09-28,2026-09-28,linked_not_fetched,linked_from_source,src_105ca3620163539b
listing_97319a6b7ff9f7b4,evt_aa73b9726ea22224,organizer_website,,https://pycon.cl/,2026-09-28,2026-09-28,linked_not_fetched,linked_from_source,src_105ca3620163539b
listing_faf159f740eae64c,evt_08856aa1c4fc6c27,organizer_website,,https://pycon.org.so/,2026-09-28,2026-09-28,linked_not_fetched,linked_from_source,src_105ca3620163539b
listing_14c00fe036644ae3,evt_1c6fd2dcaea1775d,organizer_website,,https://piterpy.com/en/,2026-09-28,2026-09-28,linked_not_fetched,linked_from_source,src_105ca3620163539b
listing_8f13d8e405faeb2f,evt_f2e582d70f326322,organizer_website,,https://africa.pycon.org/,2026-09-28,2026-09-28,linked_not_fetched,linked_from_source,src_105ca3620163539b
listing_683a578721a8259c,evt_ed0e15d28ef07d67,organizer_website,,https://za.pycon.org/,2026-09-28,2026-09-28,linked_not_fetched,linked_from_source,src_105ca3620163539b
listing_d1cd2725265f08f6,evt_2ac3662f74f40025,organizer_website,,https://2023.geopython.net/,2026-09-28,2026-09-28,linked_not_fetched,linked_from_source,src_105ca3620163539b
listing_ed8ed9f6e09a6369,evt_68e94f5290e37ab2,organizer_website,,https://2024.pycon.kr/,2026-09-28,2026-09-28,linked_not_fetched,linked_from_source,src_105ca3620163539b
listing_a69a4f0916a29eb1,evt_762332d0bf0a4dc1,organizer_website,,https://pl.pycon.org/2023/en/,2026-09-28,2026-09-28,linked_not_fetched,linked_from_source,src_105ca3620163539b
listing_eb050d5f4167d180,evt_5f21220a85f772c9,organizer_website,,https://pl.pycon.org/2024/,2026-09-28,2026-09-28,linked_not_fetched,linked_from_source,src_105ca3620163539b
listing_fc1b8c4e13d27e34,evt_073e7405cb71e41e,organizer_website,,http://www.pyconwroclaw.com/,2026-09-28,2026-09-28,linked_not_fetched,linked_from_source,src_105ca3620163539b
listing_a63fe6dddaabf173,evt_802b88216ceb7998,organizer_website,,https://2023.pycon.pt/home/,2026-09-28,2026-09-28,linked_not_fetched,linked_from_source,src_105ca3620163539b
listing_67df417355a5d649,evt_9696594454178e99,organizer_website,,https://pycaxias.com.br/,2026-09-28,2026-09-28,linked_not_fetched,linked_from_source,src_105ca3620163539b
listing_86624b5b52b000a7,evt_eb790882642d724e,organizer_website,,https://indico.cern.ch/e/PyHEP2023,2026-09-28,2026-09-28,linked_not_fetched,linked_from_source,src_105ca3620163539b
listing_132e8266dc57730b,evt_d35b78ba1b6c18bc,organizer_website,,https://python-summit.ch,2026-09-28,2026-09-28,linked_not_fetched,linked_from_source,src_105ca3620163539b
listing_03d9f6a53104f2d1,evt_11b9d115e276d7af,organizer_website,,https://2023.pycon.org.il/,2026-09-28,2026-09-28,linked_not_fetched,linked_from_source,src_105ca3620163539b
listing_0abed743e0876e8a,evt_51041de40c716b1a,organizer_website,,https://pycon.pa/,2026-09-28,2026-09-28,linked_not_fetched,linked_from_source,src_105ca3620163539b
listing_ddc8ba446895bb36,evt_52cf5abd6e5d474d,organizer_website,,https://pydata.org/eindhoven2024/call-for-proposals,2026-09-28,2026-09-28,linked_not_fetched,linked_from_source,src_105ca3620163539b
listing_8240fc550e8037f9,evt_4ef0b5307ada4c97,organizer_website,,https://pycon.sk/,2026-09-28,2026-09-28,linked_not_fetched,linked_from_source,src_105ca3620163539b
listing_7c884fb0d745b50f,evt_50e39101f9db69d3,organizer_website,,https://pyjamas.live/,2026-09-28,2026-09-28,linked_not_fetched,linked_from_source,src_105ca3620163539b
listing_8e55870ba11e2542,evt_f01a36cbe6669134,organizer_website,,http://pycon.fr/2026,2026-09-28,2026-09-28,linked_not_fetched,linked_from_source,src_105ca3620163539b
listing_963dc52c901b4560,evt_870f72c760655adf,organizer_website,,https://kiwipycon.nz/,2026-09-28,2026-09-28,linked_not_fetched,linked_from_source,src_105ca3620163539b
listing_ae9cd2c0ef467d09,evt_f2c0a2771e832053,organizer_website,,https://2024.ploneconf.org/en,2026-09-28,2026-09-28,linked_not_fetched,linked_from_source,src_105ca3620163539b
listing_25907f1bdec68f05,evt_e198763594e39dee,organizer_website,,https://2025.pythonnorte.org/en,2026-09-28,2026-09-28,linked_not_fetched,linked_from_source,src_105ca3620163539b
listing_d18e8aa1054a4686,evt_2bf9505324bf85eb,organizer_website,,https://pycon.it/,2026-09-28,2026-09-28,linked_not_fetched,linked_from_source,src_105ca3620163539b
listing_4f3f038899f0cd94,evt_9c937beaf7fe929c,organizer_website,,https://2021.ploneconf.org/,2026-09-28,2026-09-28,linked_not_fetched,linked_from_source,src_105ca3620163539b
listing_9aeb476de74deee3,evt_e497ba372846533a,organizer_website,,https://2025.djangocon.eu/,2026-09-28,2026-09-28,linked_not_fetched,linked_from_source,src_105ca3620163539b
listing_5bb54937dba1a498,evt_a4aeed716714356c,organizer_website,,https://ug.pycon.org/2024,2026-09-28,2026-09-28,linked_not_fetched,linked_from_source,src_105ca3620163539b
listing_4ec8ead7c2890bd8,evt_0e1f6384833eac78,organizer_website,,https://2024.pycon.jp/,2026-09-28,2026-09-28,linked_not_fetched,linked_from_source,src_105ca3620163539b
listing_a66c534ac83c2bfb,evt_ad25736f103b5528,organizer_website,,https://pycon.it/en,2026-09-28,2026-09-28,linked_not_fetched,linked_from_source,src_105ca3620163539b
listing_41bd2a3684d69694,evt_ad4f2b5f7192f4f6,organizer_website,,https://kiwipycon.nz/,2026-09-28,2026-09-28,linked_not_fetched,linked_from_source,src_105ca3620163539b
listing_e6293723ee627b8e,evt_971007d731dd82ab,organizer_website,,https://za.pycon.org/,2026-09-28,2026-09-28,linked_not_fetched,linked_from_source,src_105ca3620163539b
listing_903f8b282601d507,evt_67c8f78c473d42fa,organizer_website,,https://afropythonconf.org/,2026-09-28,2026-09-28,linked_not_fetched,linked_from_source,src_105ca3620163539b
listing_df2a20cd613e3310,evt_9c3722d964fa5dbf,organizer_website,,https://pl.pycon.org/2022/en/,2026-09-28,2026-09-28,linked_not_fetched,linked_from_source,src_105ca3620163539b
listing_83b08b3e1063a24c,evt_c2f6a45a70543fb6,organizer_website,,https://python.ie/pycon-2022/,2026-09-28,2026-09-28,linked_not_fetched,linked_from_source,src_105ca3620163539b
listing_192359348f38a74c,evt_0fad3f94458fbf6b,organizer_website,,https://2025.pyconuk.org/,2026-09-28,2026-09-28,linked_not_fetched,linked_from_source,src_105ca3620163539b
listing_3bd59f11f22b8e9d,evt_86c79aed44afdbd9,organizer_website,,https://nl.pycon.org/,2026-09-28,2026-09-28,linked_not_fetched,linked_from_source,src_105ca3620163539b
listing_3f6b72fab3b65d42,evt_f096526169daaaea,organizer_website,,https://2023.djangocon.com.au/,2026-09-28,2026-09-28,linked_not_fetched,linked_from_source,src_105ca3620163539b
listing_bb029331d05cb73e,evt_d78bc39626b13783,organizer_website,,https://pythonniger.org/events,2026-09-28,2026-09-28,linked_not_fetched,linked_from_source,src_105ca3620163539b
listing_402529680432a3c2,evt_99acac13cfa3f79d,organizer_website,,https://za.pycon.org/,2026-09-28,2026-09-28,linked_not_fetched,linked_from_source,src_105ca3620163539b
listing_cc2c2cc01b01f5b9,evt_4e6c0637cd679314,organizer_website,,https://us.wagtail.space/,2026-09-28,2026-09-28,linked_not_fetched,linked_from_source,src_105ca3620163539b
listing_9e5edeaaaeae8d27,evt_3e692238d6903478,organizer_website,,https://www.pycon.ru/,2026-09-28,2026-09-28,linked_not_fetched,linked_from_source,src_105ca3620163539b
listing_7113a7e4c68edfcb,evt_90eb3081c2d937d3,organizer_website,,https://pycon.de/,2026-09-28,2026-09-28,linked_not_fetched,linked_from_source,src_105ca3620163539b
listing_c0bfae8f54f7bad0,evt_44f60cd191aa5a7e,organizer_website,,https://bo.pycon.org/,2026-09-28,2026-09-28,linked_not_fetched,linked_from_source,src_105ca3620163539b
listing_175aff2adbf900fb,evt_f2e7818ee24be66a,organizer_website,,https://pycon.lk/,2026-09-28,2026-09-28,linked_not_fetched,linked_from_source,src_105ca3620163539b
listing_fea2d34aaba0975b,evt_4dfa882fd35b0af1,organizer_website,,https://nokidbehind.org/event/building-micro-tech-communities-around-python-douala/,2026-09-28,2026-09-28,linked_not_fetched,linked_from_source,src_105ca3620163539b
listing_003b7e237f8d3619,evt_dd36adad3729b7b4,organizer_website,,https://us.pycon.org/2023/,2026-09-28,2026-09-28,linked_not_fetched,linked_from_source,src_105ca3620163539b
listing_495856fb48709646,evt_4c6259b01f469950,organizer_website,,https://www.python-summit.ch/,2026-09-28,2026-09-28,linked_not_fetched,linked_from_source,src_105ca3620163539b
listing_88d707ebd929230d,evt_b8d7930d73c2506f,organizer_website,,https://2025.pycon.gr/en/,2026-09-28,2026-09-28,linked_not_fetched,linked_from_source,src_105ca3620163539b
listing_cb53772b17d0d172,evt_53b07d74b943bfcd,organizer_website,,https://www.pyladies.co/eventos/pyday-cumple-django-2025,2026-09-28,2026-09-28,linked_not_fetched,linked_from_source,src_105ca3620163539b
listing_59a6dd73932eb71c,evt_2fa5b72d6d1f3c6c,organizer_website,,https://www.enterpy.de/,2026-09-28,2026-09-28,linked_not_fetched,linked_from_source,src_105ca3620163539b
listing_615e6f34ac53dc0a,evt_edd2360b201a78fe,organizer_website,,https://gh.pycon.org/2025/,2026-09-28,2026-09-28,linked_not_fetched,linked_from_source,src_105ca3620163539b
listing_843ea2ce75c6fbcb,evt_8557c23d2cc16405,organizer_website,,https://pycon.id/,2026-09-28,2026-09-28,linked_not_fetched,linked_from_source,src_105ca3620163539b
listing_bbb4d363d82a17a7,evt_61070dcbb7aabb48,organizer_website,,https://www.pycon.fr/2025/,2026-09-28,2026-09-28,linked_not_fetched,linked_from_source,src_105ca3620163539b
listing_139285e786637213,evt_a329971d8df8f372,organizer_website,,https://indico.cern.ch/event/1375573/,2026-09-28,2026-09-28,linked_not_fetched,linked_from_source,src_105ca3620163539b
listing_bfd6bab932d39ac8,evt_8c3960a9c3b5dfee,organizer_website,,https://www.pyconke.org/,2026-09-28,2026-09-28,linked_not_fetched,linked_from_source,src_105ca3620163539b
listing_ab876d33ce57d92a,evt_d806eb7f327b9a36,organizer_website,,https://na.pycon.org/,2026-09-28,2026-09-28,linked_not_fetched,linked_from_source,src_105ca3620163539b
listing_6abb84fa3610a2e7,evt_ae0c3044450d5cbe,organizer_website,,https://pydata.org/london2025t,2026-09-28,2026-09-28,linked_not_fetched,linked_from_source,src_105ca3620163539b
listing_6d5a1b190195a9c4,evt_5680373b40dfde88,organizer_website,,https://2025.pythonnorte.org/,2026-09-28,2026-09-28,linked_not_fetched,linked_from_source,src_105ca3620163539b
listing_86a532145ba3618c,evt_471cc8abcc5c8600,organizer_website,,https://cz.pycon.org/2023/,2026-09-28,2026-09-28,linked_not_fetched,linked_from_source,src_105ca3620163539b
listing_90cf5926046e8a1f,evt_4acc5f2f080c60c2,organizer_website,,https://2022.djangocon.eu/,2026-09-28,2026-09-28,linked_not_fetched,linked_from_source,src_105ca3620163539b
listing_7c1a9273db028b31,evt_29cc8dea6e758db0,organizer_website,,https://2025.pycon.it/en,2026-09-28,2026-09-28,linked_not_fetched,linked_from_source,src_105ca3620163539b
listing_56302b979c162a06,evt_46e4ceada76792cb,organizer_website,,https://pydata.org/global2022/,2026-09-28,2026-09-28,linked_not_fetched,linked_from_source,src_105ca3620163539b
listing_76d678bb3b3a0039,evt_16703effc2966760,organizer_website,,https://www.python-summit.ch/,2026-09-28,2026-09-28,linked_not_fetched,linked_from_source,src_105ca3620163539b
listing_12b0bc82dfae30df,evt_25111667fe793aef,organizer_website,,https://prague.python.pizza/,2026-09-28,2026-09-28,linked_not_fetched,linked_from_source,src_105ca3620163539b
listing_8deb7c3babfc0b8b,evt_9db8ca2b7bbcf002,organizer_website,,https://www.pyday.co/,2026-09-28,2026-09-28,linked_not_fetched,linked_from_source,src_105ca3620163539b
listing_06b4e4c842eca733,evt_e61cb342937003e8,organizer_website,,https://csvconf.com/,2026-09-28,2026-09-28,linked_not_fetched,linked_from_source,src_105ca3620163539b
listing_ce9b1475bb1aeea4,evt_114520af2074ae97,organizer_website,,https://pycon-davao.durianpy.org,2026-09-28,2026-09-28,linked_not_fetched,linked_from_source,src_105ca3620163539b
listing_dab0efe246aae103,evt_e7d9e9f4f601a4c2,organizer_website,,https://pycamp.cz/,2026-09-28,2026-09-28,linked_not_fetched,linked_from_source,src_105ca3620163539b
listing_a139c51735449d42,evt_fb233c8aaad78e97,organizer_website,,https://pycon.pk/,2026-09-28,2026-09-28,linked_not_fetched,linked_from_source,src_105ca3620163539b
listing_a67685a0653ba1fa,evt_116e2a9fd9ecb6c4,organizer_website,,https://2022.pycon.co/,2026-09-28,2026-09-28,linked_not_fetched,linked_from_source,src_105ca3620163539b
listing_fc1985d2b9c7662b,evt_e45f72feda5af522,organizer_website,,https://pydata.org/london2024/,2026-09-28,2026-09-28,linked_not_fetched,linked_from_source,src_105ca3620163539b
listing_481733e041a459ad,evt_3e054b00e3fa046b,organizer_website,,https://in.pycon.org/2024/,2026-09-28,2026-09-28,linked_not_fetched,linked_from_source,src_105ca3620163539b
listing_48d7fac7eb504011,evt_7f5d129c1c94e4c3,organizer_website,,https://nokidbehind.org/2023/03/20/building-micro-tech-communities-around-python-programming-language/,2026-09-28,2026-09-28,linked_not_fetched,linked_from_source,src_105ca3620163539b
listing_0311ccd70eff0474,evt_9b60cbcf47c3ab13,organizer_website,,https://xtremepython.dev/,2026-09-28,2026-09-28,linked_not_fetched,linked_from_source,src_105ca3620163539b
listing_161c43b5c9aaa002,evt_6d3d62bb4183fbea,organizer_website,,https://pycon.ee/,2026-09-28,2026-09-28,linked_not_fetched,linked_from_source,src_105ca3620163539b
listing_d58861ab704f98b9,evt_2232773f76942f6b,organizer_website,,https://pycon.ee/,2026-09-28,2026-09-28,linked_not_fetched,linked_from_source,src_105ca3620163539b
listing_e5799ce2e7c293ba,evt_6c6b2bd7294cb9dd,organizer_website,,https://2026.pythonnorte.org/,2026-09-28,2026-09-28,linked_not_fetched,linked_from_source,src_105ca3620163539b
listing_8707b89b1ae758e8,evt_5b3c51f4014ebc73,organizer_website,,https://pycon.am/,2026-09-28,2026-09-28,linked_not_fetched,linked_from_source,src_105ca3620163539b
listing_5ccb7ff3a89a5705,evt_eb5c38a8ebf8e3ba,organizer_website,,https://2025.pycon.de/,2026-09-28,2026-09-28,linked_not_fetched,linked_from_source,src_105ca3620163539b
listing_76e5b75204864293,evt_aa1fb7276639f410,organizer_website,,https://ao.pycon.org/,2026-09-28,2026-09-28,linked_not_fetched,linked_from_source,src_105ca3620163539b
listing_856884aa08a33790,evt_a106cd5418baf41d,organizer_website,,https://tokai.pycon.jp/2025/,2026-09-28,2026-09-28,linked_not_fetched,linked_from_source,src_105ca3620163539b
listing_469c66dad7524f6f,evt_f7f941f37fc9424b,organizer_website,,https://www.pycon-nl.org/,2026-09-28,2026-09-28,linked_not_fetched,linked_from_source,src_105ca3620163539b
listing_7b566a300a28cad1,evt_20ccee0b7a792a00,organizer_website,,https://us.pycon.org/2022/,2026-09-28,2026-09-28,linked_not_fetched,linked_from_source,src_105ca3620163539b
listing_0d21086b09663104,evt_128d383a03229bc7,organizer_website,,https://pycon.se,2026-09-28,2026-09-28,linked_not_fetched,linked_from_source,src_105ca3620163539b
listing_44a95c27d2037021,evt_39a8c023fcba83e3,organizer_website,,https://euroscipy.org/,2026-09-28,2026-09-28,linked_not_fetched,linked_from_source,src_105ca3620163539b
listing_fccc617e091f4503,evt_42890e435fc945e1,organizer_website,,https://indico.cern.ch/e/PyHEP2023,2026-09-28,2026-09-28,linked_not_fetched,linked_from_source,src_105ca3620163539b
listing_77f2b6b6b0ebef39,evt_45b6b479966bf940,organizer_website,,http://www.pyconwroclaw.com/,2026-09-28,2026-09-28,linked_not_fetched,linked_from_source,src_105ca3620163539b
listing_f9277f210ab6a08d,evt_936ce99df98b9f03,evand,,https://evand.com/events/tehlug269,2026-09-28,2026-09-28,linked_not_fetched,linked_from_source,src_bca1599a2f687a1a
listing_d34edfb9f6d0e4af,evt_73fe6fdee9931c16,meetup,,https://www.meetup.com/pyladiesams/events/310249357,2026-09-28,2026-09-28,linked_not_fetched,linked_from_source,src_bca1599a2f687a1a
listing_00470de5cae47c4a,evt_b789e173e9102f0f,organizer_website,,https://pythonleiden.nl/meeting-2025-07-10.html,2026-09-28,2026-09-28,linked_not_fetched,linked_from_source,src_bca1599a2f687a1a
listing_f831bcbb0affeaca,evt_21f3a04fe8028730,eventbrite,,https://www.eventbrite.com/e/data-analysis-with-python-tickets-346061658737,2026-09-28,2026-09-28,linked_not_fetched,linked_from_source,src_bca1599a2f687a1a
listing_291ebca03ccc66c5,evt_86857c9facd08afb,organizer_website,,https://pyddf.de/python-meeting-dusseldorf-spring-sprint-2026/,2026-09-28,2026-09-28,linked_not_fetched,linked_from_source,src_bca1599a2f687a1a
listing_f0dedca44f51715c,evt_dbf730a614dd92b9,organizer_website,,https://www.pyddf.de/,2026-09-28,2026-09-28,linked_not_fetched,linked_from_source,src_bca1599a2f687a1a
listing_f649c6b2e549f89b,evt_ce6bd55ee3cb5a28,organizer_website,,https://www.pyddf.de/,2026-09-28,2026-09-28,linked_not_fetched,linked_from_source,src_bca1599a2f687a1a
listing_1b4fc2d4d4ce07dd,evt_1d05bca07ece853a,meetup,,https://www.meetup.com/algorithmic-trading-london/events/304541878,2026-09-28,2026-09-28,linked_not_fetched,linked_from_source,src_bca1599a2f687a1a
listing_c812afbb2feb7727,evt_b6ad3ef4f95107dc,meetup,,https://www.meetup.com/pyladiesams/events/313950343/,2026-09-28,2026-09-28,linked_not_fetched,linked_from_source,src_bca1599a2f687a1a
listing_e2fd4ad911888498,evt_c55564c471ba485b,meetup,,https://www.meetup.com/pyladiesams/events/307315014/,2026-09-28,2026-09-28,linked_not_fetched,linked_from_source,src_bca1599a2f687a1a
listing_f6c1febe8d826ad5,evt_ede74b38208c1c15,meetup,,https://www.meetup.com/pyladiesams/events/297400932/,2026-09-28,2026-09-28,linked_not_fetched,linked_from_source,src_bca1599a2f687a1a
listing_0387a9ffb91072d4,evt_e870860652ad0659,meetup,,https://www.meetup.com/helpy-meetups/events/301336578/,2026-09-28,2026-09-28,linked_not_fetched,linked_from_source,src_bca1599a2f687a1a
listing_cbdcbebb8aa58b07,evt_a0ed01477347f0b3,organizer_website,,https://ao.pycon.org/,2026-09-28,2026-09-28,linked_not_fetched,linked_from_source,src_bca1599a2f687a1a
listing_1872a67b75fe63ca,evt_fa0deb12b9bcb563,organizer_website,,https://www.pyddf.de/,2026-09-28,2026-09-28,linked_not_fetched,linked_from_source,src_bca1599a2f687a1a
listing_c848e00011e6ebb5,evt_a1dd3167c969522d,meetup,,https://www.meetup.com/nzpug-auckland/events/njdjssydcnbzb/,2026-09-28,2026-09-28,linked_not_fetched,linked_from_source,src_bca1599a2f687a1a
listing_c4e49ed88beddac9,evt_08bcafba0cec3b30,meetup,,https://www.meetup.com/pyladiesams/events/304229450/,2026-09-28,2026-09-28,linked_not_fetched,linked_from_source,src_bca1599a2f687a1a
listing_dfc3057983cca129,evt_d4391ed425f38787,meetup,,https://www.meetup.com/nzpug-auckland/events/hgxmwsydcpbdb/,2026-09-28,2026-09-28,linked_not_fetched,linked_from_source,src_bca1599a2f687a1a
listing_7995bfa72cf46dc2,evt_674e0f2899f0785f,meetup,,https://www.meetup.com/pyladiesams/events/314654392/,2026-09-28,2026-09-28,linked_not_fetched,linked_from_source,src_bca1599a2f687a1a
listing_eca6a39e0e23e329,evt_7998c14a9b151525,organizer_website,,https://djangogirls.org/groningen/,2026-09-28,2026-09-28,linked_not_fetched,linked_from_source,src_bca1599a2f687a1a
listing_49c4f5a1c60c9556,evt_170e4b8fe0a35df5,meetup,,https://www.meetup.com/pythonnz-auckland/events/301951877/,2026-09-28,2026-09-28,linked_not_fetched,linked_from_source,src_bca1599a2f687a1a
listing_00b99ac48c17cec5,evt_5bb6b4c24823702f,organizer_website,,https://holguin.python.pizza/,2026-09-28,2026-09-28,linked_not_fetched,linked_from_source,src_bca1599a2f687a1a
listing_af43ed7e08a50dc6,evt_250e9cbd9003182d,organizer_website,,https://mwdata.science/python-week-of-code/,2026-09-28,2026-09-28,linked_not_fetched,linked_from_source,src_bca1599a2f687a1a
listing_fa47dff75e236455,evt_14b6677bf81e7c36,meetup,,https://www.meetup.com/nzpug-auckland/,2026-09-28,2026-09-28,linked_not_fetched,linked_from_source,src_bca1599a2f687a1a
listing_87440d84d2051866,evt_b851210d9a74379e,organizer_website,,https://djangogirls.org/en/medellin3/,2026-09-28,2026-09-28,linked_not_fetched,linked_from_source,src_bca1599a2f687a1a
listing_f2ab5d63dc6f7884,evt_237861083c443362,meetup,,https://www.meetup.com/pyladiesams/events/298654058/,2026-09-28,2026-09-28,linked_not_fetched,linked_from_source,src_bca1599a2f687a1a
listing_eab1a6ee43fa1b00,evt_ef3c4e690f28e459,organizer_website,,https://indico.desy.de/event/43817/,2026-09-28,2026-09-28,linked_not_fetched,linked_from_source,src_bca1599a2f687a1a
listing_d17c2f29c4b5f555,evt_ee7acf29da624ebc,organizer_website,,https://www.pyddf.de/,2026-09-28,2026-09-28,linked_not_fetched,linked_from_source,src_bca1599a2f687a1a
listing_9406ddc50e82d8d7,evt_0ceea2c2fffe64a4,meetup,,https://www.meetup.com/pyladiesams/events/308537136/,2026-09-28,2026-09-28,linked_not_fetched,linked_from_source,src_bca1599a2f687a1a
listing_9c5cd902cb028e0f,evt_844ac8fd0a22bbb6,organizer_website,,https://djangogirls.org/en/abraka/,2026-09-28,2026-09-28,linked_not_fetched,linked_from_source,src_bca1599a2f687a1a
listing_629998e39c080144,evt_a1e626ca691ddef7,meetup,,https://www.meetup.com/pyladiesams/events/293422681/,2026-09-28,2026-09-28,linked_not_fetched,linked_from_source,src_bca1599a2f687a1a
listing_d846f3b879f314df,evt_8f5c1797d6c6249c,evand,,https://evand.com/events/tehlug272,2026-09-28,2026-09-28,linked_not_fetched,linked_from_source,src_bca1599a2f687a1a
listing_5c85f700bce3c425,evt_445347a494f931ef,organizer_website,,https://openlab.ec/djangogirls,2026-09-28,2026-09-28,linked_not_fetched,linked_from_source,src_bca1599a2f687a1a
listing_7135cd6e9ed3da01,evt_3236511c5fbdb9e3,organizer_website,,https://djangogirls.org/en/medellin/,2026-09-28,2026-09-28,linked_not_fetched,linked_from_source,src_bca1599a2f687a1a
listing_76c9a87676a29c7c,evt_ce15cf16caf5d3bd,organizer_website,,https://meetu.ps/e/MsrtX/twpFK/i,2026-09-28,2026-09-28,linked_not_fetched,linked_from_source,src_bca1599a2f687a1a
listing_44b7f10cc3596b97,evt_01e4061c934330c2,organizer_website,,https://djangogirls.org/en/koforidua/,2026-09-28,2026-09-28,linked_not_fetched,linked_from_source,src_bca1599a2f687a1a
listing_610f4ffe10be44d1,evt_5dd8194bb7f06cc7,meetup,,https://www.meetup.com/pyladiesams/events/298654058/,2026-09-28,2026-09-28,linked_not_fetched,linked_from_source,src_bca1599a2f687a1a
listing_5669d3868df0d63b,evt_00864d830f68b89e,meetup,,https://www.meetup.com/indypy/events/305589070/,2026-09-28,2026-09-28,linked_not_fetched,linked_from_source,src_bca1599a2f687a1a
listing_bc50135a8a788b56,evt_91114750f94b10a7,meetup,,https://www.meetup.com/indypy/events/305147794,2026-09-28,2026-09-28,linked_not_fetched,linked_from_source,src_bca1599a2f687a1a
listing_db690a76ffc632eb,evt_be221b6a281285cf,organizer_website,,https://www.pyddf.de/,2026-09-28,2026-09-28,linked_not_fetched,linked_from_source,src_bca1599a2f687a1a
listing_6d732898e37c0868,evt_658920bbec4ba64d,organizer_website,,https://djangogirls.org/en/chongoene,2026-09-28,2026-09-28,linked_not_fetched,linked_from_source,src_bca1599a2f687a1a
listing_8f4a08ffe71d6636,evt_9dd56e0eb7028081,meetup,,https://www.meetup.com/pyladiesams/events/305032895/,2026-09-28,2026-09-28,linked_not_fetched,linked_from_source,src_bca1599a2f687a1a
listing_7af614a90005baf2,evt_d8df7f1b0ef08363,meetup,,https://www.meetup.com/pythonadelaide/events/292823331,2026-09-28,2026-09-28,linked_not_fetched,linked_from_source,src_bca1599a2f687a1a
listing_4773bae8c31f859c,evt_deece9ae0dde839b,organizer_website,,https://holguin.python.pizza/,2026-09-28,2026-09-28,linked_not_fetched,linked_from_source,src_bca1599a2f687a1a
listing_c7bd6d5534ed4053,evt_b37423098d2de0d0,meetup,,https://www.meetup.com/pythonnz-online/events/303246153/,2026-09-28,2026-09-28,linked_not_fetched,linked_from_source,src_bca1599a2f687a1a
listing_2e545b41d09e6192,evt_7857b6e5b61e8113,organizer_website,,https://barcamps.eu/python-barcamp-der-leipzig-python-user-group-2024/,2026-09-28,2026-09-28,linked_not_fetched,linked_from_source,src_bca1599a2f687a1a
listing_74043e0c16444e5c,evt_41f0bbf19e40cb92,meetup,,https://www.meetup.com/pyladiesams/events/313200903/,2026-09-28,2026-09-28,linked_not_fetched,linked_from_source,src_bca1599a2f687a1a
listing_62509af921c8de47,evt_37e193b096bf6988,organizer_website,,https://djangogirls.org/en/tamale/,2026-09-28,2026-09-28,linked_not_fetched,linked_from_source,src_bca1599a2f687a1a
listing_388368261e1b0b56,evt_48d9533c09b78d56,organizer_website,,https://barcamps.eu/python-barcamp-karlsruhe-2025/,2026-09-28,2026-09-28,linked_not_fetched,linked_from_source,src_bca1599a2f687a1a
listing_cf8eaee461dd6189,evt_a115bf26738ad42d,meetup,,https://www.meetup.com/nzpug-auckland/,2026-09-28,2026-09-28,linked_not_fetched,linked_from_source,src_bca1599a2f687a1a
listing_55df3baa410200d7,evt_4b39c8f5211cfee6,meetup,,https://www.meetup.com/helpy-meetups/events/305285187/,2026-09-28,2026-09-28,linked_not_fetched,linked_from_source,src_bca1599a2f687a1a
listing_18fefd453ca7121a,evt_f069c27325b6e65f,meetup,,https://www.meetup.com/pyladies-el-alto/events/314757103/,2026-09-28,2026-09-28,linked_not_fetched,linked_from_source,src_bca1599a2f687a1a
listing_bc03f54c14da8f22,evt_92297a4781aaf106,meetup,,https://www.meetup.com/pyutrecht/events/311135659/,2026-09-28,2026-09-28,linked_not_fetched,linked_from_source,src_bca1599a2f687a1a
listing_05b172b5d5279385,evt_49e4e89e5e899550,meetup,,https://www.meetup.com/PyLadiesAMS/events/277246194/,2026-09-28,2026-09-28,linked_not_fetched,linked_from_source,src_bca1599a2f687a1a
listing_f66a8982a89cc48d,evt_3f34c2034941660a,organizer_website,,https://shedevspythonworkshop.co.zw/index.html,2026-09-28,2026-09-28,linked_not_fetched,linked_from_source,src_bca1599a2f687a1a
listing_1ecd30eff9542365,evt_8bddd768c74e9754,organizer_website,,https://djangogirls.org/en/eket/,2026-09-28,2026-09-28,linked_not_fetched,linked_from_source,src_bca1599a2f687a1a
listing_40184f197527545f,evt_37fa3737c02797d8,organizer_website,,https://pythonistas-gdl.org/proxima-reunion-viernes-29-de-agosto-2025.html,2026-09-28,2026-09-28,linked_not_fetched,linked_from_source,src_bca1599a2f687a1a
listing_9d637e374c8d26cb,evt_7b8e0c5535e41c76,meetup,,http://www.meetup.com/NZPUG-Auckland/events/285982939/,2026-09-28,2026-09-28,linked_not_fetched,linked_from_source,src_bca1599a2f687a1a
listing_5dd028bf0f8a4aed,evt_c67a0800fc2cf273,organizer_website,,https://2024.djangoday.dk/,2026-09-28,2026-09-28,linked_not_fetched,linked_from_source,src_bca1599a2f687a1a
listing_1636d82ccd11b4f2,evt_da11409b3457546b,organizer_website,,https://www.pyddf.de/,2026-09-28,2026-09-28,linked_not_fetched,linked_from_source,src_bca1599a2f687a1a
listing_5bf5ec542fad75e4,evt_af294747b83323a8,meetup,,https://www.meetup.com/pyladiesams/events/312460234/,2026-09-28,2026-09-28,linked_not_fetched,linked_from_source,src_bca1599a2f687a1a
listing_32dfa7e986580305,evt_7aad3c54d1952d65,organizer_website,,https://nokidbehind.org/limbe,2026-09-28,2026-09-28,linked_not_fetched,linked_from_source,src_bca1599a2f687a1a
listing_0bb7c3a61971e005,evt_66cd1d9936a0e2d1,organizer_website,,https://www.pyddf.de/,2026-09-28,2026-09-28,linked_not_fetched,linked_from_source,src_bca1599a2f687a1a
listing_5c57354243612982,evt_a66563042f9f42be,organizer_website,,https://barcamps.eu/pythoncamp-ruegen-2026/,2026-09-28,2026-09-28,linked_not_fetched,linked_from_source,src_bca1599a2f687a1a
listing_ce676b6180c85d45,evt_c9312b5b50e18e65,meetup,,https://www.meetup.com/pythonnz-online/events/302440467/,2026-09-28,2026-09-28,linked_not_fetched,linked_from_source,src_bca1599a2f687a1a
listing_6e1eb3fb1635092a,evt_79b48c3019b9cdde,meetup,,https://www.meetup.com/pyladiesams/events/299015689/,2026-09-28,2026-09-28,linked_not_fetched,linked_from_source,src_bca1599a2f687a1a
listing_bf21d80cbbca7223,evt_ccdae9cb789ace9e,meetup,,https://www.meetup.com/nzpug-auckland/events/288813698/,2026-09-28,2026-09-28,linked_not_fetched,linked_from_source,src_bca1599a2f687a1a
listing_201ad15e1dc3c628,evt_ced74d619da32b81,meetup,,https://www.meetup.com/pyladiesams/events/290017921/,2026-09-28,2026-09-28,linked_not_fetched,linked_from_source,src_bca1599a2f687a1a
listing_d6fd1313d63a98b9,evt_b3e8d71af5ec4f2c,meetup,,https://www.meetup.com/pyladiesams/events/313322734/,2026-09-28,2026-09-28,linked_not_fetched,linked_from_source,src_bca1599a2f687a1a
listing_7b71134362e0668a,evt_a5decb723fa4730b,meetup,,https://www.meetup.com/python-ghana/events/302080640/,2026-09-28,2026-09-28,linked_not_fetched,linked_from_source,src_bca1599a2f687a1a
listing_eceebd5761818f85,evt_ed09337171ba36bf,organizer_website,,https://openlab.ec/djangogirls,2026-09-28,2026-09-28,linked_not_fetched,linked_from_source,src_bca1599a2f687a1a
listing_494c279b976bd3a1,evt_efe17b6e56fd5572,meetup,,https://www.meetup.com/helpy-meetups/events/303828168/,2026-09-28,2026-09-28,linked_not_fetched,linked_from_source,src_bca1599a2f687a1a
listing_918af655101b8fd8,evt_5c167a612ca8d75a,organizer_website,,https://djangogirls.org/en/aba/,2026-09-28,2026-09-28,linked_not_fetched,linked_from_source,src_bca1599a2f687a1a
listing_0cf22cd9e207a6ce,evt_139bb8e3fe07cc24,organizer_website,,https://www.pyddf.de/,2026-09-28,2026-09-28,linked_not_fetched,linked_from_source,src_bca1599a2f687a1a
listing_477c6079cb93e87c,evt_dd777393fb267ac4,meetup,,https://www.meetup.com/de-DE/pydata-suedwest/events/294504138/,2026-09-28,2026-09-28,linked_not_fetched,linked_from_source,src_bca1599a2f687a1a
listing_516629215e2ad4dc,evt_26d3fde3019d27f9,meetup,,https://www.meetup.com/nzpug-auckland/events/288813734/,2026-09-28,2026-09-28,linked_not_fetched,linked_from_source,src_bca1599a2f687a1a
listing_eeba96a4fb8aac1e,evt_6104738bf7f342d5,organizer_website,,https://ohtoufu.com/education/register/kochi/2023-10/,2026-09-28,2026-09-28,linked_not_fetched,linked_from_source,src_bca1599a2f687a1a
listing_32463dbb98ec2ce6,evt_8f7a8a103ca6e3b3,eventbrite,,https://www.eventbrite.com/e/singula-python-meetup-online-tickets-680030749277?aff=PythonOrg,2026-09-28,2026-09-28,linked_not_fetched,linked_from_source,src_bca1599a2f687a1a
listing_1bfa67bd1a31cd15,evt_760e30916c3407e0,organizer_website,,https://github.com/grupyrn/meetup,2026-09-28,2026-09-28,linked_not_fetched,linked_from_source,src_bca1599a2f687a1a
listing_7dd0c71250c37493,evt_6e4f8d575166bbb1,organizer_website,,https://pythoncientifico.ar/events/sprints/,2026-09-28,2026-09-28,linked_not_fetched,linked_from_source,src_bca1599a2f687a1a
listing_6e993979973b84a7,evt_bdcbfa76e15b364c,organizer_website,,https://djangogirls.org/aba/,2026-09-28,2026-09-28,linked_not_fetched,linked_from_source,src_bca1599a2f687a1a
listing_60d366e6af84c1e0,evt_aa51f33171bfdff9,meetup,,https://www.meetup.com/nzpug-auckland/events/298557107/,2026-09-28,2026-09-28,linked_not_fetched,linked_from_source,src_bca1599a2f687a1a
listing_52158755a473104b,evt_3bcd8de3ab5c000e,meetup,,https://www.meetup.com/nzpug-auckland/,2026-09-28,2026-09-28,linked_not_fetched,linked_from_source,src_bca1599a2f687a1a
listing_f68489110b208d7f,evt_db7735680e5a9a2e,meetup,,https://www.meetup.com/python-ghana/events/300210627/,2026-09-28,2026-09-28,linked_not_fetched,linked_from_source,src_bca1599a2f687a1a
listing_0062dd1ed5ba881b,evt_c85b800434c82e89,organizer_website,,https://www.pyddf.de/,2026-09-28,2026-09-28,linked_not_fetched,linked_from_source,src_bca1599a2f687a1a
listing_b93bb46f39b45ce4,evt_b2528b9bd6bd4d42,meetup,,https://www.meetup.com/pyladiesams/events/291775431/,2026-09-28,2026-09-28,linked_not_fetched,linked_from_source,src_bca1599a2f687a1a
listing_6393900eda25f928,evt_d0efbb7202548412,organizer_website,,https://pythonleiden.nl/meeting-2026-07-02.html?py,2026-09-28,2026-09-28,linked_not_fetched,linked_from_source,src_bca1599a2f687a1a
listing_5e4ae50d16bda22b,evt_3db6955dac280dc7,organizer_website,,https://sites.google.com/view/the-tech-circle/home#,2026-09-28,2026-09-28,linked_not_fetched,linked_from_source,src_bca1599a2f687a1a
listing_cbb706b3ba5892ea,evt_41ce7e5d9eb3b27f,organizer_website,,https://djangogirls.org/pt-br/parnaiba/,2026-09-28,2026-09-28,linked_not_fetched,linked_from_source,src_bca1599a2f687a1a
listing_5f247630492e4257,evt_5c2c88495656db3b,organizer_website,,https://pyconangola.web.app/,2026-09-28,2026-09-28,linked_not_fetched,linked_from_source,src_bca1599a2f687a1a
listing_25e5c5b581572061,evt_aaf98d0fc4d7f8db,organizer_website,,https://djangogirls.org/aba/,2026-09-28,2026-09-28,linked_not_fetched,linked_from_source,src_bca1599a2f687a1a
listing_b2b0d663ba2a6fa9,evt_0cc38d4f6188a546,meetup,,https://www.meetup.com/nzpug-auckland/,2026-09-28,2026-09-28,linked_not_fetched,linked_from_source,src_bca1599a2f687a1a
listing_713c6a50733e75f4,evt_e9ad69a87f4e2b65,organizer_website,,http://https//www.meetup.com/pythonnz-online/events/315817148/,2026-09-28,2026-09-28,linked_not_fetched,linked_from_source,src_bca1599a2f687a1a
listing_fcba2d10586e44f6,evt_68eb0ef36110237d,organizer_website,,https://us02web.zoom.us/webinar/register/WN_BClUH_qPQmaCju7nARutYg,2026-09-28,2026-09-28,linked_not_fetched,linked_from_source,src_bca1599a2f687a1a
listing_116eac408079a573,evt_0611b9f3cde6cf20,organizer_website,,https://forms.gle/TeKdvBVeXwJX5V2S7,2026-09-28,2026-09-28,linked_not_fetched,linked_from_source,src_bca1599a2f687a1a
listing_7794174c57beb501,evt_b5aae5c6c0fb93c5,organizer_website,,https://python-gm.org/event-details-serekunda/,2026-09-28,2026-09-28,linked_not_fetched,linked_from_source,src_bca1599a2f687a1a
listing_fcf9808ca42f83d9,evt_9f891a159c7bbec0,organizer_website,,https://djangogirls.org/groningen/,2026-09-28,2026-09-28,linked_not_fetched,linked_from_source,src_bca1599a2f687a1a
listing_fd38e8f502568fa0,evt_ef7800e95f8ac383,organizer_website,,https://pyladieskla.github.io/,2026-09-28,2026-09-28,linked_not_fetched,linked_from_source,src_bca1599a2f687a1a
listing_3d5941d025511c5c,evt_bfee1a061e0fbaf8,meetup,,https://www.meetup.com/pyladiesams/events/301423417/,2026-09-28,2026-09-28,linked_not_fetched,linked_from_source,src_bca1599a2f687a1a
listing_7dfac8522ef286b1,evt_9de44038af9835c6,organizer_website,,https://djangogirls.org/groningen/,2026-09-28,2026-09-28,linked_not_fetched,linked_from_source,src_bca1599a2f687a1a
listing_146b8f4a1e053ab6,evt_deb65e7bf14584b1,meetup,,https://www.meetup.com/pyladiesams/events/303275674/,2026-09-28,2026-09-28,linked_not_fetched,linked_from_source,src_bca1599a2f687a1a
listing_2e83ab6b9d0a0eb9,evt_be4859aae6a87199,meetup,,https://www.meetup.com/nzpug-auckland/,2026-09-28,2026-09-28,linked_not_fetched,linked_from_source,src_bca1599a2f687a1a
listing_2a334515456f5eae,evt_54616bd8f4394e1a,organizer_website,,https://djangogirls.org/en/xaixai/,2026-09-28,2026-09-28,linked_not_fetched,linked_from_source,src_bca1599a2f687a1a
listing_a497dd84c794bc55,evt_49518cbe2d657cdb,meetup,,https://www.meetup.com/pyladiesams/events/304664913/,2026-09-28,2026-09-28,linked_not_fetched,linked_from_source,src_bca1599a2f687a1a
listing_32a46b489b3136dd,evt_65e9889355453238,organizer_website,,https://www.pyddf.de/,2026-09-28,2026-09-28,linked_not_fetched,linked_from_source,src_bca1599a2f687a1a
listing_9e0d8f07d9e35598,evt_297a33a6d4ca6bbe,organizer_website,,http://dsd.hamplustech.com/,2026-09-28,2026-09-28,linked_not_fetched,linked_from_source,src_bca1599a2f687a1a
listing_bc8ec686782ce2a4,evt_8d5e20dcbae7f181,meetup,,https://www.meetup.com/pythonnz-auckland/events/301826701/,2026-09-28,2026-09-28,linked_not_fetched,linked_from_source,src_bca1599a2f687a1a
listing_e46220679c014376,evt_9c1c29547f87b7cf,organizer_website,,https://www.pyddf.de/,2026-09-28,2026-09-28,linked_not_fetched,linked_from_source,src_bca1599a2f687a1a
listing_3671d76217f40bd0,evt_00bcf0d9ffdab436,organizer_website,,https://ohtoufu.com/education/register/ichikawa/2024-04/,2026-09-28,2026-09-28,linked_not_fetched,linked_from_source,src_bca1599a2f687a1a
listing_3b07fe9dbb61b963,evt_0d678bd87419fb42,meetup,,https://www.meetup.com/pyladiesams/events/298654440/,2026-09-28,2026-09-28,linked_not_fetched,linked_from_source,src_bca1599a2f687a1a
listing_46bad6c96db6ad08,evt_b2785723547d9f93,organizer_website,,https://barcamps.eu/python-barcamp-der-leipzig-python-user-group-2024/,2026-09-28,2026-09-28,linked_not_fetched,linked_from_source,src_bca1599a2f687a1a
listing_21303b85cc1ffba7,evt_74610ad3e150a658,organizer_website,,https://chat.whatsapp.com/LH6H4V4OlYj9HIMEOme5AM,2026-09-28,2026-09-28,linked_not_fetched,linked_from_source,src_bca1599a2f687a1a
listing_46cadbe975bb3ccf,evt_7ad8465d3f7e9d49,organizer_website,,https://pythonleiden.nl/meeting-2025-03-27.html,2026-09-28,2026-09-28,linked_not_fetched,linked_from_source,src_bca1599a2f687a1a
listing_2e6193c941444a82,evt_fd2d5fdf56c6d2cf,meetup,,https://www.meetup.com/indypy/events/297838473/,2026-09-28,2026-09-28,linked_not_fetched,linked_from_source,src_bca1599a2f687a1a
listing_3268e0ab7a633618,evt_fdbd689a6182dd06,organizer_website,,https://pythonniger.org/events,2026-09-28,2026-09-28,linked_not_fetched,linked_from_source,src_bca1599a2f687a1a
listing_402f9816e6a4b800,evt_33bde9ebde92de31,eventbrite,,https://www.eventbrite.com/e/building-mico-tech-communities-around-python-programming-language-tickets-595207560837,2026-09-28,2026-09-28,linked_not_fetched,linked_from_source,src_bca1599a2f687a1a
listing_2647d5de2f4b1c7a,evt_a2620ac1885e7bfb,meetup,,https://www.meetup.com/michigan-python/events/305384924/,2026-09-28,2026-09-28,linked_not_fetched,linked_from_source,src_bca1599a2f687a1a
listing_d02f667ad571a5f7,evt_b22971bfb1a27ed6,meetup,,https://www.meetup.com/python-stlouis/events/313870807,2026-09-28,2026-09-28,linked_not_fetched,linked_from_source,src_bca1599a2f687a1a
listing_a6ffbce575c66e76,evt_404d84596af4ef95,organizer_website,,https://pythonkatsina.org/events/3,2026-09-28,2026-09-28,linked_not_fetched,linked_from_source,src_bca1599a2f687a1a
listing_cda95a5178394701,evt_0631c3cfb3c6e098,meetup,,https://www.meetup.com/pyladiesams/events/311674926/,2026-09-28,2026-09-28,linked_not_fetched,linked_from_source,src_bca1599a2f687a1a
listing_eabc45a505b88bce,evt_e173473e19838ae0,organizer_website,,https://djangogirls.org/es/colombia-remote/,2026-09-28,2026-09-28,linked_not_fetched,linked_from_source,src_bca1599a2f687a1a
listing_9cc09255ad9c9de6,evt_57ecf42ccd9ab381,organizer_website,,https://www.pyddf.de/,2026-09-28,2026-09-28,linked_not_fetched,linked_from_source,src_bca1599a2f687a1a
listing_cbc286caff35b65c,evt_0e8d3cac5415913d,organizer_website,,https://pybodensee.com/meetups/,2026-09-28,2026-09-28,linked_not_fetched,linked_from_source,src_bca1599a2f687a1a
listing_286c1796037657c3,evt_6510146ff10d9a69,organizer_website,,https://shizuoka.pycon.jp/2026,2026-09-28,2026-09-28,linked_not_fetched,linked_from_source,src_bca1599a2f687a1a
listing_5d5319c8354e1d08,evt_a498793e98a647af,meetup,,https://www.meetup.com/nl-NL/pyladiesams/events/288457943/,2026-09-28,2026-09-28,linked_not_fetched,linked_from_source,src_bca1599a2f687a1a
listing_59a7c492fd34befe,evt_3fe2f73a2602b6e9,meetup,,https://www.meetup.com/pysthlm/events/289817346/,2026-09-28,2026-09-28,linked_not_fetched,linked_from_source,src_bca1599a2f687a1a
listing_1c5a2c7d35ed4c97,evt_fb99546d8a1fa641,meetup,,https://www.meetup.com/nzpug-auckland/events/njdjssyfcdbtb/,2026-09-28,2026-09-28,linked_not_fetched,linked_from_source,src_bca1599a2f687a1a
listing_afd0e5352f32471f,evt_1936bd31f6d0da12,organizer_website,,https://nokidbehind.org/grandnord,2026-09-28,2026-09-28,linked_not_fetched,linked_from_source,src_bca1599a2f687a1a
listing_9ad72acaeb1d05ec,evt_50204350f64d8341,organizer_website,,https://www.pyddf.de/,2026-09-28,2026-09-28,linked_not_fetched,linked_from_source,src_bca1599a2f687a1a
listing_9ad9613adf14c847,evt_ad212682e70e4bad,meetup,,https://www.meetup.com/nzpug-auckland/events/291789444/,2026-09-28,2026-09-28,linked_not_fetched,linked_from_source,src_bca1599a2f687a1a
listing_e565fd9f49176f81,evt_a9df4aa4f0c59e41,organizer_website,,https://barcamps.eu/python-barcamp-der-leipzig-python-user-group-2023/,2026-09-28,2026-09-28,linked_not_fetched,linked_from_source,src_bca1599a2f687a1a
listing_828bc358454e4b05,evt_4afc5a8d48e6af22,organizer_website,,https://www.egenix.com/company/news/PyDDF-Herbst-Sprint-2025,2026-09-28,2026-09-28,linked_not_fetched,linked_from_source,src_bca1599a2f687a1a
listing_01b3273020f2a35b,evt_db634b47ec5ad1ca,meetup,,https://www.meetup.com/nzpug-auckland/events/njdjssydclbwb/,2026-09-28,2026-09-28,linked_not_fetched,linked_from_source,src_bca1599a2f687a1a
listing_6c739faddd48a7af,evt_0d1ddc84cd41f2d6,organizer_website,,https://ohtoufu.com/education/register/kochi/2023-10/,2026-09-28,2026-09-28,linked_not_fetched,linked_from_source,src_bca1599a2f687a1a
listing_925a61e9fc6c2275,evt_67e7ddb82f22d155,organizer_website,,https://pythonleiden.nl/meeting-2026-01-22.html,2026-09-28,2026-09-28,linked_not_fetched,linked_from_source,src_bca1599a2f687a1a
listing_b669452d52c402c1,evt_5cdd70a815217204,organizer_website,,https://djangogirls.org/en/ho/,2026-09-28,2026-09-28,linked_not_fetched,linked_from_source,src_bca1599a2f687a1a
listing_f10e9e9263a7627f,evt_3de6f81a748d1ff2,organizer_website,,https://pycamp.es/,2026-09-28,2026-09-28,linked_not_fetched,linked_from_source,src_bca1599a2f687a1a
listing_760e3961bb6a73b5,evt_06a4ef859b8ffa95,organizer_website,,https://www.facebook.com/share/15QmRLdonb/,2026-09-28,2026-09-28,linked_not_fetched,linked_from_source,src_bca1599a2f687a1a
listing_f14bf8579e67e9bc,evt_b1501c4fbd3cac53,meetup,,https://www.meetup.com/pyladiesams/events/300253273/,2026-09-28,2026-09-28,linked_not_fetched,linked_from_source,src_bca1599a2f687a1a
listing_a2372c651f80bd8c,evt_089b29f7a862852b,organizer_website,,https://djangogirls.org/pt-br/caxiasdosul/,2026-09-28,2026-09-28,linked_not_fetched,linked_from_source,src_bca1599a2f687a1a
listing_9e800ff085a12574,evt_7129909b558a2c85,eventbrite,,https://www.eventbrite.co.uk/e/python-live-an-introduction-to-practical-mlops-tickets-323891256467,2026-09-28,2026-09-28,linked_not_fetched,linked_from_source,src_bca1599a2f687a1a
listing_71c3903561e76405,evt_920139456a6959c8,meetup,,https://www.meetup.com/leiden-python-user-group/events/305358713/,2026-09-28,2026-09-28,linked_not_fetched,linked_from_source,src_bca1599a2f687a1a
listing_0924bbac57359e41,evt_2036f81b0ea8dcd7,organizer_website,,https://hub.iridescent.nz/s/oMAbr84BFR3bWAe,2026-09-28,2026-09-28,linked_not_fetched,linked_from_source,src_bca1599a2f687a1a
listing_6e0d0297d8e043e1,evt_6c4c049d26869e0b,organizer_website,,https://pythonniger.org/events,2026-09-28,2026-09-28,linked_not_fetched,linked_from_source,src_bca1599a2f687a1a
listing_584754033fc07f53,evt_5ae4d3c86fbc9f55,organizer_website,,https://ohtoufu.com/education/register/kochi/2023-10/,2026-09-28,2026-09-28,linked_not_fetched,linked_from_source,src_bca1599a2f687a1a
listing_c3b752bd829ddf1d,evt_256ca699c1ec267e,organizer_website,,https://docs.google.com/forms/d/e/1FAIpQLSdcQXphbny7Hs-kO9doH-XmROyGIaKQHgHaEApb34sWYsfI_g/viewform,2026-09-28,2026-09-28,linked_not_fetched,linked_from_source,src_bca1599a2f687a1a
listing_0b163a6f6d37dba5,evt_ed7da201fe6279d6,organizer_website,,https://djangogirls.org/en/beira/,2026-09-28,2026-09-28,linked_not_fetched,linked_from_source,src_bca1599a2f687a1a
listing_0b4e549e54265ab0,evt_89cf10578ce09a61,organizer_website,,https://indico.cern.ch/e/PyHEP2023.dev,2026-09-28,2026-09-28,linked_not_fetched,linked_from_source,src_bca1599a2f687a1a
listing_cf396f0f45ac4233,evt_b60a357de57ecae7,meetup,,https://www.meetup.com/nzpug-auckland/,2026-09-28,2026-09-28,linked_not_fetched,linked_from_source,src_bca1599a2f687a1a
listing_67ed37154bf5b307,evt_1e50542671b4be2e,meetup,,https://www.meetup.com/de-DE/pydata-suedwest/events/294163882/,2026-09-28,2026-09-28,linked_not_fetched,linked_from_source,src_bca1599a2f687a1a
listing_d4b365700401ffef,evt_6c3f273c022c3ada,organizer_website,,https://codecampus.com.ng/python-weekend/,2026-09-28,2026-09-28,linked_not_fetched,linked_from_source,src_bca1599a2f687a1a
listing_f6709904a3d4b8fd,evt_be1ca948d9ec7102,organizer_website,,https://www.edukawa.org/pl/hackthelibrary,2026-09-28,2026-09-28,linked_not_fetched,linked_from_source,src_bca1599a2f687a1a
listing_3921c968e62ed8a5,evt_fa4ae51ab4966e57,meetup,,https://www.meetup.com/pythonnz-online/events/303246153/,2026-09-28,2026-09-28,linked_not_fetched,linked_from_source,src_bca1599a2f687a1a
listing_5492c3207bcb95fb,evt_8defeece9bb0ac7c,organizer_website,,https://djangogirls.org/es/bogota/,2026-09-28,2026-09-28,linked_not_fetched,linked_from_source,src_bca1599a2f687a1a
listing_a03e3762b8c8ef13,evt_ff9a7403635948a0,organizer_website,,https://hamburg.python.pizza/,2026-09-28,2026-09-28,linked_not_fetched,linked_from_source,src_bca1599a2f687a1a
listing_99343679370759e8,evt_437f2683530c8fa9,organizer_website,,https://meet.mscc.mu/VirtualCodeCoffee,2026-09-28,2026-09-28,linked_not_fetched,linked_from_source,src_bca1599a2f687a1a
listing_9be077343b23c692,evt_64031b1829b32e15,organizer_website,,https://www.pyddf.de/,2026-09-28,2026-09-28,linked_not_fetched,linked_from_source,src_bca1599a2f687a1a
listing_24ee2beb102dbe9c,evt_5838fadfc1b5d04e,meetup,,https://www.meetup.com/es-ES/python-madrid/events/282543599/,2026-09-28,2026-09-28,linked_not_fetched,linked_from_source,src_bca1599a2f687a1a
listing_44ae77f035707d21,evt_effb223040c82114,meetup,,https://www.meetup.com/indypy/events/311855002/,2026-09-28,2026-09-28,linked_not_fetched,linked_from_source,src_bca1599a2f687a1a
listing_293fe5bc750924ea,evt_6f3dca0e4eb15e26,meetup,,https://www.meetup.com/pyladiesams/events/306221786/,2026-09-28,2026-09-28,linked_not_fetched,linked_from_source,src_bca1599a2f687a1a
listing_5ef40a2ba7b4879f,evt_5d52fabd19ff5f97,meetup,,https://www.meetup.com/helpy-meetups/events/306131829/,2026-09-28,2026-09-28,linked_not_fetched,linked_from_source,src_bca1599a2f687a1a
listing_a3a27934169873b6,evt_23c44d073385aba7,organizer_website,,https://djangogirls.org/es/cali/,2026-09-28,2026-09-28,linked_not_fetched,linked_from_source,src_bca1599a2f687a1a
listing_5809ab9b3c926be8,evt_4d6fc62eae37d972,meetup,,https://www.meetup.com/nzpug-auckland/events/hgxmwsydcqbkb/,2026-09-28,2026-09-28,linked_not_fetched,linked_from_source,src_bca1599a2f687a1a
listing_0bf9544af5348040,evt_c1fc812209c1e5f7,organizer_website,,https://djangogirls.org/groningen/,2026-09-28,2026-09-28,linked_not_fetched,linked_from_source,src_bca1599a2f687a1a
listing_6d775af9f1f29cd1,evt_7aaec041d2222700,meetup,,https://www.meetup.com/indypy/events/311854930/,2026-09-28,2026-09-28,linked_not_fetched,linked_from_source,src_bca1599a2f687a1a
listing_e19c477c1767e202,evt_37ca887c3e181799,meetup,,https://www.meetup.com/michigan-python/events/305384919,2026-09-28,2026-09-28,linked_not_fetched,linked_from_source,src_bca1599a2f687a1a
listing_e6c14e68b53350b9,evt_74049a371269896f,meetup,,https://www.meetup.com/pyladiesams/events/291311603/,2026-09-28,2026-09-28,linked_not_fetched,linked_from_source,src_bca1599a2f687a1a
listing_b706033ef2c7b4aa,evt_3cf761f1e8c6a11d,organizer_website,,https://djangogirls.org/en/cagayandeoro/,2026-09-28,2026-09-28,linked_not_fetched,linked_from_source,src_bca1599a2f687a1a
listing_52222c51ce5bc13c,evt_5fc2ba3af4a8b8d2,organizer_website,,https://pythonleiden.nl/meeting-2026-09-17.html,2026-09-28,2026-09-28,linked_not_fetched,linked_from_source,src_bca1599a2f687a1a
listing_7c846f0d0eac147c,evt_3b1e71e0f91d4e45,eventbrite,,https://www.eventbrite.co.uk/e/python-live-statistical-types-for-pandas-dataframes-and-friends-tickets-380247780347,2026-09-28,2026-09-28,linked_not_fetched,linked_from_source,src_bca1599a2f687a1a
listing_b8d031768482a58a,evt_d2f82fa381d6ae59,organizer_website,,https://www.pyddf.de/,2026-09-28,2026-09-28,linked_not_fetched,linked_from_source,src_bca1599a2f687a1a
listing_2b18559217dcf883,evt_c4817f1185db10ae,meetup,,https://www.meetup.com/pyladiesams/events/306653842/,2026-09-28,2026-09-28,linked_not_fetched,linked_from_source,src_bca1599a2f687a1a
listing_05d95431fb026915,evt_3ec641d53699cf30,meetup,,https://www.meetup.com/pyladiesams/events/308081339/,2026-09-28,2026-09-28,linked_not_fetched,linked_from_source,src_bca1599a2f687a1a
listing_183287ae0c8534b9,evt_7e0f1a03809190ec,organizer_website,,https://djangogirls.org/en/maputo,2026-09-28,2026-09-28,linked_not_fetched,linked_from_source,src_bca1599a2f687a1a
listing_cda0374f42a3ece7,evt_4ab46368efb9ff6d,organizer_website,,https://djangogirls.org/groningen/,2026-09-28,2026-09-28,linked_not_fetched,linked_from_source,src_bca1599a2f687a1a
listing_175391753ad54fe8,evt_a495e787b7e5ec88,meetup,,https://www.meetup.com/pythonnz-online/events/302440285,2026-09-28,2026-09-28,linked_not_fetched,linked_from_source,src_bca1599a2f687a1a
listing_06ffac27a96253e4,evt_1a8db605e109b26f,organizer_website,,https://djangogirls.org/es/santamarta/,2026-09-28,2026-09-28,linked_not_fetched,linked_from_source,src_bca1599a2f687a1a
listing_a7d15a72f64d93d3,evt_74ae7d31d7329b17,meetup,,https://www.meetup.com/nzpug-auckland/,2026-09-28,2026-09-28,linked_not_fetched,linked_from_source,src_bca1599a2f687a1a
listing_0b801426b442fc2f,evt_cee331b79ddc2c33,meetup,,https://www.meetup.com/nzpug-auckland/events/299764076/,2026-09-28,2026-09-28,linked_not_fetched,linked_from_source,src_bca1599a2f687a1a
listing_e1c0b89fc1baa277,evt_3ad4b5f8bdd8e031,organizer_website,,https://pythonleiden.nl/meeting-2026-07-02.html?py,2026-09-28,2026-09-28,linked_not_fetched,linked_from_source,src_bca1599a2f687a1a
listing_0c79367b51dc557e,evt_b914ae05c88ac676,organizer_website,,https://djangogirls.org/en/abraka/,2026-09-28,2026-09-28,linked_not_fetched,linked_from_source,src_bca1599a2f687a1a
listing_1b2513efd519cee7,evt_e750cebabe753ce1,organizer_website,,https://djangogirls.org/en/abuja/,2026-09-28,2026-09-28,linked_not_fetched,linked_from_source,src_bca1599a2f687a1a
listing_eafa05c702f8133e,evt_6ee7fcea5d44b614,meetup,,https://www.meetup.com/nl-NL/PyLadiesAMS/events/284174070/,2026-09-28,2026-09-28,linked_not_fetched,linked_from_source,src_bca1599a2f687a1a
listing_c23f1e42a16f509a,evt_94192e5823dd6c5a,eventbrite,,https://www.eventbrite.com/e/building-scalable-web-apps-with-python-tickets-374326419397,2026-09-28,2026-09-28,linked_not_fetched,linked_from_source,src_bca1599a2f687a1a
listing_ac92e250b4b238f9,evt_90da8a508497bce2,organizer_website,,https://www.pyddf.de/,2026-09-28,2026-09-28,linked_not_fetched,linked_from_source,src_bca1599a2f687a1a
listing_b2813cc1e90da317,evt_5d67dff2d9433141,meetup,,https://www.meetup.com/pyladiesams/events/296507394/,2026-09-28,2026-09-28,linked_not_fetched,linked_from_source,src_bca1599a2f687a1a
listing_2abd6c79e5007759,evt_7154c72c97435330,organizer_website,,https://barcamps.eu/python-barcamp-suedost-2025/,2026-09-28,2026-09-28,linked_not_fetched,linked_from_source,src_bca1599a2f687a1a
listing_4dc3602799f76d31,evt_5deaec442ecd2887,meetup,,https://www.meetup.com/helpy-meetups/events/299649951/,2026-09-28,2026-09-28,linked_not_fetched,linked_from_source,src_bca1599a2f687a1a
listing_afc64b3b240becd0,evt_a8c1c41b1a389be3,meetup,,https://www.meetup.com/pyladiesams/events/293631462/,2026-09-28,2026-09-28,linked_not_fetched,linked_from_source,src_bca1599a2f687a1a
listing_ec29aa097f47e705,evt_4b1f9a1de2a0267f,eventbrite,,https://www.eventbrite.co.uk/e/323909480977,2026-09-28,2026-09-28,linked_not_fetched,linked_from_source,src_bca1599a2f687a1a
listing_f9ef5f061a8f8ee8,evt_c697118d3b493feb,meetup,,https://www.meetup.com/nzpug-auckland/,2026-09-28,2026-09-28,linked_not_fetched,linked_from_source,src_bca1599a2f687a1a
listing_9aff9cacae7a7454,evt_fa3612d924c8e87d,organizer_website,,https://scienceoxford.com/python-in-education-day/,2026-09-28,2026-09-28,linked_not_fetched,linked_from_source,src_bca1599a2f687a1a
listing_fe45f19aad318cf6,evt_c9758b492cefad52,meetup,,https://www.meetup.com/de-DE/pydata-suedwest/events/295202051/,2026-09-28,2026-09-28,linked_not_fetched,linked_from_source,src_bca1599a2f687a1a
listing_983aff393c9b7d79,evt_6db2b77dcb8ad4c2,organizer_website,,https://ohtoufu.com/education/register/ichikawa/2024-04/,2026-09-28,2026-09-28,linked_not_fetched,linked_from_source,src_bca1599a2f687a1a
listing_67dde65f2d906a6f,evt_bd74e048c2d1e39d,organizer_website,,https://www.pyddf.de/,2026-09-28,2026-09-28,linked_not_fetched,linked_from_source,src_bca1599a2f687a1a
listing_57039bc495be28f3,evt_b223eba33e50886e,organizer_website,,https://roynek.com/python_ugep/,2026-09-28,2026-09-28,linked_not_fetched,linked_from_source,src_bca1599a2f687a1a
listing_4e5926391d13de14,evt_d872a5e68838304b,eventbrite,,https://www.eventbrite.com/e/fundamentals-of-machine-learning-with-python-tickets-376218679197,2026-09-28,2026-09-28,linked_not_fetched,linked_from_source,src_bca1599a2f687a1a
listing_babe997ae86d9118,evt_1b4f809adc542ba4,organizer_website,,https://ohtoufu.com/education/register/ichikawa/2024-04/,2026-09-28,2026-09-28,linked_not_fetched,linked_from_source,src_bca1599a2f687a1a
listing_30a420752bc2685c,evt_c2fd477af6ad84f0,eventbrite,,https://www.eventbrite.co.uk/e/python-live-interactively-exploring-revealing-all-your-data-with-hvplot-tickets-391039478607,2026-09-28,2026-09-28,linked_not_fetched,linked_from_source,src_bca1599a2f687a1a
listing_2cc7ce77ee64ba2e,evt_75fd79a7117be237,organizer_website,,https://djangomed.eu/2026/,2026-09-28,2026-09-28,linked_not_fetched,linked_from_source,src_bca1599a2f687a1a
listing_b1765cbacfb3e09e,evt_6cf46299022d5c15,meetup,,https://www.meetup.com/pyladiesams/events/315542536/,2026-09-28,2026-09-28,linked_not_fetched,linked_from_source,src_bca1599a2f687a1a
listing_0f2c759e2e27e27d,evt_af5c6933fb8159e9,meetup,,https://www.meetup.com/pyladiesams/events/291662118/,2026-09-28,2026-09-28,linked_not_fetched,linked_from_source,src_bca1599a2f687a1a
listing_1ee967e3c2644e9c,evt_55527464e377cef3,organizer_website,,https://www.pyddf.de/,2026-09-28,2026-09-28,linked_not_fetched,linked_from_source,src_bca1599a2f687a1a
listing_cc2b6f6c177e97f3,evt_e7c0b2f324524845,organizer_website,,https://barcamps.eu/python-barcamp-leipzig-2025/,2026-09-28,2026-09-28,linked_not_fetched,linked_from_source,src_bca1599a2f687a1a
listing_8df184ff6a823329,evt_b3dab3e33f75c317,organizer_website,,https://pythonleiden.nl/meeting-2025-09-04.html,2026-09-28,2026-09-28,linked_not_fetched,linked_from_source,src_bca1599a2f687a1a
listing_7aa97c75a11337b6,evt_eef12d21d0b907b9,organizer_website,,https://www.pyddf.de/,2026-09-28,2026-09-28,linked_not_fetched,linked_from_source,src_bca1599a2f687a1a
listing_5c62ac04aa84fde4,evt_9b69e006f72f98b5,meetup,,https://www.meetup.com/pythonnz-online/events/304513325/,2026-09-28,2026-09-28,linked_not_fetched,linked_from_source,src_bca1599a2f687a1a
listing_1f89cc6bc3196990,evt_7df9b14f4b3990bf,organizer_website,,https://pythoncientifico.ar/events/sprints/,2026-09-28,2026-09-28,linked_not_fetched,linked_from_source,src_bca1599a2f687a1a
listing_64fe31e1fe65eda6,evt_da963b5d8c54ed8a,organizer_website,,https://nokidbehind.org/buea,2026-09-28,2026-09-28,linked_not_fetched,linked_from_source,src_bca1599a2f687a1a
listing_09b51a21639b6093,evt_646d4301efe250b4,meetup,,https://www.meetup.com/python-panama,2026-09-28,2026-09-28,linked_not_fetched,linked_from_source,src_bca1599a2f687a1a
listing_5e1b704dfa2f4bf0,evt_a277c9c7761355cd,organizer_website,,https://www.pyddf.de/,2026-09-28,2026-09-28,linked_not_fetched,linked_from_source,src_bca1599a2f687a1a
listing_8ef87bdb2c39baf0,evt_e031096e2872cd62,meetup,,https://www.meetup.com/nzpug-auckland/events/njdjssydcnbzb/,2026-09-28,2026-09-28,linked_not_fetched,linked_from_source,src_bca1599a2f687a1a
listing_5859c2bffabfe81d,evt_650fa0761a9fc55f,meetup,,https://www.meetup.com/pythonnz-auckland/events/301951877/,2026-09-28,2026-09-28,linked_not_fetched,linked_from_source,src_bca1599a2f687a1a
listing_ba721acf4a6dce5e,evt_f8a72172bac5eded,meetup,,https://www.meetup.com/pythonnz-online/events/302440401/,2026-09-28,2026-09-28,linked_not_fetched,linked_from_source,src_bca1599a2f687a1a
listing_f37393c111cfb1f2,evt_6341bbe7757acfdc,organizer_website,,https://barcamps.eu/pyr2024/,2026-09-28,2026-09-28,linked_not_fetched,linked_from_source,src_bca1599a2f687a1a
listing_948ee0c44689db94,evt_283eadd78afcaa1f,organizer_website,,https://python-gm.org/event-details/,2026-09-28,2026-09-28,linked_not_fetched,linked_from_source,src_bca1599a2f687a1a
listing_036c1ade596ad67c,evt_3b82eec2d105cc0a,meetup,,https://www.meetup.com/pyladiesams/events/301064956/,2026-09-28,2026-09-28,linked_not_fetched,linked_from_source,src_bca1599a2f687a1a
listing_af9b44e5278bdc8d,evt_2c50b3bf523779ba,meetup,,https://www.meetup.com/nzpug-hamilton/events/283776844/,2026-09-28,2026-09-28,linked_not_fetched,linked_from_source,src_bca1599a2f687a1a
listing_8cda6089ea235e45,evt_e2e510068d358994,organizer_website,,https://pycamp.es/,2026-09-28,2026-09-28,linked_not_fetched,linked_from_source,src_bca1599a2f687a1a
listing_425a602288ba0b11,evt_3b2c502b22f4fbb1,organizer_website,,https://barcamps.eu/pycamp-leipzig-2022/,2026-09-28,2026-09-28,linked_not_fetched,linked_from_source,src_bca1599a2f687a1a
listing_0988699f66b6f861,evt_da84603b4444c878,meetup,,https://www.meetup.com/pythonnz-auckland/events/301572188/,2026-09-28,2026-09-28,linked_not_fetched,linked_from_source,src_bca1599a2f687a1a
listing_b53bc117c6f07741,evt_c2fed92692ede59c,organizer_website,,https://djangogirls.org/en/malabo/,2026-09-28,2026-09-28,linked_not_fetched,linked_from_source,src_bca1599a2f687a1a
listing_c77a873e43415add,evt_2144134cfbaff628,organizer_website,,https://djangogirls.org/jos/,2026-09-28,2026-09-28,linked_not_fetched,linked_from_source,src_bca1599a2f687a1a
listing_70af34b0b835f33c,evt_52a98968a03607de,organizer_website,,https://djangogirls.org/groningen/,2026-09-28,2026-09-28,linked_not_fetched,linked_from_source,src_bca1599a2f687a1a
listing_2b06d6a2bd190798,evt_8b6b8840d6cf185b,meetup,,https://www.meetup.com/nzpug-auckland/,2026-09-28,2026-09-28,linked_not_fetched,linked_from_source,src_bca1599a2f687a1a
listing_a5dd136b227c5581,evt_d56946d50a9568ba,meetup,,https://www.meetup.com/NZPUG-Auckland/events/283369885/,2026-09-28,2026-09-28,linked_not_fetched,linked_from_source,src_bca1599a2f687a1a
listing_55154fc2b06b477e,evt_612aaae6f98fc90a,organizer_website,,https://djangogirls.org/en/ho/,2026-09-28,2026-09-28,linked_not_fetched,linked_from_source,src_bca1599a2f687a1a
listing_3d973e70cb9fac7b,evt_b5cd17a2332568c5,meetup,,https://www.meetup.com/django-user-group-berlin/,2026-09-28,2026-09-28,linked_not_fetched,linked_from_source,src_bca1599a2f687a1a
listing_2520690fb2c5f989,evt_0f446634002d32ee,organizer_website,,https://www.pyddf.de/,2026-09-28,2026-09-28,linked_not_fetched,linked_from_source,src_bca1599a2f687a1a
listing_2477b1c5e123ca55,evt_fe6e9215fec4590a,meetup,,https://www.meetup.com/indypy/events/305147717/,2026-09-28,2026-09-28,linked_not_fetched,linked_from_source,src_bca1599a2f687a1a
listing_2148540974b099d8,evt_de2f158d806fd72f,organizer_website,,https://pythonleiden.nl/meeting-2026-09-17.html,2026-09-28,2026-09-28,linked_not_fetched,linked_from_source,src_bca1599a2f687a1a
listing_02902277cff8200f,evt_fc417c6fbaaf8a8f,organizer_website,,https://ohtoufu.com/education/register/kochi/2023-10/,2026-09-28,2026-09-28,linked_not_fetched,linked_from_source,src_bca1599a2f687a1a
listing_18ef510cc2ef35bd,evt_8748e36e7b87304a,meetup,,https://www.meetup.com/helpy-meetups/events/299649951/,2026-09-28,2026-09-28,linked_not_fetched,linked_from_source,src_bca1599a2f687a1a
listing_93426b7e9ec7a228,evt_2fdbcd0f2aa7d5f4,organizer_website,,https://ohtoufu.com/education/register/minato/2023-11/,2026-09-28,2026-09-28,linked_not_fetched,linked_from_source,src_bca1599a2f687a1a
listing_fc4f7b84351d587f,evt_eb62cd7e8b06fe41,organizer_website,,https://ohtoufu.com/education/register/ichikawa/2024-04/,2026-09-28,2026-09-28,linked_not_fetched,linked_from_source,src_bca1599a2f687a1a
listing_cd177e0946d88b29,evt_e7884569e364b292,evand,,https://evand.com/events/tehlug271,2026-09-28,2026-09-28,linked_not_fetched,linked_from_source,src_bca1599a2f687a1a
listing_690db759a2a88c85,evt_a6096d896615d770,meetup,,https://www.meetup.com/pyladiesams/events/302233672/,2026-09-28,2026-09-28,linked_not_fetched,linked_from_source,src_bca1599a2f687a1a
listing_6e5d93eae6e7609e,evt_0f2983bbcc9b4160,organizer_website,,https://barcamps.eu/pythonbarcamp-karlsruhe-2024/,2026-09-28,2026-09-28,linked_not_fetched,linked_from_source,src_bca1599a2f687a1a
listing_0f3dffb6acb84978,evt_3c178dedf76003d2,organizer_website,,https://pythonleiden.nl/meeting-2026-11-12.html,2026-09-28,2026-09-28,linked_not_fetched,linked_from_source,src_bca1599a2f687a1a
listing_80b2932e0afaffa5,evt_c10755238ed1153c,organizer_website,,https://python-sucre-summit-2025.vercel.app/,2026-09-28,2026-09-28,linked_not_fetched,linked_from_source,src_bca1599a2f687a1a
listing_a47816b7ca57f792,evt_8ca37dbdff94a378,eventbrite,,https://www.eventbrite.co.uk/e/python-live-lesser-knowns-about-computer-vision-tickets-388503523497,2026-09-28,2026-09-28,linked_not_fetched,linked_from_source,src_bca1599a2f687a1a
listing_06e30178ba1be443,evt_f59d8086b9dbc751,organizer_website,,https://djangogirls.org/en/matola/,2026-09-28,2026-09-28,linked_not_fetched,linked_from_source,src_bca1599a2f687a1a
listing_da45460313eaafbf,evt_68b84077a3d48c21,organizer_website,,https://djangogirls.org/en/medellin/,2026-09-28,2026-09-28,linked_not_fetched,linked_from_source,src_bca1599a2f687a1a
listing_b6525e4bfd09b4ee,evt_53319260ea622d16,organizer_website,,https://djangogirls.org/es/quito/,2026-09-28,2026-09-28,linked_not_fetched,linked_from_source,src_bca1599a2f687a1a
listing_a78d245eac0a4ae6,evt_734f16c7c4badb04,meetup,,https://www.meetup.com/nl-NL/PyLadiesAMS/events/278770131/,2026-09-28,2026-09-28,linked_not_fetched,linked_from_source,src_bca1599a2f687a1a
listing_2642a8a1e67b4771,evt_59067c95e6bd3644,meetup,,https://www.meetup.com/nzpug-auckland/,2026-09-28,2026-09-28,linked_not_fetched,linked_from_source,src_bca1599a2f687a1a
listing_d2ac2eb4c3c76977,evt_c1a376f426ab4d58,meetup,,https://www.meetup.com/pyladiesams/events/301971745/,2026-09-28,2026-09-28,linked_not_fetched,linked_from_source,src_bca1599a2f687a1a
listing_05164944463faaf2,evt_4fa59f0071d0910d,meetup,,https://www.meetup.com/nl-NL/pyladiesams/events/287144248/,2026-09-28,2026-09-28,linked_not_fetched,linked_from_source,src_bca1599a2f687a1a
listing_c79eb6db3ab3f2aa,evt_e32303008bd7dd81,organizer_website,,https://ohtoufu.com/education/register/ichikawa/2024-04/,2026-09-28,2026-09-28,linked_not_fetched,linked_from_source,src_bca1599a2f687a1a
listing_049b6bdc2a4ddc21,evt_53cd8890451552e1,meetup,,https://www.meetup.com/pl-PL/wrocpy/events/264719503/,2026-09-28,2026-09-28,linked_not_fetched,linked_from_source,src_bca1599a2f687a1a
listing_6e5c7230dd26ef21,evt_0ad70410c453833c,organizer_website,,https://www.pyddf.de/,2026-09-28,2026-09-28,linked_not_fetched,linked_from_source,src_bca1599a2f687a1a
listing_76080c36a8dfc02a,evt_52bcdc5557b2b9e2,meetup,,https://www.meetup.com/pyladiesams/events/315698062/,2026-09-28,2026-09-28,linked_not_fetched,linked_from_source,src_bca1599a2f687a1a
listing_94c294545fee1fc6,evt_48c9e1718785701d,meetup,,https://www.meetup.com/nzpug-auckland/events/hgxmwsydcnbhb/,2026-09-28,2026-09-28,linked_not_fetched,linked_from_source,src_bca1599a2f687a1a
listing_8d598395b23f7c81,evt_fc8f3fec6af58cca,organizer_website,,https://www.pyddf.de/,2026-09-28,2026-09-28,linked_not_fetched,linked_from_source,src_bca1599a2f687a1a
listing_1bfc9e9a4dc000ba,evt_0e27b7d75a4a1750,organizer_website,,https://barcamps.eu/pycampcologne2022/,2026-09-28,2026-09-28,linked_not_fetched,linked_from_source,src_bca1599a2f687a1a
listing_aeb1ecfc829466e9,evt_c2db0cdfb2726a49,meetup,,https://www.meetup.com/nl-NL/pyladiesams/events/289791169/,2026-09-28,2026-09-28,linked_not_fetched,linked_from_source,src_bca1599a2f687a1a
listing_a6ddba3e7f843934,evt_a183239570de870f,organizer_website,,https://www.facebook.com/events/1164502658372317,2026-09-28,2026-09-28,linked_not_fetched,linked_from_source,src_bca1599a2f687a1a
listing_f3929bb934ca10f1,evt_efbee74f22bfd3c5,organizer_website,,https://pythonleiden.nl/meeting-2025-03-27.html,2026-09-28,2026-09-28,linked_not_fetched,linked_from_source,src_bca1599a2f687a1a
listing_0d9a2cc5b8a93aa2,evt_c44a48d0ed75e300,organizer_website,,https://djangogirls.org/en/sogakope/,2026-09-28,2026-09-28,linked_not_fetched,linked_from_source,src_bca1599a2f687a1a
listing_cb23a4ce1acdde40,evt_e411c2bb3e1e5184,organizer_website,,https://nokidbehind.org/pybuea,2026-09-28,2026-09-28,linked_not_fetched,linked_from_source,src_bca1599a2f687a1a
listing_6fe4ebd899830896,evt_2a453cc03f00f119,organizer_website,,https://pycamp.es/,2026-09-28,2026-09-28,linked_not_fetched,linked_from_source,src_bca1599a2f687a1a
listing_8fdedcd4cbb56a51,evt_e22cd1cc0b8fb6fa,meetup,,https://www.meetup.com/pyladiesams/events/307652222/,2026-09-28,2026-09-28,linked_not_fetched,linked_from_source,src_bca1599a2f687a1a
listing_a7457c28bdd12200,evt_ed7ecf1a5c24439b,organizer_website,,https://python-gm.org/event-details/,2026-09-28,2026-09-28,linked_not_fetched,linked_from_source,src_bca1599a2f687a1a
listing_00e5c7478be362b9,evt_18626ec094ed37b6,meetup,,https://www.meetup.com/nzpug-auckland/,2026-09-28,2026-09-28,linked_not_fetched,linked_from_source,src_bca1599a2f687a1a
listing_b7313d0cc71569c2,evt_59c94afe2168350b,meetup,,https://www.meetup.com/indypy/events/305589187/,2026-09-28,2026-09-28,linked_not_fetched,linked_from_source,src_bca1599a2f687a1a
listing_fba8fcd5cf0bc7e5,evt_f98456919f51bf3b,organizer_website,,https://nokidbehind.org/yaounde,2026-09-28,2026-09-28,linked_not_fetched,linked_from_source,src_bca1599a2f687a1a
listing_f273cb6a8524ae37,evt_271183b863badc08,organizer_website,,http://dti.hamplustech.com/,2026-09-28,2026-09-28,linked_not_fetched,linked_from_source,src_bca1599a2f687a1a
listing_a7d91d23c7dd2765,evt_9811ec9638b1fbcc,meetup,,https://www.meetup.com/mpt-pyladies/events/295751795/,2026-09-28,2026-09-28,linked_not_fetched,linked_from_source,src_bca1599a2f687a1a
listing_51ce62a2affc82b2,evt_f8ca29d8aaf3554c,organizer_website,,https://pyladies-rivers.github.io/website/,2026-09-28,2026-09-28,linked_not_fetched,linked_from_source,src_bca1599a2f687a1a
listing_63b14e0c2b124baa,evt_02f2b35b65883f13,organizer_website,,https://www.pyddf.de/,2026-09-28,2026-09-28,linked_not_fetched,linked_from_source,src_bca1599a2f687a1a
listing_71a39e7fb2372dc3,evt_7aa2315026a455d4,organizer_website,,https://openlab.ec/djangogirls,2026-09-28,2026-09-28,linked_not_fetched,linked_from_source,src_bca1599a2f687a1a
listing_a25f3ed6243227fb,evt_ebeea41d3b2cc2f4,organizer_website,,https://barcamps.eu/pythonbarcamp-2026/,2026-09-28,2026-09-28,linked_not_fetched,linked_from_source,src_bca1599a2f687a1a
listing_7b5614569562e715,evt_0aa269c82bc35ecb,meetup,,https://www.meetup.com/pythonnz-auckland/events/301572166/,2026-09-28,2026-09-28,linked_not_fetched,linked_from_source,src_bca1599a2f687a1a
listing_b16af743c21f4a87,evt_d0372c6c42f0d18d,organizer_website,,https://pythonleiden.nl/meeting-2025-11-13.html,2026-09-28,2026-09-28,linked_not_fetched,linked_from_source,src_bca1599a2f687a1a
listing_d7b8f4880da060ac,evt_214ad6bea53fa8c8,meetup,,https://www.meetup.com/PyLadiesAMS/events/285821531/,2026-09-28,2026-09-28,linked_not_fetched,linked_from_source,src_bca1599a2f687a1a
listing_d9d059c99e9c73ad,evt_656b138ad9f77966,organizer_website,,https://openlab.ec/djangogirls,2026-09-28,2026-09-28,linked_not_fetched,linked_from_source,src_bca1599a2f687a1a
listing_91ae1c1d5e30faed,evt_fca0556d0d79f159,organizer_website,,https://forms.gle/TUUDNPBS3qK7XtM5A,2026-09-28,2026-09-28,linked_not_fetched,linked_from_source,src_bca1599a2f687a1a
listing_8690bdf7270908bf,evt_e7b63af2d5025030,organizer_website,,https://djangogirls.org/en/cagayandeoro/,2026-09-28,2026-09-28,linked_not_fetched,linked_from_source,src_bca1599a2f687a1a
listing_cee6f3ba9fd313c0,evt_e39e93bc1ebe1be9,meetup,,https://www.meetup.com/nl-NL/PyLadiesAMS/events/282427658/,2026-09-28,2026-09-28,linked_not_fetched,linked_from_source,src_bca1599a2f687a1a
listing_ff25b2248e06c377,evt_f8d135410443179f,organizer_website,,https://python-gm.org/event-details-bakau/,2026-09-28,2026-09-28,linked_not_fetched,linked_from_source,src_bca1599a2f687a1a
listing_45260f5be5fd9086,evt_557605ca2d07333a,organizer_website,,https://nokidbehind.org/bamenda,2026-09-28,2026-09-28,linked_not_fetched,linked_from_source,src_bca1599a2f687a1a
listing_dd595c6fb36bca81,evt_86d22fa6f5a5d266,meetup,,https://www.meetup.com/pyladiesams/events/289561742/,2026-09-28,2026-09-28,linked_not_fetched,linked_from_source,src_bca1599a2f687a1a
listing_b938bb4fe68aa350,evt_810091516b8cdf53,organizer_website,,https://djangogirls.org/en/ekpoma/,2026-09-28,2026-09-28,linked_not_fetched,linked_from_source,src_bca1599a2f687a1a
listing_e5b59fd7eea2fed0,evt_c4f78ea66f7b8c55,meetup,,https://www.meetup.com/pyladiesams/events/311303956,2026-09-28,2026-09-28,linked_not_fetched,linked_from_source,src_bca1599a2f687a1a
listing_c55fcdcd2df881e4,evt_f1224171dc987b8a,organizer_website,,https://djangogirls.org/en/maputo/,2026-09-28,2026-09-28,linked_not_fetched,linked_from_source,src_bca1599a2f687a1a
listing_64960af8d2ffb2d1,evt_f7724e1d47fcfe0a,meetup,,https://www.meetup.com/nzpug-auckland/,2026-09-28,2026-09-28,linked_not_fetched,linked_from_source,src_bca1599a2f687a1a
listing_3bf1271136338ee0,evt_b276f2ca0b3f3414,eventbrite,,https://www.eventbrite.com/e/pybirra-and-now-something-completely-different-tickets-371943833017?aff=ebdsoporgprofile,2026-09-28,2026-09-28,linked_not_fetched,linked_from_source,src_bca1599a2f687a1a
listing_7d1226a416cdeef2,evt_207d218a5b4df982,organizer_website,,https://pyar.discourse.group/t/pycamp-2025/1373,2026-09-28,2026-09-28,linked_not_fetched,linked_from_source,src_bca1599a2f687a1a
listing_f72db15895213b37,evt_9e8343e036deef82,organizer_website,,https://nokidbehind.org/yaounde,2026-09-28,2026-09-28,linked_not_fetched,linked_from_source,src_bca1599a2f687a1a
listing_15b541e16b4c32a1,evt_9dc2c7a6d40a75b6,organizer_website,,https://djangogirls.org/en/abraka/,2026-09-28,2026-09-28,linked_not_fetched,linked_from_source,src_bca1599a2f687a1a
listing_e6ab575c37341d41,evt_509dff0f9ae80a76,meetup,,https://www.meetup.com/oslo-python/events/303701430,2026-09-28,2026-09-28,linked_not_fetched,linked_from_source,src_bca1599a2f687a1a
listing_0b3a492dbf4f233f,evt_86455e9b97b2854d,organizer_website,,https://roynek.com/python_ugep/,2026-09-28,2026-09-28,linked_not_fetched,linked_from_source,src_bca1599a2f687a1a
listing_2cebda2e91fd7bec,evt_52acb71523a21b08,organizer_website,,https://pythonleiden.nl/meeting-2026-04-02.html,2026-09-28,2026-09-28,linked_not_fetched,linked_from_source,src_bca1599a2f687a1a
listing_407c5ea995f6d5de,evt_df9582e6dff519ea,organizer_website,,https://python-gm.org/event-details-bakau/,2026-09-28,2026-09-28,linked_not_fetched,linked_from_source,src_bca1599a2f687a1a
listing_90a99615ffdddcd2,evt_eb58a35e5f3a8e6d,organizer_website,,https://www.pyddf.de/,2026-09-28,2026-09-28,linked_not_fetched,linked_from_source,src_bca1599a2f687a1a
listing_896258e143352006,evt_9f17995d9eef59f1,eventbrite,,https://ptnn.eventbrite.com/,2026-09-28,2026-09-28,linked_not_fetched,linked_from_source,src_bca1599a2f687a1a
listing_d0eb84cf29e6478a,evt_4091597f5b237d47,organizer_website,,https://nokidbehind.org/pyyaounde,2026-09-28,2026-09-28,linked_not_fetched,linked_from_source,src_bca1599a2f687a1a
listing_2958a05290fc339d,evt_216ea48a972ff0a5,organizer_website,,https://instats.org/seminar/plotting-and-programming-in-python,2026-09-28,2026-09-28,linked_not_fetched,linked_from_source,src_bca1599a2f687a1a
listing_c2a6986627bdd710,evt_849cb4ba9c92b4ba,meetup,,https://www.meetup.com/pythonnz-online/events/302440509/,2026-09-28,2026-09-28,linked_not_fetched,linked_from_source,src_bca1599a2f687a1a
listing_35ba758d8c37177e,evt_6e684c9e0dfeea68,organizer_website,,https://pythonniger.org/events,2026-09-28,2026-09-28,linked_not_fetched,linked_from_source,src_bca1599a2f687a1a
listing_c0c1f9ba21c7da50,evt_759c1cb0c7e52d0d,organizer_website,,https://pycamp.es/,2026-09-28,2026-09-28,linked_not_fetched,linked_from_source,src_bca1599a2f687a1a
listing_b0e38c1bfa7072dd,evt_76769dd311eeacc9,organizer_website,,https://www.youtube.com/watch?v=n1nL4Sf7VEs,2026-09-28,2026-09-28,linked_not_fetched,linked_from_source,src_bca1599a2f687a1a
listing_a3e11b6faf211f60,evt_868f9804c4ae07e5,meetup,,https://www.meetup.com/indypy/events/299661600/,2026-09-28,2026-09-28,linked_not_fetched,linked_from_source,src_bca1599a2f687a1a
listing_6373303dbeb6f9a8,evt_87cc4c2fcd34b932,Luma,edovbkm4,https://luma.com/edovbkm4,2026-09-28,2026-09-28,read_public,public_page_read,src_aa4f79b66f07fd27
listing_4bea9e807cb8e29f,evt_87cc4c2fcd34b932,organizer_newsletter,,https://aienginehack.beehiiv.com/p/join-us-at-ai-engine-summer-hack,2026-09-28,2026-09-28,read_public,public_page_read,src_34a13184c03f8f36
listing_0fb42720b3562193,evt_f01cce2e76d94292,Partiful,,https://partiful.com/e/PzdyRvxfLdFEh3HKYYcJ,2026-09-28,2026-09-28,linked_not_fetched,linked_from_source,src_2317a3403ba9944e
listing_1950e80e56f61df3,evt_9da972220c78ac0f,pretix,,https://pretix.eu/bapya/pybay-2026/,2026-09-28,2026-09-28,read_public,public_page_read,src_abf7fb34450f3065
listing_28b9feb668a85acb,evt_f7f941f37fc9424b,eventbrite,,https://pyconnl26.eventbrite.nl/,2026-09-28,2026-09-28,linked_not_fetched,linked_from_source,src_ea5884ec8892fb06
listing_e33610731efe3006,evt_a2d3daeab9632648,Meetup,,https://www.meetup.com/python-edinburgh/,2026-09-28,2026-09-28,read_public,public_page_read,src_7f342d86233569f0
listing_1dd5d73047c3ae75,evt_5f5bdac4e27d1e40,10times,,https://10times.com/easa,2026-09-28,2026-09-28,read_public,public_page_read,src_ecd126e46aa5f958
listing_3536e98ee2c32e65,evt_506cc479ae1320b9,Sessionize,,https://sessionize.com/2024-all-day-devops/,2026-09-28,2026-09-28,read_public,public_page_read,src_3cca216945a62f3d
listing_55ae78d8f55a5634,evt_f3c3ac908069c867,pretix,,https://pretix.eu/OpenEmbedded/OEW24/,2026-09-28,2026-09-28,read_public,public_page_read,src_c13d7441cc98d488
listing_e6d1733f93a69e35,evt_7fdc6dfa76a5980f,Ticket Tailor,,https://www.tickettailor.com/events/tickettailorwebinars/1021136,2026-09-28,2026-09-28,read_public,public_page_read,src_7fed1c8598d7bd1f
listing_2485d9529b7fd8de,evt_4053e17a941e8ff5,Humanitix,,https://events.humanitix.com/ra-2023-transport-summit-sydney/contact,2026-09-28,2026-09-28,read_public,public_page_read,src_cf9cb7d13d9b0b35
listing_89f18486fa37301c,evt_4c75646805affc70,Stanford,,https://events.stanford.edu/event/52nd_annual_stanford_powwow,2026-09-28,2026-09-28,index_only,search_index_only,src_947efca5c26335ec
listing_88e3904c56ac7808,evt_4149574d03a4abe1,ISE,,https://cdn.asp.events/CLIENT_Integrat_169E7B04_E6F3_39F6_8BE4DB27C54F731E/sites/ise-2024/media/Facts-and-Figures-2024_ISE_0404.pdf,2026-09-28,2026-09-28,read_public,public_page_read,src_af08650519d4bd96
