id,entity_table,entity_id,version,previous_value_json,new_value_json,valid_from,valid_to,observed_at,source_id,change_reason
ver_b7d240c3c36ebad1,event_editions,evt_74924efa1f1d406d,1,,"{""feed_created"":""20250527T073047Z"",""feed_last_modified"":""20250527T073047Z"",""dtstart_raw"":""20251014"",""dtend_raw"":""20251017"",""uid"":""def3fbde-2c02-4ee4-97c4-35262b1c167e""}",,,2026-09-28,src_105ca3620163539b,first_observation; feed_metadata_is_not_archival_capture
ver_63c0aaf0799595ba,event_editions,evt_d9aa9a04fdafe783,1,,"{""feed_created"":""20230428T070232Z"",""feed_last_modified"":""20230603T162545Z"",""dtstart_raw"":""20230610"",""dtend_raw"":""20230611"",""uid"":""4gd8oaur0pnurdd0jhjhpqupkv@google.com""}",,,2026-09-28,src_105ca3620163539b,first_observation; feed_metadata_is_not_archival_capture
ver_5e4fba035da8b4ee,event_editions,evt_85b4aa9c3b9e839a,1,,"{""feed_created"":""20231114T093059Z"",""feed_last_modified"":""20231114T093059Z"",""dtstart_raw"":""20240402"",""dtend_raw"":""20240407"",""uid"":""5e5c71d7-0f6e-414d-ad95-c1bfbf7280b5""}",,,2026-09-28,src_105ca3620163539b,first_observation; feed_metadata_is_not_archival_capture
ver_acf7055343b4cfdb,event_editions,evt_8ad74a622fa38a01,1,,"{""feed_created"":""19000101T120000Z"",""feed_last_modified"":""20240703T104454Z"",""dtstart_raw"":""20240918"",""dtend_raw"":""20240921"",""uid"":""Ical6ffc92463e329f24abc198d59f569294""}",,,2026-09-28,src_105ca3620163539b,first_observation; feed_metadata_is_not_archival_capture
ver_8463a94db1529bfb,event_editions,evt_bb04598beeecbf2c,1,,"{""feed_created"":""20240731T095050Z"",""feed_last_modified"":""20240731T095050Z"",""dtstart_raw"":""20240927"",""dtend_raw"":""20240929"",""uid"":""72e6e03c-ee73-47c4-826f-f39748ae4c8c""}",,,2026-09-28,src_105ca3620163539b,first_observation; feed_metadata_is_not_archival_capture
ver_e29201341ba6fd76,event_editions,evt_9f19637ff3ee3243,1,,"{""feed_created"":""20250220T183604Z"",""feed_last_modified"":""20250220T183604Z"",""dtstart_raw"":""20250818"",""dtend_raw"":""20250823"",""uid"":""8c99fa78-97e6-4fd7-b235-74f8a5910059""}",,,2026-09-28,src_105ca3620163539b,first_observation; feed_metadata_is_not_archival_capture
ver_23220429edb37475,event_editions,evt_54d0e34f7c60d99e,1,,"{""feed_created"":""20220225T092916Z"",""feed_last_modified"":""20220225T092916Z"",""dtstart_raw"":""20220903"",""dtend_raw"":""20220905"",""uid"":""e998b797-00eb-4451-88f6-11a280ea22fe""}",,,2026-09-28,src_105ca3620163539b,first_observation; feed_metadata_is_not_archival_capture
ver_e141e66efd4bd6e1,event_editions,evt_fa0ae2541f8d36ea,1,,"{""feed_created"":""20260522T182233Z"",""feed_last_modified"":""20260522T182233Z"",""dtstart_raw"":""20261024"",""dtend_raw"":""20261025"",""uid"":""86679fd3-7b8c-4c23-b176-3c274f136110""}",,,2026-09-28,src_105ca3620163539b,first_observation; feed_metadata_is_not_archival_capture
ver_35a7417c05fbe7d5,event_editions,evt_0b0968c1c4c7b16e,1,,"{""feed_created"":""20260506T192233Z"",""feed_last_modified"":""20260506T192233Z"",""dtstart_raw"":""20260619"",""dtend_raw"":""20260622"",""uid"":""7513c91a-f517-4532-baa8-18c06f7c1951""}",,,2026-09-28,src_105ca3620163539b,first_observation; feed_metadata_is_not_archival_capture
ver_b269ad45a1b0a5ea,event_editions,evt_6a33fa5b6c86304d,1,,"{""feed_created"":""19000101T120000Z"",""feed_last_modified"":""20240327T111002Z"",""dtstart_raw"":""20241025"",""dtend_raw"":""20241027"",""uid"":""Icalaf3d99f5aeaeb18fbfbe678892eb23b0""}",,,2026-09-28,src_105ca3620163539b,first_observation; feed_metadata_is_not_archival_capture
ver_c2982ba18b5b4db7,event_editions,evt_165ff6e4f6ca6aad,1,,"{""feed_created"":""20230905T111243Z"",""feed_last_modified"":""20230905T111243Z"",""dtstart_raw"":""20231007"",""dtend_raw"":""20231008"",""uid"":""54afe2de-8904-4e74-a836-b4023909e338""}",,,2026-09-28,src_105ca3620163539b,first_observation; feed_metadata_is_not_archival_capture
ver_cdbb6e2e850df81d,event_editions,evt_0956d356a6eede47,1,,"{""feed_created"":""19000101T120000Z"",""feed_last_modified"":""20240327T111731Z"",""dtstart_raw"":""20240809"",""dtend_raw"":""20240811"",""uid"":""Ical555534d329baffce67bcd2fa4d1aa0ff""}",,,2026-09-28,src_105ca3620163539b,first_observation; feed_metadata_is_not_archival_capture
ver_9125bcdf0e2dbbc5,event_editions,evt_46dba274af8639b7,1,,"{""feed_created"":""20250613T110436Z"",""feed_last_modified"":""20250613T110436Z"",""dtstart_raw"":""20250912"",""dtend_raw"":""20250917"",""uid"":""8c9e5923-81f1-49d9-91ba-2cf52860c04b""}",,,2026-09-28,src_105ca3620163539b,first_observation; feed_metadata_is_not_archival_capture
ver_da1f54ad384d8175,event_editions,evt_3e5acad6adf38308,1,,"{""feed_created"":""20230823T085839Z"",""feed_last_modified"":""20230823T085839Z"",""dtstart_raw"":""20230906"",""dtend_raw"":""20230907"",""uid"":""7o4821deugcnvqtdtdqjkqqbs7@google.com""}",,,2026-09-28,src_105ca3620163539b,first_observation; feed_metadata_is_not_archival_capture
ver_d434a49ab034dd78,event_editions,evt_4336de4732d15d92,1,,"{""feed_created"":""20260503T140504Z"",""feed_last_modified"":""20260503T140504Z"",""dtstart_raw"":""20261028"",""dtend_raw"":""20261029"",""uid"":""d95d5923-ca9b-48ae-ac48-ee554f32f224""}",,,2026-09-28,src_105ca3620163539b,first_observation; feed_metadata_is_not_archival_capture
ver_325a5fcb02ad9c6e,event_editions,evt_0617c91d76effd08,1,,"{""feed_created"":""19000101T120000Z"",""feed_last_modified"":""20240327T111711Z"",""dtstart_raw"":""20241016"",""dtend_raw"":""20241021"",""uid"":""Ical4e5c5de39883f411964f3b4180ea2327""}",,,2026-09-28,src_105ca3620163539b,first_observation; feed_metadata_is_not_archival_capture
ver_febd65f94f4fd977,event_editions,evt_d26b1d203113460d,1,,"{""feed_created"":""20241121T124248Z"",""feed_last_modified"":""20241121T124248Z"",""dtstart_raw"":""20241130"",""dtend_raw"":""20241201"",""uid"":""1d43a1f8-a8c5-4142-811d-783525fb9d59""}",,,2026-09-28,src_105ca3620163539b,first_observation; feed_metadata_is_not_archival_capture
ver_211ce026b9abdda3,event_editions,evt_fb0927245e4a697c,1,,"{""feed_created"":""20230614T180856Z"",""feed_last_modified"":""20230614T180856Z"",""dtstart_raw"":""20231114"",""dtend_raw"":""20231115"",""uid"":""db067f8c-0c8b-451b-8976-2126f050144d""}",,,2026-09-28,src_105ca3620163539b,first_observation; feed_metadata_is_not_archival_capture
ver_c6719d3a390039e4,event_editions,evt_98d6cf1138256fb7,1,,"{""feed_created"":""20260509T121248Z"",""feed_last_modified"":""20260509T121248Z"",""dtstart_raw"":""20260528T171500Z"",""dtend_raw"":""20260528T200000Z"",""uid"":""c77b14ae-0208-4022-a4f4-0adfa44ad593""}",,,2026-09-28,src_105ca3620163539b,first_observation; feed_metadata_is_not_archival_capture
ver_55b59f4e68c2c0f7,event_editions,evt_e9b86a328158346d,1,,"{""feed_created"":""20250603T163402Z"",""feed_last_modified"":""20250624T114724Z"",""dtstart_raw"":""20250927"",""dtend_raw"":""20250928"",""uid"":""c7aa1b20-3511-41d4-8e68-926598fa7e8d""}",,,2026-09-28,src_105ca3620163539b,first_observation; feed_metadata_is_not_archival_capture
ver_14699f00c5777fb5,event_editions,evt_c74bf11ac6632c88,1,,"{""feed_created"":""20221203T152525Z"",""feed_last_modified"":""20221203T152641Z"",""dtstart_raw"":""20230517"",""dtend_raw"":""20230521"",""uid"":""2207b5cc-a848-47da-9edc-a4d26aedc0be""}",,,2026-09-28,src_105ca3620163539b,first_observation; feed_metadata_is_not_archival_capture
ver_fa3e224ef0e56bff,event_editions,evt_0e361a698e5f00fa,1,,"{""feed_created"":""20240213T095237Z"",""feed_last_modified"":""20240213T095237Z"",""dtstart_raw"":""20240405"",""dtend_raw"":""20240409"",""uid"":""15s0vuat25md5kv3ca69f44k85@google.com""}",,,2026-09-28,src_105ca3620163539b,first_observation; feed_metadata_is_not_archival_capture
ver_5ffe35862554d2fd,event_editions,evt_1038cbbe810c51f9,1,,"{""feed_created"":""20250105T155536Z"",""feed_last_modified"":""20250105T155536Z"",""dtstart_raw"":""20250423"",""dtend_raw"":""20250426"",""uid"":""d81eeb02-fe61-4bf3-b252-b0cc7b08dba3""}",,,2026-09-28,src_105ca3620163539b,first_observation; feed_metadata_is_not_archival_capture
ver_496e3c64895acb9f,event_editions,evt_c0adaa7474b2f421,1,,"{""feed_created"":""20240329T112451Z"",""feed_last_modified"":""20240729T082554Z"",""dtstart_raw"":""20241014"",""dtend_raw"":""20241016"",""uid"":""1e64632d-fce0-43e6-a367-d58d53184aad""}",,,2026-09-28,src_105ca3620163539b,first_observation; feed_metadata_is_not_archival_capture
ver_2087399599945a8b,event_editions,evt_c6d46b27da5cadcb,1,,"{""feed_created"":""20230830T183703Z"",""feed_last_modified"":""20230830T183703Z"",""dtstart_raw"":""20231117"",""dtend_raw"":""20231118"",""uid"":""c1b93e39-2a2b-4492-b532-28cb8ef1287a""}",,,2026-09-28,src_105ca3620163539b,first_observation; feed_metadata_is_not_archival_capture
ver_ecdbec8d3ad6d8f2,event_editions,evt_8ddd901275689efe,1,,"{""feed_created"":""20241120T162922Z"",""feed_last_modified"":""20241120T162922Z"",""dtstart_raw"":""20250222"",""dtend_raw"":""20250223"",""uid"":""8fae631f-f447-418a-acda-4c865d435dc4""}",,,2026-09-28,src_105ca3620163539b,first_observation; feed_metadata_is_not_archival_capture
ver_0bb48382e5fed4e4,event_editions,evt_14f81078f72c3fb7,1,,"{""feed_created"":""20250512T110806Z"",""feed_last_modified"":""20250512T110806Z"",""dtstart_raw"":""20251103"",""dtend_raw"":""20251106"",""uid"":""021860d3-b68f-4d1d-833f-80f7f693093b""}",,,2026-09-28,src_105ca3620163539b,first_observation; feed_metadata_is_not_archival_capture
ver_1852ffbe2679f7a4,event_editions,evt_0f85b1f7331a6dbe,1,,"{""feed_created"":""20250512T111139Z"",""feed_last_modified"":""20250512T111139Z"",""dtstart_raw"":""20250725"",""dtend_raw"":""20250727"",""uid"":""ee2e1d1d-de55-4713-96a7-8739456db12a""}",,,2026-09-28,src_105ca3620163539b,first_observation; feed_metadata_is_not_archival_capture
ver_fd7bf8e85250b95b,event_editions,evt_dc71e11656e99e2d,1,,"{""feed_created"":""19000101T120000Z"",""feed_last_modified"":""20240327T111012Z"",""dtstart_raw"":""20241004"",""dtend_raw"":""20241006"",""uid"":""Ical7d01648b82d001e147cd2392c64ee7d8""}",,,2026-09-28,src_105ca3620163539b,first_observation; feed_metadata_is_not_archival_capture
ver_58e411841af38f45,event_editions,evt_4945d2d4a6bd64fa,1,,"{""feed_created"":""20220205T113125Z"",""feed_last_modified"":""20220205T113125Z"",""dtstart_raw"":""20220408"",""dtend_raw"":""20220409"",""uid"":""08jeql7muh5jbaas316bnb4nr7@google.com""}",,,2026-09-28,src_105ca3620163539b,first_observation; feed_metadata_is_not_archival_capture
ver_d00f8a90525be66d,event_editions,evt_2874e14d7b7da401,1,,"{""feed_created"":""20250430T084107Z"",""feed_last_modified"":""20250430T084107Z"",""dtstart_raw"":""20251115"",""dtend_raw"":""20251117"",""uid"":""370c7a5a-1f39-42d3-9376-a993d7a098fc""}",,,2026-09-28,src_105ca3620163539b,first_observation; feed_metadata_is_not_archival_capture
ver_1410471ef6f2feb5,event_editions,evt_6a424270a326f4b7,1,,"{""feed_created"":""20250313T093708Z"",""feed_last_modified"":""20250313T093708Z"",""dtstart_raw"":""20250323"",""dtend_raw"":""20250331"",""uid"":""d19e5a9c-3f82-4cad-86d3-d55dc611a7a6""}",,,2026-09-28,src_105ca3620163539b,first_observation; feed_metadata_is_not_archival_capture
ver_da50b81b0f7b44c0,event_editions,evt_fe9b0a48de67e90a,1,,"{""feed_created"":""20220203T171828Z"",""feed_last_modified"":""20220203T171828Z"",""dtstart_raw"":""20220206"",""dtend_raw"":""20220207"",""uid"":""1c054b29-ed97-4348-be92-1a6460381ba9""}",,,2026-09-28,src_105ca3620163539b,first_observation; feed_metadata_is_not_archival_capture
ver_574833b61a5ffce8,event_editions,evt_11dfac6b972886d3,1,,"{""feed_created"":""20230331T110855Z"",""feed_last_modified"":""20230331T110855Z"",""dtstart_raw"":""20230922"",""dtend_raw"":""20230926"",""uid"":""6ddeebcc-3c2d-412f-afa2-2ab4dc51cb96""}",,,2026-09-28,src_105ca3620163539b,first_observation; feed_metadata_is_not_archival_capture
ver_6dc425cc20b58ad3,event_editions,evt_9c511cf38ef89f0a,1,,"{""feed_created"":""20240910T113035Z"",""feed_last_modified"":""20240910T113035Z"",""dtstart_raw"":""20250224"",""dtend_raw"":""20250227"",""uid"":""25vgddi7g84g53256eanb7ulna@google.com""}",,,2026-09-28,src_105ca3620163539b,first_observation; feed_metadata_is_not_archival_capture
ver_4d6f55bb76fe0cdd,event_editions,evt_a0f9d3de1146199e,1,,"{""feed_created"":""20250418T061554Z"",""feed_last_modified"":""20250423T160848Z"",""dtstart_raw"":""20251018T170000Z"",""dtend_raw"":""20251019T020000Z"",""uid"":""0rh82g7h32ro0phr7qha8dk231@google.com""}",,,2026-09-28,src_105ca3620163539b,first_observation; feed_metadata_is_not_archival_capture
ver_e70d11296b7e4b89,event_editions,evt_09e9006e7a35cf47,1,,"{""feed_created"":""20220131T130332Z"",""feed_last_modified"":""20220131T130332Z"",""dtstart_raw"":""20220924"",""dtend_raw"":""20220925"",""uid"":""2hem517ti1sgfk3euoifm37gpg@google.com""}",,,2026-09-28,src_105ca3620163539b,first_observation; feed_metadata_is_not_archival_capture
ver_e0c2bd4d42126b4d,event_editions,evt_d07a76152f5489fe,1,,"{""feed_created"":""20230614T180734Z"",""feed_last_modified"":""20230614T180734Z"",""dtstart_raw"":""20230914"",""dtend_raw"":""20230917"",""uid"":""c6a57fff-83b0-4023-b1ce-a4ca925e422b""}",,,2026-09-28,src_105ca3620163539b,first_observation; feed_metadata_is_not_archival_capture
ver_70502499bcbe1ee3,event_editions,evt_451d0693e338d3f9,1,,"{""feed_created"":""20241028T181946Z"",""feed_last_modified"":""20241028T181946Z"",""dtstart_raw"":""20250202"",""dtend_raw"":""20250203"",""uid"":""d07cb847-9267-41ae-9cb6-be3d803edf28""}",,,2026-09-28,src_105ca3620163539b,first_observation; feed_metadata_is_not_archival_capture
ver_d36df6b49c05d167,event_editions,evt_01a63ed96a5d4272,1,,"{""feed_created"":""20220103T205956Z"",""feed_last_modified"":""20220228T112931Z"",""dtstart_raw"":""20220620"",""dtend_raw"":""20220623"",""uid"":""4f92f3cc-6a54-426f-92a9-03c9ecead89c""}",,,2026-09-28,src_105ca3620163539b,first_observation; feed_metadata_is_not_archival_capture
ver_83301b5da06c3fcd,event_editions,evt_a11306bd2009b244,1,,"{""feed_created"":""20250512T111805Z"",""feed_last_modified"":""20250512T111806Z"",""dtstart_raw"":""20250828"",""dtend_raw"":""20250901"",""uid"":""9647395d-b4e3-435a-852f-6f07c721b933""}",,,2026-09-28,src_105ca3620163539b,first_observation; feed_metadata_is_not_archival_capture
ver_4590755453434c10,event_editions,evt_b4c8b4590ac55632,1,,"{""feed_created"":""20260105T134546Z"",""feed_last_modified"":""20260521T060310Z"",""dtstart_raw"":""20260824"",""dtend_raw"":""20260829"",""uid"":""d73d5090-6116-4b92-8dae-6c7803118d32""}",,,2026-09-28,src_105ca3620163539b,first_observation; feed_metadata_is_not_archival_capture
ver_406a64bf24041cf0,event_editions,evt_1fc974874ad3a13f,1,,"{""feed_created"":""20230503T154028Z"",""feed_last_modified"":""20230503T154123Z"",""dtstart_raw"":""20240515"",""dtend_raw"":""20240524"",""uid"":""14f67454-178a-4c56-839b-6699e47f0757""}",,,2026-09-28,src_105ca3620163539b,first_observation; feed_metadata_is_not_archival_capture
ver_fdb53a5cc671f458,event_editions,evt_cee31d7848add738,1,,"{""feed_created"":""20260105T135101Z"",""feed_last_modified"":""20260105T135101Z"",""dtstart_raw"":""20260321"",""dtend_raw"":""20260324"",""uid"":""5febd5cf-104b-4e2d-b49a-33258e6118f5""}",,,2026-09-28,src_105ca3620163539b,first_observation; feed_metadata_is_not_archival_capture
ver_2572ac0efef8ece9,event_editions,evt_cc542b100138de5d,1,,"{""feed_created"":""20230303T111816Z"",""feed_last_modified"":""20230303T111816Z"",""dtstart_raw"":""20230602"",""dtend_raw"":""20230605"",""uid"":""313de3e7-2ecc-425c-8965-c069d33b1e51""}",,,2026-09-28,src_105ca3620163539b,first_observation; feed_metadata_is_not_archival_capture
ver_688d77983854da69,event_editions,evt_ce40a806a2021651,1,,"{""feed_created"":""20251015T191451Z"",""feed_last_modified"":""20251015T191451Z"",""dtstart_raw"":""20260419"",""dtend_raw"":""20260421"",""uid"":""9634b749-8e7b-4e7f-ab41-fee18cf9c4b2""}",,,2026-09-28,src_105ca3620163539b,first_observation; feed_metadata_is_not_archival_capture
ver_2ce313b865d4fb6d,event_editions,evt_a24d02ff563dd463,1,,"{""feed_created"":""20260105T134906Z"",""feed_last_modified"":""20260417T174440Z"",""dtstart_raw"":""20260513"",""dtend_raw"":""20260520"",""uid"":""fcaa96c2-d72b-483a-bf33-8c61e95240fa""}",,,2026-09-28,src_105ca3620163539b,first_observation; feed_metadata_is_not_archival_capture
ver_4c51f6f503bc9cbd,event_editions,evt_014069fb64efc783,1,,"{""feed_created"":""20220531T161024Z"",""feed_last_modified"":""20220531T161024Z"",""dtstart_raw"":""20220829"",""dtend_raw"":""20220903"",""uid"":""23f0df45-5d8b-4969-8624-6c04fa466053""}",,,2026-09-28,src_105ca3620163539b,first_observation; feed_metadata_is_not_archival_capture
ver_03c21ec82ec70df8,event_editions,evt_8f03530072b5cab5,1,,"{""feed_created"":""20240906T190403Z"",""feed_last_modified"":""20240906T190403Z"",""dtstart_raw"":""20250411"",""dtend_raw"":""20250414"",""uid"":""d6530d85-0741-4766-92c6-756102d911a9""}",,,2026-09-28,src_105ca3620163539b,first_observation; feed_metadata_is_not_archival_capture
ver_5530bba1ac98d8aa,event_editions,evt_36ef38d0c4f18f9b,1,,"{""feed_created"":""20250415T142948Z"",""feed_last_modified"":""20250415T142948Z"",""dtstart_raw"":""20250906"",""dtend_raw"":""20250908"",""uid"":""5tmspro416f8kgltrf86g5g7hl@google.com""}",,,2026-09-28,src_105ca3620163539b,first_observation; feed_metadata_is_not_archival_capture
ver_b116e9f6ff5e77df,event_editions,evt_b5025af901c2f949,1,,"{""feed_created"":""20250512T111945Z"",""feed_last_modified"":""20250512T111946Z"",""dtstart_raw"":""20251013"",""dtend_raw"":""20251020"",""uid"":""a0edbdad-638d-4286-ba10-f6195483cf67""}",,,2026-09-28,src_105ca3620163539b,first_observation; feed_metadata_is_not_archival_capture
ver_85e05852cd8f4b2b,event_editions,evt_6f2e680bdac0b5b0,1,,"{""feed_created"":""20260907T123033Z"",""feed_last_modified"":""20260907T123034Z"",""dtstart_raw"":""20261017"",""dtend_raw"":""20261019"",""uid"":""72l1tc019cop8gtcshtj7abnt9@google.com""}",,,2026-09-28,src_105ca3620163539b,first_observation; feed_metadata_is_not_archival_capture
ver_1d47c217a19963fe,event_editions,evt_8cfa31a0eacf62ad,1,,"{""feed_created"":""20220812T074436Z"",""feed_last_modified"":""20220812T074436Z"",""dtstart_raw"":""20220912"",""dtend_raw"":""20220917"",""uid"":""cfd4111c-f110-4409-8597-fba9bf007b66""}",,,2026-09-28,src_105ca3620163539b,first_observation; feed_metadata_is_not_archival_capture
ver_8cc95f1e5b19cb0b,event_editions,evt_4f3c87da27540383,1,,"{""feed_created"":""20250822T093633Z"",""feed_last_modified"":""20250822T093633Z"",""dtstart_raw"":""20251115"",""dtend_raw"":""20251116"",""uid"":""26nr5sk1dt1alg5g8ll9kdlvmd@google.com""}",,,2026-09-28,src_105ca3620163539b,first_observation; feed_metadata_is_not_archival_capture
ver_59471c2a3c13592a,event_editions,evt_8ff4e1a072242b32,1,,"{""feed_created"":""20250403T083514Z"",""feed_last_modified"":""20250403T083514Z"",""dtstart_raw"":""20250411"",""dtend_raw"":""20250412"",""uid"":""24c0ed3c-7cbc-4d8e-919e-2c067cea4df2""}",,,2026-09-28,src_105ca3620163539b,first_observation; feed_metadata_is_not_archival_capture
ver_aaa164cd146983bf,event_editions,evt_10f798c145b96791,1,,"{""feed_created"":""20240502T163636Z"",""feed_last_modified"":""20240502T163636Z"",""dtstart_raw"":""20240826"",""dtend_raw"":""20240831"",""uid"":""6b4ee176-6d63-4ab3-83b6-45f68bbac50e""}",,,2026-09-28,src_105ca3620163539b,first_observation; feed_metadata_is_not_archival_capture
ver_f4ec778aa4d9b7d7,event_editions,evt_6f3e70a2e5bfc411,1,,"{""feed_created"":""19000101T120000Z"",""feed_last_modified"":""20240327T110901Z"",""dtstart_raw"":""20240527"",""dtend_raw"":""20240529"",""uid"":""Ical614443ff0882bfbe28264bea5569793b""}",,,2026-09-28,src_105ca3620163539b,first_observation; feed_metadata_is_not_archival_capture
ver_d9de7fe5eabf5c5f,event_editions,evt_f0f8bded21075692,1,,"{""feed_created"":""20260809T134209Z"",""feed_last_modified"":""20260809T134209Z"",""dtstart_raw"":""20261219"",""dtend_raw"":""20261221"",""uid"":""b5804062-d8e5-4014-862a-446ca447c3f4""}",,,2026-09-28,src_105ca3620163539b,first_observation; feed_metadata_is_not_archival_capture
ver_51abe2d76f16219a,event_editions,evt_a8919e186668b9c7,1,,"{""feed_created"":""20250402T142210Z"",""feed_last_modified"":""20250402T142211Z"",""dtstart_raw"":""20250930"",""dtend_raw"":""20251002"",""uid"":""6c997c2f-5643-4f5f-a95d-6f54d0d8886f""}",,,2026-09-28,src_105ca3620163539b,first_observation; feed_metadata_is_not_archival_capture
ver_83cd1814fae23098,event_editions,evt_509dd77782235695,1,,"{""feed_created"":""20230329T120800Z"",""feed_last_modified"":""20230329T120800Z"",""dtstart_raw"":""20230414"",""dtend_raw"":""20230416"",""uid"":""1424419c-9dfb-48c7-8b0b-08d192736fda""}",,,2026-09-28,src_105ca3620163539b,first_observation; feed_metadata_is_not_archival_capture
ver_69a15a70762c4169,event_editions,evt_6b413a3ee9f000f0,1,,"{""feed_created"":""20250802T151935Z"",""feed_last_modified"":""20250802T151935Z"",""dtstart_raw"":""20251008"",""dtend_raw"":""20251011"",""uid"":""6eb9e827-20dd-43c2-8379-7d3d23752850""}",,,2026-09-28,src_105ca3620163539b,first_observation; feed_metadata_is_not_archival_capture
ver_65f65433c8cb6520,event_editions,evt_d96d4070e54b27d1,1,,"{""feed_created"":""20250928T120236Z"",""feed_last_modified"":""20250928T120236Z"",""dtstart_raw"":""20260826"",""dtend_raw"":""20260831"",""uid"":""17564c40-74ac-4580-9494-55ed3f3d8220""}",,,2026-09-28,src_105ca3620163539b,first_observation; feed_metadata_is_not_archival_capture
ver_3a94cf83e53bbf68,event_editions,evt_4448807c8669f164,1,,"{""feed_created"":""19000101T120000Z"",""feed_last_modified"":""20240327T111701Z"",""dtstart_raw"":""20240727"",""dtend_raw"":""20240728"",""uid"":""Icalc0a1134879647e66c24d27a0279d6cfe""}",,,2026-09-28,src_105ca3620163539b,first_observation; feed_metadata_is_not_archival_capture
ver_d9e171fc0442bfab,event_editions,evt_d90216fff9a74c0b,1,,"{""feed_created"":""20231010T092752Z"",""feed_last_modified"":""20231010T092752Z"",""dtstart_raw"":""20240419"",""dtend_raw"":""20240422"",""uid"":""bd271e3a-bdc7-4819-bdee-c9118269abff""}",,,2026-09-28,src_105ca3620163539b,first_observation; feed_metadata_is_not_archival_capture
ver_89d77b86d0eb0ceb,event_editions,evt_ca268ccd9afba7db,1,,"{""feed_created"":""20230922T181330Z"",""feed_last_modified"":""20230930T133053Z"",""dtstart_raw"":""20231021"",""dtend_raw"":""20231022"",""uid"":""32l9gje07hv5d403v4lm4j8lqs@google.com""}",,,2026-09-28,src_105ca3620163539b,first_observation; feed_metadata_is_not_archival_capture
ver_4c392cb0a69458d2,event_editions,evt_39b390f660e8bfeb,1,,"{""feed_created"":""20241007T141101Z"",""feed_last_modified"":""20241007T141101Z"",""dtstart_raw"":""20241026"",""dtend_raw"":""20241028"",""uid"":""634570d2-382f-4e69-b2da-7e9d75af7656""}",,,2026-09-28,src_105ca3620163539b,first_observation; feed_metadata_is_not_archival_capture
ver_ad18b65d2c24a2bd,event_editions,evt_22b238eab1c43c6a,1,,"{""feed_created"":""19000101T120000Z"",""feed_last_modified"":""20240327T110916Z"",""dtstart_raw"":""20240629"",""dtend_raw"":""20240630"",""uid"":""Icalbea9877f4b924f020acc6cfe724eca88""}",,,2026-09-28,src_105ca3620163539b,first_observation; feed_metadata_is_not_archival_capture
ver_ff1e88d37af3bc0b,event_editions,evt_4661c9af3cf79e6e,1,,"{""feed_created"":""20230501T185815Z"",""feed_last_modified"":""20230501T185815Z"",""dtstart_raw"":""20230729"",""dtend_raw"":""20230731"",""uid"":""84b78efb-2e47-4ee4-b7bd-315d174e8838""}",,,2026-09-28,src_105ca3620163539b,first_observation; feed_metadata_is_not_archival_capture
ver_b107b0ffb65b2ba2,event_editions,evt_7ae4314a231e3d96,1,,"{""feed_created"":""20250512T111352Z"",""feed_last_modified"":""20250512T111353Z"",""dtstart_raw"":""20250726"",""dtend_raw"":""20250728"",""uid"":""43a53c0e-fe8e-4d0d-b000-4ed70731c77c""}",,,2026-09-28,src_105ca3620163539b,first_observation; feed_metadata_is_not_archival_capture
ver_e2ed5cdca9ff0676,event_editions,evt_4388e3fc954b09ae,1,,"{""feed_created"":""20250630T115655Z"",""feed_last_modified"":""20250630T115655Z"",""dtstart_raw"":""20251011"",""dtend_raw"":""20251013"",""uid"":""f26e5cc4-55c0-47dc-b886-83401b6eb115""}",,,2026-09-28,src_105ca3620163539b,first_observation; feed_metadata_is_not_archival_capture
ver_d0ab92dd09cb4e01,event_editions,evt_67f6eb4952e15482,1,,"{""feed_created"":""20240327T112119Z"",""feed_last_modified"":""20240929T160613Z"",""dtstart_raw"":""20241114"",""dtend_raw"":""20241116"",""uid"":""004monsf16q5er1ppgq9gbso0t@google.com""}",,,2026-09-28,src_105ca3620163539b,first_observation; feed_metadata_is_not_archival_capture
ver_e701b344950a20b0,event_editions,evt_53a5e5ed48b9e2f6,1,,"{""feed_created"":""20250423T161150Z"",""feed_last_modified"":""20250423T161150Z"",""dtstart_raw"":""20250913"",""dtend_raw"":""20250916"",""uid"":""88cf52e9-11ad-4d7b-b847-39b8512afa1f""}",,,2026-09-28,src_105ca3620163539b,first_observation; feed_metadata_is_not_archival_capture
ver_b0fb381cf6d7cdc5,event_editions,evt_5ca5fb8336fc78fe,1,,"{""feed_created"":""20260411T101532Z"",""feed_last_modified"":""20260411T101532Z"",""dtstart_raw"":""20260425"",""dtend_raw"":""20260427"",""uid"":""fb33fb21-b7b4-4b1f-802c-f217e308c13c""}",,,2026-09-28,src_105ca3620163539b,first_observation; feed_metadata_is_not_archival_capture
ver_30ccef73a2493567,event_editions,evt_2634393393f34463,1,,"{""feed_created"":""20221102T211809Z"",""feed_last_modified"":""20221102T211809Z"",""dtstart_raw"":""20230525"",""dtend_raw"":""20230529"",""uid"":""1c4a7e20-a150-4939-a4a1-ab831c06081c""}",,,2026-09-28,src_105ca3620163539b,first_observation; feed_metadata_is_not_archival_capture
ver_a91cdcab8070b052,event_editions,evt_49fecf22b6d2a696,1,,"{""feed_created"":""20260105T134450Z"",""feed_last_modified"":""20260105T134451Z"",""dtstart_raw"":""20260828"",""dtend_raw"":""20260830"",""uid"":""c12378c3-d19b-4a03-8917-35df5ad3e6c9""}",,,2026-09-28,src_105ca3620163539b,first_observation; feed_metadata_is_not_archival_capture
ver_f46ea50c8eb66b8c,event_editions,evt_770129eb2abce6be,1,,"{""feed_created"":""20231120T124155Z"",""feed_last_modified"":""20231120T124155Z"",""dtstart_raw"":""20240204"",""dtend_raw"":""20240205"",""uid"":""9675eb63-aa23-47a4-bd82-0d540fcb48d1""}",,,2026-09-28,src_105ca3620163539b,first_observation; feed_metadata_is_not_archival_capture
ver_dab770ba2641be3c,event_editions,evt_f599476274faabd9,1,,"{""feed_created"":""20210823T113752Z"",""feed_last_modified"":""20210823T113752Z"",""dtstart_raw"":""20211028"",""dtend_raw"":""20211031"",""uid"":""360d2144-e4c7-43db-ab66-fb571f87aca4""}",,,2026-09-28,src_105ca3620163539b,first_observation; feed_metadata_is_not_archival_capture
ver_9199df95b241a56a,event_editions,evt_3701004c3c2ce5c2,1,,"{""feed_created"":""20230331T110424Z"",""feed_last_modified"":""20230331T110424Z"",""dtstart_raw"":""20230517"",""dtend_raw"":""20230521"",""uid"":""cc5b9bfd-d626-4fde-a100-32f95b5c1a29""}",,,2026-09-28,src_105ca3620163539b,first_observation; feed_metadata_is_not_archival_capture
ver_f93ffdeaa5df0675,event_editions,evt_a79023c8971a4f81,1,,"{""feed_created"":""20241223T223424Z"",""feed_last_modified"":""20241223T223424Z"",""dtstart_raw"":""20250124"",""dtend_raw"":""20250126"",""uid"":""0271c3fd-adcd-48fd-823b-6a3d40b8dc55""}",,,2026-09-28,src_105ca3620163539b,first_observation; feed_metadata_is_not_archival_capture
ver_6b0c398b95dac9f3,event_editions,evt_317e03884294fe92,1,,"{""feed_created"":""20230806T115627Z"",""feed_last_modified"":""20230806T115627Z"",""dtstart_raw"":""20231118"",""dtend_raw"":""20231120"",""uid"":""ed18e760-3692-4ffa-81b4-49a37e7d6ccb""}",,,2026-09-28,src_105ca3620163539b,first_observation; feed_metadata_is_not_archival_capture
ver_3459329bf62622ca,event_editions,evt_9da30b0fa0940673,1,,"{""feed_created"":""20230120T182650Z"",""feed_last_modified"":""20230120T182650Z"",""dtstart_raw"":""20230205"",""dtend_raw"":""20230206"",""uid"":""8458a0f9-db3d-4367-a532-aaf2a881a045""}",,,2026-09-28,src_105ca3620163539b,first_observation; feed_metadata_is_not_archival_capture
ver_008fbcd3893348ff,event_editions,evt_22b9e4bf97269c4b,1,,"{""feed_created"":""20230612T123906Z"",""feed_last_modified"":""20230922T210339Z"",""dtstart_raw"":""20231030"",""dtend_raw"":""20231106"",""uid"":""a1f0d78f-4fb8-4ad6-abfd-00046e2ea03f""}",,,2026-09-28,src_105ca3620163539b,first_observation; feed_metadata_is_not_archival_capture
ver_0af56e27ef2bcf79,event_editions,evt_ec56dad6b0f54653,1,,"{""feed_created"":""20230503T154142Z"",""feed_last_modified"":""20230503T154142Z"",""dtstart_raw"":""20250514"",""dtend_raw"":""20250523"",""uid"":""d68dead1-95b1-4d82-b112-61d853d7f91a""}",,,2026-09-28,src_105ca3620163539b,first_observation; feed_metadata_is_not_archival_capture
ver_921c98df0bb4fb0b,event_editions,evt_f5c2782d62727627,1,,"{""feed_created"":""20250423T161034Z"",""feed_last_modified"":""20250423T161034Z"",""dtstart_raw"":""20250912"",""dtend_raw"":""20250916"",""uid"":""ec44a8c0-df3e-4e83-bcb4-0683cd5af703""}",,,2026-09-28,src_105ca3620163539b,first_observation; feed_metadata_is_not_archival_capture
ver_59b09b1b224afcb5,event_editions,evt_c03ac7f3b70a0f6a,1,,"{""feed_created"":""20230810T080221Z"",""feed_last_modified"":""20230810T080221Z"",""dtstart_raw"":""20231026"",""dtend_raw"":""20231029"",""uid"":""3861e580-ea93-4431-b0f9-81498fc4a83d""}",,,2026-09-28,src_105ca3620163539b,first_observation; feed_metadata_is_not_archival_capture
ver_4aa8e41b31d368ca,event_editions,evt_ce5811836f595ed7,1,,"{""feed_created"":""20240519T131140Z"",""feed_last_modified"":""20240519T131140Z"",""dtstart_raw"":""20240601"",""dtend_raw"":""20240603"",""uid"":""59183a18-12b0-4b06-b6ae-c1ebfa6c157d""}",,,2026-09-28,src_105ca3620163539b,first_observation; feed_metadata_is_not_archival_capture
ver_b9966b8ebe81afdc,event_editions,evt_838df0a3bd3c9af4,1,,"{""feed_created"":""20220831T172915Z"",""feed_last_modified"":""20220831T172915Z"",""dtstart_raw"":""20221013"",""dtend_raw"":""20221016"",""uid"":""51022447-9a6d-4f66-886a-ffd70cb0f51b""}",,,2026-09-28,src_105ca3620163539b,first_observation; feed_metadata_is_not_archival_capture
ver_f2fb756d09c370d1,event_editions,evt_d2b39278996c574f,1,,"{""feed_created"":""19000101T120000Z"",""feed_last_modified"":""20240726T090219Z"",""dtstart_raw"":""20240921"",""dtend_raw"":""20240923"",""uid"":""Ical1e26163c4a6c81a505478be8fd9214f7""}",,,2026-09-28,src_105ca3620163539b,first_observation; feed_metadata_is_not_archival_capture
ver_e90bc24f19b66966,event_editions,evt_a3b9fd2e7370d4ff,1,,"{""feed_created"":""20221212T220043Z"",""feed_last_modified"":""20221212T220043Z"",""dtstart_raw"":""20230225"",""dtend_raw"":""20230227"",""uid"":""4a361135-3127-4e94-b7f6-16835822491e""}",,,2026-09-28,src_105ca3620163539b,first_observation; feed_metadata_is_not_archival_capture
ver_0f6ed048fccdcb87,event_editions,evt_157eceb454a4777d,1,,"{""feed_created"":""20250613T110320Z"",""feed_last_modified"":""20250613T110320Z"",""dtstart_raw"":""20250823"",""dtend_raw"":""20250825"",""uid"":""e92366db-4584-4985-a17f-bea1f325aecf""}",,,2026-09-28,src_105ca3620163539b,first_observation; feed_metadata_is_not_archival_capture
ver_af77a7c4317c2ad9,event_editions,evt_2fc8bbd63dd17140,1,,"{""feed_created"":""20220615T213139Z"",""feed_last_modified"":""20220615T213139Z"",""dtstart_raw"":""20221010"",""dtend_raw"":""20221014"",""uid"":""86f3d720-aacc-4beb-9382-423e5c2f1387""}",,,2026-09-28,src_105ca3620163539b,first_observation; feed_metadata_is_not_archival_capture
ver_74f2281253aab8cf,event_editions,evt_89b37d7515f7cf42,1,,"{""feed_created"":""20250512T112312Z"",""feed_last_modified"":""20250512T112312Z"",""dtstart_raw"":""20250516"",""dtend_raw"":""20250517"",""uid"":""967433a2-cf85-4898-b548-574d3f6d709d""}",,,2026-09-28,src_105ca3620163539b,first_observation; feed_metadata_is_not_archival_capture
ver_4eaf94a21b06bbe6,event_editions,evt_f1e832c822856bf9,1,,"{""feed_created"":""20251014T201445Z"",""feed_last_modified"":""20251014T201445Z"",""dtstart_raw"":""20251108"",""dtend_raw"":""20251110"",""uid"":""1674608c-bb7b-40ef-a234-6bef2a4df0b1""}",,,2026-09-28,src_105ca3620163539b,first_observation; feed_metadata_is_not_archival_capture
ver_58c9026e6ffdb2a3,event_editions,evt_b7381c733983e874,1,,"{""feed_created"":""20241028T082813Z"",""feed_last_modified"":""20241111T095155Z"",""dtstart_raw"":""20250406"",""dtend_raw"":""20250408"",""uid"":""be431565-053e-4c6f-b6ae-0ee9e25a2c6d""}",,,2026-09-28,src_105ca3620163539b,first_observation; feed_metadata_is_not_archival_capture
ver_e6356b24da06991d,event_editions,evt_8412a029278f4d47,1,,"{""feed_created"":""20240716T141331Z"",""feed_last_modified"":""20240716T141331Z"",""dtstart_raw"":""20241031"",""dtend_raw"":""20241103"",""uid"":""49832o928tcq7apv3bv89j3ev6@google.com""}",,,2026-09-28,src_105ca3620163539b,first_observation; feed_metadata_is_not_archival_capture
ver_37dfdbadf1ce7a80,event_editions,evt_725815de68c3c8b1,1,,"{""feed_created"":""20211129T132957Z"",""feed_last_modified"":""20211129T132957Z"",""dtstart_raw"":""20220415"",""dtend_raw"":""20220419"",""uid"":""027a2048-e462-4e7c-8b90-7907562b5479""}",,,2026-09-28,src_105ca3620163539b,first_observation; feed_metadata_is_not_archival_capture
ver_f9c69fb2c6089c6e,event_editions,evt_5b75e8160a2e1a5d,1,,"{""feed_created"":""20230612T111927Z"",""feed_last_modified"":""20230612T111927Z"",""dtstart_raw"":""20231006"",""dtend_raw"":""20231009"",""uid"":""2006c392-afb5-48c7-ad7e-4ce109181253""}",,,2026-09-28,src_105ca3620163539b,first_observation; feed_metadata_is_not_archival_capture
ver_96248e1910a8ea76,event_editions,evt_408ba1b79e08d26e,1,,"{""feed_created"":""20230902T174850Z"",""feed_last_modified"":""20230902T175523Z"",""dtstart_raw"":""20231206"",""dtend_raw"":""20231209"",""uid"":""bb988685-0099-4d70-b592-735f423352d5""}",,,2026-09-28,src_105ca3620163539b,first_observation; feed_metadata_is_not_archival_capture
ver_f684e4b68b4bcd0f,event_editions,evt_7da0ef0ea520a2d5,1,,"{""feed_created"":""20230303T120141Z"",""feed_last_modified"":""20230303T120202Z"",""dtstart_raw"":""20230710"",""dtend_raw"":""20230717"",""uid"":""41e6982d-d5fa-4d19-ad08-62b92e0d2f15""}",,,2026-09-28,src_105ca3620163539b,first_observation; feed_metadata_is_not_archival_capture
ver_310a53ecb46e5a2a,event_editions,evt_a669b8c177ec9d3e,1,,"{""feed_created"":""20230110T085908Z"",""feed_last_modified"":""20230110T085908Z"",""dtstart_raw"":""20230529"",""dtend_raw"":""20230603"",""uid"":""e0fe1e38-ffeb-439b-a17d-d2ee976d4f84""}",,,2026-09-28,src_105ca3620163539b,first_observation; feed_metadata_is_not_archival_capture
ver_0aad56d8672c0225,event_editions,evt_3ad9162f86d80bfe,1,,"{""feed_created"":""20230612T123426Z"",""feed_last_modified"":""20230612T123427Z"",""dtstart_raw"":""20230824"",""dtend_raw"":""20230827"",""uid"":""75f47342-72ac-46a0-93c0-510a7e053678""}",,,2026-09-28,src_105ca3620163539b,first_observation; feed_metadata_is_not_archival_capture
ver_10e35951f9c3d3b2,event_editions,evt_40dce9410a6ce274,1,,"{""feed_created"":""20220127T093342Z"",""feed_last_modified"":""20220127T093342Z"",""dtstart_raw"":""20220326"",""dtend_raw"":""20220328"",""uid"":""487603e3-4760-4021-9714-0e61b3655910""}",,,2026-09-28,src_105ca3620163539b,first_observation; feed_metadata_is_not_archival_capture
ver_4406dc218602640d,event_editions,evt_8cdd2e7babdd0f59,1,,"{""feed_created"":""20230405T172740Z"",""feed_last_modified"":""20230405T172740Z"",""dtstart_raw"":""20230929"",""dtend_raw"":""20231003"",""uid"":""765qfevfihabb0v8n041905rp6@google.com""}",,,2026-09-28,src_105ca3620163539b,first_observation; feed_metadata_is_not_archival_capture
ver_cd1a44f137cf9880,event_editions,evt_6b75cba7ad4699f2,1,,"{""feed_created"":""20221214T164250Z"",""feed_last_modified"":""20230202T133441Z"",""dtstart_raw"":""20230717"",""dtend_raw"":""20230724"",""uid"":""ff87f97b-9588-4a6e-9316-d1186f3bf2b1""}",,,2026-09-28,src_105ca3620163539b,first_observation; feed_metadata_is_not_archival_capture
ver_b5c8d8b81ce1d791,event_editions,evt_93a02dedaab53176,1,,"{""feed_created"":""20260105T135001Z"",""feed_last_modified"":""20260105T135001Z"",""dtstart_raw"":""20260417"",""dtend_raw"":""20260420"",""uid"":""7fda83eb-444b-4877-903e-827f575e17e1""}",,,2026-09-28,src_105ca3620163539b,first_observation; feed_metadata_is_not_archival_capture
ver_f2058fd6ade23d5b,event_editions,evt_eb5743a4b206c95a,1,,"{""feed_created"":""20241118T112856Z"",""feed_last_modified"":""20241118T112856Z"",""dtstart_raw"":""20241204"",""dtend_raw"":""20241206"",""uid"":""0008116b-4eb5-47aa-aa86-deb1baa94280""}",,,2026-09-28,src_105ca3620163539b,first_observation; feed_metadata_is_not_archival_capture
ver_ccb06c4289794036,event_editions,evt_3c52692b4c7b359a,1,,"{""feed_created"":""20221203T165325Z"",""feed_last_modified"":""20221203T165325Z"",""dtstart_raw"":""20221227"",""dtend_raw"":""20221228"",""uid"":""c3fd0598-63ed-4147-81ed-d5792e92f54e""}",,,2026-09-28,src_105ca3620163539b,first_observation; feed_metadata_is_not_archival_capture
ver_3814ce03d597f0fa,event_editions,evt_8d9fb0b6dce8d4e0,1,,"{""feed_created"":""20260116T221126Z"",""feed_last_modified"":""20260116T221126Z"",""dtstart_raw"":""20261117"",""dtend_raw"":""20261118"",""uid"":""6aef762a-f039-4cf2-b6eb-fcdf2b3c7d08""}",,,2026-09-28,src_105ca3620163539b,first_observation; feed_metadata_is_not_archival_capture
ver_80629fdbe6becb1b,event_editions,evt_c48f165b98b0b55c,1,,"{""feed_created"":""20220626T113439Z"",""feed_last_modified"":""20220626T113439Z"",""dtstart_raw"":""20220930"",""dtend_raw"":""20221003"",""uid"":""5otbb3ob33pbh2e5q5qqfh7k58@google.com""}",,,2026-09-28,src_105ca3620163539b,first_observation; feed_metadata_is_not_archival_capture
ver_b825a5bbdae0570c,event_editions,evt_39c7c95949c9cd36,1,,"{""feed_created"":""20251125T090416Z"",""feed_last_modified"":""20251125T090416Z"",""dtstart_raw"":""20260131"",""dtend_raw"":""20260201"",""uid"":""f71f14fd-cd69-499f-9bae-1ebad01811f2""}",,,2026-09-28,src_105ca3620163539b,first_observation; feed_metadata_is_not_archival_capture
ver_7601d1253b209788,event_editions,evt_eee221c2a30d8a45,1,,"{""feed_created"":""19000101T120000Z"",""feed_last_modified"":""20240327T110849Z"",""dtstart_raw"":""20240517"",""dtend_raw"":""20240518"",""uid"":""Ical2773a14e753b01c51ef14cf102571ecc""}",,,2026-09-28,src_105ca3620163539b,first_observation; feed_metadata_is_not_archival_capture
ver_9ccba16c0a4d5bc9,event_editions,evt_010043d0927cfb0c,1,,"{""feed_created"":""20230303T120039Z"",""feed_last_modified"":""20230303T120039Z"",""dtstart_raw"":""20230510"",""dtend_raw"":""20230513"",""uid"":""46ab6adb-5231-414c-b537-453968cf6512""}",,,2026-09-28,src_105ca3620163539b,first_observation; feed_metadata_is_not_archival_capture
ver_1f932a5e746021f3,event_editions,evt_a20f2dd832bf485f,1,,"{""feed_created"":""20210215T083012Z"",""feed_last_modified"":""20210215T083012Z"",""dtstart_raw"":""20211124"",""dtend_raw"":""20211125"",""uid"":""7j76trjrqeqn3vco7rs718eh6n@google.com""}",,,2026-09-28,src_105ca3620163539b,first_observation; feed_metadata_is_not_archival_capture
ver_6c369c1ca1d022d8,event_editions,evt_a2dfcb8343b3b99a,1,,"{""feed_created"":""20240117T073224Z"",""feed_last_modified"":""20240117T073224Z"",""dtstart_raw"":""20240708"",""dtend_raw"":""20240715"",""uid"":""4e614f9d-5eee-486c-99d7-a23f37ff5e93""}",,,2026-09-28,src_105ca3620163539b,first_observation; feed_metadata_is_not_archival_capture
ver_963ac6f988950287,event_editions,evt_8d582b2a010a387e,1,,"{""feed_created"":""20260218T153525Z"",""feed_last_modified"":""20260218T153525Z"",""dtstart_raw"":""20260304"",""dtend_raw"":""20260305"",""uid"":""1be7d0ff-1d4d-45de-9103-e95a89271464""}",,,2026-09-28,src_105ca3620163539b,first_observation; feed_metadata_is_not_archival_capture
ver_ac71d9c56d0b2f49,event_editions,evt_8e903408da778d07,1,,"{""feed_created"":""20260923T130026Z"",""feed_last_modified"":""20260923T130026Z"",""dtstart_raw"":""20261022"",""dtend_raw"":""20261024"",""uid"":""3c845f2b-cbf7-4bb3-a2e2-3e2d6a20d337""}",,,2026-09-28,src_105ca3620163539b,first_observation; feed_metadata_is_not_archival_capture
ver_85a619bba00d02a9,event_editions,evt_819c65ede12cd3d6,1,,"{""feed_created"":""20260718T132024Z"",""feed_last_modified"":""20260718T132024Z"",""dtstart_raw"":""20260813"",""dtend_raw"":""20260816"",""uid"":""61b754f0-b128-42ac-98eb-fe5025c824fe""}",,,2026-09-28,src_105ca3620163539b,first_observation; feed_metadata_is_not_archival_capture
ver_ac830b92f1d1c1c0,event_editions,evt_0282383a21aa193e,1,,"{""feed_created"":""19000101T120000Z"",""feed_last_modified"":""20240327T111743Z"",""dtstart_raw"":""20240708"",""dtend_raw"":""20240714"",""uid"":""Icala193068e7810a1caf1e295db64932370""}",,,2026-09-28,src_105ca3620163539b,first_observation; feed_metadata_is_not_archival_capture
ver_73c7e58c61e0e3d2,event_editions,evt_b31a275f6726784d,1,,"{""feed_created"":""20240930T130400Z"",""feed_last_modified"":""20240930T130400Z"",""dtstart_raw"":""20241204"",""dtend_raw"":""20241206"",""uid"":""63fcb77f-ecae-4294-b027-db37acc393e4""}",,,2026-09-28,src_105ca3620163539b,first_observation; feed_metadata_is_not_archival_capture
ver_f720bf35ef5fddf0,event_editions,evt_c8fb1781b754e939,1,,"{""feed_created"":""20260202T091243Z"",""feed_last_modified"":""20260202T091243Z"",""dtstart_raw"":""20261106"",""dtend_raw"":""20261109"",""uid"":""c70251e6-562f-4586-8744-bfe4d85cf25d""}",,,2026-09-28,src_105ca3620163539b,first_observation; feed_metadata_is_not_archival_capture
ver_f73a3609787b4d33,event_editions,evt_7aa008186cc70eef,1,,"{""feed_created"":""20220410T102311Z"",""feed_last_modified"":""20220410T102311Z"",""dtstart_raw"":""20221014"",""dtend_raw"":""20221017"",""uid"":""5fokrn0mg9ba53v68r1pvcdvov@google.com""}",,,2026-09-28,src_105ca3620163539b,first_observation; feed_metadata_is_not_archival_capture
ver_b90f345995225987,event_editions,evt_90a141e31ab06bc3,1,,"{""feed_created"":""20250514T134143Z"",""feed_last_modified"":""20250514T134143Z"",""dtstart_raw"":""20250828"",""dtend_raw"":""20250831"",""uid"":""9a373c61-14d7-45b3-8e37-7a248410c48b""}",,,2026-09-28,src_105ca3620163539b,first_observation; feed_metadata_is_not_archival_capture
ver_0423ef08cbb97293,event_editions,evt_aab253ce33345b93,1,,"{""feed_created"":""20230612T123516Z"",""feed_last_modified"":""20230612T123516Z"",""dtstart_raw"":""20230811"",""dtend_raw"":""20230814"",""uid"":""81e52d7e-c1a3-418b-8ba6-b83893c86e25""}",,,2026-09-28,src_105ca3620163539b,first_observation; feed_metadata_is_not_archival_capture
ver_cbbae8c07339fba6,event_editions,evt_bf5f6972b941b0b1,1,,"{""feed_created"":""20240209T182902Z"",""feed_last_modified"":""20240209T182902Z"",""dtstart_raw"":""20240607"",""dtend_raw"":""20240610"",""uid"":""ba12959c-885a-4a39-96b0-ea944f0c4e5c""}",,,2026-09-28,src_105ca3620163539b,first_observation; feed_metadata_is_not_archival_capture
ver_0d0dbea280f258ea,event_editions,evt_007e6d7ce5ceb9e7,1,,"{""feed_created"":""20230612T123617Z"",""feed_last_modified"":""20230612T123617Z"",""dtstart_raw"":""20230818"",""dtend_raw"":""20230823"",""uid"":""9019298a-130f-452f-ba7f-879a6c53abdf""}",,,2026-09-28,src_105ca3620163539b,first_observation; feed_metadata_is_not_archival_capture
ver_e65249422ec177eb,event_editions,evt_6b5a0fd819a9d8cc,1,,"{""feed_created"":""19000101T120000Z"",""feed_last_modified"":""20240327T111721Z"",""dtstart_raw"":""20240420"",""dtend_raw"":""20240421"",""uid"":""Icaled448f334b2767b19c623b3a408933b3""}",,,2026-09-28,src_105ca3620163539b,first_observation; feed_metadata_is_not_archival_capture
ver_aaa940b668f8c775,event_editions,evt_bd2f8bc30e62ee46,1,,"{""feed_created"":""20240913T111311Z"",""feed_last_modified"":""20240918T103631Z"",""dtstart_raw"":""20240921"",""dtend_raw"":""20240922"",""uid"":""3a231463-e01b-4d00-9a11-96b793b71bc9""}",,,2026-09-28,src_105ca3620163539b,first_observation; feed_metadata_is_not_archival_capture
ver_0d5ebc225098057b,event_editions,evt_7fce75d3e2505c0f,1,,"{""feed_created"":""20230824T114424Z"",""feed_last_modified"":""20230824T114424Z"",""dtstart_raw"":""20231006"",""dtend_raw"":""20231007"",""uid"":""2977ada7-3a3c-4fce-96e7-9e44b0d014c1""}",,,2026-09-28,src_105ca3620163539b,first_observation; feed_metadata_is_not_archival_capture
ver_cdf68d9af56a7b1f,event_editions,evt_12d1207d9ccf9d16,1,,"{""feed_created"":""20240817T152105Z"",""feed_last_modified"":""20240817T152105Z"",""dtstart_raw"":""20240924"",""dtend_raw"":""20240929"",""uid"":""afd089a8-fb72-4ce1-8fb4-32a8346bb64d""}",,,2026-09-28,src_105ca3620163539b,first_observation; feed_metadata_is_not_archival_capture
ver_8ded1dbb21621956,event_editions,evt_bf8ff50ec763bf9c,1,,"{""feed_created"":""20250512T111844Z"",""feed_last_modified"":""20250512T111844Z"",""dtstart_raw"":""20250909"",""dtend_raw"":""20250910"",""uid"":""4e6d9809-27fc-4911-9c9e-3bc33ccf8ed5""}",,,2026-09-28,src_105ca3620163539b,first_observation; feed_metadata_is_not_archival_capture
ver_0b3c98fcb8246c2a,event_editions,evt_49be89885ae4e946,1,,"{""feed_created"":""20230503T110453Z"",""feed_last_modified"":""20230503T110453Z"",""dtstart_raw"":""20231005"",""dtend_raw"":""20231007"",""uid"":""64f501a5-9c60-4cb4-90ec-42473d68cdb8""}",,,2026-09-28,src_105ca3620163539b,first_observation; feed_metadata_is_not_archival_capture
ver_42fa6153ecc55d17,event_editions,evt_b2a133883b294206,1,,"{""feed_created"":""20220617T123729Z"",""feed_last_modified"":""20220617T123729Z"",""dtstart_raw"":""20220825"",""dtend_raw"":""20220826"",""uid"":""20sl4i1a8vd590jprtjo2gnp6j@google.com""}",,,2026-09-28,src_105ca3620163539b,first_observation; feed_metadata_is_not_archival_capture
ver_87c64bb91eec55e4,event_editions,evt_faba8e7ade066007,1,,"{""feed_created"":""20221016T204915Z"",""feed_last_modified"":""20221016T204915Z"",""dtstart_raw"":""20230417"",""dtend_raw"":""20230420"",""uid"":""af243c74-6dbe-4544-a234-86ca3c773220""}",,,2026-09-28,src_105ca3620163539b,first_observation; feed_metadata_is_not_archival_capture
ver_938b5c352a19cc4c,event_editions,evt_7c5fc9d164e418c7,1,,"{""feed_created"":""20250822T094755Z"",""feed_last_modified"":""20250822T094755Z"",""dtstart_raw"":""20251118"",""dtend_raw"":""20251119"",""uid"":""6u1i6bqg27kc0rff088ca2um35@google.com""}",,,2026-09-28,src_105ca3620163539b,first_observation; feed_metadata_is_not_archival_capture
ver_126884cc8b9b92fe,event_editions,evt_ea7e32ec810738e3,1,,"{""feed_created"":""20250605T212912Z"",""feed_last_modified"":""20250624T114724Z"",""dtstart_raw"":""20260527"",""dtend_raw"":""20260531"",""uid"":""851d08ce-3da1-4633-b279-6eef6b7fd54d""}",,,2026-09-28,src_105ca3620163539b,first_observation; feed_metadata_is_not_archival_capture
ver_9edf2595576536eb,event_editions,evt_1f682cf6c078c19d,1,,"{""feed_created"":""20220124T141357Z"",""feed_last_modified"":""20220124T141357Z"",""dtstart_raw"":""20220411"",""dtend_raw"":""20220414"",""uid"":""7d43da9b-9e89-498d-93da-563ee58dd266""}",,,2026-09-28,src_105ca3620163539b,first_observation; feed_metadata_is_not_archival_capture
ver_5ac6a0b2b00363c0,event_editions,evt_c3a69a7f1c1a8876,1,,"{""feed_created"":""20211013T142300Z"",""feed_last_modified"":""20211013T144832Z"",""dtstart_raw"":""20211204"",""dtend_raw"":""20211206"",""uid"":""29gi5qboe7v3eh7dcoqn9e0uqq@google.com""}",,,2026-09-28,src_105ca3620163539b,first_observation; feed_metadata_is_not_archival_capture
ver_58ebbe7386e6c675,event_editions,evt_04a098608ba31f5f,1,,"{""feed_created"":""20220610T111232Z"",""feed_last_modified"":""20220610T111232Z"",""dtstart_raw"":""20220628"",""dtend_raw"":""20220630"",""uid"":""aaa5e3c0-a295-4627-95b6-2f9478472e1a""}",,,2026-09-28,src_105ca3620163539b,first_observation; feed_metadata_is_not_archival_capture
ver_824e1a0d23831131,event_editions,evt_955a04bc4b73ce70,1,,"{""feed_created"":""20260615T072615Z"",""feed_last_modified"":""20260615T072615Z"",""dtstart_raw"":""20261126"",""dtend_raw"":""20261129"",""uid"":""e0e2c417-28c7-4d65-8e44-123142cd112f""}",,,2026-09-28,src_105ca3620163539b,first_observation; feed_metadata_is_not_archival_capture
ver_19a3fe609e7319af,event_editions,evt_3117238a8da03963,1,,"{""feed_created"":""20250826T164619Z"",""feed_last_modified"":""20260105T134743Z"",""dtstart_raw"":""20260414"",""dtend_raw"":""20260418"",""uid"":""0b3ff65b-64fe-44a4-b5da-a6bb4198c4d7""}",,,2026-09-28,src_105ca3620163539b,first_observation; feed_metadata_is_not_archival_capture
ver_3923f298ce1527b7,event_editions,evt_1f6bc4070fc627d1,1,,"{""feed_created"":""20230728T124137Z"",""feed_last_modified"":""20230728T124137Z"",""dtstart_raw"":""20240617"",""dtend_raw"":""20240620"",""uid"":""6bqtcprjqaku9rbjm9hip5k6am@google.com""}",,,2026-09-28,src_105ca3620163539b,first_observation; feed_metadata_is_not_archival_capture
ver_8ec3ce7cc09cd617,event_editions,evt_25660576432278f4,1,,"{""feed_created"":""20250116T103829Z"",""feed_last_modified"":""20250116T103829Z"",""dtstart_raw"":""20250222"",""dtend_raw"":""20250224"",""uid"":""249a91f2-9999-4bd7-be24-c1688f0aa345""}",,,2026-09-28,src_105ca3620163539b,first_observation; feed_metadata_is_not_archival_capture
ver_472311672c2414e4,event_editions,evt_a6a1f8ddac190dd0,1,,"{""feed_created"":""20231030T144853Z"",""feed_last_modified"":""20231030T144853Z"",""dtstart_raw"":""20231209"",""dtend_raw"":""20231211"",""uid"":""6fsmcvahbscaq53fiobgjb8cu3@google.com""}",,,2026-09-28,src_105ca3620163539b,first_observation; feed_metadata_is_not_archival_capture
ver_dfe47cc135277651,event_editions,evt_7800a8e424a4acb3,1,,"{""feed_created"":""20250218T101618Z"",""feed_last_modified"":""20250218T101618Z"",""dtstart_raw"":""20250620"",""dtend_raw"":""20250623"",""uid"":""6972e97a-a5fd-4bdd-975d-4e9e10e946ce""}",,,2026-09-28,src_105ca3620163539b,first_observation; feed_metadata_is_not_archival_capture
ver_cb039a4a2fe401a0,event_editions,evt_eb570aa64e466d41,1,,"{""feed_created"":""20220111T163232Z"",""feed_last_modified"":""20220111T163232Z"",""dtstart_raw"":""20220321"",""dtend_raw"":""20220326"",""uid"":""2084bc84-b1f2-4928-83a6-2f55411dd80e""}",,,2026-09-28,src_105ca3620163539b,first_observation; feed_metadata_is_not_archival_capture
ver_6e62a855a6c9dfec,event_editions,evt_e7ede83cbe091d7c,1,,"{""feed_created"":""20221013T154005Z"",""feed_last_modified"":""20221013T154005Z"",""dtstart_raw"":""20230221"",""dtend_raw"":""20230224"",""uid"":""1q2k7ub2qt9c63npp30v9dpod1@google.com""}",,,2026-09-28,src_105ca3620163539b,first_observation; feed_metadata_is_not_archival_capture
ver_055a413107f62084,event_editions,evt_e933ba98ab18197d,1,,"{""feed_created"":""20230311T210736Z"",""feed_last_modified"":""20230311T210736Z"",""dtstart_raw"":""20231016"",""dtend_raw"":""20231021"",""uid"":""df37b30f-645c-4993-b73f-2a1c5f15f7ff""}",,,2026-09-28,src_105ca3620163539b,first_observation; feed_metadata_is_not_archival_capture
ver_622dc10038a41957,event_editions,evt_ef72a6da489bd37d,1,,"{""feed_created"":""20210421T140146Z"",""feed_last_modified"":""20220226T162412Z"",""dtstart_raw"":""20220916"",""dtend_raw"":""20220919"",""uid"":""8a30c218-da82-4198-97fe-19b5ba79fb51""}",,,2026-09-28,src_105ca3620163539b,first_observation; feed_metadata_is_not_archival_capture
ver_bc0594b6b0cf2598,event_editions,evt_85da920c7850c2f0,1,,"{""feed_created"":""19000101T120000Z"",""feed_last_modified"":""20240327T110837Z"",""dtstart_raw"":""20240922"",""dtend_raw"":""20240927"",""uid"":""Ical67aca077f63327d2d0137098408d2d13""}",,,2026-09-28,src_105ca3620163539b,first_observation; feed_metadata_is_not_archival_capture
ver_2717c87a179315fe,event_editions,evt_a46b496f9df575a4,1,,"{""feed_created"":""20240519T130700Z"",""feed_last_modified"":""20240519T130700Z"",""dtstart_raw"":""20241116"",""dtend_raw"":""20241117"",""uid"":""a6969296-9f0c-47ff-86bc-722f5d4256fe""}",,,2026-09-28,src_105ca3620163539b,first_observation; feed_metadata_is_not_archival_capture
ver_67a34c43197089ec,event_editions,evt_d48c941213dc9fa2,1,,"{""feed_created"":""20241210T163349Z"",""feed_last_modified"":""20241210T163349Z"",""dtstart_raw"":""20250301"",""dtend_raw"":""20250303"",""uid"":""3ad5f1f5-7ddf-4ce8-ba70-a71ed8e11c3b""}",,,2026-09-28,src_105ca3620163539b,first_observation; feed_metadata_is_not_archival_capture
ver_fe95243c4b0cd50b,event_editions,evt_cda7d83829486170,1,,"{""feed_created"":""20260218T154201Z"",""feed_last_modified"":""20260218T154202Z"",""dtstart_raw"":""20261023"",""dtend_raw"":""20261025"",""uid"":""6022ee08-b0f2-4cb8-8d26-d54cf02ec047""}",,,2026-09-28,src_105ca3620163539b,first_observation; feed_metadata_is_not_archival_capture
ver_ad0345e78890bcc2,event_editions,evt_f96ac23099a4f124,1,,"{""feed_created"":""20241011T105119Z"",""feed_last_modified"":""20241011T105119Z"",""dtstart_raw"":""20241203"",""dtend_raw"":""20241206"",""uid"":""e0011c84-92c5-4462-babd-81c607b77df7""}",,,2026-09-28,src_105ca3620163539b,first_observation; feed_metadata_is_not_archival_capture
ver_37ab23966bb3b864,event_editions,evt_37e3aa5dc7eac5c4,1,,"{""feed_created"":""20220109T211208Z"",""feed_last_modified"":""20220109T211208Z"",""dtstart_raw"":""20220205"",""dtend_raw"":""20220207"",""uid"":""8c86e39a-b919-404d-9d25-3d8e2fe2218b""}",,,2026-09-28,src_105ca3620163539b,first_observation; feed_metadata_is_not_archival_capture
ver_7e6eed9aadf40132,event_editions,evt_20041e6434ff620a,1,,"{""feed_created"":""20211012T091429Z"",""feed_last_modified"":""20211012T091429Z"",""dtstart_raw"":""20211201"",""dtend_raw"":""20211206"",""uid"":""2f7i2klljn6n8tnb57kvdk2s4s@google.com""}",,,2026-09-28,src_105ca3620163539b,first_observation; feed_metadata_is_not_archival_capture
ver_b9d25b49dde30fb8,event_editions,evt_80df8e059d12d884,1,,"{""feed_created"":""20220207T115533Z"",""feed_last_modified"":""20220207T115533Z"",""dtstart_raw"":""20220216"",""dtend_raw"":""20220219"",""uid"":""94c641d9-b981-4c64-8d23-b39ee21a65c2""}",,,2026-09-28,src_105ca3620163539b,first_observation; feed_metadata_is_not_archival_capture
ver_13fc0d59ada10887,event_editions,evt_748ae3b5e8b3be91,1,,"{""feed_created"":""20230612T111447Z"",""feed_last_modified"":""20230612T111447Z"",""dtstart_raw"":""20230814"",""dtend_raw"":""20230819"",""uid"":""dd695e8b-7491-4ba2-a4d9-da66cee7ea39""}",,,2026-09-28,src_105ca3620163539b,first_observation; feed_metadata_is_not_archival_capture
ver_1dc6f4422c93b3df,event_editions,evt_99b9c94330dc4ace,1,,"{""feed_created"":""20251028T163355Z"",""feed_last_modified"":""20251028T163355Z"",""dtstart_raw"":""20251121"",""dtend_raw"":""20251124"",""uid"":""616c3f05-424b-470b-b5d0-8168ea84e077""}",,,2026-09-28,src_105ca3620163539b,first_observation; feed_metadata_is_not_archival_capture
ver_2ce9c17027e872ab,event_editions,evt_2c0230f25ed23b86,1,,"{""feed_created"":""20230614T180418Z"",""feed_last_modified"":""20230614T180418Z"",""dtstart_raw"":""20231106"",""dtend_raw"":""20231112"",""uid"":""047949b8-c0a4-47a3-8431-7c812d7ff432""}",,,2026-09-28,src_105ca3620163539b,first_observation; feed_metadata_is_not_archival_capture
ver_b89ffa58f0c171b6,event_editions,evt_f1298eabddae4ed7,1,,"{""feed_created"":""20250225T104901Z"",""feed_last_modified"":""20250225T104901Z"",""dtstart_raw"":""20250707"",""dtend_raw"":""20250714"",""uid"":""182e30d0-be6a-471d-99e0-78405f676164""}",,,2026-09-28,src_105ca3620163539b,first_observation; feed_metadata_is_not_archival_capture
ver_4d93dff27b439c5c,event_editions,evt_fd269bc23e58b7dc,1,,"{""feed_created"":""20240624T173842Z"",""feed_last_modified"":""20240625T103444Z"",""dtstart_raw"":""20240821"",""dtend_raw"":""20240823"",""uid"":""1esthp0hfitu0b8p47one5ap38@google.com""}",,,2026-09-28,src_105ca3620163539b,first_observation; feed_metadata_is_not_archival_capture
ver_554837943736eda1,event_editions,evt_4118d5fbf58b68dc,1,,"{""feed_created"":""20250105T160149Z"",""feed_last_modified"":""20250105T160149Z"",""dtstart_raw"":""20251021"",""dtend_raw"":""20251028"",""uid"":""871ee693-0188-4540-8c8e-d4a0de852791""}",,,2026-09-28,src_105ca3620163539b,first_observation; feed_metadata_is_not_archival_capture
ver_ad0552e3c240e97f,event_editions,evt_12a902bb87d230f2,1,,"{""feed_created"":""20240519T131449Z"",""feed_last_modified"":""20240519T131449Z"",""dtstart_raw"":""20240810"",""dtend_raw"":""20240811"",""uid"":""d629e74e-67bb-4fab-97ed-2a9cd6098465""}",,,2026-09-28,src_105ca3620163539b,first_observation; feed_metadata_is_not_archival_capture
ver_a10f4254a9f4df60,event_editions,evt_87623077ad9fa7d8,1,,"{""feed_created"":""20260123T100132Z"",""feed_last_modified"":""20260123T100132Z"",""dtstart_raw"":""20260713"",""dtend_raw"":""20260720"",""uid"":""012deba6-9dd9-48df-bbb2-cf689e087f13""}",,,2026-09-28,src_105ca3620163539b,first_observation; feed_metadata_is_not_archival_capture
ver_919d80a39f31f157,event_editions,evt_4be02b15188b4ee2,1,,"{""feed_created"":""20230930T204846Z"",""feed_last_modified"":""20230930T204846Z"",""dtstart_raw"":""20231021"",""dtend_raw"":""20231022"",""uid"":""ece4e802-1cd0-43fd-873d-92425b004119""}",,,2026-09-28,src_105ca3620163539b,first_observation; feed_metadata_is_not_archival_capture
ver_15c8edd19d859405,event_editions,evt_a68dd79c4805820b,1,,"{""feed_created"":""20220919T090821Z"",""feed_last_modified"":""20220919T090821Z"",""dtstart_raw"":""20230626"",""dtend_raw"":""20230629"",""uid"":""18769bc0-27b9-4806-b7e4-c3a9a3a82f08""}",,,2026-09-28,src_105ca3620163539b,first_observation; feed_metadata_is_not_archival_capture
ver_64791dcdce911bf1,event_editions,evt_3336ea54c7f90163,1,,"{""feed_created"":""20240226T142006Z"",""feed_last_modified"":""20240226T142006Z"",""dtstart_raw"":""20240913"",""dtend_raw"":""20240916"",""uid"":""41341eb5-08a9-428a-963b-a5dc497e5443""}",,,2026-09-28,src_105ca3620163539b,first_observation; feed_metadata_is_not_archival_capture
ver_7fdbef8dfa26de5b,event_editions,evt_ce8de8faa8c341d0,1,,"{""feed_created"":""20250502T141832Z"",""feed_last_modified"":""20250502T141832Z"",""dtstart_raw"":""20250901"",""dtend_raw"":""20250904"",""uid"":""0a566eb3-176a-4b17-9ca0-9dd9c3c16594""}",,,2026-09-28,src_105ca3620163539b,first_observation; feed_metadata_is_not_archival_capture
ver_2719007fea35413b,event_editions,evt_663f38dd91825f2b,1,,"{""feed_created"":""20260909T135031Z"",""feed_last_modified"":""20260909T135032Z"",""dtstart_raw"":""20261118"",""dtend_raw"":""20261121"",""uid"":""8e6b0cc8-d832-45b8-af0c-8ea014cc43af""}",,,2026-09-28,src_105ca3620163539b,first_observation; feed_metadata_is_not_archival_capture
ver_8c0b9a1ce5d5cba3,event_editions,evt_529fcac30aec113a,1,,"{""feed_created"":""20240410T120840Z"",""feed_last_modified"":""20240410T120840Z"",""dtstart_raw"":""20240904"",""dtend_raw"":""20240906"",""uid"":""e02f676d-8ce7-4fe0-a279-c04592ef43d8""}",,,2026-09-28,src_105ca3620163539b,first_observation; feed_metadata_is_not_archival_capture
ver_e3f00ae5f952fa13,event_editions,evt_43fbdd363158e8db,1,,"{""feed_created"":""20220517T112626Z"",""feed_last_modified"":""20220517T112626Z"",""dtstart_raw"":""20220909"",""dtend_raw"":""20220912"",""uid"":""5d272c54-ee34-44c3-86c5-b51f9e49e7e4""}",,,2026-09-28,src_105ca3620163539b,first_observation; feed_metadata_is_not_archival_capture
ver_dbca5ed06058e40d,event_editions,evt_841e456695f17379,1,,"{""feed_created"":""20220629T112636Z"",""feed_last_modified"":""20220629T112636Z"",""dtstart_raw"":""20221027"",""dtend_raw"":""20221029"",""uid"":""ac47c9b5-61a9-446a-97f1-ebbd5a936f94""}",,,2026-09-28,src_105ca3620163539b,first_observation; feed_metadata_is_not_archival_capture
ver_54fb5dc493b6f718,event_editions,evt_e3ad5ac5f95b3432,1,,"{""feed_created"":""20260123T100409Z"",""feed_last_modified"":""20260123T100409Z"",""dtstart_raw"":""20260608"",""dtend_raw"":""20260611"",""uid"":""4bb72d5e-bea8-4af2-8698-0580668bba70""}",,,2026-09-28,src_105ca3620163539b,first_observation; feed_metadata_is_not_archival_capture
ver_a7b87526b7e32a7c,event_editions,evt_646859e2b49ef85e,1,,"{""feed_created"":""20250105T160037Z"",""feed_last_modified"":""20250105T160037Z"",""dtstart_raw"":""20250926"",""dtend_raw"":""20250928"",""uid"":""98bbe444-3c73-481b-9509-599380586d55""}",,,2026-09-28,src_105ca3620163539b,first_observation; feed_metadata_is_not_archival_capture
ver_6ee8af2f709ae27c,event_editions,evt_924660f3b5d39953,1,,"{""feed_created"":""20250630T115406Z"",""feed_last_modified"":""20250630T115406Z"",""dtstart_raw"":""20251006"",""dtend_raw"":""20251009"",""uid"":""0d686f51-308a-460a-8daa-9014688d7706""}",,,2026-09-28,src_105ca3620163539b,first_observation; feed_metadata_is_not_archival_capture
ver_0681d8e3d3ece4fc,event_editions,evt_50319f4e04d616c6,1,,"{""feed_created"":""20260718T132410Z"",""feed_last_modified"":""20260718T132411Z"",""dtstart_raw"":""20260821"",""dtend_raw"":""20260824"",""uid"":""9faa6bcb-8bfc-4fdc-83cb-ff8c3034a8bc""}",,,2026-09-28,src_105ca3620163539b,first_observation; feed_metadata_is_not_archival_capture
ver_e1e6e3e8bb83ea1b,event_editions,evt_b28eac60f7a8a40f,1,,"{""feed_created"":""20250105T155636Z"",""feed_last_modified"":""20250105T155636Z"",""dtstart_raw"":""20250516"",""dtend_raw"":""20250517"",""uid"":""c074d283-07cf-4a08-a37f-c4f201e428ce""}",,,2026-09-28,src_105ca3620163539b,first_observation; feed_metadata_is_not_archival_capture
ver_d4a3cbc9fa4f1af2,event_editions,evt_19c280ff8d311fbb,1,,"{""feed_created"":""20250801T080608Z"",""feed_last_modified"":""20250801T080608Z"",""dtstart_raw"":""20251002"",""dtend_raw"":""20251005"",""uid"":""1170948e-df2a-4966-a39e-70e156ed21a9""}",,,2026-09-28,src_105ca3620163539b,first_observation; feed_metadata_is_not_archival_capture
ver_f39e9b2cd58eaabd,event_editions,evt_6eac2b253a58a769,1,,"{""feed_created"":""20220614T183824Z"",""feed_last_modified"":""20220614T183824Z"",""dtstart_raw"":""20220826"",""dtend_raw"":""20220829"",""uid"":""d9a3a74d-6c6b-4144-b00b-b739fa96eb96""}",,,2026-09-28,src_105ca3620163539b,first_observation; feed_metadata_is_not_archival_capture
ver_b291aadf8e4cbda5,event_editions,evt_60511c523c6a2f8c,1,,"{""feed_created"":""20230603T162627Z"",""feed_last_modified"":""20230603T162703Z"",""dtstart_raw"":""20231109"",""dtend_raw"":""20231111"",""uid"":""51ti8robk33usknpekfr4hd80n@google.com""}",,,2026-09-28,src_105ca3620163539b,first_observation; feed_metadata_is_not_archival_capture
ver_1a21f4e985a89bf9,event_editions,evt_d50594b6091aa66f,1,,"{""feed_created"":""20251217T101112Z"",""feed_last_modified"":""20251217T101113Z"",""dtstart_raw"":""20260314"",""dtend_raw"":""20260316"",""uid"":""d6d4d627-0d79-4445-a724-d3245ddc487c""}",,,2026-09-28,src_105ca3620163539b,first_observation; feed_metadata_is_not_archival_capture
ver_bfaa6bb1a4ea9dac,event_editions,evt_bc80dfc064fdf559,1,,"{""feed_created"":""20220905T203321Z"",""feed_last_modified"":""20220905T203321Z"",""dtstart_raw"":""20221126"",""dtend_raw"":""20221128"",""uid"":""ee0669ca-7719-4482-bcfb-865298268abf""}",,,2026-09-28,src_105ca3620163539b,first_observation; feed_metadata_is_not_archival_capture
ver_eda93dd34cd5e3c0,event_editions,evt_19c7dd800d40d260,1,,"{""feed_created"":""20240918T103507Z"",""feed_last_modified"":""20240918T103507Z"",""dtstart_raw"":""20240926"",""dtend_raw"":""20240927"",""uid"":""df8d0bce-6b9e-47ef-8ea6-45076da1a32e""}",,,2026-09-28,src_105ca3620163539b,first_observation; feed_metadata_is_not_archival_capture
ver_0d274301f4ec7e8b,event_editions,evt_d511c0187cbaba23,1,,"{""feed_created"":""20240311T140550Z"",""feed_last_modified"":""20240311T140550Z"",""dtstart_raw"":""20240710"",""dtend_raw"":""20240714"",""uid"":""f591a8a9-c104-4f02-aceb-8f26af92886b""}",,,2026-09-28,src_105ca3620163539b,first_observation; feed_metadata_is_not_archival_capture
ver_6595f3b3a6637c5f,event_editions,evt_667f7888ca1f7073,1,,"{""feed_created"":""20240531T081607Z"",""feed_last_modified"":""20240531T081607Z"",""dtstart_raw"":""20240928"",""dtend_raw"":""20240930"",""uid"":""7afd9938-4c1c-47cf-8a43-7679d2793a67""}",,,2026-09-28,src_105ca3620163539b,first_observation; feed_metadata_is_not_archival_capture
ver_7dbadf3f6c642c31,event_editions,evt_621e49435d2ae929,1,,"{""feed_created"":""20230227T192909Z"",""feed_last_modified"":""20230530T165148Z"",""dtstart_raw"":""20231016"",""dtend_raw"":""20231020"",""uid"":""37bc0b86-e7a4-4fed-9f16-95c90c091bcd""}",,,2026-09-28,src_105ca3620163539b,first_observation; feed_metadata_is_not_archival_capture
ver_889571537a6fda0d,event_editions,evt_147500cfa90914d9,1,,"{""feed_created"":""20250226T111913Z"",""feed_last_modified"":""20250226T111913Z"",""dtstart_raw"":""20250704"",""dtend_raw"":""20250707"",""uid"":""35781798-066f-4509-8e0e-d622e5bcef39""}",,,2026-09-28,src_105ca3620163539b,first_observation; feed_metadata_is_not_archival_capture
ver_90af0b73cdf2304f,event_editions,evt_1aa9382e62e8bffa,1,,"{""feed_created"":""20230810T080054Z"",""feed_last_modified"":""20230810T080054Z"",""dtstart_raw"":""20231202"",""dtend_raw"":""20231204"",""uid"":""75c4ba6e-9532-47c9-8c68-65014af78c68""}",,,2026-09-28,src_105ca3620163539b,first_observation; feed_metadata_is_not_archival_capture
ver_caff728d160cc4b1,event_editions,evt_505375abbee75c84,1,,"{""feed_created"":""20231016T113452Z"",""feed_last_modified"":""20231022T100451Z"",""dtstart_raw"":""20231216"",""dtend_raw"":""20231218"",""uid"":""69vih63bosmpk01nodhi8u0732@google.com""}",,,2026-09-28,src_105ca3620163539b,first_observation; feed_metadata_is_not_archival_capture
ver_c4935abc677c5ac6,event_editions,evt_9fec8a53a265ae19,1,,"{""feed_created"":""20240704T090252Z"",""feed_last_modified"":""20240704T090252Z"",""dtstart_raw"":""20241026"",""dtend_raw"":""20241028"",""uid"":""f40e445b-19ae-4398-8777-9137cb9985fa""}",,,2026-09-28,src_105ca3620163539b,first_observation; feed_metadata_is_not_archival_capture
ver_f239b70fc1c45f6a,event_editions,evt_0f6d1a6c3fae1cfc,1,,"{""feed_created"":""20260420T094911Z"",""feed_last_modified"":""20260420T130816Z"",""dtstart_raw"":""20270420"",""dtend_raw"":""20270423"",""uid"":""d2b4af11-2d45-4316-82b1-5f26b8fcb452""}",,,2026-09-28,src_105ca3620163539b,first_observation; feed_metadata_is_not_archival_capture
ver_3845b8164fd89c54,event_editions,evt_06f48dc3ff160fb5,1,,"{""feed_created"":""20251102T190254Z"",""feed_last_modified"":""20251102T190255Z"",""dtstart_raw"":""20260220"",""dtend_raw"":""20260227"",""uid"":""0e2e526f-11d1-4cd3-ad15-c23c5eef358d""}",,,2026-09-28,src_105ca3620163539b,first_observation; feed_metadata_is_not_archival_capture
ver_b52161e5f5016711,event_editions,evt_0355b87b3a651cd0,1,,"{""feed_created"":""19000101T120000Z"",""feed_last_modified"":""20240430T082011Z"",""dtstart_raw"":""20240925"",""dtend_raw"":""20240927"",""uid"":""Ical1466799d46e2c3054e83c93843f3efc0""}",,,2026-09-28,src_105ca3620163539b,first_observation; feed_metadata_is_not_archival_capture
ver_2c101dda34c64864,event_editions,evt_9a81ea11eb0c3746,1,,"{""feed_created"":""20230303T105747Z"",""feed_last_modified"":""20230303T105747Z"",""dtstart_raw"":""20230313"",""dtend_raw"":""20230318"",""uid"":""876ea123-eff6-49fe-a383-3c9a5fd6ff52""}",,,2026-09-28,src_105ca3620163539b,first_observation; feed_metadata_is_not_archival_capture
ver_844330cc7a02a682,event_editions,evt_7be1afe31fdc7845,1,,"{""feed_created"":""20260102T112712Z"",""feed_last_modified"":""20260102T112712Z"",""dtstart_raw"":""20260827"",""dtend_raw"":""20260831"",""uid"":""5647f0ef-c825-4c9f-8ced-d9e2099889a8""}",,,2026-09-28,src_105ca3620163539b,first_observation; feed_metadata_is_not_archival_capture
ver_440be83372a9fa75,event_editions,evt_e71a406f3b0fa531,1,,"{""feed_created"":""20260317T195409Z"",""feed_last_modified"":""20260317T195409Z"",""dtstart_raw"":""20260820"",""dtend_raw"":""20260823"",""uid"":""e6626f8f-1a88-41c8-9600-3e90ab1336bf""}",,,2026-09-28,src_105ca3620163539b,first_observation; feed_metadata_is_not_archival_capture
ver_08292d30be4c2ca4,event_editions,evt_9d0b4d2d2f8faafb,1,,"{""feed_created"":""20251130T223632Z"",""feed_last_modified"":""20251130T223632Z"",""dtstart_raw"":""20251209"",""dtend_raw"":""20251212"",""uid"":""cece6f28-2f27-4af7-b8af-01f4a0924ea5""}",,,2026-09-28,src_105ca3620163539b,first_observation; feed_metadata_is_not_archival_capture
ver_c7933905bf234cf1,event_editions,evt_f798e484992d5b1b,1,,"{""feed_created"":""20230508T170624Z"",""feed_last_modified"":""20230508T170624Z"",""dtstart_raw"":""20240315"",""dtend_raw"":""20240318"",""uid"":""657a125d-8b82-4af9-94c8-c91f91c15350""}",,,2026-09-28,src_105ca3620163539b,first_observation; feed_metadata_is_not_archival_capture
ver_d5a7971b93523a8d,event_editions,evt_2d2d41528f907e46,1,,"{""feed_created"":""20250512T112115Z"",""feed_last_modified"":""20250512T112115Z"",""dtstart_raw"":""20251017"",""dtend_raw"":""20251019"",""uid"":""b358b6a0-1cb7-407e-834c-da4eb076e37e""}",,,2026-09-28,src_105ca3620163539b,first_observation; feed_metadata_is_not_archival_capture
ver_896dc77d34ba6c52,event_editions,evt_574acdad21541ab7,1,,"{""feed_created"":""20230812T122722Z"",""feed_last_modified"":""20230812T122722Z"",""dtstart_raw"":""20231124"",""dtend_raw"":""20231127"",""uid"":""30475985-11ab-4b67-9e82-ebf6607f04d4""}",,,2026-09-28,src_105ca3620163539b,first_observation; feed_metadata_is_not_archival_capture
ver_7b2a11aa2aecbda5,event_editions,evt_51726b2b9748cc13,1,,"{""feed_created"":""20230510T111154Z"",""feed_last_modified"":""20230714T091054Z"",""dtstart_raw"":""20231027"",""dtend_raw"":""20231029"",""uid"":""0e54eb83-c5c0-48a2-a405-c5d064f42c28""}",,,2026-09-28,src_105ca3620163539b,first_observation; feed_metadata_is_not_archival_capture
ver_39cf66ba079db3a2,event_editions,evt_9438314c52d10a5f,1,,"{""feed_created"":""20260909T135205Z"",""feed_last_modified"":""20260909T135205Z"",""dtstart_raw"":""20261121"",""dtend_raw"":""20261122"",""uid"":""058ed647-df2e-44c8-9d6f-fe8c48ca602b""}",,,2026-09-28,src_105ca3620163539b,first_observation; feed_metadata_is_not_archival_capture
ver_8d6c4e897f89ba8b,event_editions,evt_7d91fd45d4ad6656,1,,"{""feed_created"":""20231129T085726Z"",""feed_last_modified"":""20231129T085726Z"",""dtstart_raw"":""20240304"",""dtend_raw"":""20240308"",""uid"":""cbb5b717-6021-43ad-b53e-24688bbb88b8""}",,,2026-09-28,src_105ca3620163539b,first_observation; feed_metadata_is_not_archival_capture
ver_8a8dad722cbc9cb3,event_editions,evt_1b054a5be4857f9d,1,,"{""feed_created"":""20220617T123936Z"",""feed_last_modified"":""20220617T123937Z"",""dtstart_raw"":""20221103"",""dtend_raw"":""20221105"",""uid"":""0n3l2qpfou6r8tmsektrv9k49q@google.com""}",,,2026-09-28,src_105ca3620163539b,first_observation; feed_metadata_is_not_archival_capture
ver_939434e9fb1a3c07,event_editions,evt_64f78dcb201c1c85,1,,"{""feed_created"":""20260411T101718Z"",""feed_last_modified"":""20260411T101718Z"",""dtstart_raw"":""20260828"",""dtend_raw"":""20260830"",""uid"":""00c5a05e-bc89-4786-a9c1-81f9c03b96b9""}",,,2026-09-28,src_105ca3620163539b,first_observation; feed_metadata_is_not_archival_capture
ver_18bf40a9b2d3d21d,event_editions,evt_f961042553e2113a,1,,"{""feed_created"":""20210309T090626Z"",""feed_last_modified"":""20210627T150157Z"",""dtstart_raw"":""20211002"",""dtend_raw"":""20211004"",""uid"":""6c17121e-ee07-4f6e-aaad-6f2c9b5084f1""}",,,2026-09-28,src_105ca3620163539b,first_observation; feed_metadata_is_not_archival_capture
ver_1d2574573432b519,event_editions,evt_ae92aca8a9b313d1,1,,"{""feed_created"":""20250430T184411Z"",""feed_last_modified"":""20250430T184411Z"",""dtstart_raw"":""20250823"",""dtend_raw"":""20250824"",""uid"":""981fac7c-752e-4e75-b728-c36367b5fbca""}",,,2026-09-28,src_105ca3620163539b,first_observation; feed_metadata_is_not_archival_capture
ver_ebd3a45b08354000,event_editions,evt_7aead375d92504bc,1,,"{""feed_created"":""20210516T125123Z"",""feed_last_modified"":""20220505T073654Z"",""dtstart_raw"":""20220819"",""dtend_raw"":""20220822"",""uid"":""3286gkd0rirh55nnjatq01kfle@google.com""}",,,2026-09-28,src_105ca3620163539b,first_observation; feed_metadata_is_not_archival_capture
ver_44671d5f759f6f77,event_editions,evt_9380dc33312e8f10,1,,"{""feed_created"":""20240219T143602Z"",""feed_last_modified"":""20240219T143602Z"",""dtstart_raw"":""20240428"",""dtend_raw"":""20240429"",""uid"":""d35dea81-ca71-46cf-a38b-c19fe72bd38b""}",,,2026-09-28,src_105ca3620163539b,first_observation; feed_metadata_is_not_archival_capture
ver_199c806d58c9bcbd,event_editions,evt_bb0e6f1c48b8f02d,1,,"{""feed_created"":""20260105T134347Z"",""feed_last_modified"":""20260105T134347Z"",""dtstart_raw"":""20260725"",""dtend_raw"":""20260727"",""uid"":""5cec760d-d56b-42d2-8c63-efb90271bf3e""}",,,2026-09-28,src_105ca3620163539b,first_observation; feed_metadata_is_not_archival_capture
ver_3197ad3979fa2180,event_editions,evt_38c7a7ad6251ac77,1,,"{""feed_created"":""20221201T040715Z"",""feed_last_modified"":""20221201T040715Z"",""dtstart_raw"":""20230216"",""dtend_raw"":""20230220"",""uid"":""2p1o6nf5a8j31cuvhclsbd30nl@google.com""}",,,2026-09-28,src_105ca3620163539b,first_observation; feed_metadata_is_not_archival_capture
ver_4ffdf47dc1ba6ff5,event_editions,evt_ac8a880342244e27,1,,"{""feed_created"":""20230417T142320Z"",""feed_last_modified"":""20230417T142320Z"",""dtstart_raw"":""20230907"",""dtend_raw"":""20230909"",""uid"":""437girq4t4tcp2qfl02lfcc37k@google.com""}",,,2026-09-28,src_105ca3620163539b,first_observation; feed_metadata_is_not_archival_capture
ver_5bf6911ed6ef0ce2,event_editions,evt_926d0c5909a230f4,1,,"{""feed_created"":""20241016T095949Z"",""feed_last_modified"":""20241016T095949Z"",""dtstart_raw"":""20241116"",""dtend_raw"":""20241117"",""uid"":""ba3a32ef-3ad7-426e-ad7c-04750052283d""}",,,2026-09-28,src_105ca3620163539b,first_observation; feed_metadata_is_not_archival_capture
ver_adde50aca298167a,event_editions,evt_7d9e15c22ceb5248,1,,"{""feed_created"":""20230410T145252Z"",""feed_last_modified"":""20230410T145252Z"",""dtstart_raw"":""20230902"",""dtend_raw"":""20230904"",""uid"":""a6440b9b-628a-45f5-ac3e-bbef3d847a88""}",,,2026-09-28,src_105ca3620163539b,first_observation; feed_metadata_is_not_archival_capture
ver_7510f028107bfa94,event_editions,evt_9da972220c78ac0f,1,,"{""feed_created"":""20260105T134250Z"",""feed_last_modified"":""20260105T134250Z"",""dtstart_raw"":""20261003"",""dtend_raw"":""20261004"",""uid"":""0bc450a9-47e2-4a36-8c85-090cc0e34468""}",,,2026-09-28,src_105ca3620163539b,first_observation; feed_metadata_is_not_archival_capture
ver_2715acb8a1062488,event_editions,evt_40c98b9afafcca48,1,,"{""feed_created"":""20250105T160324Z"",""feed_last_modified"":""20250105T160324Z"",""dtstart_raw"":""20250208"",""dtend_raw"":""20250210"",""uid"":""2f3d17ae-9938-491b-80e7-ecf4873b4bad""}",,,2026-09-28,src_105ca3620163539b,first_observation; feed_metadata_is_not_archival_capture
ver_bb42df03fa7744b5,event_editions,evt_f5d9e95bbf6625b6,1,,"{""feed_created"":""20260718T131433Z"",""feed_last_modified"":""20260718T131433Z"",""dtstart_raw"":""20270425"",""dtend_raw"":""20270427"",""uid"":""3268e3d3-3171-489d-b7a1-258e37b4a05d""}",,,2026-09-28,src_105ca3620163539b,first_observation; feed_metadata_is_not_archival_capture
ver_4b03ebf4ab9b0a65,event_editions,evt_9ffc490f8edb96d9,1,,"{""feed_created"":""20260227T200524Z"",""feed_last_modified"":""20260227T200525Z"",""dtstart_raw"":""20260415"",""dtend_raw"":""20260420"",""uid"":""c3aa25cb-f1f8-4a6d-91fa-95d1a4d469a9""}",,,2026-09-28,src_105ca3620163539b,first_observation; feed_metadata_is_not_archival_capture
ver_0790d7eac314c29c,event_editions,evt_0ae41afc27179678,1,,"{""feed_created"":""20230626T082838Z"",""feed_last_modified"":""20230919T070431Z"",""dtstart_raw"":""20231215"",""dtend_raw"":""20231217"",""uid"":""468123a4-218e-4114-ba7e-f2ce82fbfad9""}",,,2026-09-28,src_105ca3620163539b,first_observation; feed_metadata_is_not_archival_capture
ver_794c1ef749062a23,event_editions,evt_c43d6fa25b911b1b,1,,"{""feed_created"":""20251018T185029Z"",""feed_last_modified"":""20251018T185029Z"",""dtstart_raw"":""20261012"",""dtend_raw"":""20261014"",""uid"":""bcd8637d-db66-4444-97b2-50f3cea47b6c""}",,,2026-09-28,src_105ca3620163539b,first_observation; feed_metadata_is_not_archival_capture
ver_b74ae62878e9f18a,event_editions,evt_3a3a17d29cb47ddf,1,,"{""feed_created"":""20260624T211932Z"",""feed_last_modified"":""20260624T211932Z"",""dtstart_raw"":""20261007"",""dtend_raw"":""20261012"",""uid"":""d6f19b2e-eab7-4d38-9034-120836da9d6e""}",,,2026-09-28,src_105ca3620163539b,first_observation; feed_metadata_is_not_archival_capture
ver_5e80c629b67b0b0c,event_editions,evt_132de8d7fad158fc,1,,"{""feed_created"":""20220906T092001Z"",""feed_last_modified"":""20220906T092001Z"",""dtstart_raw"":""20220926"",""dtend_raw"":""20220929"",""uid"":""67a778b6-834c-45fd-bddf-d4f2afb49005""}",,,2026-09-28,src_105ca3620163539b,first_observation; feed_metadata_is_not_archival_capture
ver_25506a7653881e9b,event_editions,evt_53b99dcbe87733d5,1,,"{""feed_created"":""20241216T114820Z"",""feed_last_modified"":""20241216T114820Z"",""dtstart_raw"":""20250714"",""dtend_raw"":""20250721"",""uid"":""9f98bc2e-8b03-4cbd-9711-48a033dddb38""}",,,2026-09-28,src_105ca3620163539b,first_observation; feed_metadata_is_not_archival_capture
ver_b700e763e4cfe079,event_editions,evt_fed3b8927b216576,1,,"{""feed_created"":""20230626T104456Z"",""feed_last_modified"":""20230626T104456Z"",""dtstart_raw"":""20231111"",""dtend_raw"":""20231113"",""uid"":""20c9ed74-e1bd-41ea-b597-97a9b2b7ef86""}",,,2026-09-28,src_105ca3620163539b,first_observation; feed_metadata_is_not_archival_capture
ver_1fbc959aff84ffef,event_editions,evt_2b75480b2a0b31db,1,,"{""feed_created"":""20250730T184823Z"",""feed_last_modified"":""20250730T184823Z"",""dtstart_raw"":""20251017"",""dtend_raw"":""20251020"",""uid"":""581c03bc-7703-400c-81e4-8368f539a45c""}",,,2026-09-28,src_105ca3620163539b,first_observation; feed_metadata_is_not_archival_capture
ver_1e1143e88ea3af1c,event_editions,evt_36de83de5eb465b9,1,,"{""feed_created"":""20230612T164836Z"",""feed_last_modified"":""20230612T164836Z"",""dtstart_raw"":""20230921"",""dtend_raw"":""20230922"",""uid"":""64bbde82-bb2e-434b-bba1-5f494fa2d452""}",,,2026-09-28,src_105ca3620163539b,first_observation; feed_metadata_is_not_archival_capture
ver_014c4226c41cf794,event_editions,evt_ad1da6a67a441a62,1,,"{""feed_created"":""20250716T075626Z"",""feed_last_modified"":""20250716T075626Z"",""dtstart_raw"":""20251016"",""dtend_raw"":""20251017"",""uid"":""6eafe9bf-892b-48e7-9f4b-14642dabd8d6""}",,,2026-09-28,src_105ca3620163539b,first_observation; feed_metadata_is_not_archival_capture
ver_61fca32f56c49b7d,event_editions,evt_feaceefad5419946,1,,"{""feed_created"":""20260105T134139Z"",""feed_last_modified"":""20260105T134139Z"",""dtstart_raw"":""20260408"",""dtend_raw"":""20260411"",""uid"":""570847fe-9e33-4d54-b5da-a55457d205aa""}",,,2026-09-28,src_105ca3620163539b,first_observation; feed_metadata_is_not_archival_capture
ver_7242932de6d2cc6e,event_editions,evt_11c31c2a0de8a478,1,,"{""feed_created"":""20201015T151833Z"",""feed_last_modified"":""20201015T151833Z"",""dtstart_raw"":""20220711"",""dtend_raw"":""20220718"",""uid"":""e5667eed-cb1d-4e2f-a3d8-f42ee06212a5""}",,,2026-09-28,src_105ca3620163539b,first_observation; feed_metadata_is_not_archival_capture
ver_3cb6c4400f9a929e,event_editions,evt_9229307f4a03bda8,1,,"{""feed_created"":""20250512T112040Z"",""feed_last_modified"":""20250730T072134Z"",""dtstart_raw"":""20251017"",""dtend_raw"":""20251018"",""uid"":""279e1879-159c-429b-9c06-0e341aebce1f""}",,,2026-09-28,src_105ca3620163539b,first_observation; feed_metadata_is_not_archival_capture
ver_62fbe8bc9b486217,event_editions,evt_a045460b33dc8c43,1,,"{""feed_created"":""20221012T150123Z"",""feed_last_modified"":""20221012T150123Z"",""dtstart_raw"":""20221115"",""dtend_raw"":""20221116"",""uid"":""1ppl18h8bk02tp5ht6gi3gel8p@google.com""}",,,2026-09-28,src_105ca3620163539b,first_observation; feed_metadata_is_not_archival_capture
ver_174aa9bb0fe0a04a,event_editions,evt_f43d8f3824570907,1,,"{""feed_created"":""20250502T142006Z"",""feed_last_modified"":""20250502T142006Z"",""dtstart_raw"":""20250811"",""dtend_raw"":""20250816"",""uid"":""cfb2ca78-b622-4052-8595-75ac73ecf927""}",,,2026-09-28,src_105ca3620163539b,first_observation; feed_metadata_is_not_archival_capture
ver_87b59c3e07c38b8d,event_editions,evt_2f9c5f04ea0084b0,1,,"{""feed_created"":""20220223T115326Z"",""feed_last_modified"":""20220223T115326Z"",""dtstart_raw"":""20220526"",""dtend_raw"":""20220528"",""uid"":""22a31a1a-bf4e-4ab9-8e96-1bf8fa3202a8""}",,,2026-09-28,src_105ca3620163539b,first_observation; feed_metadata_is_not_archival_capture
ver_2427bbfc4ee520f1,event_editions,evt_ae454a4e1b8f8bd8,1,,"{""feed_created"":""20230828T085621Z"",""feed_last_modified"":""20230828T085621Z"",""dtstart_raw"":""20230919"",""dtend_raw"":""20230920"",""uid"":""3f228c3f-4fd8-45d7-8363-6d428e2ec7bd""}",,,2026-09-28,src_105ca3620163539b,first_observation; feed_metadata_is_not_archival_capture
ver_f11125e1e19639d4,event_editions,evt_f3bb6642e1fcc7fb,1,,"{""feed_created"":""20260820T083710Z"",""feed_last_modified"":""20260820T083710Z"",""dtstart_raw"":""20261114"",""dtend_raw"":""20261115"",""uid"":""2bed0d5e-d981-4178-b705-e4a368c74352""}",,,2026-09-28,src_105ca3620163539b,first_observation; feed_metadata_is_not_archival_capture
ver_c81b66ce638d82a5,event_editions,evt_25950ba71af2a165,1,,"{""feed_created"":""20250512T110901Z"",""feed_last_modified"":""20250512T110901Z"",""dtstart_raw"":""20251022"",""dtend_raw"":""20251024"",""uid"":""843fc38f-dc14-4493-a90d-99b61c680d5c""}",,,2026-09-28,src_105ca3620163539b,first_observation; feed_metadata_is_not_archival_capture
ver_2c400ecd32cc9ad8,event_editions,evt_b5e94cedf38673f2,1,,"{""feed_created"":""20230523T101830Z"",""feed_last_modified"":""20230523T101830Z"",""dtstart_raw"":""20230921"",""dtend_raw"":""20230924"",""uid"":""b466fc5c-f89c-4eff-a6d5-2d5677c203ca""}",,,2026-09-28,src_105ca3620163539b,first_observation; feed_metadata_is_not_archival_capture
ver_924c50b479d151bf,event_editions,evt_05c439da1374b58f,1,,"{""feed_created"":""20210624T115011Z"",""feed_last_modified"":""20210624T115011Z"",""dtstart_raw"":""20211119"",""dtend_raw"":""20211124"",""uid"":""5dj22cc1b2togm1n7a8as6pcg7@google.com""}",,,2026-09-28,src_105ca3620163539b,first_observation; feed_metadata_is_not_archival_capture
ver_e9b5e8becad3fda1,event_editions,evt_1a93eb424a2526b6,1,,"{""feed_created"":""20260301T132056Z"",""feed_last_modified"":""20260301T132056Z"",""dtstart_raw"":""20260917"",""dtend_raw"":""20260920"",""uid"":""29cc2848-7cdd-4be7-a867-a84154de47a0""}",,,2026-09-28,src_105ca3620163539b,first_observation; feed_metadata_is_not_archival_capture
ver_a30c4e0686f9fd0d,event_editions,evt_ea11e3447c07ca2f,1,,"{""feed_created"":""20260115T224324Z"",""feed_last_modified"":""20260115T224324Z"",""dtstart_raw"":""20260713"",""dtend_raw"":""20260720"",""uid"":""d47eb230-1c02-428c-9223-a7f80c3701d6""}",,,2026-09-28,src_105ca3620163539b,first_observation; feed_metadata_is_not_archival_capture
ver_cc32ee876b8c3f4a,event_editions,evt_390332e6860314f0,1,,"{""feed_created"":""20240312T120334Z"",""feed_last_modified"":""20240312T120334Z"",""dtstart_raw"":""20240612"",""dtend_raw"":""20240615"",""uid"":""c1fc2cbc-8d85-4ff2-a513-6d84d93220bc""}",,,2026-09-28,src_105ca3620163539b,first_observation; feed_metadata_is_not_archival_capture
ver_3c596ac99b636f88,event_editions,evt_650ddc78bc019015,1,,"{""feed_created"":""20250527T073208Z"",""feed_last_modified"":""20260105T135133Z"",""dtstart_raw"":""20260321"",""dtend_raw"":""20260323"",""uid"":""82aeb748-48b1-4be9-a441-d2b1c578f6a0""}",,,2026-09-28,src_105ca3620163539b,first_observation; feed_metadata_is_not_archival_capture
ver_64d3b7e9a049478f,event_editions,evt_21b818abee646339,1,,"{""feed_created"":""20211002T093741Z"",""feed_last_modified"":""20211110T140315Z"",""dtstart_raw"":""20211115"",""dtend_raw"":""20211116"",""uid"":""04ptpiljk0htbkqgt88b11kuo6@google.com""}",,,2026-09-28,src_105ca3620163539b,first_observation; feed_metadata_is_not_archival_capture
ver_5cb948d4548db37c,event_editions,evt_86d12d872bbcb647,1,,"{""feed_created"":""20220824T173519Z"",""feed_last_modified"":""20220825T073544Z"",""dtstart_raw"":""20220910"",""dtend_raw"":""20220911"",""uid"":""2945e2d9-cccd-47a3-873d-b14d560e4b99""}",,,2026-09-28,src_105ca3620163539b,first_observation; feed_metadata_is_not_archival_capture
ver_fc3ce5d0d537522a,event_editions,evt_ccac4dd1f0638450,1,,"{""feed_created"":""20241016T191223Z"",""feed_last_modified"":""20241016T191223Z"",""dtstart_raw"":""20241116"",""dtend_raw"":""20241118"",""uid"":""405a433a-9e82-44cc-9a17-9693e9deef7d""}",,,2026-09-28,src_105ca3620163539b,first_observation; feed_metadata_is_not_archival_capture
ver_d1ec151289201d0c,event_editions,evt_cf8c0af0c3218349,1,,"{""feed_created"":""19000101T120000Z"",""feed_last_modified"":""20240327T111530Z"",""dtstart_raw"":""20241031"",""dtend_raw"":""20241103"",""uid"":""Ical57bb876dbb8f8fc2c4e2568612618ff3""}",,,2026-09-28,src_105ca3620163539b,first_observation; feed_metadata_is_not_archival_capture
ver_c218a233ee864fe1,event_editions,evt_7957b3b83ad5796d,1,,"{""feed_created"":""20211106T121236Z"",""feed_last_modified"":""20211106T121236Z"",""dtstart_raw"":""20211118"",""dtend_raw"":""20211120"",""uid"":""cfc1f518-a94c-4e43-bb80-7f346414545b""}",,,2026-09-28,src_105ca3620163539b,first_observation; feed_metadata_is_not_archival_capture
ver_e42d7909a302cfef,event_editions,evt_1d0d19da82fa82a6,1,,"{""feed_created"":""20240104T210712Z"",""feed_last_modified"":""20240104T210712Z"",""dtstart_raw"":""20240225"",""dtend_raw"":""20240227"",""uid"":""42be998f-c3ed-44c1-8584-36857fb966b7""}",,,2026-09-28,src_105ca3620163539b,first_observation; feed_metadata_is_not_archival_capture
ver_97511e0e95748679,event_editions,evt_4ab04e025f5b553b,1,,"{""feed_created"":""20250225T192633Z"",""feed_last_modified"":""20250225T192633Z"",""dtstart_raw"":""20250815"",""dtend_raw"":""20250818"",""uid"":""c01e9975-655c-46a1-b41a-f418940afa90""}",,,2026-09-28,src_105ca3620163539b,first_observation; feed_metadata_is_not_archival_capture
ver_d844491ecc9dbb39,event_editions,evt_b857cf744d2ba090,1,,"{""feed_created"":""20211002T093924Z"",""feed_last_modified"":""20211021T102827Z"",""dtstart_raw"":""20211201"",""dtend_raw"":""20211205"",""uid"":""2kl3ttbh48d4nresg56chcnt2f@google.com""}",,,2026-09-28,src_105ca3620163539b,first_observation; feed_metadata_is_not_archival_capture
ver_501a16b882a4e30b,event_editions,evt_e6aac56b643c6ca9,1,,"{""feed_created"":""19000101T120000Z"",""feed_last_modified"":""20240327T111642Z"",""dtstart_raw"":""20240517"",""dtend_raw"":""20240518"",""uid"":""Ical3e3ab5c9b37ca94b5a243b238c0b03e9""}",,,2026-09-28,src_105ca3620163539b,first_observation; feed_metadata_is_not_archival_capture
ver_ad69a7bb38883566,event_editions,evt_abfbbd2a291ab0fa,1,,"{""feed_created"":""20230118T110249Z"",""feed_last_modified"":""20230118T110249Z"",""dtstart_raw"":""20230401"",""dtend_raw"":""20230403"",""uid"":""90315b0e-2329-44e3-b22e-d940240f4835""}",,,2026-09-28,src_105ca3620163539b,first_observation; feed_metadata_is_not_archival_capture
ver_d5dec51cb47228c9,event_editions,evt_c8981e7f68a8796d,1,,"{""feed_created"":""20231112T195441Z"",""feed_last_modified"":""20231115T213020Z"",""dtstart_raw"":""20231227"",""dtend_raw"":""20231229"",""uid"":""d0952bbc-4dab-4d7e-a7ed-81e0dd133205""}",,,2026-09-28,src_105ca3620163539b,first_observation; feed_metadata_is_not_archival_capture
ver_54d5ede94396dd34,event_editions,evt_b85e54f37cedc3e1,1,,"{""feed_created"":""19000101T120000Z"",""feed_last_modified"":""20240327T110927Z"",""dtstart_raw"":""20240926"",""dtend_raw"":""20240927"",""uid"":""Ical3302a656c710938f6f2a8c6f999bd48f""}",,,2026-09-28,src_105ca3620163539b,first_observation; feed_metadata_is_not_archival_capture
ver_b1767ee39c810d1e,event_editions,evt_06dae62d70342384,1,,"{""feed_created"":""20241111T095038Z"",""feed_last_modified"":""20241111T095038Z"",""dtstart_raw"":""20241122"",""dtend_raw"":""20241127"",""uid"":""3f8b62b0-19a6-44c8-b838-aca991a50d8a""}",,,2026-09-28,src_105ca3620163539b,first_observation; feed_metadata_is_not_archival_capture
ver_3334b28e2a1f3e42,event_editions,evt_97e632c8a9413bf1,1,,"{""feed_created"":""20260718T132225Z"",""feed_last_modified"":""20260921T111655Z"",""dtstart_raw"":""20270226"",""dtend_raw"":""20270305"",""uid"":""8e70a43e-5b4a-45e8-806b-c424536098e3""}",,,2026-09-28,src_105ca3620163539b,first_observation; feed_metadata_is_not_archival_capture
ver_f8975c6a6e3c77fe,event_editions,evt_5775e6ed4261750f,1,,"{""feed_created"":""20260509T121050Z"",""feed_last_modified"":""20260509T121050Z"",""dtstart_raw"":""20260815"",""dtend_raw"":""20260818"",""uid"":""b719c8b1-092b-451b-8763-4790e993ee51""}",,,2026-09-28,src_105ca3620163539b,first_observation; feed_metadata_is_not_archival_capture
ver_685bcd2658153048,event_editions,evt_b0712561b57e07e4,1,,"{""feed_created"":""20250512T111042Z"",""feed_last_modified"":""20250512T111042Z"",""dtstart_raw"":""20250714"",""dtend_raw"":""20250718"",""uid"":""e8ba7314-bd3e-4460-a38f-dff004132e17""}",,,2026-09-28,src_105ca3620163539b,first_observation; feed_metadata_is_not_archival_capture
ver_9ed25a402cf89737,event_editions,evt_769f69e41511e56f,1,,"{""feed_created"":""20260521T060528Z"",""feed_last_modified"":""20260521T060528Z"",""dtstart_raw"":""20260820"",""dtend_raw"":""20260824"",""uid"":""ef2b80d2-e548-4618-99c0-5e4cfa9ab812""}",,,2026-09-28,src_105ca3620163539b,first_observation; feed_metadata_is_not_archival_capture
ver_679f1248469612d9,event_editions,evt_2e0c9735fc8ad60e,1,,"{""feed_created"":""20211116T085543Z"",""feed_last_modified"":""20211116T085802Z"",""dtstart_raw"":""20211202"",""dtend_raw"":""20211204"",""uid"":""17tvj9udde75hcfjm5focrpeb9@google.com""}",,,2026-09-28,src_105ca3620163539b,first_observation; feed_metadata_is_not_archival_capture
ver_6d909773f2e345c1,event_editions,evt_3dbf2a3e7889e406,1,,"{""feed_created"":""20240108T164816Z"",""feed_last_modified"":""20240108T164816Z"",""dtstart_raw"":""20240605"",""dtend_raw"":""20240610"",""uid"":""256bdb47-be7a-44ea-a1ce-d447f6a9e47b""}",,,2026-09-28,src_105ca3620163539b,first_observation; feed_metadata_is_not_archival_capture
ver_63945d7d6d8f1c95,event_editions,evt_aa73b9726ea22224,1,,"{""feed_created"":""20210806T134719Z"",""feed_last_modified"":""20210810T081042Z"",""dtstart_raw"":""20211105"",""dtend_raw"":""20211108"",""uid"":""41sjjnfb05k3e42mov186na3ni@google.com""}",,,2026-09-28,src_105ca3620163539b,first_observation; feed_metadata_is_not_archival_capture
ver_4a0ef433eff50976,event_editions,evt_08856aa1c4fc6c27,1,,"{""feed_created"":""20250630T115516Z"",""feed_last_modified"":""20250630T115516Z"",""dtstart_raw"":""20250813"",""dtend_raw"":""20250815"",""uid"":""5f435183-af0a-49ac-bb48-53aae73a001a""}",,,2026-09-28,src_105ca3620163539b,first_observation; feed_metadata_is_not_archival_capture
ver_cdeae2af0b3a695d,event_editions,evt_1c6fd2dcaea1775d,1,,"{""feed_created"":""20250302T174300Z"",""feed_last_modified"":""20250302T174408Z"",""dtstart_raw"":""20250516"",""dtend_raw"":""20250518"",""uid"":""0e15ed54-42a8-45f1-9592-6dbbf74bca4c""}",,,2026-09-28,src_105ca3620163539b,first_observation; feed_metadata_is_not_archival_capture
ver_8d46649c6411f647,event_editions,evt_f2e582d70f326322,1,,"{""feed_created"":""20250603T163216Z"",""feed_last_modified"":""20250624T114724Z"",""dtstart_raw"":""20251008"",""dtend_raw"":""20251013"",""uid"":""9795cae9-3257-41d0-82f2-4b1461af6181""}",,,2026-09-28,src_105ca3620163539b,first_observation; feed_metadata_is_not_archival_capture
ver_c8786a0daa8d728d,event_editions,evt_ed0e15d28ef07d67,1,,"{""feed_created"":""20220627T163923Z"",""feed_last_modified"":""20220627T163923Z"",""dtstart_raw"":""20221013"",""dtend_raw"":""20221015"",""uid"":""8ad74442-b24b-48f4-9b6b-625239c7bdba""}",,,2026-09-28,src_105ca3620163539b,first_observation; feed_metadata_is_not_archival_capture
ver_7d78c58a43f4f1c7,event_editions,evt_2ac3662f74f40025,1,,"{""feed_created"":""20221122T114521Z"",""feed_last_modified"":""20221122T114521Z"",""dtstart_raw"":""20230306"",""dtend_raw"":""20230309"",""uid"":""92c793ae-617e-4ee7-8fc4-2b508648112e""}",,,2026-09-28,src_105ca3620163539b,first_observation; feed_metadata_is_not_archival_capture
ver_9fbcbae46dd7dfec,event_editions,evt_68e94f5290e37ab2,1,,"{""feed_created"":""20240530T131459Z"",""feed_last_modified"":""20240530T131605Z"",""dtstart_raw"":""20241025"",""dtend_raw"":""20241028"",""uid"":""5oagcb2fm7st9f1k1ajtb6pl3e@google.com""}",,,2026-09-28,src_105ca3620163539b,first_observation; feed_metadata_is_not_archival_capture
ver_d8e52743bbf96f69,event_editions,evt_762332d0bf0a4dc1,1,,"{""feed_created"":""20230612T111611Z"",""feed_last_modified"":""20230612T111611Z"",""dtstart_raw"":""20230729"",""dtend_raw"":""20230803"",""uid"":""c3aa9d96-e9a0-4a57-9470-5ebfd7099fb8""}",,,2026-09-28,src_105ca3620163539b,first_observation; feed_metadata_is_not_archival_capture
ver_8dc43bab02db1b78,event_editions,evt_5f21220a85f772c9,1,,"{""feed_created"":""19000101T120000Z"",""feed_last_modified"":""20240327T111541Z"",""dtstart_raw"":""20240829"",""dtend_raw"":""20240901"",""uid"":""Ical8bd55685432cb34d774f88c46b6a711f""}",,,2026-09-28,src_105ca3620163539b,first_observation; feed_metadata_is_not_archival_capture
ver_f7242b7b4befc946,event_editions,evt_073e7405cb71e41e,1,,"{""feed_created"":""20260805T080304Z"",""feed_last_modified"":""20260805T080304Z"",""dtstart_raw"":""20261120"",""dtend_raw"":""20261121"",""uid"":""f64cfc0b-f46f-4229-b293-bb578a74374d""}",,,2026-09-28,src_105ca3620163539b,first_observation; feed_metadata_is_not_archival_capture
ver_bf5dfbc6ee342c24,event_editions,evt_802b88216ceb7998,1,,"{""feed_created"":""20230609T112609Z"",""feed_last_modified"":""20230609T112609Z"",""dtstart_raw"":""20230907"",""dtend_raw"":""20230910"",""uid"":""84e0ce0d-ad29-4ecc-b65b-7f1a909ecb2a""}",,,2026-09-28,src_105ca3620163539b,first_observation; feed_metadata_is_not_archival_capture
ver_489bdf37540be8c5,event_editions,evt_9696594454178e99,1,,"{""feed_created"":""20250327T082721Z"",""feed_last_modified"":""20250328T083641Z"",""dtstart_raw"":""20250517"",""dtend_raw"":""20250518"",""uid"":""4664rrgrl3912v561cm9a60k50@google.com""}",,,2026-09-28,src_105ca3620163539b,first_observation; feed_metadata_is_not_archival_capture
ver_fa7a900e7c537ed5,event_editions,evt_eb790882642d724e,1,,"{""feed_created"":""20230806T115940Z"",""feed_last_modified"":""20230806T120016Z"",""dtstart_raw"":""20231009"",""dtend_raw"":""20231013"",""uid"":""28aa3483-d378-470b-aba7-b2eb5186030c""}",,,2026-09-28,src_105ca3620163539b,first_observation; feed_metadata_is_not_archival_capture
ver_b66da0e6481ebeb7,event_editions,evt_d35b78ba1b6c18bc,1,,"{""feed_created"":""19000101T120000Z"",""feed_last_modified"":""20240511T204031Z"",""dtstart_raw"":""20241017"",""dtend_raw"":""20241019"",""uid"":""Ical2aff74595c12788e60f701d8316458b6""}",,,2026-09-28,src_105ca3620163539b,first_observation; feed_metadata_is_not_archival_capture
ver_c6b1febe0d28beb4,event_editions,evt_11b9d115e276d7af,1,,"{""feed_created"":""20230612T115447Z"",""feed_last_modified"":""20230612T115447Z"",""dtstart_raw"":""20230704"",""dtend_raw"":""20230706"",""uid"":""3720cf98-dadb-4be0-8c66-f6f018eba47f""}",,,2026-09-28,src_105ca3620163539b,first_observation; feed_metadata_is_not_archival_capture
ver_98da7981702a413b,event_editions,evt_51041de40c716b1a,1,,"{""feed_created"":""20240820T191838Z"",""feed_last_modified"":""20240820T191838Z"",""dtstart_raw"":""20241016"",""dtend_raw"":""20241019"",""uid"":""59d10449-e0c1-46fd-9020-70caf2978bbc""}",,,2026-09-28,src_105ca3620163539b,first_observation; feed_metadata_is_not_archival_capture
ver_e29aa7f28b838275,event_editions,evt_52cf5abd6e5d474d,1,,"{""feed_created"":""19000101T120000Z"",""feed_last_modified"":""20240327T111622Z"",""dtstart_raw"":""20240711"",""dtend_raw"":""20240712"",""uid"":""Icalfd3763a988e9b1ea619195f1a9f97495""}",,,2026-09-28,src_105ca3620163539b,first_observation; feed_metadata_is_not_archival_capture
ver_9c7db42a8621b1ca,event_editions,evt_4ef0b5307ada4c97,1,,"{""feed_created"":""20260923T150231Z"",""feed_last_modified"":""20260923T150231Z"",""dtstart_raw"":""20270312"",""dtend_raw"":""20270314"",""uid"":""a9f3ee98-cd69-4ad3-9c44-e3a87de2a289""}",,,2026-09-28,src_105ca3620163539b,first_observation; feed_metadata_is_not_archival_capture
ver_2028c83e0499f191,event_editions,evt_d34d8ef52beec619,1,,"{""feed_created"":""20210526T074443Z"",""feed_last_modified"":""20210526T074443Z"",""dtstart_raw"":""20211021"",""dtend_raw"":""20211023"",""uid"":""4f7hbtb1bk9mh3e22hdj9gehmm@google.com""}",,,2026-09-28,src_105ca3620163539b,first_observation; feed_metadata_is_not_archival_capture
ver_d0066eb7cd27ce85,event_editions,evt_50e39101f9db69d3,1,,"{""feed_created"":""20211112T114425Z"",""feed_last_modified"":""20211112T114425Z"",""dtstart_raw"":""20211204"",""dtend_raw"":""20211206"",""uid"":""9eb44ead-d634-41cf-a21a-d3c351369b98""}",,,2026-09-28,src_105ca3620163539b,first_observation; feed_metadata_is_not_archival_capture
ver_e74132eed3cfa22c,event_editions,evt_f01a36cbe6669134,1,,"{""feed_created"":""20260701T122553Z"",""feed_last_modified"":""20260701T122553Z"",""dtstart_raw"":""20261029"",""dtend_raw"":""20261102"",""uid"":""07f2d6e3-37e8-4fa8-9ea2-dd581b3bcb51""}",,,2026-09-28,src_105ca3620163539b,first_observation; feed_metadata_is_not_archival_capture
ver_8b5876f627ab4425,event_editions,evt_870f72c760655adf,1,,"{""feed_created"":""20240312T120032Z"",""feed_last_modified"":""20240312T120032Z"",""dtstart_raw"":""20240823"",""dtend_raw"":""20240826"",""uid"":""05cd1125-63bc-4054-887d-7fb4688fe75e""}",,,2026-09-28,src_105ca3620163539b,first_observation; feed_metadata_is_not_archival_capture
ver_12c0cb52141320d3,event_editions,evt_f2c0a2771e832053,1,,"{""feed_created"":""19000101T120000Z"",""feed_last_modified"":""20240327T110937Z"",""dtstart_raw"":""20241125"",""dtend_raw"":""20241201"",""uid"":""Icalc45472ebafe3c42165e07192b3eded1f""}",,,2026-09-28,src_105ca3620163539b,first_observation; feed_metadata_is_not_archival_capture
ver_cbb70a12ea3b27ff,event_editions,evt_e198763594e39dee,1,,"{""feed_created"":""20250430T122202Z"",""feed_last_modified"":""20250430T122203Z"",""dtstart_raw"":""20250704"",""dtend_raw"":""20250707"",""uid"":""75aa3f99-eba5-40a0-b72c-1541cff9c8df""}",,,2026-09-28,src_105ca3620163539b,first_observation; feed_metadata_is_not_archival_capture
ver_93eb28c14ea6b9ec,event_editions,evt_2bf9505324bf85eb,1,,"{""feed_created"":""20230529T152849Z"",""feed_last_modified"":""20230529T152922Z"",""dtstart_raw"":""20240522"",""dtend_raw"":""20240526"",""uid"":""4i57nu3vbd8ojdr65lviio9vni@google.com""}",,,2026-09-28,src_105ca3620163539b,first_observation; feed_metadata_is_not_archival_capture
ver_24b215428644b77f,event_editions,evt_9c937beaf7fe929c,1,,"{""feed_created"":""20210823T113031Z"",""feed_last_modified"":""20210823T113031Z"",""dtstart_raw"":""20211023"",""dtend_raw"":""20211101"",""uid"":""694882c8-b972-4eff-836f-2734326ad860""}",,,2026-09-28,src_105ca3620163539b,first_observation; feed_metadata_is_not_archival_capture
ver_b9ca9aa6a6d57808,event_editions,evt_e497ba372846533a,1,,"{""feed_created"":""20250105T155347Z"",""feed_last_modified"":""20250105T155347Z"",""dtstart_raw"":""20250423"",""dtend_raw"":""20250428"",""uid"":""19d5f0f6-323f-446a-98bd-be08c6b489dc""}",,,2026-09-28,src_105ca3620163539b,first_observation; feed_metadata_is_not_archival_capture
ver_31cdef2763115c09,event_editions,evt_a4aeed716714356c,1,,"{""feed_created"":""20240704T090055Z"",""feed_last_modified"":""20240704T090055Z"",""dtstart_raw"":""20241009"",""dtend_raw"":""20241014"",""uid"":""32919965-294e-4f9a-923c-29d7861be1c9""}",,,2026-09-28,src_105ca3620163539b,first_observation; feed_metadata_is_not_archival_capture
ver_e855c29b7ecff5bc,event_editions,evt_0e1f6384833eac78,1,,"{""feed_created"":""20240501T091347Z"",""feed_last_modified"":""20240501T091347Z"",""dtstart_raw"":""20240927"",""dtend_raw"":""20240930"",""uid"":""aa09cc56-88d1-4c32-a067-0f84c010f063""}",,,2026-09-28,src_105ca3620163539b,first_observation; feed_metadata_is_not_archival_capture
ver_c41388d1bfc0488a,event_editions,evt_ad25736f103b5528,1,,"{""feed_created"":""20210619T101053Z"",""feed_last_modified"":""20211111T165056Z"",""dtstart_raw"":""20220602"",""dtend_raw"":""20220606"",""uid"":""ea1b5a45-db49-478c-b1b5-730d8627c78c""}",,,2026-09-28,src_105ca3620163539b,first_observation; feed_metadata_is_not_archival_capture
ver_fc316e4aaf3bd44d,event_editions,evt_ad4f2b5f7192f4f6,1,,"{""feed_created"":""20230207T152128Z"",""feed_last_modified"":""20230502T100952Z"",""dtstart_raw"":""20230915"",""dtend_raw"":""20230918"",""uid"":""3b205dd7-6558-478e-ab75-6d722ce85c5b""}",,,2026-09-28,src_105ca3620163539b,first_observation; feed_metadata_is_not_archival_capture
ver_2759295729de8b37,event_editions,evt_971007d731dd82ab,1,,"{""feed_created"":""20240423T101607Z"",""feed_last_modified"":""20240423T101607Z"",""dtstart_raw"":""20241003"",""dtend_raw"":""20241005"",""uid"":""050c7008-ea1e-4919-a9a2-fe395d5a3b76""}",,,2026-09-28,src_105ca3620163539b,first_observation; feed_metadata_is_not_archival_capture
ver_402d0fd8eb5ea893,event_editions,evt_67c8f78c473d42fa,1,,"{""feed_created"":""20250402T140629Z"",""feed_last_modified"":""20250402T140629Z"",""dtstart_raw"":""20250607"",""dtend_raw"":""20250608"",""uid"":""47jpkcqsbhk4t44ah8i07ii47m@google.com""}",,,2026-09-28,src_105ca3620163539b,first_observation; feed_metadata_is_not_archival_capture
ver_985808a28af11006,event_editions,evt_9c3722d964fa5dbf,1,,"{""feed_created"":""20220819T114502Z"",""feed_last_modified"":""20220819T114502Z"",""dtstart_raw"":""20221103"",""dtend_raw"":""20221107"",""uid"":""27879676-d419-4b9a-ae3c-db203d28bfd5""}",,,2026-09-28,src_105ca3620163539b,first_observation; feed_metadata_is_not_archival_capture
ver_7f1b3e41785093a4,event_editions,evt_c2f6a45a70543fb6,1,,"{""feed_created"":""20220807T110239Z"",""feed_last_modified"":""20220807T110239Z"",""dtstart_raw"":""20221112"",""dtend_raw"":""20221114"",""uid"":""fe70798a-70af-4836-8e9f-0e1e652e74cd""}",,,2026-09-28,src_105ca3620163539b,first_observation; feed_metadata_is_not_archival_capture
ver_2a0e460bf91c7796,event_editions,evt_0fad3f94458fbf6b,1,,"{""feed_created"":""20250113T194539Z"",""feed_last_modified"":""20250113T194539Z"",""dtstart_raw"":""20250919"",""dtend_raw"":""20250923"",""uid"":""6bde37af-0263-44cd-939b-2a31c792b570""}",,,2026-09-28,src_105ca3620163539b,first_observation; feed_metadata_is_not_archival_capture
ver_1c52bd6d67e92429,event_editions,evt_86c79aed44afdbd9,1,,"{""feed_created"":""20240531T081331Z"",""feed_last_modified"":""20240531T081331Z"",""dtstart_raw"":""20241010"",""dtend_raw"":""20241011"",""uid"":""2be256f7-e117-4cb1-a6bd-efb80bcce7c1""}",,,2026-09-28,src_105ca3620163539b,first_observation; feed_metadata_is_not_archival_capture
ver_41249e99046f4a81,event_editions,evt_f096526169daaaea,1,,"{""feed_created"":""20230612T123331Z"",""feed_last_modified"":""20230612T123331Z"",""dtstart_raw"":""20230818"",""dtend_raw"":""20230819"",""uid"":""521982c4-f1db-4156-a7fe-44c95c2ddf40""}",,,2026-09-28,src_105ca3620163539b,first_observation; feed_metadata_is_not_archival_capture
ver_b55d88c871c85c76,event_editions,evt_d78bc39626b13783,1,,"{""feed_created"":""20250707T104420Z"",""feed_last_modified"":""20250707T104420Z"",""dtstart_raw"":""20250927"",""dtend_raw"":""20250928"",""uid"":""bec0966d-f94c-4e98-b432-922ffcf14012""}",,,2026-09-28,src_105ca3620163539b,first_observation; feed_metadata_is_not_archival_capture
ver_cd7dfd52e29c0329,event_editions,evt_99acac13cfa3f79d,1,,"{""feed_created"":""20210408T171304Z"",""feed_last_modified"":""20210408T171740Z"",""dtstart_raw"":""20211007"",""dtend_raw"":""20211009"",""uid"":""4o9gts07qrejfblinn7uccbtgj@google.com""}",,,2026-09-28,src_105ca3620163539b,first_observation; feed_metadata_is_not_archival_capture
ver_e9985c731b125af2,event_editions,evt_4e6c0637cd679314,1,,"{""feed_created"":""20240312T120425Z"",""feed_last_modified"":""20240312T120425Z"",""dtstart_raw"":""20240620"",""dtend_raw"":""20240623"",""uid"":""817dfcd1-1cdb-4eca-ab66-3b09eefb5423""}",,,2026-09-28,src_105ca3620163539b,first_observation; feed_metadata_is_not_archival_capture
ver_07f4b817d1cc7ca2,event_editions,evt_3e692238d6903478,1,,"{""feed_created"":""19000101T120000Z"",""feed_last_modified"":""20240411T143040Z"",""dtstart_raw"":""20240726"",""dtend_raw"":""20240728"",""uid"":""Icalc492643d976aed52eea964d813160be5""}",,,2026-09-28,src_105ca3620163539b,first_observation; feed_metadata_is_not_archival_capture
ver_29246fb1a8860bd1,event_editions,evt_90eb3081c2d937d3,1,,"{""feed_created"":""20230809T183310Z"",""feed_last_modified"":""20231117T202000Z"",""dtstart_raw"":""20240422"",""dtend_raw"":""20240425"",""uid"":""91a80cbd-517d-45bf-99d8-34154a4ccae8""}",,,2026-09-28,src_105ca3620163539b,first_observation; feed_metadata_is_not_archival_capture
ver_396b0d953c3f3a97,event_editions,evt_44f60cd191aa5a7e,1,,"{""feed_created"":""20220806T171640Z"",""feed_last_modified"":""20220914T082116Z"",""dtstart_raw"":""20221209"",""dtend_raw"":""20221211"",""uid"":""2964b394-3aec-4756-9b40-ee7382fee90b""}",,,2026-09-28,src_105ca3620163539b,first_observation; feed_metadata_is_not_archival_capture
ver_7d6db40c5a5fc3ba,event_editions,evt_f2e7818ee24be66a,1,,"{""feed_created"":""20220210T091003Z"",""feed_last_modified"":""20220210T091003Z"",""dtstart_raw"":""20220222"",""dtend_raw"":""20220223"",""uid"":""d481df2e-d2c0-4858-9757-4caaa070fd56""}",,,2026-09-28,src_105ca3620163539b,first_observation; feed_metadata_is_not_archival_capture
ver_6da189d5da7fd611,event_editions,evt_4dfa882fd35b0af1,1,,"{""feed_created"":""20240519T131319Z"",""feed_last_modified"":""20240519T131319Z"",""dtstart_raw"":""20240715"",""dtend_raw"":""20240717"",""uid"":""74ea7183-42d4-416e-a19d-087bca7d96a8""}",,,2026-09-28,src_105ca3620163539b,first_observation; feed_metadata_is_not_archival_capture
ver_196f2d99e135a337,event_editions,evt_dd36adad3729b7b4,1,,"{""feed_created"":""20210824T150631Z"",""feed_last_modified"":""20210824T150631Z"",""dtstart_raw"":""20230419"",""dtend_raw"":""20230428"",""uid"":""07b39395-56e7-4d0c-8bef-d1eeb73cc5df""}",,,2026-09-28,src_105ca3620163539b,first_observation; feed_metadata_is_not_archival_capture
ver_0276056099028fb8,event_editions,evt_4c6259b01f469950,1,,"{""feed_created"":""20260414T211905Z"",""feed_last_modified"":""20260414T211905Z"",""dtstart_raw"":""20261022"",""dtend_raw"":""20261024"",""uid"":""948bb4fe-3cfc-46ac-82ea-b47d34000b6c""}",,,2026-09-28,src_105ca3620163539b,first_observation; feed_metadata_is_not_archival_capture
ver_f606ad9e8448a76f,event_editions,evt_b8d7930d73c2506f,1,,"{""feed_created"":""20250313T120817Z"",""feed_last_modified"":""20250313T120818Z"",""dtstart_raw"":""20250829"",""dtend_raw"":""20250831"",""uid"":""7629be15-787f-43e7-b34b-f2e37738dafb""}",,,2026-09-28,src_105ca3620163539b,first_observation; feed_metadata_is_not_archival_capture
ver_4a855642b4f62554,event_editions,evt_53b07d74b943bfcd,1,,"{""feed_created"":""20251002T105739Z"",""feed_last_modified"":""20251002T105739Z"",""dtstart_raw"":""20251031"",""dtend_raw"":""20251101"",""uid"":""c1dc09d6-cd3f-4544-ba62-509d9451276e""}",,,2026-09-28,src_105ca3620163539b,first_observation; feed_metadata_is_not_archival_capture
ver_cf6cf6b83f8f6069,event_editions,evt_2fa5b72d6d1f3c6c,1,,"{""feed_created"":""20220829T155421Z"",""feed_last_modified"":""20220829T155421Z"",""dtstart_raw"":""20221025"",""dtend_raw"":""20221026"",""uid"":""5b4d52cc-7324-443c-b300-f96365a9aae2""}",,,2026-09-28,src_105ca3620163539b,first_observation; feed_metadata_is_not_archival_capture
ver_5d34a50414f61f58,event_editions,evt_edd2360b201a78fe,1,,"{""feed_created"":""20250822T095451Z"",""feed_last_modified"":""20250822T095451Z"",""dtstart_raw"":""20250925"",""dtend_raw"":""20250928"",""uid"":""6c9ck53ji4rde0v5ap0u841rv9@google.com""}",,,2026-09-28,src_105ca3620163539b,first_observation; feed_metadata_is_not_archival_capture
ver_16399a420449c216,event_editions,evt_8557c23d2cc16405,1,,"{""feed_created"":""20260718T131827Z"",""feed_last_modified"":""20260718T131827Z"",""dtstart_raw"":""20260808"",""dtend_raw"":""20260810"",""uid"":""261e5d80-d103-4d44-82b9-7cc5ebf49cdd""}",,,2026-09-28,src_105ca3620163539b,first_observation; feed_metadata_is_not_archival_capture
ver_9325f44502ac3fc5,event_editions,evt_61070dcbb7aabb48,1,,"{""feed_created"":""20250430T082910Z"",""feed_last_modified"":""20250430T082911Z"",""dtstart_raw"":""20251030"",""dtend_raw"":""20251103"",""uid"":""dc157a55-25e5-4a0e-9326-58de75ec7124""}",,,2026-09-28,src_105ca3620163539b,first_observation; feed_metadata_is_not_archival_capture
ver_164892760c96edff,event_editions,evt_a329971d8df8f372,1,,"{""feed_created"":""19000101T120000Z"",""feed_last_modified"":""20240621T084236Z"",""dtstart_raw"":""20240826"",""dtend_raw"":""20240831"",""uid"":""Ical63247d2c9f22972bfb2c8b20eec60e3a""}",,,2026-09-28,src_105ca3620163539b,first_observation; feed_metadata_is_not_archival_capture
ver_d112513416eabd91,event_editions,evt_8c3960a9c3b5dfee,1,,"{""feed_created"":""20220428T090845Z"",""feed_last_modified"":""20220428T090845Z"",""dtstart_raw"":""20220506"",""dtend_raw"":""20220508"",""uid"":""6118b976-391f-4677-b8b3-9415dd2e093d""}",,,2026-09-28,src_105ca3620163539b,first_observation; feed_metadata_is_not_archival_capture
ver_14934cf7a4bb8867,event_editions,evt_d806eb7f327b9a36,1,,"{""feed_created"":""20240924T194447Z"",""feed_last_modified"":""20260921T111639Z"",""dtstart_raw"":""20250224"",""dtend_raw"":""20250228"",""uid"":""4rmmhnsrulgqoq9qjpt4lvavt2@google.com""}",,,2026-09-28,src_105ca3620163539b,first_observation; feed_metadata_is_not_archival_capture
ver_9e4b2f6c5dd256e5,event_editions,evt_ae0c3044450d5cbe,1,,"{""feed_created"":""20250506T124701Z"",""feed_last_modified"":""20250506T124701Z"",""dtstart_raw"":""20250606"",""dtend_raw"":""20250609"",""uid"":""5bf49dab-92a1-4921-87b9-b88957accd44""}",,,2026-09-28,src_105ca3620163539b,first_observation; feed_metadata_is_not_archival_capture
ver_5b22975906637b81,event_editions,evt_5680373b40dfde88,1,,"{""feed_created"":""20250512T112357Z"",""feed_last_modified"":""20250512T112357Z"",""dtstart_raw"":""20250604"",""dtend_raw"":""20250607"",""uid"":""8d10d265-5cb9-49ce-b27c-783fad5f1f1f""}",,,2026-09-28,src_105ca3620163539b,first_observation; feed_metadata_is_not_archival_capture
ver_cdc62d20e85817c8,event_editions,evt_471cc8abcc5c8600,1,,"{""feed_created"":""20230611T153426Z"",""feed_last_modified"":""20230612T080940Z"",""dtstart_raw"":""20230915"",""dtend_raw"":""20230918"",""uid"":""8ee5714f-ab79-498d-a45e-db371aa781fd""}",,,2026-09-28,src_105ca3620163539b,first_observation; feed_metadata_is_not_archival_capture
ver_982fc0860ef14610,event_editions,evt_4acc5f2f080c60c2,1,,"{""feed_created"":""20220131T130241Z"",""feed_last_modified"":""20220131T130241Z"",""dtstart_raw"":""20220921"",""dtend_raw"":""20220926"",""uid"":""5sminnjupj44693enc32o21125@google.com""}",,,2026-09-28,src_105ca3620163539b,first_observation; feed_metadata_is_not_archival_capture
ver_4f0097fe8d90248e,event_editions,evt_29cc8dea6e758db0,1,,"{""feed_created"":""20241120T113832Z"",""feed_last_modified"":""20241120T113832Z"",""dtstart_raw"":""20250528"",""dtend_raw"":""20250601"",""uid"":""04151604-fd2f-4f26-a35b-01df9f2452e8""}",,,2026-09-28,src_105ca3620163539b,first_observation; feed_metadata_is_not_archival_capture
ver_da8cb782fa094908,event_editions,evt_46e4ceada76792cb,1,,"{""feed_created"":""20220816T110842Z"",""feed_last_modified"":""20220816T110842Z"",""dtstart_raw"":""20221201"",""dtend_raw"":""20221204"",""uid"":""c403c182-8858-4bc4-92cb-877079c6af7f""}",,,2026-09-28,src_105ca3620163539b,first_observation; feed_metadata_is_not_archival_capture
ver_9cafc714e965972a,event_editions,evt_16703effc2966760,1,,"{""feed_created"":""20250212T092008Z"",""feed_last_modified"":""20250212T092008Z"",""dtstart_raw"":""20251016"",""dtend_raw"":""20251018"",""uid"":""fc42dee5-a196-4d9d-a5db-03da18354c5e""}",,,2026-09-28,src_105ca3620163539b,first_observation; feed_metadata_is_not_archival_capture
ver_cf1c35e99fdb7195,event_editions,evt_25111667fe793aef,1,,"{""feed_created"":""20231117T202804Z"",""feed_last_modified"":""20231117T202804Z"",""dtstart_raw"":""20240224"",""dtend_raw"":""20240225"",""uid"":""c88b7a18-6cff-4105-80c3-ebb100f0da81""}",,,2026-09-28,src_105ca3620163539b,first_observation; feed_metadata_is_not_archival_capture
ver_eac17ef053555327,event_editions,evt_9db8ca2b7bbcf002,1,,"{""feed_created"":""20260820T083843Z"",""feed_last_modified"":""20260820T083843Z"",""dtstart_raw"":""20260912"",""dtend_raw"":""20260913"",""uid"":""5a0f7b59-fbf8-4924-93b3-0c001cf49c39""}",,,2026-09-28,src_105ca3620163539b,first_observation; feed_metadata_is_not_archival_capture
ver_cf3445dffdd37f65,event_editions,evt_e61cb342937003e8,1,,"{""feed_created"":""20240507T202521Z"",""feed_last_modified"":""20240507T202521Z"",""dtstart_raw"":""20240529"",""dtend_raw"":""20240531"",""uid"":""952c8572-9c6d-4ba3-8a8c-f2599c539265""}",,,2026-09-28,src_105ca3620163539b,first_observation; feed_metadata_is_not_archival_capture
ver_bd343f55fbb9aeca,event_editions,evt_114520af2074ae97,1,,"{""feed_created"":""20250912T080348Z"",""feed_last_modified"":""20250912T080348Z"",""dtstart_raw"":""20251025"",""dtend_raw"":""20251027"",""uid"":""428035ac-c542-4f2e-84a7-6c8f0b57c0d0""}",,,2026-09-28,src_105ca3620163539b,first_observation; feed_metadata_is_not_archival_capture
ver_55f8df9c70dd229c,event_editions,evt_e7d9e9f4f601a4c2,1,,"{""feed_created"":""20250619T213821Z"",""feed_last_modified"":""20250619T213822Z"",""dtstart_raw"":""20250912"",""dtend_raw"":""20250915"",""uid"":""e9e22817-23c0-4dfb-9f22-ea7586ddd984""}",,,2026-09-28,src_105ca3620163539b,first_observation; feed_metadata_is_not_archival_capture
ver_cb5c2b316b54885a,event_editions,evt_fb233c8aaad78e97,1,,"{""feed_created"":""20240118T194151Z"",""feed_last_modified"":""20240118T194151Z"",""dtstart_raw"":""20240309"",""dtend_raw"":""20240311"",""uid"":""1ace4b48-174f-43a5-a999-92696375e993""}",,,2026-09-28,src_105ca3620163539b,first_observation; feed_metadata_is_not_archival_capture
ver_6ca03d580f56aa21,event_editions,evt_116e2a9fd9ecb6c4,1,,"{""feed_created"":""20220614T184207Z"",""feed_last_modified"":""20220614T184207Z"",""dtstart_raw"":""20220709"",""dtend_raw"":""20220711"",""uid"":""334e0d56-4d5b-49c7-9016-2ab277a411fa""}",,,2026-09-28,src_105ca3620163539b,first_observation; feed_metadata_is_not_archival_capture
ver_dd4dd50dde0c5bb0,event_editions,evt_e45f72feda5af522,1,,"{""feed_created"":""20230810T075851Z"",""feed_last_modified"":""20230810T075851Z"",""dtstart_raw"":""20240614"",""dtend_raw"":""20240617"",""uid"":""82aa0565-b3f0-45f2-b143-d434470bb33e""}",,,2026-09-28,src_105ca3620163539b,first_observation; feed_metadata_is_not_archival_capture
ver_7e094e642d141bbd,event_editions,evt_3e054b00e3fa046b,1,,"{""feed_created"":""20240322T140916Z"",""feed_last_modified"":""20240405T102954Z"",""dtstart_raw"":""20240920"",""dtend_raw"":""20240924"",""uid"":""06g4u5k8e2jhl7vjcjqdpjtl7c@google.com""}",,,2026-09-28,src_105ca3620163539b,first_observation; feed_metadata_is_not_archival_capture
ver_98a51bf402e65474,event_editions,evt_7f5d129c1c94e4c3,1,,"{""feed_created"":""20231216T185236Z"",""feed_last_modified"":""20231216T185236Z"",""dtstart_raw"":""20240110"",""dtend_raw"":""20240111"",""uid"":""4blfg0spjv4i1gq8m99ljjgb5s@google.com""}",,,2026-09-28,src_105ca3620163539b,first_observation; feed_metadata_is_not_archival_capture
ver_4212a1dc08282109,event_editions,evt_9b60cbcf47c3ab13,1,,"{""feed_created"":""20230828T101155Z"",""feed_last_modified"":""20230828T101155Z"",""dtstart_raw"":""20231205"",""dtend_raw"":""20231206"",""uid"":""93ebdd30-54c7-4ed5-8ed1-686831aa367e""}",,,2026-09-28,src_105ca3620163539b,first_observation; feed_metadata_is_not_archival_capture
ver_f9f3cb74b8d0b60e,event_editions,evt_6d3d62bb4183fbea,1,,"{""feed_created"":""20240923T180715Z"",""feed_last_modified"":""20240923T180715Z"",""dtstart_raw"":""20251002"",""dtend_raw"":""20251004"",""uid"":""0b2ob1c4cbfimussr7kp2qpb10@google.com""}",,,2026-09-28,src_105ca3620163539b,first_observation; feed_metadata_is_not_archival_capture
ver_33f4de75c27dbdd9,event_editions,evt_2232773f76942f6b,1,,"{""feed_created"":""20240108T135826Z"",""feed_last_modified"":""20240108T135826Z"",""dtstart_raw"":""20240905"",""dtend_raw"":""20240907"",""uid"":""46f833e8-ed77-4e60-bf32-74d5f8047501""}",,,2026-09-28,src_105ca3620163539b,first_observation; feed_metadata_is_not_archival_capture
ver_b98ff58632cf159a,event_editions,evt_6c6b2bd7294cb9dd,1,,"{""feed_created"":""20260522T182138Z"",""feed_last_modified"":""20260522T182138Z"",""dtstart_raw"":""20260703"",""dtend_raw"":""20260706"",""uid"":""07f002db-45fb-4289-8661-8da441578e63""}",,,2026-09-28,src_105ca3620163539b,first_observation; feed_metadata_is_not_archival_capture
ver_4bd592fccf6cd063,event_editions,evt_5b3c51f4014ebc73,1,,"{""feed_created"":""20260522T182359Z"",""feed_last_modified"":""20260522T182359Z"",""dtstart_raw"":""20260724"",""dtend_raw"":""20260726"",""uid"":""df297649-2c43-4d4c-b194-8b128c45ec26""}",,,2026-09-28,src_105ca3620163539b,first_observation; feed_metadata_is_not_archival_capture
ver_d945f74dfa5e6ea5,event_editions,evt_eb5c38a8ebf8e3ba,1,,"{""feed_created"":""20241027T135630Z"",""feed_last_modified"":""20241027T135630Z"",""dtstart_raw"":""20250423"",""dtend_raw"":""20250426"",""uid"":""050f0ba7-dd8b-4516-8ed9-067f39415f0f""}",,,2026-09-28,src_105ca3620163539b,first_observation; feed_metadata_is_not_archival_capture
ver_0554210198256371,event_editions,evt_aa1fb7276639f410,1,,"{""feed_created"":""20260916T120651Z"",""feed_last_modified"":""20260916T120651Z"",""dtstart_raw"":""20270520"",""dtend_raw"":""20270526"",""uid"":""db3eb7ba-5acf-46fa-8316-0808b59fe696""}",,,2026-09-28,src_105ca3620163539b,first_observation; feed_metadata_is_not_archival_capture
ver_b79105c6000e0237,event_editions,evt_a106cd5418baf41d,1,,"{""feed_created"":""20251002T105211Z"",""feed_last_modified"":""20251002T105211Z"",""dtstart_raw"":""20251108"",""dtend_raw"":""20251109"",""uid"":""daada695-b611-4308-85ff-7302191fdb63""}",,,2026-09-28,src_105ca3620163539b,first_observation; feed_metadata_is_not_archival_capture
ver_d4bdcc9a3e1d3a59,event_editions,evt_f7f941f37fc9424b,1,,"{""feed_created"":""20260705T185211Z"",""feed_last_modified"":""20260705T185212Z"",""dtstart_raw"":""20261015"",""dtend_raw"":""20261016"",""uid"":""76b6af9f-de03-4fdc-b627-be6a85693db6""}",,,2026-09-28,src_105ca3620163539b,first_observation; feed_metadata_is_not_archival_capture
ver_84262938be66c461,event_editions,evt_20ccee0b7a792a00,1,,"{""feed_created"":""20210824T150512Z"",""feed_last_modified"":""20210824T150512Z"",""dtstart_raw"":""20220427"",""dtend_raw"":""20220506"",""uid"":""d59dc49f-9746-4088-b839-fedd5cc247b2""}",,,2026-09-28,src_105ca3620163539b,first_observation; feed_metadata_is_not_archival_capture
ver_ef59b5585119a810,event_editions,evt_128d383a03229bc7,1,,"{""feed_created"":""20250202T132947Z"",""feed_last_modified"":""20250202T132947Z"",""dtstart_raw"":""20251030"",""dtend_raw"":""20251101"",""uid"":""7gr8o82ot7gt2ltmf62veru34u@google.com""}",,,2026-09-28,src_105ca3620163539b,first_observation; feed_metadata_is_not_archival_capture
ver_2ac6d2154c488740,event_editions,evt_39a8c023fcba83e3,1,,"{""feed_created"":""20260119T180852Z"",""feed_last_modified"":""20260120T093354Z"",""dtstart_raw"":""20260718"",""dtend_raw"":""20260724"",""uid"":""7a813fcc-9604-4e38-abc6-6bf1e7558183""}",,,2026-09-28,src_105ca3620163539b,first_observation; feed_metadata_is_not_archival_capture
ver_3f654374e926eddf,event_editions,evt_42890e435fc945e1,1,,"{""feed_created"":""20240621T084332Z"",""feed_last_modified"":""20240621T084332Z"",""dtstart_raw"":""20240701"",""dtend_raw"":""20240705"",""uid"":""2600a981-3792-48be-9342-9d2a4930b57b""}",,,2026-09-28,src_105ca3620163539b,first_observation; feed_metadata_is_not_archival_capture
ver_a042d7d84e68e9d4,event_editions,evt_45b6b479966bf940,1,,"{""feed_created"":""20240724T084025Z"",""feed_last_modified"":""20240724T084025Z"",""dtstart_raw"":""20241130"",""dtend_raw"":""20241201"",""uid"":""6fb791f3-0642-4bb5-9d34-9f968250ff9d""}",,,2026-09-28,src_105ca3620163539b,first_observation; feed_metadata_is_not_archival_capture
ver_cc61e615c491dd88,event_editions,evt_936ce99df98b9f03,1,,"{""feed_created"":""20230629T091528Z"",""feed_last_modified"":""20230629T091528Z"",""dtstart_raw"":""20230628T173000Z"",""dtend_raw"":""20230628T193000Z"",""uid"":""e5e94f21-3f21-4d72-a228-b0c4ea8c0463""}",,,2026-09-28,src_bca1599a2f687a1a,first_observation; feed_metadata_is_not_archival_capture
ver_3dce741f05d8ff8c,event_editions,evt_73fe6fdee9931c16,1,,"{""feed_created"":""20250730T185013Z"",""feed_last_modified"":""20250730T185013Z"",""dtstart_raw"":""20250826T160000Z"",""dtend_raw"":""20250826T190000Z"",""uid"":""c35495dd-f3d9-4267-91fe-a98548541565""}",,,2026-09-28,src_bca1599a2f687a1a,first_observation; feed_metadata_is_not_archival_capture
ver_74f38b6d2f9b9e27,event_editions,evt_b789e173e9102f0f,1,,"{""feed_created"":""20250610T090726Z"",""feed_last_modified"":""20250702T151628Z"",""dtstart_raw"":""20250710T180000Z"",""dtend_raw"":""20250710T200000Z"",""uid"":""cbcbc013-4210-4a45-b4d6-8138601270cb""}",,,2026-09-28,src_bca1599a2f687a1a,first_observation; feed_metadata_is_not_archival_capture
ver_d9d81072f8b2d87d,event_editions,evt_21f3a04fe8028730,1,,"{""feed_created"":""20220617T093804Z"",""feed_last_modified"":""20220617T093804Z"",""dtstart_raw"":""20220613"",""dtend_raw"":""20220618"",""uid"":""149ac78a-c741-4236-af0b-69f6f42286e4""}",,,2026-09-28,src_bca1599a2f687a1a,first_observation; feed_metadata_is_not_archival_capture
ver_8227ba4c5543ab42,event_editions,evt_86857c9facd08afb,1,,"{""feed_created"":""20260314T135644Z"",""feed_last_modified"":""20260314T135644Z"",""dtstart_raw"":""20260321"",""dtend_raw"":""20260323"",""uid"":""a56a54f1-cbca-4a4b-acb1-fa6a1c9806e2""}",,,2026-09-28,src_bca1599a2f687a1a,first_observation; feed_metadata_is_not_archival_capture
ver_2fd04236d65f473e,event_editions,evt_dbf730a614dd92b9,1,,"{""feed_created"":""20250525T212343Z"",""feed_last_modified"":""20250525T212343Z"",""dtstart_raw"":""20250618T160000Z"",""dtend_raw"":""20250618T190000Z"",""uid"":""838ff9c8-c19c-4e98-902f-1ae64ca5e564""}",,,2026-09-28,src_bca1599a2f687a1a,first_observation; feed_metadata_is_not_archival_capture
ver_7e6fe1fba3ea58dc,event_editions,evt_ce6bd55ee3cb5a28,1,,"{""feed_created"":""20260926T131431Z"",""feed_last_modified"":""20260926T131431Z"",""dtstart_raw"":""20261007T160000Z"",""dtend_raw"":""20261007T190000Z"",""uid"":""5619985c-d066-4040-82bf-1e88e70ebbc5""}",,,2026-09-28,src_bca1599a2f687a1a,first_observation; feed_metadata_is_not_archival_capture
ver_ff506716959ef400,event_editions,evt_1d05bca07ece853a,1,,"{""feed_created"":""20241118T112532Z"",""feed_last_modified"":""20241118T112532Z"",""dtstart_raw"":""20241125T190000Z"",""dtend_raw"":""20241125T220000Z"",""uid"":""d86c7532-0219-4905-acb3-bc937c23806d""}",,,2026-09-28,src_bca1599a2f687a1a,first_observation; feed_metadata_is_not_archival_capture
ver_10ca63310f5daff1,event_editions,evt_b6ad3ef4f95107dc,1,,"{""feed_created"":""20260411T152644Z"",""feed_last_modified"":""20260411T152645Z"",""dtstart_raw"":""20260423T160000Z"",""dtend_raw"":""20260423T180000Z"",""uid"":""82fd71e8-8780-4805-b3c8-361879325b63""}",,,2026-09-28,src_bca1599a2f687a1a,first_observation; feed_metadata_is_not_archival_capture
ver_f0b1b575d82f6a87,event_editions,evt_c55564c471ba485b,1,,"{""feed_created"":""20250423T161335Z"",""feed_last_modified"":""20250423T161335Z"",""dtstart_raw"":""20250429T160000Z"",""dtend_raw"":""20250429T173000Z"",""uid"":""7ecfc9fe-0af3-4bbd-8006-ff88a704df37""}",,,2026-09-28,src_bca1599a2f687a1a,first_observation; feed_metadata_is_not_archival_capture
ver_2a0c2d6b4ffe534d,event_editions,evt_ede74b38208c1c15,1,,"{""feed_created"":""20240108T140106Z"",""feed_last_modified"":""20240108T140106Z"",""dtstart_raw"":""20240125T170000Z"",""dtend_raw"":""20240125T200000Z"",""uid"":""9ad5a14d-fb09-451c-9865-acadd42e77e3""}",,,2026-09-28,src_bca1599a2f687a1a,first_observation; feed_metadata_is_not_archival_capture
ver_adb079e3da606a70,event_editions,evt_e870860652ad0659,1,,"{""feed_created"":""20240601T120924Z"",""feed_last_modified"":""20240601T120924Z"",""dtstart_raw"":""20240612T143000Z"",""dtend_raw"":""20240612T160000Z"",""uid"":""b66c3c08-3e57-4fab-b463-bb9e5cf06287""}",,,2026-09-28,src_bca1599a2f687a1a,first_observation; feed_metadata_is_not_archival_capture
ver_d1de4e21f255f44a,event_editions,evt_a0ed01477347f0b3,1,,"{""feed_created"":""20260916T120753Z"",""feed_last_modified"":""20260916T120753Z"",""dtstart_raw"":""20261008"",""dtend_raw"":""20261009"",""uid"":""184ee5c3-7586-4fdd-b86e-ee2c532204c6""}",,,2026-09-28,src_bca1599a2f687a1a,first_observation; feed_metadata_is_not_archival_capture
ver_8f5f43bcbe5fed2d,event_editions,evt_fa0deb12b9bcb563,1,,"{""feed_created"":""20260926T131536Z"",""feed_last_modified"":""20260926T131536Z"",""dtstart_raw"":""20270428T160000Z"",""dtend_raw"":""20270428T190000Z"",""uid"":""57ef4760-920a-4ab8-916b-4a8b1755a110""}",,,2026-09-28,src_bca1599a2f687a1a,first_observation; feed_metadata_is_not_archival_capture
ver_358903a4272598aa,event_editions,evt_a1dd3167c969522d,1,,"{""feed_created"":""20221011T200648Z"",""feed_last_modified"":""20221011T200648Z"",""dtstart_raw"":""20221019T053000Z"",""dtend_raw"":""20221019T073000Z"",""uid"":""3nv3s6p8r59djvf9q94auldr9t@google.com""}",,,2026-09-28,src_bca1599a2f687a1a,first_observation; feed_metadata_is_not_archival_capture
ver_0f23219ee0b7707e,event_editions,evt_08bcafba0cec3b30,1,,"{""feed_created"":""20241111T095433Z"",""feed_last_modified"":""20241111T095433Z"",""dtstart_raw"":""20241120T173000Z"",""dtend_raw"":""20241120T200000Z"",""uid"":""ff3b2814-b07e-40ec-83a3-2a40552ac850""}",,,2026-09-28,src_bca1599a2f687a1a,first_observation; feed_metadata_is_not_archival_capture
ver_c8d4a86155fe9ca6,event_editions,evt_d4391ed425f38787,1,,"{""feed_created"":""20221016T203810Z"",""feed_last_modified"":""20221016T203810Z"",""dtstart_raw"":""20221102T053000Z"",""dtend_raw"":""20221102T073000Z"",""uid"":""6f6a234d-0b69-4b69-bc0d-7f27deccfbf5""}",,,2026-09-28,src_bca1599a2f687a1a,first_observation; feed_metadata_is_not_archival_capture
ver_10765d5919e3cdae,event_editions,evt_674e0f2899f0785f,1,,"{""feed_created"":""20260509T110744Z"",""feed_last_modified"":""20260509T110744Z"",""dtstart_raw"":""20260528T160000Z"",""dtend_raw"":""20260528T190000Z"",""uid"":""d6dafe4b-4e38-445d-9f81-e0be6eea23a9""}",,,2026-09-28,src_bca1599a2f687a1a,first_observation; feed_metadata_is_not_archival_capture
ver_fb6958f8e9e76210,event_editions,evt_7998c14a9b151525,1,,"{""feed_created"":""20220315T111918Z"",""feed_last_modified"":""20220315T111918Z"",""dtstart_raw"":""20220521"",""dtend_raw"":""20220522"",""uid"":""edefe1d8-9714-43b0-ad6f-7bda6c1b88f0""}",,,2026-09-28,src_bca1599a2f687a1a,first_observation; feed_metadata_is_not_archival_capture
ver_cf7779e52eabde16,event_editions,evt_170e4b8fe0a35df5,1,,"{""feed_created"":""20240702T164911Z"",""feed_last_modified"":""20240702T164911Z"",""dtstart_raw"":""20240708T150000Z"",""dtend_raw"":""20240708T163000Z"",""uid"":""0jigsk2e5h8sgvqpt566vrvipm@google.com""}",,,2026-09-28,src_bca1599a2f687a1a,first_observation; feed_metadata_is_not_archival_capture
ver_bd9e2c9937c0de44,event_editions,evt_5bb6b4c24823702f,1,,"{""feed_created"":""20211127T110535Z"",""feed_last_modified"":""20211128T135820Z"",""dtstart_raw"":""20220115T140000Z"",""dtend_raw"":""20220115T213000Z"",""uid"":""1aqvo9favv0faoee6fm2e1qjq0@google.com""}",,,2026-09-28,src_bca1599a2f687a1a,first_observation; feed_metadata_is_not_archival_capture
ver_1f1a0779116bb57e,event_editions,evt_250e9cbd9003182d,1,,"{""feed_created"":""20211021T103027Z"",""feed_last_modified"":""20211021T103027Z"",""dtstart_raw"":""20211018"",""dtend_raw"":""20211023"",""uid"":""22bafce8-91d4-4818-be87-2413bdb945c7""}",,,2026-09-28,src_bca1599a2f687a1a,first_observation; feed_metadata_is_not_archival_capture
ver_b079bd19632c63c7,event_editions,evt_14b6677bf81e7c36,1,,"{""feed_created"":""20230929T110038Z"",""feed_last_modified"":""20230929T110038Z"",""dtstart_raw"":""20231101T051500Z"",""dtend_raw"":""20231101T073000Z"",""uid"":""18nir0o04gham7b4rd5n3u2h9i@google.com""}",,,2026-09-28,src_bca1599a2f687a1a,first_observation; feed_metadata_is_not_archival_capture
ver_645dfb63cc9bb6fb,event_editions,evt_b851210d9a74379e,1,,"{""feed_created"":""20231108T140137Z"",""feed_last_modified"":""20231108T140137Z"",""dtstart_raw"":""20231125"",""dtend_raw"":""20231126"",""uid"":""e8ae8ac4-96f0-4215-9d4b-92ad8f16b79b""}",,,2026-09-28,src_bca1599a2f687a1a,first_observation; feed_metadata_is_not_archival_capture
ver_b485b4ea4c9c0cec,event_editions,evt_237861083c443362,1,,"{""feed_created"":""20240213T094505Z"",""feed_last_modified"":""20240213T094505Z"",""dtstart_raw"":""20240329T170000Z"",""dtend_raw"":""20240329T200000Z"",""uid"":""0r98q3sral0fb3v2b9drk6022d@google.com""}",,,2026-09-28,src_bca1599a2f687a1a,first_observation; feed_metadata_is_not_archival_capture
ver_4292bf4b54cba06e,event_editions,evt_ef3c4e690f28e459,1,,"{""feed_created"":""20250327T082434Z"",""feed_last_modified"":""20250430T123004Z"",""dtstart_raw"":""20250624"",""dtend_raw"":""20250628"",""uid"":""0ipc1up5a0si9b2ur89lop790e@google.com""}",,,2026-09-28,src_bca1599a2f687a1a,first_observation; feed_metadata_is_not_archival_capture
ver_acad6f56dcaabfd9,event_editions,evt_ee7acf29da624ebc,1,,"{""feed_created"":""20220407T101507Z"",""feed_last_modified"":""20220407T101507Z"",""dtstart_raw"":""20220608T160000Z"",""dtend_raw"":""20220608T180000Z"",""uid"":""3ca00258-fc1a-45b6-b5fe-37c83e9f7771""}",,,2026-09-28,src_bca1599a2f687a1a,first_observation; feed_metadata_is_not_archival_capture
ver_23b8593552723305,event_editions,evt_0ceea2c2fffe64a4,1,,"{""feed_created"":""20250702T152139Z"",""feed_last_modified"":""20250702T152139Z"",""dtstart_raw"":""20250715T160000Z"",""dtend_raw"":""20250715T190000Z"",""uid"":""45b3ab80-a027-4f21-a996-86b5ffb27218""}",,,2026-09-28,src_bca1599a2f687a1a,first_observation; feed_metadata_is_not_archival_capture
ver_d23e68e85c394f83,event_editions,evt_844ac8fd0a22bbb6,1,,"{""feed_created"":""20250730T184542Z"",""feed_last_modified"":""20250730T184542Z"",""dtstart_raw"":""20250912"",""dtend_raw"":""20250913"",""uid"":""edfb57ca-e160-4d78-bcc1-02d896956acd""}",,,2026-09-28,src_bca1599a2f687a1a,first_observation; feed_metadata_is_not_archival_capture
ver_e46b05503d70e6c6,event_editions,evt_a1e626ca691ddef7,1,,"{""feed_created"":""20230517T073045Z"",""feed_last_modified"":""20230517T073045Z"",""dtstart_raw"":""20230530T160000Z"",""dtend_raw"":""20230530T180000Z"",""uid"":""1obej6kpd72bdegc7locid4p6g@google.com""}",,,2026-09-28,src_bca1599a2f687a1a,first_observation; feed_metadata_is_not_archival_capture
ver_7fde596f38b68d7d,event_editions,evt_8f5c1797d6c6249c,1,,"{""feed_created"":""20240213T095037Z"",""feed_last_modified"":""20240213T095037Z"",""dtstart_raw"":""20240215T120000Z"",""dtend_raw"":""20240215T140000Z"",""uid"":""2pnf2arrr9dj39n78ddh2cskn9@google.com""}",,,2026-09-28,src_bca1599a2f687a1a,first_observation; feed_metadata_is_not_archival_capture
ver_40246a6ee6eaa51b,event_editions,evt_445347a494f931ef,1,,"{""feed_created"":""20240322T155225Z"",""feed_last_modified"":""20240322T155225Z"",""dtstart_raw"":""20240803T140000Z"",""dtend_raw"":""20240803T223000Z"",""uid"":""0eo56861sfd8ekn99bbf1ichvs@google.com""}",,,2026-09-28,src_bca1599a2f687a1a,first_observation; feed_metadata_is_not_archival_capture
ver_98e37bf10464e48f,event_editions,evt_3236511c5fbdb9e3,1,,"{""feed_created"":""20250514T134902Z"",""feed_last_modified"":""20250514T134902Z"",""dtstart_raw"":""20250601"",""dtend_raw"":""20250602"",""uid"":""3bcb9e23-be63-4d7d-93e5-01aa83600743""}",,,2026-09-28,src_bca1599a2f687a1a,first_observation; feed_metadata_is_not_archival_capture
ver_ce081e631c245dd1,event_editions,evt_ce15cf16caf5d3bd,1,,"{""feed_created"":""20230907T122232Z"",""feed_last_modified"":""20230907T122232Z"",""dtstart_raw"":""20230926T163000Z"",""dtend_raw"":""20230926T183000Z"",""uid"":""55kub2saafenal63qe09elk0h7@google.com""}",,,2026-09-28,src_bca1599a2f687a1a,first_observation; feed_metadata_is_not_archival_capture
ver_84bfa40006179ebd,event_editions,evt_01e4061c934330c2,1,,"{""feed_created"":""20241106T215005Z"",""feed_last_modified"":""20241106T215005Z"",""dtstart_raw"":""20250221"",""dtend_raw"":""20250223"",""uid"":""9de2224e-0bff-40b7-8beb-527db5c8f07b""}",,,2026-09-28,src_bca1599a2f687a1a,first_observation; feed_metadata_is_not_archival_capture
ver_c36edaedd4aa340a,event_editions,evt_5dd8194bb7f06cc7,1,,"{""feed_created"":""20240206T091236Z"",""feed_last_modified"":""20240206T091236Z"",""dtstart_raw"":""20240229T170000Z"",""dtend_raw"":""20240229T200000Z"",""uid"":""8df4c98c-eec2-4428-81b8-d1610d05235d""}",,,2026-09-28,src_bca1599a2f687a1a,first_observation; feed_metadata_is_not_archival_capture
ver_e90163109570136e,event_editions,evt_00864d830f68b89e,1,,"{""feed_created"":""20250626T082204Z"",""feed_last_modified"":""20250626T082204Z"",""dtstart_raw"":""20250722T230000Z"",""dtend_raw"":""20250723T010000Z"",""uid"":""e7690092-5c9a-4ef7-9dbe-ab37a3ba4cbd""}",,,2026-09-28,src_bca1599a2f687a1a,first_observation; feed_metadata_is_not_archival_capture
ver_de350830891af046,event_editions,evt_91114750f94b10a7,1,,"{""feed_created"":""20250109T185642Z"",""feed_last_modified"":""20250109T185642Z"",""dtstart_raw"":""20250129T000000Z"",""dtend_raw"":""20250129T020000Z"",""uid"":""fb9ee722-0cb9-4146-8efc-700daf8979ba""}",,,2026-09-28,src_bca1599a2f687a1a,first_observation; feed_metadata_is_not_archival_capture
ver_851410c92b52bd2d,event_editions,evt_be221b6a281285cf,1,,"{""feed_created"":""20241002T075917Z"",""feed_last_modified"":""20241002T075917Z"",""dtstart_raw"":""20250409T160000Z"",""dtend_raw"":""20250409T190000Z"",""uid"":""11f56251-6aa9-43cb-8115-6bbac6cd9f8e""}",,,2026-09-28,src_bca1599a2f687a1a,first_observation; feed_metadata_is_not_archival_capture
ver_d609c76bd49b2d0f,event_editions,evt_658920bbec4ba64d,1,,"{""feed_created"":""20251102T190006Z"",""feed_last_modified"":""20251102T190006Z"",""dtstart_raw"":""20251108"",""dtend_raw"":""20251109"",""uid"":""cd8e2d9b-528e-4906-8a8c-6af6929187b8""}",,,2026-09-28,src_bca1599a2f687a1a,first_observation; feed_metadata_is_not_archival_capture
ver_d6a19198c3ffa71a,event_editions,evt_9dd56e0eb7028081,1,,"{""feed_created"":""20241213T064713Z"",""feed_last_modified"":""20241213T064713Z"",""dtstart_raw"":""20250116T161500Z"",""dtend_raw"":""20250116T191500Z"",""uid"":""790nuaqtc1ivmvhfs0phbcdcij@google.com""}",,,2026-09-28,src_bca1599a2f687a1a,first_observation; feed_metadata_is_not_archival_capture
ver_4baada6eeb98f9a1,event_editions,evt_d8df7f1b0ef08363,1,,"{""feed_created"":""20230417T095621Z"",""feed_last_modified"":""20230417T095621Z"",""dtstart_raw"":""20230427T070000Z"",""dtend_raw"":""20230427T090000Z"",""uid"":""60rlkcbni0md5ieo9nfo7cr2a8@google.com""}",,,2026-09-28,src_bca1599a2f687a1a,first_observation; feed_metadata_is_not_archival_capture
ver_a21ce9197eef0a38,event_editions,evt_deece9ae0dde839b,1,,"{""feed_created"":""20221118T092902Z"",""feed_last_modified"":""20221118T092902Z"",""dtstart_raw"":""20221217"",""dtend_raw"":""20221218"",""uid"":""5bb1d613-6410-4889-96b0-7937d392f8d0""}",,,2026-09-28,src_bca1599a2f687a1a,first_observation; feed_metadata_is_not_archival_capture
ver_99632965343a9e9f,event_editions,evt_b37423098d2de0d0,1,,"{""feed_created"":""20240913T111745Z"",""feed_last_modified"":""20240913T111745Z"",""dtstart_raw"":""20240926T020000Z"",""dtend_raw"":""20240926T040000Z"",""uid"":""ccbd1972-bc13-4fdf-8f67-7ed47a7ea8af""}",,,2026-09-28,src_bca1599a2f687a1a,first_observation; feed_metadata_is_not_archival_capture
ver_ef0cec1b32173e0e,event_editions,evt_7857b6e5b61e8113,1,,"{""feed_created"":""20230811T100343Z"",""feed_last_modified"":""20230811T100343Z"",""dtstart_raw"":""20240622"",""dtend_raw"":""20240624"",""uid"":""4448a5fb-396a-4faf-99be-f909638452a5""}",,,2026-09-28,src_bca1599a2f687a1a,first_observation; feed_metadata_is_not_archival_capture
ver_2dbae3a6263d6f31,event_editions,evt_41f0bbf19e40cb92,1,,"{""feed_created"":""20260218T153816Z"",""feed_last_modified"":""20260218T153816Z"",""dtstart_raw"":""20260227T150000Z"",""dtend_raw"":""20260227T200000Z"",""uid"":""3da70316-e2d7-44d9-9bc1-648bf42a22be""}",,,2026-09-28,src_bca1599a2f687a1a,first_observation; feed_metadata_is_not_archival_capture
ver_14879811f59d77aa,event_editions,evt_37e193b096bf6988,1,,"{""feed_created"":""20260116T220954Z"",""feed_last_modified"":""20260116T220954Z"",""dtstart_raw"":""20260717"",""dtend_raw"":""20260719"",""uid"":""0de2fec8-f2de-4f7f-93fb-0571be5c3d9d""}",,,2026-09-28,src_bca1599a2f687a1a,first_observation; feed_metadata_is_not_archival_capture
ver_e1f8640410fb6b09,event_editions,evt_48d9533c09b78d56,1,,"{""feed_created"":""20240904T092457Z"",""feed_last_modified"":""20240904T092457Z"",""dtstart_raw"":""20250215"",""dtend_raw"":""20250217"",""uid"":""1bf1bb97-b1cf-448b-81f1-5e85b9273886""}",,,2026-09-28,src_bca1599a2f687a1a,first_observation; feed_metadata_is_not_archival_capture
ver_72e6b6b6f08e213b,event_editions,evt_a115bf26738ad42d,1,,"{""feed_created"":""20220913T083133Z"",""feed_last_modified"":""20220913T083133Z"",""dtstart_raw"":""20221005T053000Z"",""dtend_raw"":""20221005T063000Z"",""uid"":""9ef543a7-970d-4111-bd63-c71fc9987c26""}",,,2026-09-28,src_bca1599a2f687a1a,first_observation; feed_metadata_is_not_archival_capture
ver_ed96cc29c2850886,event_editions,evt_4b39c8f5211cfee6,1,,"{""feed_created"":""20250103T180158Z"",""feed_last_modified"":""20250103T180158Z"",""dtstart_raw"":""20250115T153000Z"",""dtend_raw"":""20250115T173000Z"",""uid"":""e4c5cb78-ff8a-4654-9311-8e1a9275023e""}",,,2026-09-28,src_bca1599a2f687a1a,first_observation; feed_metadata_is_not_archival_capture
ver_b3b26c09569360b5,event_editions,evt_f069c27325b6e65f,1,,"{""feed_created"":""20260522T182705Z"",""feed_last_modified"":""20260522T182705Z"",""dtstart_raw"":""20260530T220000Z"",""dtend_raw"":""20260531T010000Z"",""uid"":""a6ca2183-fbb9-4225-a363-a096d663c9c5""}",,,2026-09-28,src_bca1599a2f687a1a,first_observation; feed_metadata_is_not_archival_capture
ver_0d68139e84124235,event_editions,evt_92297a4781aaf106,1,,"{""feed_created"":""20251002T105435Z"",""feed_last_modified"":""20251002T105435Z"",""dtstart_raw"":""20251104T173000Z"",""dtend_raw"":""20251104T190000Z"",""uid"":""6965b25b-ad70-4736-8e9b-e93e86e1cea1""}",,,2026-09-28,src_bca1599a2f687a1a,first_observation; feed_metadata_is_not_archival_capture
ver_b9f4ffdb96be1936,event_editions,evt_49e4e89e5e899550,1,,"{""feed_created"":""20211105T131522Z"",""feed_last_modified"":""20211105T131522Z"",""dtstart_raw"":""20211124T173000Z"",""dtend_raw"":""20211124T190000Z"",""uid"":""3dqer75q43urj0urvo6888p9t4@google.com""}",,,2026-09-28,src_bca1599a2f687a1a,first_observation; feed_metadata_is_not_archival_capture
ver_104a8001c7c5eb68,event_editions,evt_3f34c2034941660a,1,,"{""feed_created"":""20240728T134836Z"",""feed_last_modified"":""20240728T134836Z"",""dtstart_raw"":""20240816"",""dtend_raw"":""20240817"",""uid"":""040674da-2d73-4a30-bcb6-034a9b9332f3""}",,,2026-09-28,src_bca1599a2f687a1a,first_observation; feed_metadata_is_not_archival_capture
ver_fa8d0e9ea0505bc0,event_editions,evt_8bddd768c74e9754,1,,"{""feed_created"":""20240215T161849Z"",""feed_last_modified"":""20240215T161849Z"",""dtstart_raw"":""20240315"",""dtend_raw"":""20240317"",""uid"":""025d1ec4-029d-448f-b0e9-875fea87f0f5""}",,,2026-09-28,src_bca1599a2f687a1a,first_observation; feed_metadata_is_not_archival_capture
ver_840312a1b50e44ca,event_editions,evt_37fa3737c02797d8,1,,"{""feed_created"":""20250822T094411Z"",""feed_last_modified"":""20250822T094411Z"",""dtstart_raw"":""20250830T010000Z"",""dtend_raw"":""20250830T030000Z"",""uid"":""734f9i9pm3thpt6306m7skgmk2@google.com""}",,,2026-09-28,src_bca1599a2f687a1a,first_observation; feed_metadata_is_not_archival_capture
ver_9859144742d03e94,event_editions,evt_7b8e0c5535e41c76,1,,"{""feed_created"":""20220604T121346Z"",""feed_last_modified"":""20220604T121346Z"",""dtstart_raw"":""20220615T060000Z"",""dtend_raw"":""20220615T083000Z"",""uid"":""50tdhufl95n33naun0617kl3if@google.com""}",,,2026-09-28,src_bca1599a2f687a1a,first_observation; feed_metadata_is_not_archival_capture
ver_1b2e65f19f0f072d,event_editions,evt_c67a0800fc2cf273,1,,"{""feed_created"":""20240625T092354Z"",""feed_last_modified"":""20240625T092514Z"",""dtstart_raw"":""20241004"",""dtend_raw"":""20241005"",""uid"":""3f27f7ee-ed8b-4c4e-9c1b-f482fa408b4f""}",,,2026-09-28,src_bca1599a2f687a1a,first_observation; feed_metadata_is_not_archival_capture
ver_63882f0e008758ad,event_editions,evt_da11409b3457546b,1,,"{""feed_created"":""20220814T114239Z"",""feed_last_modified"":""20220814T114239Z"",""dtstart_raw"":""20230118T170000Z"",""dtend_raw"":""20230118T200000Z"",""uid"":""3a445188-67eb-4f83-a710-735064604129""}",,,2026-09-28,src_bca1599a2f687a1a,first_observation; feed_metadata_is_not_archival_capture
ver_61d4ab2e1b4e8263,event_editions,evt_af294747b83323a8,1,,"{""feed_created"":""20251217T101240Z"",""feed_last_modified"":""20251217T101240Z"",""dtstart_raw"":""20260127T170000Z"",""dtend_raw"":""20260127T200000Z"",""uid"":""2ffc5e33-4185-4907-99ff-d17bd7e40496""}",,,2026-09-28,src_bca1599a2f687a1a,first_observation; feed_metadata_is_not_archival_capture
ver_ed05af5a40ecc6f0,event_editions,evt_7aad3c54d1952d65,1,,"{""feed_created"":""20250702T151755Z"",""feed_last_modified"":""20250702T151755Z"",""dtstart_raw"":""20250901"",""dtend_raw"":""20250902"",""uid"":""cfadfb78-f624-42c4-980e-500a1ab76018""}",,,2026-09-28,src_bca1599a2f687a1a,first_observation; feed_metadata_is_not_archival_capture
ver_7538bb1dbd1959db,event_editions,evt_66cd1d9936a0e2d1,1,,"{""feed_created"":""20250910T094515Z"",""feed_last_modified"":""20250910T094515Z"",""dtstart_raw"":""20260114T170000Z"",""dtend_raw"":""20260114T200000Z"",""uid"":""0d294ba3-cf09-4c70-8460-711b3d34d397""}",,,2026-09-28,src_bca1599a2f687a1a,first_observation; feed_metadata_is_not_archival_capture
ver_57f97cd0075b6e51,event_editions,evt_a66563042f9f42be,1,,"{""feed_created"":""20260604T164711Z"",""feed_last_modified"":""20260604T171211Z"",""dtstart_raw"":""20260926"",""dtend_raw"":""20260928"",""uid"":""bedaf184-6a5e-43b4-ab36-6ef92d971e16""}",,,2026-09-28,src_bca1599a2f687a1a,first_observation; feed_metadata_is_not_archival_capture
ver_8f8b157f775bd7e9,event_editions,evt_c9312b5b50e18e65,1,,"{""feed_created"":""20240812T093434Z"",""feed_last_modified"":""20241012T083847Z"",""dtstart_raw"":""20241016T053000Z"",""dtend_raw"":""20241016T073000Z"",""uid"":""4l299ki3505esht0nejfj9lor2@google.com""}",,,2026-09-28,src_bca1599a2f687a1a,first_observation; feed_metadata_is_not_archival_capture
ver_f012720a6ce09f01,event_editions,evt_79b48c3019b9cdde,1,,"{""feed_created"":""20240206T091703Z"",""feed_last_modified"":""20240206T091703Z"",""dtstart_raw"":""20240327T170000Z"",""dtend_raw"":""20240327T190000Z"",""uid"":""418b3c9e-7ac9-4ce4-8c2d-a2974e9494fe""}",,,2026-09-28,src_bca1599a2f687a1a,first_observation; feed_metadata_is_not_archival_capture
ver_746a151c8d386bba,event_editions,evt_ccdae9cb789ace9e,1,,"{""feed_created"":""20220930T075146Z"",""feed_last_modified"":""20220930T075146Z"",""dtstart_raw"":""20221008"",""dtend_raw"":""20221017"",""uid"":""89f9fdf8-3dd5-46be-950b-87e6377effdd""}",,,2026-09-28,src_bca1599a2f687a1a,first_observation; feed_metadata_is_not_archival_capture
ver_f18089ed276617fd,event_editions,evt_ced74d619da32b81,1,,"{""feed_created"":""20230107T161853Z"",""feed_last_modified"":""20230107T161853Z"",""dtstart_raw"":""20230125T173000Z"",""dtend_raw"":""20230125T190000Z"",""uid"":""4bfvoql3qq3gbe49mkm3hdq839@google.com""}",,,2026-09-28,src_bca1599a2f687a1a,first_observation; feed_metadata_is_not_archival_capture
ver_d31043857b09100c,event_editions,evt_b3e8d71af5ec4f2c,1,,"{""feed_created"":""20260218T154029Z"",""feed_last_modified"":""20260218T154029Z"",""dtstart_raw"":""20260304T183000Z"",""dtend_raw"":""20260304T200000Z"",""uid"":""ddfdc125-6294-430a-bcad-fac480795552""}",,,2026-09-28,src_bca1599a2f687a1a,first_observation; feed_metadata_is_not_archival_capture
ver_6d26ebca5262c00a,event_editions,evt_a5decb723fa4730b,1,,"{""feed_created"":""20240716T140737Z"",""feed_last_modified"":""20240716T140737Z"",""dtstart_raw"":""20240727T160000Z"",""dtend_raw"":""20240727T170000Z"",""uid"":""173ipip40c5tlnaj1cc71qsq04@google.com""}",,,2026-09-28,src_bca1599a2f687a1a,first_observation; feed_metadata_is_not_archival_capture
ver_e3508c6495ef3477,event_editions,evt_ed09337171ba36bf,1,,"{""feed_created"":""20240322T155029Z"",""feed_last_modified"":""20240322T155029Z"",""dtstart_raw"":""20240517T133000Z"",""dtend_raw"":""20240517T223000Z"",""uid"":""50on4udtqm4giq8lfeuegevoae@google.com""}",,,2026-09-28,src_bca1599a2f687a1a,first_observation; feed_metadata_is_not_archival_capture
ver_dadf25262d521331,event_editions,evt_efe17b6e56fd5572,1,,"{""feed_created"":""20241008T091941Z"",""feed_last_modified"":""20241008T091941Z"",""dtstart_raw"":""20241022T153000Z"",""dtend_raw"":""20241022T173000Z"",""uid"":""0e2db132-5c86-4d8f-bf4c-916ba21455ea""}",,,2026-09-28,src_bca1599a2f687a1a,first_observation; feed_metadata_is_not_archival_capture
ver_e7ad7867d7cb5e68,event_editions,evt_5c167a612ca8d75a,1,,"{""feed_created"":""20231003T102410Z"",""feed_last_modified"":""20231003T102410Z"",""dtstart_raw"":""20231013"",""dtend_raw"":""20231014"",""uid"":""0190253f-b173-4a76-9e11-0186a2961569""}",,,2026-09-28,src_bca1599a2f687a1a,first_observation; feed_metadata_is_not_archival_capture
ver_a60440f063a6279c,event_editions,evt_139bb8e3fe07cc24,1,,"{""feed_created"":""20241002T075859Z"",""feed_last_modified"":""20241002T075859Z"",""dtstart_raw"":""20250122T170000Z"",""dtend_raw"":""20250122T200000Z"",""uid"":""69db5683-c9d7-45cc-9884-44d3ceea3186""}",,,2026-09-28,src_bca1599a2f687a1a,first_observation; feed_metadata_is_not_archival_capture
ver_ccc3cd06e1e0aaa2,event_editions,evt_dd777393fb267ac4,1,,"{""feed_created"":""20230809T183606Z"",""feed_last_modified"":""20230809T183606Z"",""dtstart_raw"":""20231116T170000Z"",""dtend_raw"":""20231116T200000Z"",""uid"":""953f86a9-b775-47db-95a8-6f42fb29f0d8""}",,,2026-09-28,src_bca1599a2f687a1a,first_observation; feed_metadata_is_not_archival_capture
ver_1ddb4e3cdf93bf1b,event_editions,evt_26d3fde3019d27f9,1,,"{""feed_created"":""20220930T075150Z"",""feed_last_modified"":""20220930T075150Z"",""dtstart_raw"":""20221022"",""dtend_raw"":""20221031"",""uid"":""3af82b4b-0521-4a18-bf00-d957463f5ed7""}",,,2026-09-28,src_bca1599a2f687a1a,first_observation; feed_metadata_is_not_archival_capture
ver_8f8570a20b21120d,event_editions,evt_6104738bf7f342d5,1,,"{""feed_created"":""20231023T080625Z"",""feed_last_modified"":""20231023T080625Z"",""dtstart_raw"":""20231022"",""dtend_raw"":""20231023"",""uid"":""25l1q0kg23tg6udli14vnqu7rb@google.com""}",,,2026-09-28,src_bca1599a2f687a1a,first_observation; feed_metadata_is_not_archival_capture
ver_df3eef93e3c49493,event_editions,evt_8f7a8a103ca6e3b3,1,,"{""feed_created"":""20230728T123935Z"",""feed_last_modified"":""20230728T124251Z"",""dtstart_raw"":""20230829T160000Z"",""dtend_raw"":""20230829T180000Z"",""uid"":""5eejk56ecl0qnhd2ddh331bdii@google.com""}",,,2026-09-28,src_bca1599a2f687a1a,first_observation; feed_metadata_is_not_archival_capture
ver_4f75ad11234518e2,event_editions,evt_760e30916c3407e0,1,,"{""feed_created"":""20221004T064102Z"",""feed_last_modified"":""20221004T064136Z"",""dtstart_raw"":""20221105T110000Z"",""dtend_raw"":""20221105T114500Z"",""uid"":""1umdvvn5dp3edb02ogobv3u69i@google.com""}",,,2026-09-28,src_bca1599a2f687a1a,first_observation; feed_metadata_is_not_archival_capture
ver_687c27e8a6f3353d,event_editions,evt_6e4f8d575166bbb1,1,,"{""feed_created"":""20220906T092133Z"",""feed_last_modified"":""20220906T092133Z"",""dtstart_raw"":""20220926"",""dtend_raw"":""20220929"",""uid"":""eef9532a-9d4b-440b-a47d-ae91b3d87e9d""}",,,2026-09-28,src_bca1599a2f687a1a,first_observation; feed_metadata_is_not_archival_capture
ver_304fd23acc11f3de,event_editions,evt_bdcbfa76e15b364c,1,,"{""feed_created"":""20250716T080230Z"",""feed_last_modified"":""20250716T080230Z"",""dtstart_raw"":""20251004"",""dtend_raw"":""20251005"",""uid"":""bc848dfb-f893-4469-ac1c-73084bc1fb6a""}",,,2026-09-28,src_bca1599a2f687a1a,first_observation; feed_metadata_is_not_archival_capture
ver_16c4a600a9ab455e,event_editions,evt_aa51f33171bfdff9,1,,"{""feed_created"":""20240206T091023Z"",""feed_last_modified"":""20240206T091023Z"",""dtstart_raw"":""20240221T053000Z"",""dtend_raw"":""20240221T073000Z"",""uid"":""8747af55-ea47-4e89-b531-69fac92bcfca""}",,,2026-09-28,src_bca1599a2f687a1a,first_observation; feed_metadata_is_not_archival_capture
ver_cbae40bfc2be165e,event_editions,evt_3bcd8de3ab5c000e,1,,"{""feed_created"":""20230806T120254Z"",""feed_last_modified"":""20230806T120254Z"",""dtstart_raw"":""20230816T060000Z"",""dtend_raw"":""20230816T083000Z"",""uid"":""88837570-0684-41c3-8043-84789acd74e4""}",,,2026-09-28,src_bca1599a2f687a1a,first_observation; feed_metadata_is_not_archival_capture
ver_46819f6acc94240e,event_editions,evt_db7735680e5a9a2e,1,,"{""feed_created"":""20240410T120553Z"",""feed_last_modified"":""20240410T120553Z"",""dtstart_raw"":""20240427T150000Z"",""dtend_raw"":""20240427T170000Z"",""uid"":""b95a02d9-b06b-46ef-8f0c-dee8eff4ee50""}",,,2026-09-28,src_bca1599a2f687a1a,first_observation; feed_metadata_is_not_archival_capture
ver_10d8431dbc7ed183,event_editions,evt_c85b800434c82e89,1,,"{""feed_created"":""20250910T094525Z"",""feed_last_modified"":""20260415T084732Z"",""dtstart_raw"":""20260603T160000Z"",""dtend_raw"":""20260603T190000Z"",""uid"":""48cfd3e7-cdb1-429a-8ca3-4b8eca50d977""}",,,2026-09-28,src_bca1599a2f687a1a,first_observation; feed_metadata_is_not_archival_capture
ver_ff5916ccadfb3a38,event_editions,evt_b2528b9bd6bd4d42,1,,"{""feed_created"":""20230305T121902Z"",""feed_last_modified"":""20230305T121902Z"",""dtstart_raw"":""20230425T163000Z"",""dtend_raw"":""20230425T180000Z"",""uid"":""a2b90ff4-1f72-4ae0-9573-bbb660921d20""}",,,2026-09-28,src_bca1599a2f687a1a,first_observation; feed_metadata_is_not_archival_capture
ver_0d80c3e9a603bb47,event_editions,evt_d0efbb7202548412,1,,"{""feed_created"":""20260619T115752Z"",""feed_last_modified"":""20260619T115752Z"",""dtstart_raw"":""20260702T171500Z"",""dtend_raw"":""20260702T200000Z"",""uid"":""748ea24b-5fa0-492f-9da4-351ca7d7ce85""}",,,2026-09-28,src_bca1599a2f687a1a,first_observation; feed_metadata_is_not_archival_capture
ver_987b83893654e0b9,event_editions,evt_3db6955dac280dc7,1,,"{""feed_created"":""20240730T183017Z"",""feed_last_modified"":""20240730T183017Z"",""dtstart_raw"":""20240726"",""dtend_raw"":""20240731"",""uid"":""0e408d96-bee1-495d-98f6-79e3e2c1ee9a""}",,,2026-09-28,src_bca1599a2f687a1a,first_observation; feed_metadata_is_not_archival_capture
ver_c7256c9f0686ac01,event_editions,evt_41ce7e5d9eb3b27f,1,,"{""feed_created"":""20241106T082807Z"",""feed_last_modified"":""20241106T082807Z"",""dtstart_raw"":""20241116T110000Z"",""dtend_raw"":""20241116T203000Z"",""uid"":""325crnm0f4heh1go399oksqdt6@google.com""}",,,2026-09-28,src_bca1599a2f687a1a,first_observation; feed_metadata_is_not_archival_capture
ver_d1c33cef97b6e176,event_editions,evt_5c2c88495656db3b,1,,"{""feed_created"":""20260716T133935Z"",""feed_last_modified"":""20260716T133935Z"",""dtstart_raw"":""20260823"",""dtend_raw"":""20260824"",""uid"":""48b49b53-2dbe-447f-9115-c6d1877dce12""}",,,2026-09-28,src_bca1599a2f687a1a,first_observation; feed_metadata_is_not_archival_capture
ver_e217fc243af64038,event_editions,evt_aaf98d0fc4d7f8db,1,,"{""feed_created"":""20240716T141143Z"",""feed_last_modified"":""20240716T141143Z"",""dtstart_raw"":""20241027T070000Z"",""dtend_raw"":""20241027T080000Z"",""uid"":""2o4f926j5lg8bj2arl6b2ni9bd@google.com""}",,,2026-09-28,src_bca1599a2f687a1a,first_observation; feed_metadata_is_not_archival_capture
ver_e77c74cd5bb81867,event_editions,evt_0cc38d4f6188a546,1,,"{""feed_created"":""20220723T131518Z"",""feed_last_modified"":""20220723T131518Z"",""dtstart_raw"":""20220803T060000Z"",""dtend_raw"":""20220803T083000Z"",""uid"":""5kh8kgafprvumg805itno3mtab@google.com""}",,,2026-09-28,src_bca1599a2f687a1a,first_observation; feed_metadata_is_not_archival_capture
ver_4b3623a1beb71117,event_editions,evt_e9ad69a87f4e2b65,1,,"{""feed_created"":""20260725T092405Z"",""feed_last_modified"":""20260725T092406Z"",""dtstart_raw"":""20260813T070000Z"",""dtend_raw"":""20260813T100000Z"",""uid"":""676620ad-5043-4ec4-9149-2864b0ba3631""}",,,2026-09-28,src_bca1599a2f687a1a,first_observation; feed_metadata_is_not_archival_capture
ver_566786267cbec5a2,event_editions,evt_68eb0ef36110237d,1,,"{""feed_created"":""20221109T154350Z"",""feed_last_modified"":""20221109T154350Z"",""dtstart_raw"":""20221117T010000Z"",""dtend_raw"":""20221117T030000Z"",""uid"":""439t40gbockkdk4bnrshapdd6s@google.com""}",,,2026-09-28,src_bca1599a2f687a1a,first_observation; feed_metadata_is_not_archival_capture
ver_df6472799df9ebf9,event_editions,evt_0611b9f3cde6cf20,1,,"{""feed_created"":""20231020T151621Z"",""feed_last_modified"":""20231020T151621Z"",""dtstart_raw"":""20231028T190000Z"",""dtend_raw"":""20231028T200000Z"",""uid"":""2n3p2rtdd1p44it7n6pck6b3nn@google.com""}",,,2026-09-28,src_bca1599a2f687a1a,first_observation; feed_metadata_is_not_archival_capture
ver_c25b2c820d105abe,event_editions,evt_b5aae5c6c0fb93c5,1,,"{""feed_created"":""20250212T123447Z"",""feed_last_modified"":""20250212T123447Z"",""dtstart_raw"":""20250629"",""dtend_raw"":""20250630"",""uid"":""42052069-e5e0-4791-ba8f-4aa61c93513b""}",,,2026-09-28,src_bca1599a2f687a1a,first_observation; feed_metadata_is_not_archival_capture
ver_c61491f9f25e189d,event_editions,evt_9f891a159c7bbec0,1,,"{""feed_created"":""20220909T154222Z"",""feed_last_modified"":""20220909T154222Z"",""dtstart_raw"":""20221126T080000Z"",""dtend_raw"":""20221126T173000Z"",""uid"":""1vr1ma4o53b71fr14dag9uo943@google.com""}",,,2026-09-28,src_bca1599a2f687a1a,first_observation; feed_metadata_is_not_archival_capture
ver_493fe6527dfc8ed7,event_editions,evt_ef7800e95f8ac383,1,,"{""feed_created"":""20221201T084004Z"",""feed_last_modified"":""20221201T084004Z"",""dtstart_raw"":""20221129T060000Z"",""dtend_raw"":""20221129T140000Z"",""uid"":""8c0aa7a8-fd6f-4cde-9d67-0f0bd83fc7a1""}",,,2026-09-28,src_bca1599a2f687a1a,first_observation; feed_metadata_is_not_archival_capture
ver_cecc3f920e6d2c47,event_editions,evt_bfee1a061e0fbaf8,1,,"{""feed_created"":""20240610T112030Z"",""feed_last_modified"":""20240610T112030Z"",""dtstart_raw"":""20240625T160000Z"",""dtend_raw"":""20240625T190000Z"",""uid"":""8e794a0a-6fc4-4f69-b11a-82d4bb34fb34""}",,,2026-09-28,src_bca1599a2f687a1a,first_observation; feed_metadata_is_not_archival_capture
ver_92905d2a12bc718f,event_editions,evt_9de44038af9835c6,1,,"{""feed_created"":""20230410T145047Z"",""feed_last_modified"":""20230410T145047Z"",""dtstart_raw"":""20230527"",""dtend_raw"":""20230528"",""uid"":""7ec00eb8-25fe-4a99-8a0e-cca808037f5b""}",,,2026-09-28,src_bca1599a2f687a1a,first_observation; feed_metadata_is_not_archival_capture
ver_863b7f514d09e2e7,event_editions,evt_deb65e7bf14584b1,1,,"{""feed_created"":""20241007T141522Z"",""feed_last_modified"":""20241007T141522Z"",""dtstart_raw"":""20241022T163000Z"",""dtend_raw"":""20241022T190000Z"",""uid"":""5eac94c3-7f29-4c08-8ad2-5c1362cf092f""}",,,2026-09-28,src_bca1599a2f687a1a,first_observation; feed_metadata_is_not_archival_capture
ver_cb5726b624b9b942,event_editions,evt_be4859aae6a87199,1,,"{""feed_created"":""20221118T094432Z"",""feed_last_modified"":""20221118T094432Z"",""dtstart_raw"":""20221123T053000Z"",""dtend_raw"":""20221123T063000Z"",""uid"":""b332b5f7-7057-418b-b31e-1c631092e51a""}",,,2026-09-28,src_bca1599a2f687a1a,first_observation; feed_metadata_is_not_archival_capture
ver_e3e3310b73de526d,event_editions,evt_54616bd8f4394e1a,1,,"{""feed_created"":""20230529T124110Z"",""feed_last_modified"":""20230529T124110Z"",""dtstart_raw"":""20230617"",""dtend_raw"":""20230618"",""uid"":""00v8b3hpj790pn1t4hk1suqrkm@google.com""}",,,2026-09-28,src_bca1599a2f687a1a,first_observation; feed_metadata_is_not_archival_capture
ver_5fd34f2f3de329bf,event_editions,evt_49518cbe2d657cdb,1,,"{""feed_created"":""20241122T140535Z"",""feed_last_modified"":""20241122T140535Z"",""dtstart_raw"":""20241207T153000Z"",""dtend_raw"":""20241207T170000Z"",""uid"":""756182ac-d74d-4bff-a6f8-b1a3048ea7cd""}",,,2026-09-28,src_bca1599a2f687a1a,first_observation; feed_metadata_is_not_archival_capture
ver_9814f23d714b3eea,event_editions,evt_65e9889355453238,1,,"{""feed_created"":""20211013T123006Z"",""feed_last_modified"":""20211013T123024Z"",""dtstart_raw"":""20211027T160000Z"",""dtend_raw"":""20211027T180000Z"",""uid"":""19c524ad-4640-41a4-ade0-33dfc2a2bb8d""}",,,2026-09-28,src_bca1599a2f687a1a,first_observation; feed_metadata_is_not_archival_capture
ver_6f134ab2d8d52ad9,event_editions,evt_297a33a6d4ca6bbe,1,,"{""feed_created"":""20250730T184447Z"",""feed_last_modified"":""20250730T184447Z"",""dtstart_raw"":""20250901"",""dtend_raw"":""20250906"",""uid"":""4a2d9b8d-3bb6-415f-b9b8-7d7013185469""}",,,2026-09-28,src_bca1599a2f687a1a,first_observation; feed_metadata_is_not_archival_capture
ver_d23cc0a5a0407d21,event_editions,evt_8d5e20dcbae7f181,1,,"{""feed_created"":""20240702T165156Z"",""feed_last_modified"":""20240702T165156Z"",""dtstart_raw"":""20240708T001500Z"",""dtend_raw"":""20240708T011500Z"",""uid"":""5evnts34tfkdt8bej2jvesnuhu@google.com""}",,,2026-09-28,src_bca1599a2f687a1a,first_observation; feed_metadata_is_not_archival_capture
ver_4e9b181ffd8ed960,event_editions,evt_9c1c29547f87b7cf,1,,"{""feed_created"":""20230530T164826Z"",""feed_last_modified"":""20230817T150507Z"",""dtstart_raw"":""20230927T160000Z"",""dtend_raw"":""20230927T190000Z"",""uid"":""2f9f22a6-b429-4b49-89ab-af76ca497b1e""}",,,2026-09-28,src_bca1599a2f687a1a,first_observation; feed_metadata_is_not_archival_capture
ver_7282b610df837acd,event_editions,evt_00bcf0d9ffdab436,1,,"{""feed_created"":""20240416T144621Z"",""feed_last_modified"":""20240416T144621Z"",""dtstart_raw"":""20240504"",""dtend_raw"":""20240505"",""uid"":""b04c93af-f5dd-4f95-9a67-61c3bea54b06""}",,,2026-09-28,src_bca1599a2f687a1a,first_observation; feed_metadata_is_not_archival_capture
ver_0fad9e2a98c4918f,event_editions,evt_0d678bd87419fb42,1,,"{""feed_created"":""20240206T091453Z"",""feed_last_modified"":""20240206T091453Z"",""dtstart_raw"":""20240323T120000Z"",""dtend_raw"":""20240323T173000Z"",""uid"":""50195a8c-3470-466e-bdcd-97cee00d4a82""}",,,2026-09-28,src_bca1599a2f687a1a,first_observation; feed_metadata_is_not_archival_capture
ver_38fe04b012a72583,event_editions,evt_b2785723547d9f93,1,,"{""feed_created"":""20240428T114612Z"",""feed_last_modified"":""20240428T114612Z"",""dtstart_raw"":""20240615"",""dtend_raw"":""20240617"",""uid"":""e470a8cf-23df-4918-9d1c-9dcd9b5fde07""}",,,2026-09-28,src_bca1599a2f687a1a,first_observation; feed_metadata_is_not_archival_capture
ver_325b3c1a50621ca1,event_editions,evt_74610ad3e150a658,1,,"{""feed_created"":""20230819T102240Z"",""feed_last_modified"":""20230819T102240Z"",""dtstart_raw"":""20231029T090000Z"",""dtend_raw"":""20231029T110000Z"",""uid"":""1dd45ad4-54e4-44e4-b76b-1b89782a5378""}",,,2026-09-28,src_bca1599a2f687a1a,first_observation; feed_metadata_is_not_archival_capture
ver_eb42360d1fb5a6bb,event_editions,evt_7ad8465d3f7e9d49,1,,"{""feed_created"":""20250207T110848Z"",""feed_last_modified"":""20250207T110848Z"",""dtstart_raw"":""20250327T190000Z"",""dtend_raw"":""20250327T210000Z"",""uid"":""e167c551-8fe9-4e26-9681-ae05917b5a86""}",,,2026-09-28,src_bca1599a2f687a1a,first_observation; feed_metadata_is_not_archival_capture
ver_6f1666e2004489e7,event_editions,evt_fd2d5fdf56c6d2cf,1,,"{""feed_created"":""20240118T191052Z"",""feed_last_modified"":""20240118T191052Z"",""dtstart_raw"":""20240124T000000Z"",""dtend_raw"":""20240124T020000Z"",""uid"":""d54149ed-994c-4e67-ba68-00c8270d43f9""}",,,2026-09-28,src_bca1599a2f687a1a,first_observation; feed_metadata_is_not_archival_capture
ver_edcab1bcbabc9bc0,event_editions,evt_fdbd689a6182dd06,1,,"{""feed_created"":""20250430T123100Z"",""feed_last_modified"":""20250430T123100Z"",""dtstart_raw"":""20250620"",""dtend_raw"":""20250623"",""uid"":""3685666c-4326-478c-9afb-975c85827028""}",,,2026-09-28,src_bca1599a2f687a1a,first_observation; feed_metadata_is_not_archival_capture
ver_9c05f86aa408c8b6,event_editions,evt_33bde9ebde92de31,1,,"{""feed_created"":""20230519T204352Z"",""feed_last_modified"":""20230519T204553Z"",""dtstart_raw"":""20230620"",""dtend_raw"":""20230621"",""uid"":""46427c40-4a49-4527-92f4-7163417c52ed""}",,,2026-09-28,src_bca1599a2f687a1a,first_observation; feed_metadata_is_not_archival_capture
ver_2efee7c39ab3f58d,event_editions,evt_a2620ac1885e7bfb,1,,"{""feed_created"":""20250603T163607Z"",""feed_last_modified"":""20250618T175749Z"",""dtstart_raw"":""20250606T020000Z"",""dtend_raw"":""20250606T040000Z"",""uid"":""4dda782f-f962-4c6d-a93f-77f36efe103f""}",,,2026-09-28,src_bca1599a2f687a1a,first_observation; feed_metadata_is_not_archival_capture
ver_fb768447299b82fa,event_editions,evt_b22971bfb1a27ed6,1,,"{""feed_created"":""20260419T095738Z"",""feed_last_modified"":""20260419T095738Z"",""dtstart_raw"":""20260618T210000Z"",""dtend_raw"":""20260619T000000Z"",""uid"":""86fc54c9-6da1-49c8-90fb-ae44314ac946""}",,,2026-09-28,src_bca1599a2f687a1a,first_observation; feed_metadata_is_not_archival_capture
ver_6f7f8a03b9b883e5,event_editions,evt_404d84596af4ef95,1,,"{""feed_created"":""20250430T122539Z"",""feed_last_modified"":""20250430T122539Z"",""dtstart_raw"":""20250628"",""dtend_raw"":""20250629"",""uid"":""9184c0bc-9b3f-480f-81e6-1bb71b820316""}",,,2026-09-28,src_bca1599a2f687a1a,first_observation; feed_metadata_is_not_archival_capture
ver_dbf3231b3ca07458,event_editions,evt_0631c3cfb3c6e098,1,,"{""feed_created"":""20251112T144925Z"",""feed_last_modified"":""20251112T144925Z"",""dtstart_raw"":""20251125T173000Z"",""dtend_raw"":""20251125T200000Z"",""uid"":""08abrl1f9krh3ut18os3iqlv2i@google.com""}",,,2026-09-28,src_bca1599a2f687a1a,first_observation; feed_metadata_is_not_archival_capture
ver_11ad19f89053367e,event_editions,evt_e173473e19838ae0,1,,"{""feed_created"":""20260310T200028Z"",""feed_last_modified"":""20260310T200028Z"",""dtstart_raw"":""20260328"",""dtend_raw"":""20260329"",""uid"":""d5956054-0112-44e5-8fdb-32457a8b9666""}",,,2026-09-28,src_bca1599a2f687a1a,first_observation; feed_metadata_is_not_archival_capture
ver_368363e44eb84139,event_editions,evt_57ecf42ccd9ab381,1,,"{""feed_created"":""20230105T125126Z"",""feed_last_modified"":""20230105T125126Z"",""dtstart_raw"":""20230322T170000Z"",""dtend_raw"":""20230322T200000Z"",""uid"":""1d430582-dbec-4434-84bf-44635ad5f060""}",,,2026-09-28,src_bca1599a2f687a1a,first_observation; feed_metadata_is_not_archival_capture
ver_dc9c7be31d87ffa1,event_editions,evt_0e8d3cac5415913d,1,,"{""feed_created"":""20241123T153752Z"",""feed_last_modified"":""20241123T153752Z"",""dtstart_raw"":""20241210T170000Z"",""dtend_raw"":""20241210T190000Z"",""uid"":""702a2eed-e14e-46dd-99ed-827ce7802d10""}",,,2026-09-28,src_bca1599a2f687a1a,first_observation; feed_metadata_is_not_archival_capture
ver_a1ed00d83e13d3d9,event_editions,evt_6510146ff10d9a69,1,,"{""feed_created"":""20260116T215422Z"",""feed_last_modified"":""20260116T215422Z"",""dtstart_raw"":""20260221"",""dtend_raw"":""20260222"",""uid"":""c0f85db0-9dd7-4f12-9d1d-a3c74a65c1bd""}",,,2026-09-28,src_bca1599a2f687a1a,first_observation; feed_metadata_is_not_archival_capture
ver_e4c23a244f07d8e4,event_editions,evt_a498793e98a647af,1,,"{""feed_created"":""20220915T101301Z"",""feed_last_modified"":""20220919T091319Z"",""dtstart_raw"":""20221031T170000Z"",""dtend_raw"":""20221031T190000Z"",""uid"":""7iaf0pk3ebhedhfijnobkpr1lk@google.com""}",,,2026-09-28,src_bca1599a2f687a1a,first_observation; feed_metadata_is_not_archival_capture
ver_b48140bd7e47cde8,event_editions,evt_3fe2f73a2602b6e9,1,,"{""feed_created"":""20221118T130355Z"",""feed_last_modified"":""20221118T130355Z"",""dtstart_raw"":""20221129T163000Z"",""dtend_raw"":""20221129T190000Z"",""uid"":""1qmrdho9slhbcka29t748g5l6e@google.com""}",,,2026-09-28,src_bca1599a2f687a1a,first_observation; feed_metadata_is_not_archival_capture
ver_04be2ce08aa2c748,event_editions,evt_fb99546d8a1fa641,1,,"{""feed_created"":""20230128T162537Z"",""feed_last_modified"":""20230128T162537Z"",""dtstart_raw"":""20230215T050000Z"",""dtend_raw"":""20230215T073000Z"",""uid"":""0vblmsr9s4a4ft5hta8f6kkmv1@google.com""}",,,2026-09-28,src_bca1599a2f687a1a,first_observation; feed_metadata_is_not_archival_capture
ver_6ec8c2424af7cc1f,event_editions,evt_1936bd31f6d0da12,1,,"{""feed_created"":""20250313T094046Z"",""feed_last_modified"":""20250313T094046Z"",""dtstart_raw"":""20250320"",""dtend_raw"":""20250321"",""uid"":""b5155dba-f862-4e06-a38d-559b95bbf49c""}",,,2026-09-28,src_bca1599a2f687a1a,first_observation; feed_metadata_is_not_archival_capture
ver_b22f3cbf9832d422,event_editions,evt_50204350f64d8341,1,,"{""feed_created"":""20220102T132556Z"",""feed_last_modified"":""20220102T132556Z"",""dtstart_raw"":""20220119T170000Z"",""dtend_raw"":""20220119T190000Z"",""uid"":""5f3e89f7-7578-45dd-a265-b0f49c97f3ad""}",,,2026-09-28,src_bca1599a2f687a1a,first_observation; feed_metadata_is_not_archival_capture
ver_4530486ad35976ff,event_editions,evt_ad212682e70e4bad,1,,"{""feed_created"":""20230308T095553Z"",""feed_last_modified"":""20230308T095553Z"",""dtstart_raw"":""20230315T050000Z"",""dtend_raw"":""20230315T073000Z"",""uid"":""0hr00pqnv82dsd6p9uce5dufo3@google.com""}",,,2026-09-28,src_bca1599a2f687a1a,first_observation; feed_metadata_is_not_archival_capture
ver_9bbdaddb30cf460d,event_editions,evt_a9df4aa4f0c59e41,1,,"{""feed_created"":""20230227T192642Z"",""feed_last_modified"":""20230227T192642Z"",""dtstart_raw"":""20230729"",""dtend_raw"":""20230731"",""uid"":""adbef5ac-45e8-42de-bac9-940a13555802""}",,,2026-09-28,src_bca1599a2f687a1a,first_observation; feed_metadata_is_not_archival_capture
ver_133a2ef233cefda2,event_editions,evt_4afc5a8d48e6af22,1,,"{""feed_created"":""20251103T133817Z"",""feed_last_modified"":""20251103T133817Z"",""dtstart_raw"":""20251115"",""dtend_raw"":""20251117"",""uid"":""f06e2b3c-627d-49bf-9b97-29dee086ba48""}",,,2026-09-28,src_bca1599a2f687a1a,first_observation; feed_metadata_is_not_archival_capture
ver_163108ec55634857,event_editions,evt_db634b47ec5ad1ca,1,,"{""feed_created"":""20220801T103649Z"",""feed_last_modified"":""20220801T104013Z"",""dtstart_raw"":""20220817T060000Z"",""dtend_raw"":""20220817T063000Z"",""uid"":""2lssoqlsg9f1imqsaefcbsm1is@google.com""}",,,2026-09-28,src_bca1599a2f687a1a,first_observation; feed_metadata_is_not_archival_capture
ver_6d361f3e435c6262,event_editions,evt_0d1ddc84cd41f2d6,1,,"{""feed_created"":""20230821T111632Z"",""feed_last_modified"":""20230821T111632Z"",""dtstart_raw"":""20231008"",""dtend_raw"":""20231009"",""uid"":""c828d68b-d991-49a0-b542-7bbe5b9758ff""}",,,2026-09-28,src_bca1599a2f687a1a,first_observation; feed_metadata_is_not_archival_capture
ver_9a247674178d46b1,event_editions,evt_67e7ddb82f22d155,1,,"{""feed_created"":""20251117T095621Z"",""feed_last_modified"":""20251117T095621Z"",""dtstart_raw"":""20260122T181500Z"",""dtend_raw"":""20260122T210000Z"",""uid"":""b060f3ba-8d41-4157-ab23-876ca060bb8c""}",,,2026-09-28,src_bca1599a2f687a1a,first_observation; feed_metadata_is_not_archival_capture
ver_a501d034b68140f4,event_editions,evt_5cdd70a815217204,1,,"{""feed_created"":""20231213T102607Z"",""feed_last_modified"":""20231213T102607Z"",""dtstart_raw"":""20240224"",""dtend_raw"":""20240225"",""uid"":""3c2855cc-ddbd-4b37-9b97-bc5e11a4e395""}",,,2026-09-28,src_bca1599a2f687a1a,first_observation; feed_metadata_is_not_archival_capture
ver_3fa4fb9584561350,event_editions,evt_3de6f81a748d1ff2,1,,"{""feed_created"":""20240220T175534Z"",""feed_last_modified"":""20240220T175534Z"",""dtstart_raw"":""20240329"",""dtend_raw"":""20240402"",""uid"":""ef86d6c5-01a6-4e87-82b6-e39e4d73c00f""}",,,2026-09-28,src_bca1599a2f687a1a,first_observation; feed_metadata_is_not_archival_capture
ver_ebbbb0f90250e887,event_editions,evt_06a4ef859b8ffa95,1,,"{""feed_created"":""20250212T122956Z"",""feed_last_modified"":""20250212T122956Z"",""dtstart_raw"":""20250215T090000Z"",""dtend_raw"":""20250215T110000Z"",""uid"":""49f7b453-e667-46e7-998d-e1f5e615ca94""}",,,2026-09-28,src_bca1599a2f687a1a,first_observation; feed_metadata_is_not_archival_capture
ver_51aca613f530a971,event_editions,evt_b1501c4fbd3cac53,1,,"{""feed_created"":""20240415T091751Z"",""feed_last_modified"":""20240415T091751Z"",""dtstart_raw"":""20240423T160000Z"",""dtend_raw"":""20240423T180000Z"",""uid"":""4aa4ab64-d00d-48bb-8d38-e0bc36745c7b""}",,,2026-09-28,src_bca1599a2f687a1a,first_observation; feed_metadata_is_not_archival_capture
ver_000cea9d0830d5b6,event_editions,evt_089b29f7a862852b,1,,"{""feed_created"":""20250328T083910Z"",""feed_last_modified"":""20250328T083910Z"",""dtstart_raw"":""20250518T120000Z"",""dtend_raw"":""20250518T210000Z"",""uid"":""5plbd9d71n7n4eh1d36rnji9bu@google.com""}",,,2026-09-28,src_bca1599a2f687a1a,first_observation; feed_metadata_is_not_archival_capture
ver_eee97333bdeca030,event_editions,evt_7129909b558a2c85,1,,"{""feed_created"":""20220520T141428Z"",""feed_last_modified"":""20220520T141428Z"",""dtstart_raw"":""20220609T163000Z"",""dtend_raw"":""20220609T173000Z"",""uid"":""d997b54b-0263-41e5-84da-0ec855b917f7""}",,,2026-09-28,src_bca1599a2f687a1a,first_observation; feed_metadata_is_not_archival_capture
ver_1aba4be82cc16262,event_editions,evt_920139456a6959c8,1,,"{""feed_created"":""20250103T211714Z"",""feed_last_modified"":""20250103T211714Z"",""dtstart_raw"":""20250127T190000Z"",""dtend_raw"":""20250127T210000Z"",""uid"":""26701241-2424-463e-9e37-d862fe619607""}",,,2026-09-28,src_bca1599a2f687a1a,first_observation; feed_metadata_is_not_archival_capture
ver_e49619c387fcf894,event_editions,evt_2036f81b0ea8dcd7,1,,"{""feed_created"":""20250610T090557Z"",""feed_last_modified"":""20250610T090557Z"",""dtstart_raw"":""20250703T020000Z"",""dtend_raw"":""20250703T040000Z"",""uid"":""c64cb080-232c-43bd-a96d-728d6cbcf026""}",,,2026-09-28,src_bca1599a2f687a1a,first_observation; feed_metadata_is_not_archival_capture
ver_751853d6710c5bed,event_editions,evt_6c4c049d26869e0b,1,,"{""feed_created"":""20250430T123224Z"",""feed_last_modified"":""20250430T123224Z"",""dtstart_raw"":""20250617"",""dtend_raw"":""20250620"",""uid"":""f7ffa0b5-9bb0-431c-9193-f29f97431edc""}",,,2026-09-28,src_bca1599a2f687a1a,first_observation; feed_metadata_is_not_archival_capture
ver_a4afd121684e279c,event_editions,evt_5ae4d3c86fbc9f55,1,,"{""feed_created"":""20231023T080607Z"",""feed_last_modified"":""20231023T080607Z"",""dtstart_raw"":""20231105"",""dtend_raw"":""20231106"",""uid"":""7a6vv1tgqobc3p6agqdggi5jgb@google.com""}",,,2026-09-28,src_bca1599a2f687a1a,first_observation; feed_metadata_is_not_archival_capture
ver_bcdfaf0edf144756,event_editions,evt_256ca699c1ec267e,1,,"{""feed_created"":""20231129T084529Z"",""feed_last_modified"":""20231129T084529Z"",""dtstart_raw"":""20231205T173000Z"",""dtend_raw"":""20231205T193000Z"",""uid"":""37ce825a-7d68-4a44-99ab-654a5c1cb53f""}",,,2026-09-28,src_bca1599a2f687a1a,first_observation; feed_metadata_is_not_archival_capture
ver_db2fe14a9cbf6c52,event_editions,evt_ed7da201fe6279d6,1,,"{""feed_created"":""20250424T160215Z"",""feed_last_modified"":""20250424T164603Z"",""dtstart_raw"":""20250607"",""dtend_raw"":""20250608"",""uid"":""a807ec06-4f00-4169-bda5-548ab7071e47""}",,,2026-09-28,src_bca1599a2f687a1a,first_observation; feed_metadata_is_not_archival_capture
ver_e15c5b9d0a5843f4,event_editions,evt_89cf10578ce09a61,1,,"{""feed_created"":""20230503T091551Z"",""feed_last_modified"":""20230503T091551Z"",""dtstart_raw"":""20230725"",""dtend_raw"":""20230729"",""uid"":""d235be63-d0b9-4116-bb57-4684089f7b86""}",,,2026-09-28,src_bca1599a2f687a1a,first_observation; feed_metadata_is_not_archival_capture
ver_a8f1aa221a170fd8,event_editions,evt_b60a357de57ecae7,1,,"{""feed_created"":""20230410T145630Z"",""feed_last_modified"":""20230410T145631Z"",""dtstart_raw"":""20230419T063000Z"",""dtend_raw"":""20230419T083000Z"",""uid"":""9b874f4b-ab3b-4954-95c7-d9039731087d""}",,,2026-09-28,src_bca1599a2f687a1a,first_observation; feed_metadata_is_not_archival_capture
ver_8ebb7def59c4f7c2,event_editions,evt_1e50542671b4be2e,1,,"{""feed_created"":""20230809T183807Z"",""feed_last_modified"":""20230809T183807Z"",""dtstart_raw"":""20231205T170000Z"",""dtend_raw"":""20231205T200000Z"",""uid"":""9ac1052a-0aa7-477c-9903-85f635f14bd3""}",,,2026-09-28,src_bca1599a2f687a1a,first_observation; feed_metadata_is_not_archival_capture
ver_b53ace3d56a93bb6,event_editions,evt_6c3f273c022c3ada,1,,"{""feed_created"":""20250204T132127Z"",""feed_last_modified"":""20250204T132303Z"",""dtstart_raw"":""20250222T080000"",""dtend_raw"":""20250222T160000"",""uid"":""0c6j3c27pduvkkmjq197j15ues@google.com""}",,,2026-09-28,src_bca1599a2f687a1a,first_observation; feed_metadata_is_not_archival_capture
ver_46aa0e440df94415,event_editions,evt_be1ca948d9ec7102,1,,"{""feed_created"":""20250430T122644Z"",""feed_last_modified"":""20250430T122644Z"",""dtstart_raw"":""20250510"",""dtend_raw"":""20250511"",""uid"":""92243486-2d6e-4929-8e07-0e6134f47e37""}",,,2026-09-28,src_bca1599a2f687a1a,first_observation; feed_metadata_is_not_archival_capture
ver_aa032db89a332eff,event_editions,evt_fa4ae51ab4966e57,1,,"{""feed_created"":""20240913T111741Z"",""feed_last_modified"":""20240913T111741Z"",""dtstart_raw"":""20240925T063000Z"",""dtend_raw"":""20240925T083000Z"",""uid"":""74e2640a-7644-480b-81f6-db76873d849b""}",,,2026-09-28,src_bca1599a2f687a1a,first_observation; feed_metadata_is_not_archival_capture
ver_b7c437ac7009b186,event_editions,evt_8defeece9bb0ac7c,1,,"{""feed_created"":""20251002T105546Z"",""feed_last_modified"":""20251002T105546Z"",""dtstart_raw"":""20251101"",""dtend_raw"":""20251102"",""uid"":""cb60952e-e9eb-41b8-949d-0092edfe1ebf""}",,,2026-09-28,src_bca1599a2f687a1a,first_observation; feed_metadata_is_not_archival_capture
ver_cfb9b45433ac8952,event_editions,evt_ff9a7403635948a0,1,,"{""feed_created"":""20211210T150356Z"",""feed_last_modified"":""20211210T150356Z"",""dtstart_raw"":""20211211T090000Z"",""dtend_raw"":""20211211T180000Z"",""uid"":""316npc23pepggoflvpn5740p0b@google.com""}",,,2026-09-28,src_bca1599a2f687a1a,first_observation; feed_metadata_is_not_archival_capture
ver_610e12bd23b13b41,event_editions,evt_437f2683530c8fa9,1,,"{""feed_created"":""20221016T202445Z"",""feed_last_modified"":""20221016T202446Z"",""dtstart_raw"":""20221012T053000Z"",""dtend_raw"":""20221012T073000Z"",""uid"":""75im8cj360r66bb2c9h3ab9k6dj3eb9o6th3ebb261h66eb164p3ic1g60@google.com""}",,,2026-09-28,src_bca1599a2f687a1a,first_observation; feed_metadata_is_not_archival_capture
ver_c4852072f2631a25,event_editions,evt_64031b1829b32e15,1,,"{""feed_created"":""20260926T131606Z"",""feed_last_modified"":""20260926T131607Z"",""dtstart_raw"":""20271130T170000Z"",""dtend_raw"":""20271130T200000Z"",""uid"":""305fa12e-ef72-4651-b5b9-f2d455e59797""}",,,2026-09-28,src_bca1599a2f687a1a,first_observation; feed_metadata_is_not_archival_capture
ver_36dd5d1ae2e51ca5,event_editions,evt_5838fadfc1b5d04e,1,,"{""feed_created"":""20211207T140118Z"",""feed_last_modified"":""20211207T140118Z"",""dtstart_raw"":""20211215T160000Z"",""dtend_raw"":""20211215T180000Z"",""uid"":""a474ef31-c752-4d83-bfe6-88f21e1874f9""}",,,2026-09-28,src_bca1599a2f687a1a,first_observation; feed_metadata_is_not_archival_capture
ver_a16db9c11898cdba,event_editions,evt_effb223040c82114,1,,"{""feed_created"":""20260404T191055Z"",""feed_last_modified"":""20260407T075135Z"",""dtstart_raw"":""20260505T230000Z"",""dtend_raw"":""20260506T010000Z"",""uid"":""d43a0c4f-ea1c-46fc-b4ef-6ffc96bd668f""}",,,2026-09-28,src_bca1599a2f687a1a,first_observation; feed_metadata_is_not_archival_capture
ver_30f78813b89cb5ef,event_editions,evt_6f3dca0e4eb15e26,1,,"{""feed_created"":""20250218T101446Z"",""feed_last_modified"":""20250218T101446Z"",""dtstart_raw"":""20250304T170000Z"",""dtend_raw"":""20250304T200000Z"",""uid"":""c74ee2c3-72da-4a36-b938-4252b751aff8""}",,,2026-09-28,src_bca1599a2f687a1a,first_observation; feed_metadata_is_not_archival_capture
ver_fb025a5d671aa0db,event_editions,evt_5d52fabd19ff5f97,1,,"{""feed_created"":""20250215T114512Z"",""feed_last_modified"":""20250215T114512Z"",""dtstart_raw"":""20250226T153000Z"",""dtend_raw"":""20250226T173000Z"",""uid"":""12ebe04a-fac1-4760-9af6-f9ec5f28c46b""}",,,2026-09-28,src_bca1599a2f687a1a,first_observation; feed_metadata_is_not_archival_capture
ver_ae7aa974f1cf77cb,event_editions,evt_23c44d073385aba7,1,,"{""feed_created"":""20250919T123415Z"",""feed_last_modified"":""20250919T123415Z"",""dtstart_raw"":""20251004"",""dtend_raw"":""20251005"",""uid"":""7310f01c-1df4-4504-a6ac-58accb906996""}",,,2026-09-28,src_bca1599a2f687a1a,first_observation; feed_metadata_is_not_archival_capture
ver_bcc997d09e43e754,event_editions,evt_4d6fc62eae37d972,1,,"{""feed_created"":""20221118T094815Z"",""feed_last_modified"":""20221118T094815Z"",""dtstart_raw"":""20221207T053000Z"",""dtend_raw"":""20221207T073000Z"",""uid"":""61e836f3-17e1-4b84-bbcc-7b63f851d631""}",,,2026-09-28,src_bca1599a2f687a1a,first_observation; feed_metadata_is_not_archival_capture
ver_014f0e5ab0296726,event_editions,evt_c1fc812209c1e5f7,1,,"{""feed_created"":""20240312T120641Z"",""feed_last_modified"":""20240312T120641Z"",""dtstart_raw"":""20240518"",""dtend_raw"":""20240519"",""uid"":""f4e2ad49-756f-43cc-9412-7ac1e9abd764""}",,,2026-09-28,src_bca1599a2f687a1a,first_observation; feed_metadata_is_not_archival_capture
ver_93380e4f28bc4fb1,event_editions,evt_7aaec041d2222700,1,,"{""feed_created"":""20260116T221559Z"",""feed_last_modified"":""20260116T221559Z"",""dtstart_raw"":""20260121T000000Z"",""dtend_raw"":""20260121T020000Z"",""uid"":""41c74515-11fb-4d60-b6f6-689b1e1a3ba8""}",,,2026-09-28,src_bca1599a2f687a1a,first_observation; feed_metadata_is_not_archival_capture
ver_d67c68e744e8952f,event_editions,evt_37ca887c3e181799,1,,"{""feed_created"":""20250415T143333Z"",""feed_last_modified"":""20250415T143333Z"",""dtstart_raw"":""20250501T230000Z"",""dtend_raw"":""20250502T000000Z"",""uid"":""0rn277iofdk8h4nohdfgrmcs6s@google.com""}",,,2026-09-28,src_bca1599a2f687a1a,first_observation; feed_metadata_is_not_archival_capture
ver_3299b5e468b4e408,event_editions,evt_74049a371269896f,1,,"{""feed_created"":""20230201T135145Z"",""feed_last_modified"":""20230201T135145Z"",""dtstart_raw"":""20230223T170000Z"",""dtend_raw"":""20230223T200000Z"",""uid"":""f8080cc7-aca8-4d5d-afdf-f0f908be5462""}",,,2026-09-28,src_bca1599a2f687a1a,first_observation; feed_metadata_is_not_archival_capture
ver_0de7b53be03d0da1,event_editions,evt_3cf761f1e8c6a11d,1,,"{""feed_created"":""20230223T101900Z"",""feed_last_modified"":""20230223T101900Z"",""dtstart_raw"":""20230304"",""dtend_raw"":""20230305"",""uid"":""76a496b4-fb8c-40a1-9d4e-0086e9005207""}",,,2026-09-28,src_bca1599a2f687a1a,first_observation; feed_metadata_is_not_archival_capture
ver_53311ac75b7434a1,event_editions,evt_5fc2ba3af4a8b8d2,1,,"{""feed_created"":""20260909T135516Z"",""feed_last_modified"":""20260909T135517Z"",""dtstart_raw"":""20260917T171500Z"",""dtend_raw"":""20260917T200000Z"",""uid"":""0c9f4c87-27cc-41e0-ad5d-3bccc9125b78""}",,,2026-09-28,src_bca1599a2f687a1a,first_observation; feed_metadata_is_not_archival_capture
ver_457b8311c1c038bf,event_editions,evt_3b1e71e0f91d4e45,1,,"{""feed_created"":""20220727T153426Z"",""feed_last_modified"":""20220727T153426Z"",""dtstart_raw"":""20220728T160000Z"",""dtend_raw"":""20220728T170000Z"",""uid"":""0jve9oh3s1ko4vu201a0nt3nct@google.com""}",,,2026-09-28,src_bca1599a2f687a1a,first_observation; feed_metadata_is_not_archival_capture
ver_0e3685eaf6d75a0a,event_editions,evt_d2f82fa381d6ae59,1,,"{""feed_created"":""20240418T155507Z"",""feed_last_modified"":""20240418T155507Z"",""dtstart_raw"":""20241002T160000Z"",""dtend_raw"":""20241002T190000Z"",""uid"":""7452cedd-2ee7-46bc-87ef-8e0ae9a1d726""}",,,2026-09-28,src_bca1599a2f687a1a,first_observation; feed_metadata_is_not_archival_capture
ver_0837a6f2ecfd6c7f,event_editions,evt_c4817f1185db10ae,1,,"{""feed_created"":""20250313T095308Z"",""feed_last_modified"":""20250313T095308Z"",""dtstart_raw"":""20250331T160000Z"",""dtend_raw"":""20250331T181500Z"",""uid"":""2534d290-02af-4348-9a8d-ddc91d430d13""}",,,2026-09-28,src_bca1599a2f687a1a,first_observation; feed_metadata_is_not_archival_capture
ver_d649015c9c6b37ff,event_editions,evt_3ec641d53699cf30,1,,"{""feed_created"":""20250618T091208Z"",""feed_last_modified"":""20250618T091209Z"",""dtstart_raw"":""20250626T163000Z"",""dtend_raw"":""20250626T180000Z"",""uid"":""4rabi5u2es9jqstjgfoqrg8rgh@google.com""}",,,2026-09-28,src_bca1599a2f687a1a,first_observation; feed_metadata_is_not_archival_capture
ver_97b6c0e0d6d52940,event_editions,evt_7e0f1a03809190ec,1,,"{""feed_created"":""20260126T210336Z"",""feed_last_modified"":""20260126T210337Z"",""dtstart_raw"":""20260321"",""dtend_raw"":""20260322"",""uid"":""ea5b36fb-cabd-4010-8da8-5c6380851c1d""}",,,2026-09-28,src_bca1599a2f687a1a,first_observation; feed_metadata_is_not_archival_capture
ver_fdba578fc35cc220,event_editions,evt_4ab46368efb9ff6d,1,,"{""feed_created"":""20231013T171901Z"",""feed_last_modified"":""20231013T171901Z"",""dtstart_raw"":""20231118T080000Z"",""dtend_raw"":""20231118T153000Z"",""uid"":""37qrm5nj5j814o70bd6n5anj7m@google.com""}",,,2026-09-28,src_bca1599a2f687a1a,first_observation; feed_metadata_is_not_archival_capture
ver_c9581c374d14a1d4,event_editions,evt_a495e787b7e5ec88,1,,"{""feed_created"":""20240807T081604Z"",""feed_last_modified"":""20240807T081604Z"",""dtstart_raw"":""20240828T063000Z"",""dtend_raw"":""20240828T083000Z"",""uid"":""4e136969-ce4d-4ca9-a3a0-1797f489be34""}",,,2026-09-28,src_bca1599a2f687a1a,first_observation; feed_metadata_is_not_archival_capture
ver_7c4334b878256498,event_editions,evt_1a8db605e109b26f,1,,"{""feed_created"":""20250919T123520Z"",""feed_last_modified"":""20250919T123520Z"",""dtstart_raw"":""20251025"",""dtend_raw"":""20251026"",""uid"":""b4ff5873-5974-493f-87a5-7688f56b116d""}",,,2026-09-28,src_bca1599a2f687a1a,first_observation; feed_metadata_is_not_archival_capture
ver_b44df07b3c0c4358,event_editions,evt_203be877fa40e6c9,1,,"{""feed_created"":""20230316T143818Z"",""feed_last_modified"":""20230316T143818Z"",""dtstart_raw"":""20230325"",""dtend_raw"":""20230327"",""uid"":""be99c0fc-0f4e-4ff6-9e01-6af1e00edbed""}",,,2026-09-28,src_bca1599a2f687a1a,first_observation; feed_metadata_is_not_archival_capture
ver_2d8f935dedb722a5,event_editions,evt_74ae7d31d7329b17,1,,"{""feed_created"":""20221118T094614Z"",""feed_last_modified"":""20221118T094614Z"",""dtstart_raw"":""20221130T053000Z"",""dtend_raw"":""20221130T063000Z"",""uid"":""3ffe0c30-90d9-46e7-bbce-8586cce71357""}",,,2026-09-28,src_bca1599a2f687a1a,first_observation; feed_metadata_is_not_archival_capture
ver_24a04ecd22dc90c7,event_editions,evt_cee331b79ddc2c33,1,,"{""feed_created"":""20240410T120043Z"",""feed_last_modified"":""20240410T120043Z"",""dtstart_raw"":""20240417T063000Z"",""dtend_raw"":""20240417T083000Z"",""uid"":""83a84d1f-3ea1-4a2b-a8e7-28334318f66a""}",,,2026-09-28,src_bca1599a2f687a1a,first_observation; feed_metadata_is_not_archival_capture
ver_abbbe7a5c35cb9e1,event_editions,evt_3ad4b5f8bdd8e031,1,,"{""feed_created"":""20260615T072350Z"",""feed_last_modified"":""20260615T072350Z"",""dtstart_raw"":""20260615T171500Z"",""dtend_raw"":""20260615T200000Z"",""uid"":""eda7bef4-3a3a-4254-9fa9-14f934752d06""}",,,2026-09-28,src_bca1599a2f687a1a,first_observation; feed_metadata_is_not_archival_capture
ver_81125316ec44e1f2,event_editions,evt_b914ae05c88ac676,1,,"{""feed_created"":""20240516T124838Z"",""feed_last_modified"":""20240516T124838Z"",""dtstart_raw"":""20240613"",""dtend_raw"":""20240615"",""uid"":""2f77d7bb-1745-4d78-9e55-883dbf2ad3fa""}",,,2026-09-28,src_bca1599a2f687a1a,first_observation; feed_metadata_is_not_archival_capture
ver_913ab34b97582b54,event_editions,evt_e750cebabe753ce1,1,,"{""feed_created"":""20230715T182137Z"",""feed_last_modified"":""20230715T182137Z"",""dtstart_raw"":""20230811"",""dtend_raw"":""20230813"",""uid"":""9b8699f1-44df-4d36-b5e5-dc1babf58785""}",,,2026-09-28,src_bca1599a2f687a1a,first_observation; feed_metadata_is_not_archival_capture
ver_46cebc7c05bc190e,event_editions,evt_6ee7fcea5d44b614,1,,"{""feed_created"":""20220225T162221Z"",""feed_last_modified"":""20220225T162221Z"",""dtstart_raw"":""20220329T163000Z"",""dtend_raw"":""20220329T180000Z"",""uid"":""5fd70726-2547-4f01-a338-e7a460ba9b7b""}",,,2026-09-28,src_bca1599a2f687a1a,first_observation; feed_metadata_is_not_archival_capture
ver_6cb637feb22d58e4,event_editions,evt_94192e5823dd6c5a,1,,"{""feed_created"":""20220629T135652Z"",""feed_last_modified"":""20220629T135652Z"",""dtstart_raw"":""20220711"",""dtend_raw"":""20220716"",""uid"":""b570a020-3975-4234-b295-22c539bb1802""}",,,2026-09-28,src_bca1599a2f687a1a,first_observation; feed_metadata_is_not_archival_capture
ver_9d47ac32f2382a55,event_editions,evt_90da8a508497bce2,1,,"{""feed_created"":""20220207T102817Z"",""feed_last_modified"":""20220207T102817Z"",""dtstart_raw"":""20220330T160000Z"",""dtend_raw"":""20220330T180000Z"",""uid"":""ee3d224f-980d-4e56-a4d4-ec14dec7b913""}",,,2026-09-28,src_bca1599a2f687a1a,first_observation; feed_metadata_is_not_archival_capture
ver_6a2eac67f1959980,event_editions,evt_5d67dff2d9433141,1,,"{""feed_created"":""20231005T163910Z"",""feed_last_modified"":""20231005T163910Z"",""dtstart_raw"":""20231025T160000Z"",""dtend_raw"":""20231025T173000Z"",""uid"":""4qn4g0hl49onebpr617cr37hir@google.com""}",,,2026-09-28,src_bca1599a2f687a1a,first_observation; feed_metadata_is_not_archival_capture
ver_76ced5006a0b7e4b,event_editions,evt_7154c72c97435330,1,,"{""feed_created"":""20250912T170722Z"",""feed_last_modified"":""20250912T170722Z"",""dtstart_raw"":""20251114"",""dtend_raw"":""20251117"",""uid"":""0b35be6a-6a5a-4e10-aacc-923d535a1bb0""}",,,2026-09-28,src_bca1599a2f687a1a,first_observation; feed_metadata_is_not_archival_capture
ver_95ad7a63f8047605,event_editions,evt_5deaec442ecd2887,1,,"{""feed_created"":""20240311T093049Z"",""feed_last_modified"":""20240311T093049Z"",""dtstart_raw"":""20240403T143000Z"",""dtend_raw"":""20240403T163000Z"",""uid"":""ad8a31ee-8660-43bb-8325-42654e219be4""}",,,2026-09-28,src_bca1599a2f687a1a,first_observation; feed_metadata_is_not_archival_capture
ver_ae8e69b688881d8d,event_editions,evt_a8c1c41b1a389be3,1,,"{""feed_created"":""20230529T123823Z"",""feed_last_modified"":""20230529T123847Z"",""dtstart_raw"":""20230620T163000Z"",""dtend_raw"":""20230620T183000Z"",""uid"":""7g8hessmu43rl3qfn7io30qnhm@google.com""}",,,2026-09-28,src_bca1599a2f687a1a,first_observation; feed_metadata_is_not_archival_capture
ver_730d53bc1349497b,event_editions,evt_4b1f9a1de2a0267f,1,,"{""feed_created"":""20220520T141655Z"",""feed_last_modified"":""20220520T141655Z"",""dtstart_raw"":""20220524T200000Z"",""dtend_raw"":""20220524T210000Z"",""uid"":""6449b0db-91f5-4fcd-aa80-ed5680689872""}",,,2026-09-28,src_bca1599a2f687a1a,first_observation; feed_metadata_is_not_archival_capture
ver_444c052b376173ad,event_editions,evt_c697118d3b493feb,1,,"{""feed_created"":""20220913T082944Z"",""feed_last_modified"":""20220913T082944Z"",""dtstart_raw"":""20220921T063000Z"",""dtend_raw"":""20220921T083000Z"",""uid"":""be4ef8e3-7985-4004-bd0d-15e357d549b6""}",,,2026-09-28,src_bca1599a2f687a1a,first_observation; feed_metadata_is_not_archival_capture
ver_b1eee50de1e5ed51,event_editions,evt_fa3612d924c8e87d,1,,"{""feed_created"":""20240716T141553Z"",""feed_last_modified"":""20240716T141553Z"",""dtstart_raw"":""20241014T081500Z"",""dtend_raw"":""20241014T154500Z"",""uid"":""5pb1s6cp4oh1ihc254apm7gm4m@google.com""}",,,2026-09-28,src_bca1599a2f687a1a,first_observation; feed_metadata_is_not_archival_capture
ver_4bdfca8c81a6f2c7,event_editions,evt_c9758b492cefad52,1,,"{""feed_created"":""20230809T183626Z"",""feed_last_modified"":""20230809T183626Z"",""dtstart_raw"":""20230921T160000Z"",""dtend_raw"":""20230921T200000Z"",""uid"":""b9f230f0-da48-4418-acab-f240b2a074f3""}",,,2026-09-28,src_bca1599a2f687a1a,first_observation; feed_metadata_is_not_archival_capture
ver_16dfa3ccbe6f6736,event_editions,evt_6db2b77dcb8ad4c2,1,,"{""feed_created"":""20240416T144704Z"",""feed_last_modified"":""20240416T144704Z"",""dtstart_raw"":""20240429"",""dtend_raw"":""20240430"",""uid"":""d68cc1a1-746a-4e95-84ee-38b44a6cc3ee""}",,,2026-09-28,src_bca1599a2f687a1a,first_observation; feed_metadata_is_not_archival_capture
ver_828a39ebf960548a,event_editions,evt_bd74e048c2d1e39d,1,,"{""feed_created"":""20260926T131552Z"",""feed_last_modified"":""20260926T131552Z"",""dtstart_raw"":""20270922T160000Z"",""dtend_raw"":""20270922T190000Z"",""uid"":""d32b91f6-7431-4a16-b90f-c3bbaf6d9427""}",,,2026-09-28,src_bca1599a2f687a1a,first_observation; feed_metadata_is_not_archival_capture
ver_b918174f6ffd8453,event_editions,evt_b223eba33e50886e,1,,"{""feed_created"":""20250825T170615Z"",""feed_last_modified"":""20250825T170615Z"",""dtstart_raw"":""20241122"",""dtend_raw"":""20241123"",""uid"":""daabb14f-5273-4f80-bb7a-9ff12f4a8d91""}",,,2026-09-28,src_bca1599a2f687a1a,first_observation; feed_metadata_is_not_archival_capture
ver_6b3fc410b988551f,event_editions,evt_d872a5e68838304b,1,,"{""feed_created"":""20220630T095857Z"",""feed_last_modified"":""20220630T095857Z"",""dtstart_raw"":""20220815"",""dtend_raw"":""20220820"",""uid"":""37355f47-d224-4655-aad6-1617b53ef409""}",,,2026-09-28,src_bca1599a2f687a1a,first_observation; feed_metadata_is_not_archival_capture
ver_2c823356efea837e,event_editions,evt_1b4f809adc542ba4,1,,"{""feed_created"":""20240416T144635Z"",""feed_last_modified"":""20240416T144635Z"",""dtstart_raw"":""20240505"",""dtend_raw"":""20240506"",""uid"":""76fd2170-7372-41a7-807a-c6d715d7b9e6""}",,,2026-09-28,src_bca1599a2f687a1a,first_observation; feed_metadata_is_not_archival_capture
ver_14d1da59d03b4282,event_editions,evt_c2fd477af6ad84f0,1,,"{""feed_created"":""20220727T153713Z"",""feed_last_modified"":""20220727T153713Z"",""dtstart_raw"":""20220809T160000Z"",""dtend_raw"":""20220809T170000Z"",""uid"":""64ggrfbfcohu6r68bf3ljgsav5@google.com""}",,,2026-09-28,src_bca1599a2f687a1a,first_observation; feed_metadata_is_not_archival_capture
ver_3c1124d14685c291,event_editions,evt_75fd79a7117be237,1,,"{""feed_created"":""20260909T135640Z"",""feed_last_modified"":""20260909T135640Z"",""dtstart_raw"":""20260923"",""dtend_raw"":""20260926"",""uid"":""b95bd074-10a7-401e-834c-fa201a4a714e""}",,,2026-09-28,src_bca1599a2f687a1a,first_observation; feed_metadata_is_not_archival_capture
ver_1e9aacd2a1566eb6,event_editions,evt_6cf46299022d5c15,1,,"{""feed_created"":""20260705T185042Z"",""feed_last_modified"":""20260705T185042Z"",""dtstart_raw"":""20260714T163000Z"",""dtend_raw"":""20260714T180000Z"",""uid"":""e5a41533-f5fd-4e13-8643-0fe354ba55fc""}",,,2026-09-28,src_bca1599a2f687a1a,first_observation; feed_metadata_is_not_archival_capture
ver_23d7efbb560503cb,event_editions,evt_af5c6933fb8159e9,1,,"{""feed_created"":""20230216T205209Z"",""feed_last_modified"":""20230216T205209Z"",""dtstart_raw"":""20230302T170000Z"",""dtend_raw"":""20230302T190000Z"",""uid"":""ab89fe30-9f34-425c-b614-08ad44c788e5""}",,,2026-09-28,src_bca1599a2f687a1a,first_observation; feed_metadata_is_not_archival_capture
ver_eed3632d5d561461,event_editions,evt_55527464e377cef3,1,,"{""feed_created"":""20230530T164748Z"",""feed_last_modified"":""20230530T164748Z"",""dtstart_raw"":""20230607T160000Z"",""dtend_raw"":""20230607T190000Z"",""uid"":""908b40b0-4216-495b-9cff-feba13ad5a3a""}",,,2026-09-28,src_bca1599a2f687a1a,first_observation; feed_metadata_is_not_archival_capture
ver_d1b8de14ff4c2dc4,event_editions,evt_e7c0b2f324524845,1,,"{""feed_created"":""20240904T090307Z"",""feed_last_modified"":""20240904T090307Z"",""dtstart_raw"":""20250628"",""dtend_raw"":""20250630"",""uid"":""8f13247d-b15b-4a26-af48-58c1e010e429""}",,,2026-09-28,src_bca1599a2f687a1a,first_observation; feed_metadata_is_not_archival_capture
ver_88cdc9c523f8fedd,event_editions,evt_b3dab3e33f75c317,1,,"{""feed_created"":""20250716T075919Z"",""feed_last_modified"":""20250716T075919Z"",""dtstart_raw"":""20250904T180000Z"",""dtend_raw"":""20250904T200000Z"",""uid"":""be1891e3-9fec-4f59-90e2-4b11e9eb8314""}",,,2026-09-28,src_bca1599a2f687a1a,first_observation; feed_metadata_is_not_archival_capture
ver_c9318b5c645dccc4,event_editions,evt_eef12d21d0b907b9,1,,"{""feed_created"":""20260926T131517Z"",""feed_last_modified"":""20260926T131517Z"",""dtstart_raw"":""20270224T170000Z"",""dtend_raw"":""20270224T200000Z"",""uid"":""b9abd281-08ca-4e9b-9fea-87cbcdfd0f8c""}",,,2026-09-28,src_bca1599a2f687a1a,first_observation; feed_metadata_is_not_archival_capture
ver_be91d30cc28a6f98,event_editions,evt_9b69e006f72f98b5,1,,"{""feed_created"":""20241122T140256Z"",""feed_last_modified"":""20241122T140421Z"",""dtstart_raw"":""20241128T050000Z"",""dtend_raw"":""20241128T070000Z"",""uid"":""956aeee1-d0b8-4c42-be3d-bce199f2cbb4""}",,,2026-09-28,src_bca1599a2f687a1a,first_observation; feed_metadata_is_not_archival_capture
ver_ed932fed9125d5cb,event_editions,evt_7df9b14f4b3990bf,1,,"{""feed_created"":""20220906T092230Z"",""feed_last_modified"":""20220906T092230Z"",""dtstart_raw"":""20220926"",""dtend_raw"":""20220929"",""uid"":""b33f0d47-ed3c-44d7-a0eb-ae23d11c28df""}",,,2026-09-28,src_bca1599a2f687a1a,first_observation; feed_metadata_is_not_archival_capture
ver_ca756aa7070d3ee0,event_editions,evt_da963b5d8c54ed8a,1,,"{""feed_created"":""20250702T151929Z"",""feed_last_modified"":""20250702T151929Z"",""dtstart_raw"":""20250808"",""dtend_raw"":""20250809"",""uid"":""57c580b2-83ab-445d-94f2-32b00f66881d""}",,,2026-09-28,src_bca1599a2f687a1a,first_observation; feed_metadata_is_not_archival_capture
ver_c9675c42ecba843b,event_editions,evt_646d4301efe250b4,1,,"{""feed_created"":""20230919T070300Z"",""feed_last_modified"":""20230919T070300Z"",""dtstart_raw"":""20231013"",""dtend_raw"":""20231015"",""uid"":""9fc36729-43ca-41ba-9c17-8915914d4b14""}",,,2026-09-28,src_bca1599a2f687a1a,first_observation; feed_metadata_is_not_archival_capture
ver_386947f4bc8fdd75,event_editions,evt_a277c9c7761355cd,1,,"{""feed_created"":""20230925T153752Z"",""feed_last_modified"":""20230925T153752Z"",""dtstart_raw"":""20240417T160000Z"",""dtend_raw"":""20240417T190000Z"",""uid"":""4943862c-b03d-4102-ba57-456e5e817baf""}",,,2026-09-28,src_bca1599a2f687a1a,first_observation; feed_metadata_is_not_archival_capture
ver_e3e15cd73f3b8757,event_editions,evt_e031096e2872cd62,1,,"{""feed_created"":""20221016T202702Z"",""feed_last_modified"":""20221016T202702Z"",""dtstart_raw"":""20221019T053000Z"",""dtend_raw"":""20221019T073000Z"",""uid"":""60s62p1p68r62bb2ccs64b9kccom6b9p6dgm2b9g68pm4c1o6sq6cdpl68@google.com""}",,,2026-09-28,src_bca1599a2f687a1a,first_observation; feed_metadata_is_not_archival_capture
ver_e29e7dfa0b2ce202,event_editions,evt_650fa0761a9fc55f,1,,"{""feed_created"":""20240702T164710Z"",""feed_last_modified"":""20240702T164926Z"",""dtstart_raw"":""20240707T210000Z"",""dtend_raw"":""20240707T223000Z"",""uid"":""0er8ur7u4hfqodc5js0i3teqd0@google.com""}",,,2026-09-28,src_bca1599a2f687a1a,first_observation; feed_metadata_is_not_archival_capture
ver_b95a360929e55d32,event_editions,evt_f8a72172bac5eded,1,,"{""feed_created"":""20240812T093240Z"",""feed_last_modified"":""20240812T093240Z"",""dtstart_raw"":""20240918T063000Z"",""dtend_raw"":""20240918T083000Z"",""uid"":""231tb4ccv7lheeg7dukok4j55u@google.com""}",,,2026-09-28,src_bca1599a2f687a1a,first_observation; feed_metadata_is_not_archival_capture
ver_e03f6abad1bea425,event_editions,evt_6341bbe7757acfdc,1,,"{""feed_created"":""20240428T114803Z"",""feed_last_modified"":""20240428T114804Z"",""dtstart_raw"":""20240921"",""dtend_raw"":""20240923"",""uid"":""483ccc6d-c6d4-47b5-8973-1be95f478363""}",,,2026-09-28,src_bca1599a2f687a1a,first_observation; feed_metadata_is_not_archival_capture
ver_9bbae0816b8eb50c,event_editions,evt_283eadd78afcaa1f,1,,"{""feed_created"":""20250822T094015Z"",""feed_last_modified"":""20250822T094016Z"",""dtstart_raw"":""20250909"",""dtend_raw"":""20250910"",""uid"":""040d1ja6dvv7mskmkagf0co61h@google.com""}",,,2026-09-28,src_bca1599a2f687a1a,first_observation; feed_metadata_is_not_archival_capture
ver_348162d60b9681d2,event_editions,evt_3b82eec2d105cc0a,1,,"{""feed_created"":""20240519T130856Z"",""feed_last_modified"":""20240519T130856Z"",""dtstart_raw"":""20240529T163000Z"",""dtend_raw"":""20240529T180000Z"",""uid"":""a2443cca-50ad-4160-8f89-eb5a56c06231""}",,,2026-09-28,src_bca1599a2f687a1a,first_observation; feed_metadata_is_not_archival_capture
ver_ec126b16bc178cf8,event_editions,evt_2c50b3bf523779ba,1,,"{""feed_created"":""20220814T113550Z"",""feed_last_modified"":""20220815T081155Z"",""dtstart_raw"":""20220912T070000Z"",""dtend_raw"":""20220912T093000Z"",""uid"":""296055b9-f1aa-4ca7-9b2d-2085b4b43dc0""}",,,2026-09-28,src_bca1599a2f687a1a,first_observation; feed_metadata_is_not_archival_capture
ver_4ee85f2ebb4bba46,event_editions,evt_e2e510068d358994,1,,"{""feed_created"":""20250105T155916Z"",""feed_last_modified"":""20250105T155916Z"",""dtstart_raw"":""20250501"",""dtend_raw"":""20250505"",""uid"":""190cb3c1-2627-4535-9b09-da8063620c72""}",,,2026-09-28,src_bca1599a2f687a1a,first_observation; feed_metadata_is_not_archival_capture
ver_ad10b26500ae3e71,event_editions,evt_3b2c502b22f4fbb1,1,,"{""feed_created"":""20220102T132333Z"",""feed_last_modified"":""20220102T132333Z"",""dtstart_raw"":""20220129"",""dtend_raw"":""20220131"",""uid"":""cd4a40a6-d711-43e2-94c7-8218678b5ae2""}",,,2026-09-28,src_bca1599a2f687a1a,first_observation; feed_metadata_is_not_archival_capture
ver_0390bbadcfc3e92a,event_editions,evt_da84603b4444c878,1,,"{""feed_created"":""20240611T083123Z"",""feed_last_modified"":""20240702T164123Z"",""dtstart_raw"":""20240717T063000Z"",""dtend_raw"":""20240717T083000Z"",""uid"":""dd863e74-7d6f-4216-b5ef-839852ed4df8""}",,,2026-09-28,src_bca1599a2f687a1a,first_observation; feed_metadata_is_not_archival_capture
ver_12b7fc7b7a067d83,event_editions,evt_c2fed92692ede59c,1,,"{""feed_created"":""20220427T133316Z"",""feed_last_modified"":""20220427T133316Z"",""dtstart_raw"":""20220521"",""dtend_raw"":""20220522"",""uid"":""210244f9-dc8e-4b95-92bb-b98a59e0395c""}",,,2026-09-28,src_bca1599a2f687a1a,first_observation; feed_metadata_is_not_archival_capture
ver_97379ce3f9fb3876,event_editions,evt_2144134cfbaff628,1,,"{""feed_created"":""20250430T122331Z"",""feed_last_modified"":""20250430T122331Z"",""dtstart_raw"":""20250426"",""dtend_raw"":""20250427"",""uid"":""388939bf-058d-4477-b455-ff1224039ab3""}",,,2026-09-28,src_bca1599a2f687a1a,first_observation; feed_metadata_is_not_archival_capture
ver_3df36262dc264427,event_editions,evt_52a98968a03607de,1,,"{""feed_created"":""20210902T071032Z"",""feed_last_modified"":""20210902T071032Z"",""dtstart_raw"":""20211113T090000Z"",""dtend_raw"":""20211113T163000Z"",""uid"":""0r2rnjfhdtd982gh03v00044rh@google.com""}",,,2026-09-28,src_bca1599a2f687a1a,first_observation; feed_metadata_is_not_archival_capture
ver_c3e99dd9f941fd72,event_editions,evt_8b6b8840d6cf185b,1,,"{""feed_created"":""20230929T105800Z"",""feed_last_modified"":""20230929T105800Z"",""dtstart_raw"":""20231018T051500Z"",""dtend_raw"":""20231018T073000Z"",""uid"":""3orjb5dqt02i37fajqhuborp08@google.com""}",,,2026-09-28,src_bca1599a2f687a1a,first_observation; feed_metadata_is_not_archival_capture
ver_798b2be85585fff4,event_editions,evt_d56946d50a9568ba,1,,"{""feed_created"":""20220405T085927Z"",""feed_last_modified"":""20220407T102534Z"",""dtstart_raw"":""20220420T063000Z"",""dtend_raw"":""20220420T083000Z"",""uid"":""1b9c0713-988c-4dfd-a9a7-7bf2461bc11b""}",,,2026-09-28,src_bca1599a2f687a1a,first_observation; feed_metadata_is_not_archival_capture
ver_2468989111a5f610,event_editions,evt_612aaae6f98fc90a,1,,"{""feed_created"":""20260205T092433Z"",""feed_last_modified"":""20260205T092433Z"",""dtstart_raw"":""20261022"",""dtend_raw"":""20261024"",""uid"":""6926d4a1-9f4f-4c97-81a5-f0b5ac47be62""}",,,2026-09-28,src_bca1599a2f687a1a,first_observation; feed_metadata_is_not_archival_capture
ver_2766d992f1f338ee,event_editions,evt_b5cd17a2332568c5,1,,"{""feed_created"":""20250509T091944Z"",""feed_last_modified"":""20250509T091944Z"",""dtstart_raw"":""20250605T163000Z"",""dtend_raw"":""20250605T190000Z"",""uid"":""7d111b60-ab31-4448-80ae-948c1cf016cf""}",,,2026-09-28,src_bca1599a2f687a1a,first_observation; feed_metadata_is_not_archival_capture
ver_07471df7745e6357,event_editions,evt_0f446634002d32ee,1,,"{""feed_created"":""20240418T155436Z"",""feed_last_modified"":""20240418T155436Z"",""dtstart_raw"":""20240703T160000Z"",""dtend_raw"":""20240703T190000Z"",""uid"":""fc2b1d82-8ea1-41d1-9bc8-3f06964368fa""}",,,2026-09-28,src_bca1599a2f687a1a,first_observation; feed_metadata_is_not_archival_capture
ver_f734325c93542c8d,event_editions,evt_fe6e9215fec4590a,1,,"{""feed_created"":""20250327T083134Z"",""feed_last_modified"":""20250327T083134Z"",""dtstart_raw"":""20250415T230000Z"",""dtend_raw"":""20250416T010000Z"",""uid"":""64qg44hugj1joc5ha67riph3dm@google.com""}",,,2026-09-28,src_bca1599a2f687a1a,first_observation; feed_metadata_is_not_archival_capture
ver_84c74d618d4ecde3,event_editions,evt_de2f158d806fd72f,1,,"{""feed_created"":""20260907T122833Z"",""feed_last_modified"":""20260907T122834Z"",""dtstart_raw"":""20260917T171500Z"",""dtend_raw"":""20260917T200000Z"",""uid"":""7a3ctikoq0tdl18q1flv71tocs@google.com""}",,,2026-09-28,src_bca1599a2f687a1a,first_observation; feed_metadata_is_not_archival_capture
ver_0a75ceaa47628bae,event_editions,evt_fc417c6fbaaf8a8f,1,,"{""feed_created"":""20231023T080639Z"",""feed_last_modified"":""20231023T080639Z"",""dtstart_raw"":""20231029"",""dtend_raw"":""20231030"",""uid"":""1ftlf8et755i10vl462glqttue@google.com""}",,,2026-09-28,src_bca1599a2f687a1a,first_observation; feed_metadata_is_not_archival_capture
ver_ca986963ed17f19c,event_editions,evt_8748e36e7b87304a,1,,"{""feed_created"":""20240418T085844Z"",""feed_last_modified"":""20240418T085844Z"",""dtstart_raw"":""20240507T143000Z"",""dtend_raw"":""20240507T163000Z"",""uid"":""9bb4db4b-bef5-4c02-a097-d07cc89d147a""}",,,2026-09-28,src_bca1599a2f687a1a,first_observation; feed_metadata_is_not_archival_capture
ver_1a0b71b77d82e6ef,event_editions,evt_2fdbcd0f2aa7d5f4,1,,"{""feed_created"":""20231023T080550Z"",""feed_last_modified"":""20231023T080550Z"",""dtstart_raw"":""20231119"",""dtend_raw"":""20231120"",""uid"":""62q5l52u3leb64329qcf9nbuto@google.com""}",,,2026-09-28,src_bca1599a2f687a1a,first_observation; feed_metadata_is_not_archival_capture
ver_6ddfaee610caa737,event_editions,evt_eb62cd7e8b06fe41,1,,"{""feed_created"":""20240416T144717Z"",""feed_last_modified"":""20240416T144717Z"",""dtstart_raw"":""20240506"",""dtend_raw"":""20240507"",""uid"":""cabcc07d-e37b-45c6-9444-47d7e4079f10""}",,,2026-09-28,src_bca1599a2f687a1a,first_observation; feed_metadata_is_not_archival_capture
ver_fa3241bc7a96ee63,event_editions,evt_e7884569e364b292,1,,"{""feed_created"":""20231129T084244Z"",""feed_last_modified"":""20231129T084244Z"",""dtstart_raw"":""20231130T103000Z"",""dtend_raw"":""20231130T123000Z"",""uid"":""021b88ce-6c6f-41f9-9f82-ddae974d99f0""}",,,2026-09-28,src_bca1599a2f687a1a,first_observation; feed_metadata_is_not_archival_capture
ver_ac33b6b0d612b809,event_editions,evt_a6096d896615d770,1,,"{""feed_created"":""20240722T150829Z"",""feed_last_modified"":""20240722T150829Z"",""dtstart_raw"":""20240827T163000Z"",""dtend_raw"":""20240827T174500Z"",""uid"":""18ji0vkcjeg7fqca8dpaprr86j@google.com""}",,,2026-09-28,src_bca1599a2f687a1a,first_observation; feed_metadata_is_not_archival_capture
ver_4121e5b6a840078a,event_editions,evt_0f2983bbcc9b4160,1,,"{""feed_created"":""20231222T144903Z"",""feed_last_modified"":""20231222T144903Z"",""dtstart_raw"":""20240323"",""dtend_raw"":""20240325"",""uid"":""6kbgaob8a512272ussh8s58u7r@google.com""}",,,2026-09-28,src_bca1599a2f687a1a,first_observation; feed_metadata_is_not_archival_capture
ver_fa2dbd297b4a4643,event_editions,evt_3c178dedf76003d2,1,,"{""feed_created"":""20260923T125712Z"",""feed_last_modified"":""20260923T125712Z"",""dtstart_raw"":""20261112T181500Z"",""dtend_raw"":""20261112T210000Z"",""uid"":""11ea7491-3939-420f-b767-61f2635f2de1""}",,,2026-09-28,src_bca1599a2f687a1a,first_observation; feed_metadata_is_not_archival_capture
ver_a8cc4ec4db563af7,event_editions,evt_c10755238ed1153c,1,,"{""feed_created"":""20250607T112336Z"",""feed_last_modified"":""20250607T112336Z"",""dtstart_raw"":""20250614"",""dtend_raw"":""20250615"",""uid"":""2e1d1a9c-7026-44d2-a8c1-fc2924f47267""}",,,2026-09-28,src_bca1599a2f687a1a,first_observation; feed_metadata_is_not_archival_capture
ver_564b978420a2d56b,event_editions,evt_8ca37dbdff94a378,1,,"{""feed_created"":""20220727T153553Z"",""feed_last_modified"":""20220727T153553Z"",""dtstart_raw"":""20220803T160000Z"",""dtend_raw"":""20220803T170000Z"",""uid"":""2rvn17thjj0j0u931gj9c3paa8@google.com""}",,,2026-09-28,src_bca1599a2f687a1a,first_observation; feed_metadata_is_not_archival_capture
ver_7098b16004462614,event_editions,evt_f59d8086b9dbc751,1,,"{""feed_created"":""20240410T115820Z"",""feed_last_modified"":""20240410T115820Z"",""dtstart_raw"":""20240413"",""dtend_raw"":""20240414"",""uid"":""22240102-9f8e-43d8-b0fa-9356dd16d6d9""}",,,2026-09-28,src_bca1599a2f687a1a,first_observation; feed_metadata_is_not_archival_capture
ver_28991cc61f5b76de,event_editions,evt_68b84077a3d48c21,1,,"{""feed_created"":""20240410T120331Z"",""feed_last_modified"":""20240410T120331Z"",""dtstart_raw"":""20240601"",""dtend_raw"":""20240602"",""uid"":""468b371f-ab43-4a25-ad2e-19e8e5bddb1f""}",,,2026-09-28,src_bca1599a2f687a1a,first_observation; feed_metadata_is_not_archival_capture
ver_0efa75e4c8aa9ccc,event_editions,evt_53319260ea622d16,1,,"{""feed_created"":""20231013T160119Z"",""feed_last_modified"":""20231013T160119Z"",""dtstart_raw"":""20231014T130000Z"",""dtend_raw"":""20231014T230000Z"",""uid"":""7em08iimfc2dhppr5ob9vodofl@google.com""}",,,2026-09-28,src_bca1599a2f687a1a,first_observation; feed_metadata_is_not_archival_capture
ver_c3f9b8aac4b55333,event_editions,evt_734f16c7c4badb04,1,,"{""feed_created"":""20220114T161052Z"",""feed_last_modified"":""20220114T161052Z"",""dtstart_raw"":""20220223T173000Z"",""dtend_raw"":""20220223T190000Z"",""uid"":""2fva4630ro2g9a9ioa5ufdfrl2@google.com""}",,,2026-09-28,src_bca1599a2f687a1a,first_observation; feed_metadata_is_not_archival_capture
ver_fdf5cee7f0a9f10f,event_editions,evt_59067c95e6bd3644,1,,"{""feed_created"":""20230908T112845Z"",""feed_last_modified"":""20230908T112845Z"",""dtstart_raw"":""20230921T063000Z"",""dtend_raw"":""20230921T113000Z"",""uid"":""c5b7223f-8190-4d1d-bd86-aa0a4aee20a8""}",,,2026-09-28,src_bca1599a2f687a1a,first_observation; feed_metadata_is_not_archival_capture
ver_80789225786372b6,event_editions,evt_c1a376f426ab4d58,1,,"{""feed_created"":""20240702T164029Z"",""feed_last_modified"":""20240702T164242Z"",""dtstart_raw"":""20240724T160000Z"",""dtend_raw"":""20240724T190000Z"",""uid"":""4389mjb1kd1kojjpfm1n70f123@google.com""}",,,2026-09-28,src_bca1599a2f687a1a,first_observation; feed_metadata_is_not_archival_capture
ver_022e9c176f3023a2,event_editions,evt_4fa59f0071d0910d,1,,"{""feed_created"":""20220802T191643Z"",""feed_last_modified"":""20220802T191643Z"",""dtstart_raw"":""20220817T170000Z"",""dtend_raw"":""20220817T183000Z"",""uid"":""7a25o8j1lf1rns8bvrrmav8skl@google.com""}",,,2026-09-28,src_bca1599a2f687a1a,first_observation; feed_metadata_is_not_archival_capture
ver_fe05c9a79b8d1684,event_editions,evt_e32303008bd7dd81,1,,"{""feed_created"":""20240416T144551Z"",""feed_last_modified"":""20240416T144551Z"",""dtstart_raw"":""20240428"",""dtend_raw"":""20240429"",""uid"":""ff482fef-4ee3-42e4-a1e9-8fc80e10c9f3""}",,,2026-09-28,src_bca1599a2f687a1a,first_observation; feed_metadata_is_not_archival_capture
ver_df79ede0cf938d48,event_editions,evt_53cd8890451552e1,1,,"{""feed_created"":""20220715T065332Z"",""feed_last_modified"":""20220715T065332Z"",""dtstart_raw"":""20220802T160000Z"",""dtend_raw"":""20220802T180000Z"",""uid"":""6rd2lv2jd39bnqku4se2qbs045@google.com""}",,,2026-09-28,src_bca1599a2f687a1a,first_observation; feed_metadata_is_not_archival_capture
ver_be14d82ab8ec914c,event_editions,evt_0ad70410c453833c,1,,"{""feed_created"":""20260926T131837Z"",""feed_last_modified"":""20260926T131837Z"",""dtstart_raw"":""20261114"",""dtend_raw"":""20261116"",""uid"":""8c1393af-640e-47ed-86eb-60f4fe453da5""}",,,2026-09-28,src_bca1599a2f687a1a,first_observation; feed_metadata_is_not_archival_capture
ver_550fe47811f85184,event_editions,evt_52bcdc5557b2b9e2,1,,"{""feed_created"":""20260718T131705Z"",""feed_last_modified"":""20260718T131705Z"",""dtstart_raw"":""20260820T160000Z"",""dtend_raw"":""20260820T173000Z"",""uid"":""03cc053f-8702-4967-ab0a-ee6c20cd2d41""}",,,2026-09-28,src_bca1599a2f687a1a,first_observation; feed_metadata_is_not_archival_capture
ver_9b9125bd4fc37685,event_editions,evt_48c9e1718785701d,1,,"{""feed_created"":""20220930T080022Z"",""feed_last_modified"":""20220930T080022Z"",""dtstart_raw"":""20221005T050000Z"",""dtend_raw"":""20221005T073000Z"",""uid"":""6a9fa121-7bc2-444a-9f3e-64484aa61475""}",,,2026-09-28,src_bca1599a2f687a1a,first_observation; feed_metadata_is_not_archival_capture
ver_7c59fae8aeae52e7,event_editions,evt_fc8f3fec6af58cca,1,,"{""feed_created"":""20250525T212403Z"",""feed_last_modified"":""20250525T212403Z"",""dtstart_raw"":""20250910T160000Z"",""dtend_raw"":""20250910T190000Z"",""uid"":""1966ca54-dbe4-4fac-8468-34f256612341""}",,,2026-09-28,src_bca1599a2f687a1a,first_observation; feed_metadata_is_not_archival_capture
ver_db7e0d4c6b0580b8,event_editions,evt_0e27b7d75a4a1750,1,,"{""feed_created"":""20220509T113000Z"",""feed_last_modified"":""20220513T140030Z"",""dtstart_raw"":""20220604"",""dtend_raw"":""20220606"",""uid"":""4ecf7490-d8f6-4fd0-92c2-b73a21751091""}",,,2026-09-28,src_bca1599a2f687a1a,first_observation; feed_metadata_is_not_archival_capture
ver_352e9ede43d40715,event_editions,evt_c2db0cdfb2726a49,1,,"{""feed_created"":""20221116T182747Z"",""feed_last_modified"":""20221116T184335Z"",""dtstart_raw"":""20221221T173000Z"",""dtend_raw"":""20221221T190000Z"",""uid"":""4up30a8j935un6gifk87k9p279@google.com""}",,,2026-09-28,src_bca1599a2f687a1a,first_observation; feed_metadata_is_not_archival_capture
ver_89279636bf52e402,event_editions,evt_a183239570de870f,1,,"{""feed_created"":""20250313T094517Z"",""feed_last_modified"":""20250313T094518Z"",""dtstart_raw"":""20250315"",""dtend_raw"":""20250316"",""uid"":""672cf592-1a5b-408d-88f6-9c0b5a8f2aeb""}",,,2026-09-28,src_bca1599a2f687a1a,first_observation; feed_metadata_is_not_archival_capture
ver_f000f16db6ccd68c,event_editions,evt_efbee74f22bfd3c5,1,,"{""feed_created"":""20250402T140346Z"",""feed_last_modified"":""20250402T140446Z"",""dtstart_raw"":""20250522T180000Z"",""dtend_raw"":""20250522T200000Z"",""uid"":""1kvsnlp8o6pu9im79oa9vkcb2k@google.com""}",,,2026-09-28,src_bca1599a2f687a1a,first_observation; feed_metadata_is_not_archival_capture
ver_feec01a93db13f58,event_editions,evt_c44a48d0ed75e300,1,,"{""feed_created"":""20260205T092511Z"",""feed_last_modified"":""20260205T092511Z"",""dtstart_raw"":""20261120"",""dtend_raw"":""20261122"",""uid"":""2b192cc4-0744-422c-93f7-dfe63eebcefa""}",,,2026-09-28,src_bca1599a2f687a1a,first_observation; feed_metadata_is_not_archival_capture
ver_8be07607923be562,event_editions,evt_e411c2bb3e1e5184,1,,"{""feed_created"":""20240927T080858Z"",""feed_last_modified"":""20240927T080858Z"",""dtstart_raw"":""20241007"",""dtend_raw"":""20241008"",""uid"":""51836559-9f29-4be1-8e89-7af4e101b145""}",,,2026-09-28,src_bca1599a2f687a1a,first_observation; feed_metadata_is_not_archival_capture
ver_3523e17c3ae9a007,event_editions,evt_2a453cc03f00f119,1,,"{""feed_created"":""20260202T091541Z"",""feed_last_modified"":""20260202T091541Z"",""dtstart_raw"":""20260430"",""dtend_raw"":""20260504"",""uid"":""92bcec02-fd9d-4ca8-85ba-cfac05645343""}",,,2026-09-28,src_bca1599a2f687a1a,first_observation; feed_metadata_is_not_archival_capture
ver_7051c1ce5909808f,event_editions,evt_e22cd1cc0b8fb6fa,1,,"{""feed_created"":""20250509T091718Z"",""feed_last_modified"":""20250509T091719Z"",""dtstart_raw"":""20250527T163000Z"",""dtend_raw"":""20250527T190000Z"",""uid"":""13aeacd4-11f0-48b5-978b-8d04c08ff5b5""}",,,2026-09-28,src_bca1599a2f687a1a,first_observation; feed_metadata_is_not_archival_capture
ver_fec0adbff234e4f0,event_editions,evt_ed7ecf1a5c24439b,1,,"{""feed_created"":""20250212T123242Z"",""feed_last_modified"":""20250212T123242Z"",""dtstart_raw"":""20250220"",""dtend_raw"":""20250221"",""uid"":""d7dc1fdd-2dac-44d8-9b53-e7daa625f22b""}",,,2026-09-28,src_bca1599a2f687a1a,first_observation; feed_metadata_is_not_archival_capture
ver_25ed77cea34e96e0,event_editions,evt_18626ec094ed37b6,1,,"{""feed_created"":""20220815T081304Z"",""feed_last_modified"":""20220815T081304Z"",""dtstart_raw"":""20220907T060000Z"",""dtend_raw"":""20220907T083000Z"",""uid"":""98735ec2-ca06-49aa-ac13-d9a0ee69e8a6""}",,,2026-09-28,src_bca1599a2f687a1a,first_observation; feed_metadata_is_not_archival_capture
ver_b7ea64ca9c743203,event_editions,evt_59c94afe2168350b,1,,"{""feed_created"":""20251027T212312Z"",""feed_last_modified"":""20251027T212312Z"",""dtstart_raw"":""20251105T000000Z"",""dtend_raw"":""20251105T020000Z"",""uid"":""012249cd-27b0-49e9-9dee-ae8937b35740""}",,,2026-09-28,src_bca1599a2f687a1a,first_observation; feed_metadata_is_not_archival_capture
ver_cf55f1f457dc48f5,event_editions,evt_f98456919f51bf3b,1,,"{""feed_created"":""20250702T151849Z"",""feed_last_modified"":""20250702T151849Z"",""dtstart_raw"":""20251001"",""dtend_raw"":""20251002"",""uid"":""8bf85b21-27a7-4ecc-8c47-0df9e5562ed1""}",,,2026-09-28,src_bca1599a2f687a1a,first_observation; feed_metadata_is_not_archival_capture
ver_9eabd6c64fda12b2,event_editions,evt_271183b863badc08,1,,"{""feed_created"":""20250730T184710Z"",""feed_last_modified"":""20250730T184710Z"",""dtstart_raw"":""20251119"",""dtend_raw"":""20251121"",""uid"":""5030255e-daaf-4a13-8735-e04ea0f3773e""}",,,2026-09-28,src_bca1599a2f687a1a,first_observation; feed_metadata_is_not_archival_capture
ver_f61ec504186c4bec,event_editions,evt_9811ec9638b1fbcc,1,,"{""feed_created"":""20230904T102031Z"",""feed_last_modified"":""20230904T103329Z"",""dtstart_raw"":""20230916T070000Z"",""dtend_raw"":""20230916T110000Z"",""uid"":""3h5n7lmm7kl40tjt1oqg1ahckq@google.com""}",,,2026-09-28,src_bca1599a2f687a1a,first_observation; feed_metadata_is_not_archival_capture
ver_3c0a30d93b157846,event_editions,evt_f8ca29d8aaf3554c,1,,"{""feed_created"":""20260923T125827Z"",""feed_last_modified"":""20260923T125828Z"",""dtstart_raw"":""20270212"",""dtend_raw"":""20270214"",""uid"":""717f0936-1878-4a76-b2d8-d270689f2f29""}",,,2026-09-28,src_bca1599a2f687a1a,first_observation; feed_metadata_is_not_archival_capture
ver_dda4af75c725bd71,event_editions,evt_02f2b35b65883f13,1,,"{""feed_created"":""20230925T153739Z"",""feed_last_modified"":""20230925T153739Z"",""dtstart_raw"":""20240117T170000Z"",""dtend_raw"":""20240117T200000Z"",""uid"":""f1513dd0-712c-4fce-ab05-7fbc50676b03""}",,,2026-09-28,src_bca1599a2f687a1a,first_observation; feed_metadata_is_not_archival_capture
ver_5bcab52c6fd461d6,event_editions,evt_7aa2315026a455d4,1,,"{""feed_created"":""20240322T155341Z"",""feed_last_modified"":""20240322T155341Z"",""dtstart_raw"":""20241005T140000Z"",""dtend_raw"":""20241005T223000Z"",""uid"":""0fopfphn2dpd849cuviolk8e82@google.com""}",,,2026-09-28,src_bca1599a2f687a1a,first_observation; feed_metadata_is_not_archival_capture
ver_ebcbcdd894fa213d,event_editions,evt_ebeea41d3b2cc2f4,1,,"{""feed_created"":""20260105T135238Z"",""feed_last_modified"":""20260105T135238Z"",""dtstart_raw"":""20260221"",""dtend_raw"":""20260223"",""uid"":""701cae96-8642-4b4c-9f23-74c08c4ee2f1""}",,,2026-09-28,src_bca1599a2f687a1a,first_observation; feed_metadata_is_not_archival_capture
ver_71f091737a0905e9,event_editions,evt_0aa269c82bc35ecb,1,,"{""feed_created"":""20240611T083011Z"",""feed_last_modified"":""20240612T083148Z"",""dtstart_raw"":""20240619T063000Z"",""dtend_raw"":""20240619T083000Z"",""uid"":""2bdde844-9743-4e02-99b2-895d523e6c13""}",,,2026-09-28,src_bca1599a2f687a1a,first_observation; feed_metadata_is_not_archival_capture
ver_a707e35b3f431e40,event_editions,evt_d0372c6c42f0d18d,1,,"{""feed_created"":""20251009T080117Z"",""feed_last_modified"":""20251009T080117Z"",""dtstart_raw"":""20251113T181500Z"",""dtend_raw"":""20251113T210000Z"",""uid"":""0b4713eb-8cc4-46bd-af58-fda81177bade""}",,,2026-09-28,src_bca1599a2f687a1a,first_observation; feed_metadata_is_not_archival_capture
ver_9304580656ef3548,event_editions,evt_214ad6bea53fa8c8,1,,"{""feed_created"":""20220604T121758Z"",""feed_last_modified"":""20220604T122552Z"",""dtstart_raw"":""20220628T161500Z"",""dtend_raw"":""20220628T184500Z"",""uid"":""6miikrh0kab71evpi0p9tceav7@google.com""}",,,2026-09-28,src_bca1599a2f687a1a,first_observation; feed_metadata_is_not_archival_capture
ver_a64ab1780cd485b8,event_editions,evt_656b138ad9f77966,1,,"{""feed_created"":""20240322T154857Z"",""feed_last_modified"":""20240322T154857Z"",""dtstart_raw"":""20240406T140000Z"",""dtend_raw"":""20240406T223000Z"",""uid"":""77r2cid28uobuoah9v1ogr24ce@google.com""}",,,2026-09-28,src_bca1599a2f687a1a,first_observation; feed_metadata_is_not_archival_capture
ver_93326ee800979f45,event_editions,evt_fca0556d0d79f159,1,,"{""feed_created"":""20231020T151336Z"",""feed_last_modified"":""20231020T151402Z"",""dtstart_raw"":""20231021T190000Z"",""dtend_raw"":""20231021T200000Z"",""uid"":""20gtol47he1r5o0ierabcsl37s@google.com""}",,,2026-09-28,src_bca1599a2f687a1a,first_observation; feed_metadata_is_not_archival_capture
ver_b5aefc630c13ab43,event_editions,evt_e7b63af2d5025030,1,,"{""feed_created"":""20240104T210849Z"",""feed_last_modified"":""20240104T210849Z"",""dtstart_raw"":""20240309"",""dtend_raw"":""20240310"",""uid"":""6ed32cfe-1464-4a19-b49a-01a0a1c7c4b2""}",,,2026-09-28,src_bca1599a2f687a1a,first_observation; feed_metadata_is_not_archival_capture
ver_6f944020411b4832,event_editions,evt_e39e93bc1ebe1be9,1,,"{""feed_created"":""20211209T124638Z"",""feed_last_modified"":""20211209T124638Z"",""dtstart_raw"":""20220115"",""dtend_raw"":""20220116"",""uid"":""c9ffd13e-2662-4e0b-9204-6b3c54a53a7a""}",,,2026-09-28,src_bca1599a2f687a1a,first_observation; feed_metadata_is_not_archival_capture
ver_a505ab41b8fa8ded,event_editions,evt_f8d135410443179f,1,,"{""feed_created"":""20250822T094125Z"",""feed_last_modified"":""20250822T094125Z"",""dtstart_raw"":""20251015"",""dtend_raw"":""20251016"",""uid"":""24mbn3516mq3fc40tip7ciuij9@google.com""}",,,2026-09-28,src_bca1599a2f687a1a,first_observation; feed_metadata_is_not_archival_capture
ver_42d814689a7dbf0b,event_editions,evt_557605ca2d07333a,1,,"{""feed_created"":""20250313T094318Z"",""feed_last_modified"":""20250313T094318Z"",""dtstart_raw"":""20250510"",""dtend_raw"":""20250511"",""uid"":""2faa52bf-be18-477f-8b1e-81ae41774bf1""}",,,2026-09-28,src_bca1599a2f687a1a,first_observation; feed_metadata_is_not_archival_capture
ver_f18526c7ab2e993c,event_editions,evt_86d22fa6f5a5d266,1,,"{""feed_created"":""20221116T184520Z"",""feed_last_modified"":""20221116T184520Z"",""dtstart_raw"":""20221130T173000Z"",""dtend_raw"":""20221130T190000Z"",""uid"":""39t6pudr75s1jr55230m7fi0qc@google.com""}",,,2026-09-28,src_bca1599a2f687a1a,first_observation; feed_metadata_is_not_archival_capture
ver_2e7294974349b313,event_editions,evt_810091516b8cdf53,1,,"{""feed_created"":""20240206T090658Z"",""feed_last_modified"":""20240502T163840Z"",""dtstart_raw"":""20240501"",""dtend_raw"":""20240503"",""uid"":""2fa4d961-52f5-4937-8bc7-8a9a4d721f89""}",,,2026-09-28,src_bca1599a2f687a1a,first_observation; feed_metadata_is_not_archival_capture
ver_257a9d414c647859,event_editions,evt_c4f78ea66f7b8c55,1,,"{""feed_created"":""20251009T075950Z"",""feed_last_modified"":""20251009T075950Z"",""dtstart_raw"":""20251023T160000Z"",""dtend_raw"":""20251023T173000Z"",""uid"":""83868b11-a9c9-496b-af83-2422818731c9""}",,,2026-09-28,src_bca1599a2f687a1a,first_observation; feed_metadata_is_not_archival_capture
ver_492230d8a7d71f6c,event_editions,evt_f1224171dc987b8a,1,,"{""feed_created"":""20240322T140153Z"",""feed_last_modified"":""20240322T140153Z"",""dtstart_raw"":""20240323T060000Z"",""dtend_raw"":""20240323T150000Z"",""uid"":""3mub3j8lruqnnjhr9bks5q3959@google.com""}",,,2026-09-28,src_bca1599a2f687a1a,first_observation; feed_metadata_is_not_archival_capture
ver_ad02348dca8a7239,event_editions,evt_f7724e1d47fcfe0a,1,,"{""feed_created"":""20230929T105558Z"",""feed_last_modified"":""20230929T105558Z"",""dtstart_raw"":""20231115T051500Z"",""dtend_raw"":""20231115T074500Z"",""uid"":""5upmc1b9dgofaavlj4etmno7jl@google.com""}",,,2026-09-28,src_bca1599a2f687a1a,first_observation; feed_metadata_is_not_archival_capture
ver_c649a0996f9a7f5c,event_editions,evt_b276f2ca0b3f3414,1,,"{""feed_created"":""20220705T080254Z"",""feed_last_modified"":""20220705T080254Z"",""dtstart_raw"":""20220712T180000Z"",""dtend_raw"":""20220712T210000Z"",""uid"":""33ghptd61kq227r1t8jcjcvrbh@google.com""}",,,2026-09-28,src_bca1599a2f687a1a,first_observation; feed_metadata_is_not_archival_capture
ver_7c538135f685e385,event_editions,evt_207d218a5b4df982,1,,"{""feed_created"":""20250111T142513Z"",""feed_last_modified"":""20250111T142513Z"",""dtstart_raw"":""20250321"",""dtend_raw"":""20250325"",""uid"":""94cc6efd-26f5-43e5-a0e1-975048e4796b""}",,,2026-09-28,src_bca1599a2f687a1a,first_observation; feed_metadata_is_not_archival_capture
ver_7624647615305af9,event_editions,evt_9e8343e036deef82,1,,"{""feed_created"":""20250313T094234Z"",""feed_last_modified"":""20250313T094234Z"",""dtstart_raw"":""20250405"",""dtend_raw"":""20250406"",""uid"":""12d3360b-fc63-4250-9230-d0501ff6a75b""}",,,2026-09-28,src_bca1599a2f687a1a,first_observation; feed_metadata_is_not_archival_capture
ver_dff0938519343991,event_editions,evt_9dc2c7a6d40a75b6,1,,"{""feed_created"":""20230611T104850Z"",""feed_last_modified"":""20230611T104850Z"",""dtstart_raw"":""20230707"",""dtend_raw"":""20230708"",""uid"":""cb0107bc-074d-43d8-abbe-b0e67a903f29""}",,,2026-09-28,src_bca1599a2f687a1a,first_observation; feed_metadata_is_not_archival_capture
ver_3703dada17ec8efc,event_editions,evt_509dff0f9ae80a76,1,,"{""feed_created"":""20240929T172752Z"",""feed_last_modified"":""20240929T172752Z"",""dtstart_raw"":""20241024T150000Z"",""dtend_raw"":""20241024T190000Z"",""uid"":""0c5e415c-f9b8-415e-97c3-f2487cf3ea43""}",,,2026-09-28,src_bca1599a2f687a1a,first_observation; feed_metadata_is_not_archival_capture
ver_dfc98a77ec4d6e87,event_editions,evt_86455e9b97b2854d,1,,"{""feed_created"":""20240702T093626Z"",""feed_last_modified"":""20240702T093626Z"",""dtstart_raw"":""20240812"",""dtend_raw"":""20240819"",""uid"":""8fb4ce2b-5864-4471-9c52-ce14dcab7ca5""}",,,2026-09-28,src_bca1599a2f687a1a,first_observation; feed_metadata_is_not_archival_capture
ver_d21bd90a20bbd9e7,event_editions,evt_52acb71523a21b08,1,,"{""feed_created"":""20260317T131409Z"",""feed_last_modified"":""20260317T131409Z"",""dtstart_raw"":""20260402T171500Z"",""dtend_raw"":""20260402T200000Z"",""uid"":""89fac499-80fd-421a-bbf2-1da255b283de""}",,,2026-09-28,src_bca1599a2f687a1a,first_observation; feed_metadata_is_not_archival_capture
ver_21f103de904b75bb,event_editions,evt_df9582e6dff519ea,1,,"{""feed_created"":""20250212T123338Z"",""feed_last_modified"":""20250212T123338Z"",""dtstart_raw"":""20250415"",""dtend_raw"":""20250416"",""uid"":""a3574095-cafc-45f8-a919-24c9808361aa""}",,,2026-09-28,src_bca1599a2f687a1a,first_observation; feed_metadata_is_not_archival_capture
ver_4998ee3a076bc595,event_editions,evt_eb58a35e5f3a8e6d,1,,"{""feed_created"":""20220814T113938Z"",""feed_last_modified"":""20220814T113938Z"",""dtstart_raw"":""20220928T160000Z"",""dtend_raw"":""20220928T190000Z"",""uid"":""4b31d00a-a630-4091-be46-4fd0d9c2c0a8""}",,,2026-09-28,src_bca1599a2f687a1a,first_observation; feed_metadata_is_not_archival_capture
ver_22a459acbb94606d,event_editions,evt_9f17995d9eef59f1,1,,"{""feed_created"":""20220520T134322Z"",""feed_last_modified"":""20220520T134322Z"",""dtstart_raw"":""20220523"",""dtend_raw"":""20220526"",""uid"":""034141f3-9633-467b-844b-294a7968c220""}",,,2026-09-28,src_bca1599a2f687a1a,first_observation; feed_metadata_is_not_archival_capture
ver_b6984a602dc891b2,event_editions,evt_4091597f5b237d47,1,,"{""feed_created"":""20240927T080524Z"",""feed_last_modified"":""20240927T080930Z"",""dtstart_raw"":""20240930"",""dtend_raw"":""20241001"",""uid"":""e0b12789-2a08-42a4-85b8-b31bd30ff189""}",,,2026-09-28,src_bca1599a2f687a1a,first_observation; feed_metadata_is_not_archival_capture
ver_4241687292e48ed1,event_editions,evt_216ea48a972ff0a5,1,,"{""feed_created"":""20260411T151701Z"",""feed_last_modified"":""20260411T151701Z"",""dtstart_raw"":""20260422"",""dtend_raw"":""20260424"",""uid"":""de901acb-8a36-4047-acf8-61a720ed77c6""}",,,2026-09-28,src_bca1599a2f687a1a,first_observation; feed_metadata_is_not_archival_capture
ver_7d68dc2003842cbd,event_editions,evt_849cb4ba9c92b4ba,1,,"{""feed_created"":""20240812T093608Z"",""feed_last_modified"":""20240812T093608Z"",""dtstart_raw"":""20241120T053000Z"",""dtend_raw"":""20241120T073000Z"",""uid"":""7h0304hm9qhklkjnvpvdd6rc5c@google.com""}",,,2026-09-28,src_bca1599a2f687a1a,first_observation; feed_metadata_is_not_archival_capture
ver_4f409c900a1045a4,event_editions,evt_6e684c9e0dfeea68,1,,"{""feed_created"":""20250430T122840Z"",""feed_last_modified"":""20250430T123114Z"",""dtstart_raw"":""20250623"",""dtend_raw"":""20250626"",""uid"":""6cd4bb33-d4c8-43d2-9b09-f7cef3b0d725""}",,,2026-09-28,src_bca1599a2f687a1a,first_observation; feed_metadata_is_not_archival_capture
ver_729e954c8ee53f0d,event_editions,evt_759c1cb0c7e52d0d,1,,"{""feed_created"":""20230116T122358Z"",""feed_last_modified"":""20230116T122358Z"",""dtstart_raw"":""20230407"",""dtend_raw"":""20230411"",""uid"":""e5cc7144-295d-4446-a45a-7aad49c9793f""}",,,2026-09-28,src_bca1599a2f687a1a,first_observation; feed_metadata_is_not_archival_capture
ver_fe66182540cc10ff,event_editions,evt_76769dd311eeacc9,1,,"{""feed_created"":""20220316T114801Z"",""feed_last_modified"":""20220316T114801Z"",""dtstart_raw"":""20220329T160000Z"",""dtend_raw"":""20220329T180000Z"",""uid"":""511611fc-d9cf-4f7f-9bda-de28fb696bef""}",,,2026-09-28,src_bca1599a2f687a1a,first_observation; feed_metadata_is_not_archival_capture
ver_43addae6609f6032,event_editions,evt_868f9804c4ae07e5,1,,"{""feed_created"":""20240530T131953Z"",""feed_last_modified"":""20240530T160431Z"",""dtstart_raw"":""20240611T230000Z"",""dtend_raw"":""20240612T010000Z"",""uid"":""0h9l6jkfp4578jqvea5l6fhe48@google.com""}",,,2026-09-28,src_bca1599a2f687a1a,first_observation; feed_metadata_is_not_archival_capture
record_versions_1df000f62f1cbce7,event_editions,evt_9438314c52d10a5f,2,"{""start_date"":""2026-10-17"",""venue"":""Trinity College Dublin""}","{""start_date"":""2026-11-21"",""venue"":""Dublin city centre; TBA""}",2026-08-27,,2026-09-28,src_4b1f01673b1b0849,documented_reschedule; source update date not archived capture
record_versions_b863227f57387d28,event_editions,evt_dc71e11656e99e2d,2,"{""end_date"":""2024-10-05""}","{""end_date"":""2024-10-06""}",,,2026-09-28,src_da2557fd2a75f70b,manual_source_audit_correction
