company_id,name,domain,website,description,industry,products_json,markets_json,extra_json,missing_reasons_json
org_c5482a6f7a14bd76,Frankfurter Buchmesse,buchmesse.de,,,,,,"{""domain_status"":""linked_host_not_canonical_ownership_verified"",""identity_status"":""display_name_not_legal_entity_verified""}","{""description"":""not_found_in_consulted_sources"",""industry"":""not_found_in_consulted_sources"",""markets_json"":""not_found_in_consulted_sources"",""products_json"":""not_found_in_consulted_sources"",""website"":""not_found_in_consulted_sources""}"
org_199c7869daa94b94,Amnesty International,,,,,,,"{""domain_status"":null,""identity_status"":""display_name_not_legal_entity_verified""}","{""description"":""not_found_in_consulted_sources"",""domain"":""not_found_in_consulted_sources"",""industry"":""not_found_in_consulted_sources"",""markets_json"":""not_found_in_consulted_sources"",""products_json"":""not_found_in_consulted_sources"",""website"":""not_found_in_consulted_sources""}"
org_da6f0a26fe89870c,CORRECTIV,,,,,,,"{""domain_status"":null,""identity_status"":""display_name_not_legal_entity_verified""}","{""description"":""not_found_in_consulted_sources"",""domain"":""not_found_in_consulted_sources"",""industry"":""not_found_in_consulted_sources"",""markets_json"":""not_found_in_consulted_sources"",""products_json"":""not_found_in_consulted_sources"",""website"":""not_found_in_consulted_sources""}"
org_0a7cdb3f17461ce7,PEN Berlin,,,,,,,"{""domain_status"":null,""identity_status"":""display_name_not_legal_entity_verified""}","{""description"":""not_found_in_consulted_sources"",""domain"":""not_found_in_consulted_sources"",""industry"":""not_found_in_consulted_sources"",""markets_json"":""not_found_in_consulted_sources"",""products_json"":""not_found_in_consulted_sources"",""website"":""not_found_in_consulted_sources""}"
org_2b78da3dc866654e,Spotify,,,,,,,"{""domain_status"":null,""identity_status"":""display_name_not_legal_entity_verified""}","{""description"":""not_found_in_consulted_sources"",""domain"":""not_found_in_consulted_sources"",""industry"":""not_found_in_consulted_sources"",""markets_json"":""not_found_in_consulted_sources"",""products_json"":""not_found_in_consulted_sources"",""website"":""not_found_in_consulted_sources""}"
org_961281ce5eace239,Audible,,,,,,,"{""domain_status"":null,""identity_status"":""display_name_not_legal_entity_verified""}","{""description"":""not_found_in_consulted_sources"",""domain"":""not_found_in_consulted_sources"",""industry"":""not_found_in_consulted_sources"",""markets_json"":""not_found_in_consulted_sources"",""products_json"":""not_found_in_consulted_sources"",""website"":""not_found_in_consulted_sources""}"
org_fe99193e6345e832,Festival de Cannes,festival-cannes.com,,,,,,"{""domain_status"":""linked_host_not_canonical_ownership_verified"",""identity_status"":""display_name_not_legal_entity_verified""}","{""description"":""not_found_in_consulted_sources"",""industry"":""not_found_in_consulted_sources"",""markets_json"":""not_found_in_consulted_sources"",""products_json"":""not_found_in_consulted_sources"",""website"":""not_found_in_consulted_sources""}"
org_a8fa34e52b01d605,France Télévisions,,,,,,,"{""domain_status"":null,""identity_status"":""display_name_not_legal_entity_verified""}","{""description"":""not_found_in_consulted_sources"",""domain"":""not_found_in_consulted_sources"",""industry"":""not_found_in_consulted_sources"",""markets_json"":""not_found_in_consulted_sources"",""products_json"":""not_found_in_consulted_sources"",""website"":""not_found_in_consulted_sources""}"
org_2b3cf4bd4b04f465,Brut.,,,,,,,"{""domain_status"":null,""identity_status"":""display_name_not_legal_entity_verified""}","{""description"":""not_found_in_consulted_sources"",""domain"":""not_found_in_consulted_sources"",""industry"":""not_found_in_consulted_sources"",""markets_json"":""not_found_in_consulted_sources"",""products_json"":""not_found_in_consulted_sources"",""website"":""not_found_in_consulted_sources""}"
org_27df9ed9a477af0f,BMW,,,,,,,"{""domain_status"":null,""identity_status"":""display_name_not_legal_entity_verified""}","{""description"":""not_found_in_consulted_sources"",""domain"":""not_found_in_consulted_sources"",""industry"":""not_found_in_consulted_sources"",""markets_json"":""not_found_in_consulted_sources"",""products_json"":""not_found_in_consulted_sources"",""website"":""not_found_in_consulted_sources""}"
org_6163405c7a834f68,Campari,,,,,,,"{""domain_status"":null,""identity_status"":""display_name_not_legal_entity_verified""}","{""description"":""not_found_in_consulted_sources"",""domain"":""not_found_in_consulted_sources"",""industry"":""not_found_in_consulted_sources"",""markets_json"":""not_found_in_consulted_sources"",""products_json"":""not_found_in_consulted_sources"",""website"":""not_found_in_consulted_sources""}"
org_569a0ccecd72cd52,Chopard,,,,,,,"{""domain_status"":null,""identity_status"":""display_name_not_legal_entity_verified""}","{""description"":""not_found_in_consulted_sources"",""domain"":""not_found_in_consulted_sources"",""industry"":""not_found_in_consulted_sources"",""markets_json"":""not_found_in_consulted_sources"",""products_json"":""not_found_in_consulted_sources"",""website"":""not_found_in_consulted_sources""}"
org_a795df5398116c1d,L’Oréal Paris,,,,,,,"{""domain_status"":null,""identity_status"":""display_name_not_legal_entity_verified""}","{""description"":""not_found_in_consulted_sources"",""domain"":""not_found_in_consulted_sources"",""industry"":""not_found_in_consulted_sources"",""markets_json"":""not_found_in_consulted_sources"",""products_json"":""not_found_in_consulted_sources"",""website"":""not_found_in_consulted_sources""}"
org_7f58ab675ed7b7da,Angénieux,angenieux.com,,,,,,"{""domain_status"":""linked_host_not_canonical_ownership_verified"",""identity_status"":""display_name_not_legal_entity_verified""}","{""description"":""not_found_in_consulted_sources"",""industry"":""not_found_in_consulted_sources"",""markets_json"":""not_found_in_consulted_sources"",""products_json"":""not_found_in_consulted_sources"",""website"":""not_found_in_consulted_sources""}"
org_56dc8c9a7859eb83,Campari France,,,,,,,"{""domain_status"":null,""identity_status"":""display_name_not_legal_entity_verified""}","{""description"":""not_found_in_consulted_sources"",""domain"":""not_found_in_consulted_sources"",""industry"":""not_found_in_consulted_sources"",""markets_json"":""not_found_in_consulted_sources"",""products_json"":""not_found_in_consulted_sources"",""website"":""not_found_in_consulted_sources""}"
org_bce2acf48d6abed2,Château Margüi,chateaumargui.com,,,,,,"{""domain_status"":""linked_host_not_canonical_ownership_verified"",""identity_status"":""display_name_not_legal_entity_verified""}","{""description"":""not_found_in_consulted_sources"",""industry"":""not_found_in_consulted_sources"",""markets_json"":""not_found_in_consulted_sources"",""products_json"":""not_found_in_consulted_sources"",""website"":""not_found_in_consulted_sources""}"
org_ea3bd73e2b506e00,Meta,,,,,,,"{""domain_status"":null,""identity_status"":""display_name_not_legal_entity_verified""}","{""description"":""not_found_in_consulted_sources"",""domain"":""not_found_in_consulted_sources"",""industry"":""not_found_in_consulted_sources"",""markets_json"":""not_found_in_consulted_sources"",""products_json"":""not_found_in_consulted_sources"",""website"":""not_found_in_consulted_sources""}"
org_536ab8b810626357,Polkadot Africa,,,,,,,"{""domain_status"":null,""identity_status"":""display_name_not_legal_entity_verified""}","{""description"":""not_found_in_consulted_sources"",""domain"":""not_found_in_consulted_sources"",""industry"":""not_found_in_consulted_sources"",""markets_json"":""not_found_in_consulted_sources"",""products_json"":""not_found_in_consulted_sources"",""website"":""not_found_in_consulted_sources""}"
org_5af29eaa879ff312,AWS Startups,aws.amazon.com,,,,,,"{""domain_status"":""linked_host_not_canonical_ownership_verified"",""identity_status"":""display_name_not_legal_entity_verified""}","{""description"":""not_found_in_consulted_sources"",""industry"":""not_found_in_consulted_sources"",""markets_json"":""not_found_in_consulted_sources"",""products_json"":""not_found_in_consulted_sources"",""website"":""not_found_in_consulted_sources""}"
org_a221ce93a2c1f14c,Tractian,tractian.com,,,,,,"{""domain_status"":""linked_host_not_canonical_ownership_verified"",""identity_status"":""display_name_not_legal_entity_verified""}","{""description"":""not_found_in_consulted_sources"",""industry"":""not_found_in_consulted_sources"",""markets_json"":""not_found_in_consulted_sources"",""products_json"":""not_found_in_consulted_sources"",""website"":""not_found_in_consulted_sources""}"
org_ed1e3ca26fa3bd9d,Valor Capital,valorcapitalgroup.com,,,,,,"{""domain_status"":""linked_host_not_canonical_ownership_verified"",""identity_status"":""display_name_not_legal_entity_verified""}","{""description"":""not_found_in_consulted_sources"",""industry"":""not_found_in_consulted_sources"",""markets_json"":""not_found_in_consulted_sources"",""products_json"":""not_found_in_consulted_sources"",""website"":""not_found_in_consulted_sources""}"
org_18ccf6c9288a445a,Harvard Brazilian Students and Scholars Association (HBASS),,,,,,,"{""domain_status"":null,""identity_status"":""display_name_not_legal_entity_verified""}","{""description"":""not_found_in_consulted_sources"",""domain"":""not_found_in_consulted_sources"",""industry"":""not_found_in_consulted_sources"",""markets_json"":""not_found_in_consulted_sources"",""products_json"":""not_found_in_consulted_sources"",""website"":""not_found_in_consulted_sources""}"
org_12c0d48004bfe1c3,Stamina,,,,,,,"{""domain_status"":null,""identity_status"":""display_name_not_legal_entity_verified""}","{""description"":""not_found_in_consulted_sources"",""domain"":""not_found_in_consulted_sources"",""industry"":""not_found_in_consulted_sources"",""markets_json"":""not_found_in_consulted_sources"",""products_json"":""not_found_in_consulted_sources"",""website"":""not_found_in_consulted_sources""}"
org_1c0b62d48f989c6c,BonifiQ,,,,,,,"{""domain_status"":null,""identity_status"":""display_name_not_legal_entity_verified""}","{""description"":""not_found_in_consulted_sources"",""domain"":""not_found_in_consulted_sources"",""industry"":""not_found_in_consulted_sources"",""markets_json"":""not_found_in_consulted_sources"",""products_json"":""not_found_in_consulted_sources"",""website"":""not_found_in_consulted_sources""}"
org_cfd1d6dd56b1f53e,Comunitive,,,,,,,"{""domain_status"":null,""identity_status"":""display_name_not_legal_entity_verified""}","{""description"":""not_found_in_consulted_sources"",""domain"":""not_found_in_consulted_sources"",""industry"":""not_found_in_consulted_sources"",""markets_json"":""not_found_in_consulted_sources"",""products_json"":""not_found_in_consulted_sources"",""website"":""not_found_in_consulted_sources""}"
org_728e98c52936b199,GoBots,,,,,,,"{""domain_status"":null,""identity_status"":""display_name_not_legal_entity_verified""}","{""description"":""not_found_in_consulted_sources"",""domain"":""not_found_in_consulted_sources"",""industry"":""not_found_in_consulted_sources"",""markets_json"":""not_found_in_consulted_sources"",""products_json"":""not_found_in_consulted_sources"",""website"":""not_found_in_consulted_sources""}"
org_1b8229a420c448ac,Goomer,,,,,,,"{""domain_status"":null,""identity_status"":""display_name_not_legal_entity_verified""}","{""description"":""not_found_in_consulted_sources"",""domain"":""not_found_in_consulted_sources"",""industry"":""not_found_in_consulted_sources"",""markets_json"":""not_found_in_consulted_sources"",""products_json"":""not_found_in_consulted_sources"",""website"":""not_found_in_consulted_sources""}"
org_1965d81fd48e00fe,Inbazz,,,,,,,"{""domain_status"":null,""identity_status"":""display_name_not_legal_entity_verified""}","{""description"":""not_found_in_consulted_sources"",""domain"":""not_found_in_consulted_sources"",""industry"":""not_found_in_consulted_sources"",""markets_json"":""not_found_in_consulted_sources"",""products_json"":""not_found_in_consulted_sources"",""website"":""not_found_in_consulted_sources""}"
org_9b74c70ca8a8c7c9,Pilar,,,,,,,"{""domain_status"":null,""identity_status"":""display_name_not_legal_entity_verified""}","{""description"":""not_found_in_consulted_sources"",""domain"":""not_found_in_consulted_sources"",""industry"":""not_found_in_consulted_sources"",""markets_json"":""not_found_in_consulted_sources"",""products_json"":""not_found_in_consulted_sources"",""website"":""not_found_in_consulted_sources""}"
org_e8deed7af6074ebb,Planne,,,,,,,"{""domain_status"":null,""identity_status"":""display_name_not_legal_entity_verified""}","{""description"":""not_found_in_consulted_sources"",""domain"":""not_found_in_consulted_sources"",""industry"":""not_found_in_consulted_sources"",""markets_json"":""not_found_in_consulted_sources"",""products_json"":""not_found_in_consulted_sources"",""website"":""not_found_in_consulted_sources""}"
org_14425743c6b97d0c,Revi,,,,,,,"{""domain_status"":null,""identity_status"":""display_name_not_legal_entity_verified""}","{""description"":""not_found_in_consulted_sources"",""domain"":""not_found_in_consulted_sources"",""industry"":""not_found_in_consulted_sources"",""markets_json"":""not_found_in_consulted_sources"",""products_json"":""not_found_in_consulted_sources"",""website"":""not_found_in_consulted_sources""}"
org_e54ea82aaade0001,Blessy,,,,,,,"{""domain_status"":null,""identity_status"":""display_name_not_legal_entity_verified""}","{""description"":""not_found_in_consulted_sources"",""domain"":""not_found_in_consulted_sources"",""industry"":""not_found_in_consulted_sources"",""markets_json"":""not_found_in_consulted_sources"",""products_json"":""not_found_in_consulted_sources"",""website"":""not_found_in_consulted_sources""}"
org_fae1ccb3d01756f2,Heroica Natural,,,,,,,"{""domain_status"":null,""identity_status"":""display_name_not_legal_entity_verified""}","{""description"":""not_found_in_consulted_sources"",""domain"":""not_found_in_consulted_sources"",""industry"":""not_found_in_consulted_sources"",""markets_json"":""not_found_in_consulted_sources"",""products_json"":""not_found_in_consulted_sources"",""website"":""not_found_in_consulted_sources""}"
org_dd93b77a05aafddf,Zissou S.A,,,,,,,"{""domain_status"":null,""identity_status"":""display_name_not_legal_entity_verified""}","{""description"":""not_found_in_consulted_sources"",""domain"":""not_found_in_consulted_sources"",""industry"":""not_found_in_consulted_sources"",""markets_json"":""not_found_in_consulted_sources"",""products_json"":""not_found_in_consulted_sources"",""website"":""not_found_in_consulted_sources""}"
org_1ae56317936fad00,Secretaria Municipal de Cultura e Economia Criativa de São Paulo,,,,,,,"{""domain_status"":null,""identity_status"":""display_name_not_legal_entity_verified""}","{""description"":""not_found_in_consulted_sources"",""domain"":""not_found_in_consulted_sources"",""industry"":""not_found_in_consulted_sources"",""markets_json"":""not_found_in_consulted_sources"",""products_json"":""not_found_in_consulted_sources"",""website"":""not_found_in_consulted_sources""}"
org_447893bfd37022e7,National Gallery Singapore,,,,,,,"{""domain_status"":null,""identity_status"":""display_name_not_legal_entity_verified""}","{""description"":""not_found_in_consulted_sources"",""domain"":""not_found_in_consulted_sources"",""industry"":""not_found_in_consulted_sources"",""markets_json"":""not_found_in_consulted_sources"",""products_json"":""not_found_in_consulted_sources"",""website"":""not_found_in_consulted_sources""}"
org_c7b9becbf9c41077,Centre de Cultura Contemporània de Barcelona,cccb.org,,,,,,"{""domain_status"":""linked_host_not_canonical_ownership_verified"",""identity_status"":""display_name_not_legal_entity_verified""}","{""description"":""not_found_in_consulted_sources"",""industry"":""not_found_in_consulted_sources"",""markets_json"":""not_found_in_consulted_sources"",""products_json"":""not_found_in_consulted_sources"",""website"":""not_found_in_consulted_sources""}"
org_d193da357ea64780,Institut d'Humanitats,instituthumanitats.org,,,,,,"{""domain_status"":""linked_host_not_canonical_ownership_verified"",""identity_status"":""display_name_not_legal_entity_verified""}","{""description"":""not_found_in_consulted_sources"",""industry"":""not_found_in_consulted_sources"",""markets_json"":""not_found_in_consulted_sources"",""products_json"":""not_found_in_consulted_sources"",""website"":""not_found_in_consulted_sources""}"
org_eb795cb6c653b04d,Sanlam Cape Town Marathon,,,,,,,"{""domain_status"":null,""identity_status"":""display_name_not_legal_entity_verified""}","{""description"":""not_found_in_consulted_sources"",""domain"":""not_found_in_consulted_sources"",""industry"":""not_found_in_consulted_sources"",""markets_json"":""not_found_in_consulted_sources"",""products_json"":""not_found_in_consulted_sources"",""website"":""not_found_in_consulted_sources""}"
org_3598a879f2ea6e99,Sanlam,,,,,,,"{""domain_status"":null,""identity_status"":""display_name_not_legal_entity_verified""}","{""description"":""not_found_in_consulted_sources"",""domain"":""not_found_in_consulted_sources"",""industry"":""not_found_in_consulted_sources"",""markets_json"":""not_found_in_consulted_sources"",""products_json"":""not_found_in_consulted_sources"",""website"":""not_found_in_consulted_sources""}"
org_e203120a667bd3ea,Faces,,,,,,,"{""domain_status"":null,""identity_status"":""display_name_not_legal_entity_verified""}","{""description"":""not_found_in_consulted_sources"",""domain"":""not_found_in_consulted_sources"",""industry"":""not_found_in_consulted_sources"",""markets_json"":""not_found_in_consulted_sources"",""products_json"":""not_found_in_consulted_sources"",""website"":""not_found_in_consulted_sources""}"
org_281cff70960d1288,Alliance française de Paris,alliancefr.org,,,,,,"{""domain_status"":""linked_host_not_canonical_ownership_verified"",""identity_status"":""display_name_not_legal_entity_verified""}","{""description"":""not_found_in_consulted_sources"",""industry"":""not_found_in_consulted_sources"",""markets_json"":""not_found_in_consulted_sources"",""products_json"":""not_found_in_consulted_sources"",""website"":""not_found_in_consulted_sources""}"
org_11aad178a1eee26d,Harvard-MIT Health Sciences and Technology,hst.mit.edu,,,,,,"{""domain_status"":""linked_host_not_canonical_ownership_verified"",""identity_status"":""display_name_not_legal_entity_verified""}","{""description"":""not_found_in_consulted_sources"",""industry"":""not_found_in_consulted_sources"",""markets_json"":""not_found_in_consulted_sources"",""products_json"":""not_found_in_consulted_sources"",""website"":""not_found_in_consulted_sources""}"
org_cdd21bb1a4ded17d,MIT Teaching + Learning Lab,tll.mit.edu,,,,,,"{""domain_status"":""linked_host_not_canonical_ownership_verified"",""identity_status"":""display_name_not_legal_entity_verified""}","{""description"":""not_found_in_consulted_sources"",""industry"":""not_found_in_consulted_sources"",""markets_json"":""not_found_in_consulted_sources"",""products_json"":""not_found_in_consulted_sources"",""website"":""not_found_in_consulted_sources""}"
org_61e43daf4530b469,Koch Institute for Integrative Cancer Research at MIT,ki.mit.edu,,,,,,"{""domain_status"":""linked_host_not_canonical_ownership_verified"",""identity_status"":""display_name_not_legal_entity_verified""}","{""description"":""not_found_in_consulted_sources"",""industry"":""not_found_in_consulted_sources"",""markets_json"":""not_found_in_consulted_sources"",""products_json"":""not_found_in_consulted_sources"",""website"":""not_found_in_consulted_sources""}"
org_8ced31a360c315ba,MIT Graduate Student Council,gsc.mit.edu,,,,,,"{""domain_status"":""linked_host_not_canonical_ownership_verified"",""identity_status"":""display_name_not_legal_entity_verified""}","{""description"":""not_found_in_consulted_sources"",""industry"":""not_found_in_consulted_sources"",""markets_json"":""not_found_in_consulted_sources"",""products_json"":""not_found_in_consulted_sources"",""website"":""not_found_in_consulted_sources""}"
org_887a8dd6d0c3e0c8,REDFOOT Productions,redfoot.productions,,,,,,"{""domain_status"":""linked_host_not_canonical_ownership_verified"",""identity_status"":""display_name_not_legal_entity_verified""}","{""description"":""not_found_in_consulted_sources"",""industry"":""not_found_in_consulted_sources"",""markets_json"":""not_found_in_consulted_sources"",""products_json"":""not_found_in_consulted_sources"",""website"":""not_found_in_consulted_sources""}"
org_a7e54c9118dea451,Wharton Club of the National Capital Region,whartonclubncr.org,,,,,,"{""domain_status"":""linked_host_not_canonical_ownership_verified"",""identity_status"":""display_name_not_legal_entity_verified""}","{""description"":""not_found_in_consulted_sources"",""industry"":""not_found_in_consulted_sources"",""markets_json"":""not_found_in_consulted_sources"",""products_json"":""not_found_in_consulted_sources"",""website"":""not_found_in_consulted_sources""}"
org_1b9687b43fbb328f,Saint Augustine's University,st-aug.edu,,,,,,"{""domain_status"":""linked_host_not_canonical_ownership_verified"",""identity_status"":""display_name_not_legal_entity_verified""}","{""description"":""not_found_in_consulted_sources"",""industry"":""not_found_in_consulted_sources"",""markets_json"":""not_found_in_consulted_sources"",""products_json"":""not_found_in_consulted_sources"",""website"":""not_found_in_consulted_sources""}"
org_778b5d2472f3baff,Circular Library,circular-library.com,,,,,,"{""domain_status"":""linked_host_not_canonical_ownership_verified"",""identity_status"":""display_name_not_legal_entity_verified""}","{""description"":""not_found_in_consulted_sources"",""industry"":""not_found_in_consulted_sources"",""markets_json"":""not_found_in_consulted_sources"",""products_json"":""not_found_in_consulted_sources"",""website"":""not_found_in_consulted_sources""}"
org_35d7a0ca565fcc81,The Laughing Geisha,,,,,,,"{""domain_status"":null,""identity_status"":""display_name_not_legal_entity_verified""}","{""description"":""not_found_in_consulted_sources"",""domain"":""not_found_in_consulted_sources"",""industry"":""not_found_in_consulted_sources"",""markets_json"":""not_found_in_consulted_sources"",""products_json"":""not_found_in_consulted_sources"",""website"":""not_found_in_consulted_sources""}"
org_16f122f5afdc608b,theVERSEverse,theverseverse.com,,,,,,"{""domain_status"":""linked_host_not_canonical_ownership_verified"",""identity_status"":""display_name_not_legal_entity_verified""}","{""description"":""not_found_in_consulted_sources"",""industry"":""not_found_in_consulted_sources"",""markets_json"":""not_found_in_consulted_sources"",""products_json"":""not_found_in_consulted_sources"",""website"":""not_found_in_consulted_sources""}"
org_56cbe238e881a79e,Fahey/Klein Gallery,faheykleingallery.com,,,,,,"{""domain_status"":""linked_host_not_canonical_ownership_verified"",""identity_status"":""display_name_not_legal_entity_verified""}","{""description"":""not_found_in_consulted_sources"",""industry"":""not_found_in_consulted_sources"",""markets_json"":""not_found_in_consulted_sources"",""products_json"":""not_found_in_consulted_sources"",""website"":""not_found_in_consulted_sources""}"
org_7e6bc3eb4e784d57,ACMI,acmi.net.au,,,,,,"{""domain_status"":""linked_host_not_canonical_ownership_verified"",""identity_status"":""display_name_not_legal_entity_verified""}","{""description"":""not_found_in_consulted_sources"",""industry"":""not_found_in_consulted_sources"",""markets_json"":""not_found_in_consulted_sources"",""products_json"":""not_found_in_consulted_sources"",""website"":""not_found_in_consulted_sources""}"
org_b03b74898cd9b6df,Fed Square,,,,,,,"{""domain_status"":null,""identity_status"":""display_name_not_legal_entity_verified""}","{""description"":""not_found_in_consulted_sources"",""domain"":""not_found_in_consulted_sources"",""industry"":""not_found_in_consulted_sources"",""markets_json"":""not_found_in_consulted_sources"",""products_json"":""not_found_in_consulted_sources"",""website"":""not_found_in_consulted_sources""}"
org_8f7c1d27d17c6aa4,Arts Projects Australia,,,,,,,"{""domain_status"":null,""identity_status"":""display_name_not_legal_entity_verified""}","{""description"":""not_found_in_consulted_sources"",""domain"":""not_found_in_consulted_sources"",""industry"":""not_found_in_consulted_sources"",""markets_json"":""not_found_in_consulted_sources"",""products_json"":""not_found_in_consulted_sources"",""website"":""not_found_in_consulted_sources""}"
org_53f8a65443d46d95,Naomi Milgrom Foundation,,,,,,,"{""domain_status"":null,""identity_status"":""display_name_not_legal_entity_verified""}","{""description"":""not_found_in_consulted_sources"",""domain"":""not_found_in_consulted_sources"",""industry"":""not_found_in_consulted_sources"",""markets_json"":""not_found_in_consulted_sources"",""products_json"":""not_found_in_consulted_sources"",""website"":""not_found_in_consulted_sources""}"
org_08bb42a30ca57f34,adidas,adidas.com,,,,,,"{""domain_status"":""linked_host_not_canonical_ownership_verified"",""identity_status"":""display_name_not_legal_entity_verified""}","{""description"":""not_found_in_consulted_sources"",""industry"":""not_found_in_consulted_sources"",""markets_json"":""not_found_in_consulted_sources"",""products_json"":""not_found_in_consulted_sources"",""website"":""not_found_in_consulted_sources""}"
org_36a13dbecd9b174d,City of Cape Town,,,,,,,"{""domain_status"":null,""identity_status"":""display_name_not_legal_entity_verified""}","{""description"":""not_found_in_consulted_sources"",""domain"":""not_found_in_consulted_sources"",""industry"":""not_found_in_consulted_sources"",""markets_json"":""not_found_in_consulted_sources"",""products_json"":""not_found_in_consulted_sources"",""website"":""not_found_in_consulted_sources""}"
org_fa5bce4e8b8ebe2c,Gobierno de la Ciudad Autónoma de Buenos Aires,buenosaires.gob.ar,,,,,,"{""domain_status"":""linked_host_not_canonical_ownership_verified"",""identity_status"":""display_name_not_legal_entity_verified""}","{""description"":""not_found_in_consulted_sources"",""industry"":""not_found_in_consulted_sources"",""markets_json"":""not_found_in_consulted_sources"",""products_json"":""not_found_in_consulted_sources"",""website"":""not_found_in_consulted_sources""}"
org_7a5bb7f1554e71c8,Red Quincho,redquincho.ar,,,,,,"{""domain_status"":""linked_host_not_canonical_ownership_verified"",""identity_status"":""display_name_not_legal_entity_verified""}","{""description"":""not_found_in_consulted_sources"",""industry"":""not_found_in_consulted_sources"",""markets_json"":""not_found_in_consulted_sources"",""products_json"":""not_found_in_consulted_sources"",""website"":""not_found_in_consulted_sources""}"
org_c0011e50b6f4b413,Moom Health,,,,,,,"{""domain_status"":null,""identity_status"":""display_name_not_legal_entity_verified""}","{""description"":""not_found_in_consulted_sources"",""domain"":""not_found_in_consulted_sources"",""industry"":""not_found_in_consulted_sources"",""markets_json"":""not_found_in_consulted_sources"",""products_json"":""not_found_in_consulted_sources"",""website"":""not_found_in_consulted_sources""}"
org_84b7d693943bbb1c,CCE Lima,ccelima.aecid.es,,,,,,"{""domain_status"":""linked_host_not_canonical_ownership_verified"",""identity_status"":""display_name_not_legal_entity_verified""}","{""description"":""not_found_in_consulted_sources"",""industry"":""not_found_in_consulted_sources"",""markets_json"":""not_found_in_consulted_sources"",""products_json"":""not_found_in_consulted_sources"",""website"":""not_found_in_consulted_sources""}"
org_8440098f1ec699d8,EUNIC Perú,,,,,,,"{""domain_status"":null,""identity_status"":""display_name_not_legal_entity_verified""}","{""description"":""not_found_in_consulted_sources"",""domain"":""not_found_in_consulted_sources"",""industry"":""not_found_in_consulted_sources"",""markets_json"":""not_found_in_consulted_sources"",""products_json"":""not_found_in_consulted_sources"",""website"":""not_found_in_consulted_sources""}"
org_54f94288af6cc957,Centro Cultural de España en Tegucigalpa,ccetegucigalpa.aecid.es,,,,,,"{""domain_status"":""linked_host_not_canonical_ownership_verified"",""identity_status"":""display_name_not_legal_entity_verified""}","{""description"":""not_found_in_consulted_sources"",""industry"":""not_found_in_consulted_sources"",""markets_json"":""not_found_in_consulted_sources"",""products_json"":""not_found_in_consulted_sources"",""website"":""not_found_in_consulted_sources""}"
org_7beccd6114d8461a,Programa ACERCA,,,,,,,"{""domain_status"":null,""identity_status"":""display_name_not_legal_entity_verified""}","{""description"":""not_found_in_consulted_sources"",""domain"":""not_found_in_consulted_sources"",""industry"":""not_found_in_consulted_sources"",""markets_json"":""not_found_in_consulted_sources"",""products_json"":""not_found_in_consulted_sources"",""website"":""not_found_in_consulted_sources""}"
org_a40c9abcd87d6ff4,Programa IBERESCENA,,,,,,,"{""domain_status"":null,""identity_status"":""display_name_not_legal_entity_verified""}","{""description"":""not_found_in_consulted_sources"",""domain"":""not_found_in_consulted_sources"",""industry"":""not_found_in_consulted_sources"",""markets_json"":""not_found_in_consulted_sources"",""products_json"":""not_found_in_consulted_sources"",""website"":""not_found_in_consulted_sources""}"
org_f588b536fd44ed12,SECAPPH,,,,,,,"{""domain_status"":null,""identity_status"":""display_name_not_legal_entity_verified""}","{""description"":""not_found_in_consulted_sources"",""domain"":""not_found_in_consulted_sources"",""industry"":""not_found_in_consulted_sources"",""markets_json"":""not_found_in_consulted_sources"",""products_json"":""not_found_in_consulted_sources"",""website"":""not_found_in_consulted_sources""}"
org_8345b2935716fc5c,Deutsche Messe,messe.de,,,,,,"{""domain_status"":""linked_host_not_canonical_ownership_verified"",""identity_status"":""display_name_not_legal_entity_verified""}","{""description"":""not_found_in_consulted_sources"",""industry"":""not_found_in_consulted_sources"",""markets_json"":""not_found_in_consulted_sources"",""products_json"":""not_found_in_consulted_sources"",""website"":""not_found_in_consulted_sources""}"
org_8dbb1fe7268af062,Heineken,,,,,,,"{""domain_status"":null,""identity_status"":""display_name_not_legal_entity_verified""}","{""description"":""not_found_in_consulted_sources"",""domain"":""not_found_in_consulted_sources"",""industry"":""not_found_in_consulted_sources"",""markets_json"":""not_found_in_consulted_sources"",""products_json"":""not_found_in_consulted_sources"",""website"":""not_found_in_consulted_sources""}"
org_9e334420f8c18aa1,CARRERA,,,,,,,"{""domain_status"":null,""identity_status"":""display_name_not_legal_entity_verified""}","{""description"":""not_found_in_consulted_sources"",""domain"":""not_found_in_consulted_sources"",""industry"":""not_found_in_consulted_sources"",""markets_json"":""not_found_in_consulted_sources"",""products_json"":""not_found_in_consulted_sources"",""website"":""not_found_in_consulted_sources""}"
org_b45a53c5004c62f9,Absolut,,,,,,,"{""domain_status"":null,""identity_status"":""display_name_not_legal_entity_verified""}","{""description"":""not_found_in_consulted_sources"",""domain"":""not_found_in_consulted_sources"",""industry"":""not_found_in_consulted_sources"",""markets_json"":""not_found_in_consulted_sources"",""products_json"":""not_found_in_consulted_sources"",""website"":""not_found_in_consulted_sources""}"
org_066b5b5ad80702e1,American Express,,,,,,,"{""domain_status"":null,""identity_status"":""display_name_not_legal_entity_verified""}","{""description"":""not_found_in_consulted_sources"",""domain"":""not_found_in_consulted_sources"",""industry"":""not_found_in_consulted_sources"",""markets_json"":""not_found_in_consulted_sources"",""products_json"":""not_found_in_consulted_sources"",""website"":""not_found_in_consulted_sources""}"
org_8acd4f1b6954e4ea,Electrolit,,,,,,,"{""domain_status"":null,""identity_status"":""display_name_not_legal_entity_verified""}","{""description"":""not_found_in_consulted_sources"",""domain"":""not_found_in_consulted_sources"",""industry"":""not_found_in_consulted_sources"",""markets_json"":""not_found_in_consulted_sources"",""products_json"":""not_found_in_consulted_sources"",""website"":""not_found_in_consulted_sources""}"
org_5b7e6bf2dc4a32a6,Method,,,,,,,"{""domain_status"":null,""identity_status"":""display_name_not_legal_entity_verified""}","{""description"":""not_found_in_consulted_sources"",""domain"":""not_found_in_consulted_sources"",""industry"":""not_found_in_consulted_sources"",""markets_json"":""not_found_in_consulted_sources"",""products_json"":""not_found_in_consulted_sources"",""website"":""not_found_in_consulted_sources""}"
org_144eb99255395514,Jisulife,,,,,,,"{""domain_status"":null,""identity_status"":""display_name_not_legal_entity_verified""}","{""description"":""not_found_in_consulted_sources"",""domain"":""not_found_in_consulted_sources"",""industry"":""not_found_in_consulted_sources"",""markets_json"":""not_found_in_consulted_sources"",""products_json"":""not_found_in_consulted_sources"",""website"":""not_found_in_consulted_sources""}"
org_84133fb8badcd0d1,818 Tequila,,,,,,,"{""domain_status"":null,""identity_status"":""display_name_not_legal_entity_verified""}","{""description"":""not_found_in_consulted_sources"",""domain"":""not_found_in_consulted_sources"",""industry"":""not_found_in_consulted_sources"",""markets_json"":""not_found_in_consulted_sources"",""products_json"":""not_found_in_consulted_sources"",""website"":""not_found_in_consulted_sources""}"
org_dcf85141936cce30,The h.wood Group,,,,,,,"{""domain_status"":null,""identity_status"":""display_name_not_legal_entity_verified""}","{""description"":""not_found_in_consulted_sources"",""domain"":""not_found_in_consulted_sources"",""industry"":""not_found_in_consulted_sources"",""markets_json"":""not_found_in_consulted_sources"",""products_json"":""not_found_in_consulted_sources"",""website"":""not_found_in_consulted_sources""}"
org_46c759e871935f8c,Panasonic,,,,,,,"{""domain_status"":null,""identity_status"":""display_name_not_legal_entity_verified""}","{""description"":""not_found_in_consulted_sources"",""domain"":""not_found_in_consulted_sources"",""industry"":""not_found_in_consulted_sources"",""markets_json"":""not_found_in_consulted_sources"",""products_json"":""not_found_in_consulted_sources"",""website"":""not_found_in_consulted_sources""}"
org_ab7d0a36ecbe10c2,Airbnb,,,,,,,"{""domain_status"":null,""identity_status"":""display_name_not_legal_entity_verified""}","{""description"":""not_found_in_consulted_sources"",""domain"":""not_found_in_consulted_sources"",""industry"":""not_found_in_consulted_sources"",""markets_json"":""not_found_in_consulted_sources"",""products_json"":""not_found_in_consulted_sources"",""website"":""not_found_in_consulted_sources""}"
org_c8268a17f98e2f98,ESPN,,,,,,,"{""domain_status"":null,""identity_status"":""display_name_not_legal_entity_verified""}","{""description"":""not_found_in_consulted_sources"",""domain"":""not_found_in_consulted_sources"",""industry"":""not_found_in_consulted_sources"",""markets_json"":""not_found_in_consulted_sources"",""products_json"":""not_found_in_consulted_sources"",""website"":""not_found_in_consulted_sources""}"
org_916a98f0fa2a39af,IBM,,,,,,,"{""domain_status"":null,""identity_status"":""display_name_not_legal_entity_verified""}","{""description"":""not_found_in_consulted_sources"",""domain"":""not_found_in_consulted_sources"",""industry"":""not_found_in_consulted_sources"",""markets_json"":""not_found_in_consulted_sources"",""products_json"":""not_found_in_consulted_sources"",""website"":""not_found_in_consulted_sources""}"
org_d5e34819841c4c11,Cadillac,,,,,,,"{""domain_status"":null,""identity_status"":""display_name_not_legal_entity_verified""}","{""description"":""not_found_in_consulted_sources"",""domain"":""not_found_in_consulted_sources"",""industry"":""not_found_in_consulted_sources"",""markets_json"":""not_found_in_consulted_sources"",""products_json"":""not_found_in_consulted_sources"",""website"":""not_found_in_consulted_sources""}"
org_0fb9765e58d296e5,Bloomberg,techatbloomberg.com,https://www.techatbloomberg.com/?utm_medium=cto&utm_content=site-partner&utm_source=site-partner&utm_campaign=MKTG_2002TechEvent_PyConUS&tactic=600319,,,,,"{""domain_status"":""linked_host_not_canonical_ownership_verified"",""identity_status"":""display_name_not_legal_entity_verified""}","{""description"":""not_found_in_consulted_sources"",""industry"":""not_found_in_consulted_sources"",""markets_json"":""not_found_in_consulted_sources"",""products_json"":""not_found_in_consulted_sources""}"
org_bbdefa2950f49882,Google,opensource.google,https://opensource.google/,,,,,"{""domain_status"":""linked_host_not_canonical_ownership_verified"",""identity_status"":""display_name_not_legal_entity_verified""}","{""description"":""not_found_in_consulted_sources"",""industry"":""not_found_in_consulted_sources"",""markets_json"":""not_found_in_consulted_sources"",""products_json"":""not_found_in_consulted_sources""}"
org_9fbf261b62c1d7c0,Microsoft,azure.microsoft.com,https://azure.microsoft.com/en-us/develop/python/,,,,,"{""domain_status"":""linked_host_not_canonical_ownership_verified"",""identity_status"":""display_name_not_legal_entity_verified""}","{""description"":""not_found_in_consulted_sources"",""industry"":""not_found_in_consulted_sources"",""markets_json"":""not_found_in_consulted_sources"",""products_json"":""not_found_in_consulted_sources""}"
org_8d4321d936320802,NVIDIA,developer.nvidia.com,https://developer.nvidia.com,,,,,"{""domain_status"":""linked_host_not_canonical_ownership_verified"",""identity_status"":""display_name_not_legal_entity_verified""}","{""description"":""not_found_in_consulted_sources"",""industry"":""not_found_in_consulted_sources"",""markets_json"":""not_found_in_consulted_sources"",""products_json"":""not_found_in_consulted_sources""}"
org_7d1507284a5757ca,AWS,aws.amazon.com,https://aws.amazon.com/,,,,,"{""domain_status"":""linked_host_not_canonical_ownership_verified"",""identity_status"":""display_name_not_legal_entity_verified""}","{""description"":""not_found_in_consulted_sources"",""industry"":""not_found_in_consulted_sources"",""markets_json"":""not_found_in_consulted_sources"",""products_json"":""not_found_in_consulted_sources""}"
org_67b51232d90eef07,Capital One,capitalone.com,https://www.capitalone.com/tech/,,,,,"{""domain_status"":""linked_host_not_canonical_ownership_verified"",""identity_status"":""display_name_not_legal_entity_verified""}","{""description"":""not_found_in_consulted_sources"",""industry"":""not_found_in_consulted_sources"",""markets_json"":""not_found_in_consulted_sources"",""products_json"":""not_found_in_consulted_sources""}"
org_d888a3e4ea95d404,Indeed,opensource.indeed.com,http://opensource.indeed.com,,,,,"{""domain_status"":""linked_host_not_canonical_ownership_verified"",""identity_status"":""display_name_not_legal_entity_verified""}","{""description"":""not_found_in_consulted_sources"",""industry"":""not_found_in_consulted_sources"",""markets_json"":""not_found_in_consulted_sources"",""products_json"":""not_found_in_consulted_sources""}"
org_f5b3373a9fbd0315,Corning Incorporated,corning.com,https://www.corning.com/worldwide/en.html,,,,,"{""domain_status"":""linked_host_not_canonical_ownership_verified"",""identity_status"":""display_name_not_legal_entity_verified""}","{""description"":""not_found_in_consulted_sources"",""industry"":""not_found_in_consulted_sources"",""markets_json"":""not_found_in_consulted_sources"",""products_json"":""not_found_in_consulted_sources""}"
org_fee6fd0cc1707a18,Ansys,ansys.com,https://www.ansys.com/,,,,,"{""domain_status"":""linked_host_not_canonical_ownership_verified"",""identity_status"":""display_name_not_legal_entity_verified""}","{""description"":""not_found_in_consulted_sources"",""industry"":""not_found_in_consulted_sources"",""markets_json"":""not_found_in_consulted_sources"",""products_json"":""not_found_in_consulted_sources""}"
org_1a75d3b9b9abf3ef,Qube Research & Technologies Limited,qube-rt.com,https://www.qube-rt.com/,,,,,"{""domain_status"":""linked_host_not_canonical_ownership_verified"",""identity_status"":""display_name_not_legal_entity_verified""}","{""description"":""not_found_in_consulted_sources"",""industry"":""not_found_in_consulted_sources"",""markets_json"":""not_found_in_consulted_sources"",""products_json"":""not_found_in_consulted_sources""}"
org_f7d9f5a90479d632,Ramp,ramp.com,https://ramp.com/,,,,,"{""domain_status"":""linked_host_not_canonical_ownership_verified"",""identity_status"":""display_name_not_legal_entity_verified""}","{""description"":""not_found_in_consulted_sources"",""industry"":""not_found_in_consulted_sources"",""markets_json"":""not_found_in_consulted_sources"",""products_json"":""not_found_in_consulted_sources""}"
org_c4fe98345289633c,Fannie Mae,fanniemae.com,https://www.fanniemae.com,,,,,"{""domain_status"":""linked_host_not_canonical_ownership_verified"",""identity_status"":""display_name_not_legal_entity_verified""}","{""description"":""not_found_in_consulted_sources"",""industry"":""not_found_in_consulted_sources"",""markets_json"":""not_found_in_consulted_sources"",""products_json"":""not_found_in_consulted_sources""}"
org_9f8230c43ce398d6,Motional,motional.com,http://www.motional.com/careers,,,,,"{""domain_status"":""linked_host_not_canonical_ownership_verified"",""identity_status"":""display_name_not_legal_entity_verified""}","{""description"":""not_found_in_consulted_sources"",""industry"":""not_found_in_consulted_sources"",""markets_json"":""not_found_in_consulted_sources"",""products_json"":""not_found_in_consulted_sources""}"
org_7606c4cbaae85d2d,"Anaconda, Inc",anaconda.com,https://www.anaconda.com/,,,,,"{""domain_status"":""linked_host_not_canonical_ownership_verified"",""identity_status"":""display_name_not_legal_entity_verified""}","{""description"":""not_found_in_consulted_sources"",""industry"":""not_found_in_consulted_sources"",""markets_json"":""not_found_in_consulted_sources"",""products_json"":""not_found_in_consulted_sources""}"
org_c9a2dcb05123781d,Coiled,coiled.io,https://coiled.io/,,,,,"{""domain_status"":""linked_host_not_canonical_ownership_verified"",""identity_status"":""display_name_not_legal_entity_verified""}","{""description"":""not_found_in_consulted_sources"",""industry"":""not_found_in_consulted_sources"",""markets_json"":""not_found_in_consulted_sources"",""products_json"":""not_found_in_consulted_sources""}"
org_8dfe5e6cf73b1d6b,Red Hat,redhat.com,https://www.redhat.com/,,,,,"{""domain_status"":""linked_host_not_canonical_ownership_verified"",""identity_status"":""display_name_not_legal_entity_verified""}","{""description"":""not_found_in_consulted_sources"",""industry"":""not_found_in_consulted_sources"",""markets_json"":""not_found_in_consulted_sources"",""products_json"":""not_found_in_consulted_sources""}"
org_04b6c31ced2043ce,Rebellion Defense,rebelliondefense.com,https://rebelliondefense.com/,,,,,"{""domain_status"":""linked_host_not_canonical_ownership_verified"",""identity_status"":""display_name_not_legal_entity_verified""}","{""description"":""not_found_in_consulted_sources"",""industry"":""not_found_in_consulted_sources"",""markets_json"":""not_found_in_consulted_sources"",""products_json"":""not_found_in_consulted_sources""}"
org_f344a3efa4668566,Prefect,prefect.io,https://www.prefect.io/,,,,,"{""domain_status"":""linked_host_not_canonical_ownership_verified"",""identity_status"":""display_name_not_legal_entity_verified""}","{""description"":""not_found_in_consulted_sources"",""industry"":""not_found_in_consulted_sources"",""markets_json"":""not_found_in_consulted_sources"",""products_json"":""not_found_in_consulted_sources""}"
org_50cfd89765d6d5dd,Crunchy Data,crunchydata.com,https://www.crunchydata.com/,,,,,"{""domain_status"":""linked_host_not_canonical_ownership_verified"",""identity_status"":""display_name_not_legal_entity_verified""}","{""description"":""not_found_in_consulted_sources"",""industry"":""not_found_in_consulted_sources"",""markets_json"":""not_found_in_consulted_sources"",""products_json"":""not_found_in_consulted_sources""}"
org_8dfea6856769fb4d,Shortcut,shortcut.com,http://shortcut.com,,,,,"{""domain_status"":""linked_host_not_canonical_ownership_verified"",""identity_status"":""display_name_not_legal_entity_verified""}","{""description"":""not_found_in_consulted_sources"",""industry"":""not_found_in_consulted_sources"",""markets_json"":""not_found_in_consulted_sources"",""products_json"":""not_found_in_consulted_sources""}"
org_5a1ad84a47ec210d,Hudson River Trading,hudsonrivertrading.com,https://www.hudsonrivertrading.com,,,,,"{""domain_status"":""linked_host_not_canonical_ownership_verified"",""identity_status"":""display_name_not_legal_entity_verified""}","{""description"":""not_found_in_consulted_sources"",""industry"":""not_found_in_consulted_sources"",""markets_json"":""not_found_in_consulted_sources"",""products_json"":""not_found_in_consulted_sources""}"
org_200e997d97c7a78a,Linode,linode.com,http://linode.com/,,,,,"{""domain_status"":""linked_host_not_canonical_ownership_verified"",""identity_status"":""display_name_not_legal_entity_verified""}","{""description"":""not_found_in_consulted_sources"",""industry"":""not_found_in_consulted_sources"",""markets_json"":""not_found_in_consulted_sources"",""products_json"":""not_found_in_consulted_sources""}"
org_6c2949a5b9698d22,JetBrains,jetbrains.com,https://www.jetbrains.com/pycharm/,,,,,"{""domain_status"":""linked_host_not_canonical_ownership_verified"",""identity_status"":""display_name_not_legal_entity_verified""}","{""description"":""not_found_in_consulted_sources"",""industry"":""not_found_in_consulted_sources"",""markets_json"":""not_found_in_consulted_sources"",""products_json"":""not_found_in_consulted_sources""}"
org_039e65978ab36874,AKASA,akasa.com,https://www.akasa.com/,,,,,"{""domain_status"":""linked_host_not_canonical_ownership_verified"",""identity_status"":""display_name_not_legal_entity_verified""}","{""description"":""not_found_in_consulted_sources"",""industry"":""not_found_in_consulted_sources"",""markets_json"":""not_found_in_consulted_sources"",""products_json"":""not_found_in_consulted_sources""}"
org_99c090636aa0f68a,OpenEDG Python Institute,pythoninstitute.org,https://pythoninstitute.org/,,,,,"{""domain_status"":""linked_host_not_canonical_ownership_verified"",""identity_status"":""display_name_not_legal_entity_verified""}","{""description"":""not_found_in_consulted_sources"",""industry"":""not_found_in_consulted_sources"",""markets_json"":""not_found_in_consulted_sources"",""products_json"":""not_found_in_consulted_sources""}"
org_9202af6ce925b26a,Oracle,oracle.com,https://www.oracle.com/cloud/,,,,,"{""domain_status"":""linked_host_not_canonical_ownership_verified"",""identity_status"":""display_name_not_legal_entity_verified""}","{""description"":""not_found_in_consulted_sources"",""industry"":""not_found_in_consulted_sources"",""markets_json"":""not_found_in_consulted_sources"",""products_json"":""not_found_in_consulted_sources""}"
org_8a44b67ae1db24f9,Codeanywhere,codeanywhere.com,https://codeanywhere.com/,,,,,"{""domain_status"":""linked_host_not_canonical_ownership_verified"",""identity_status"":""display_name_not_legal_entity_verified""}","{""description"":""not_found_in_consulted_sources"",""industry"":""not_found_in_consulted_sources"",""markets_json"":""not_found_in_consulted_sources"",""products_json"":""not_found_in_consulted_sources""}"
org_0cf6855c1a3c323b,Sentry,sentry.io,https://sentry.io/welcome/,,,,,"{""domain_status"":""linked_host_not_canonical_ownership_verified"",""identity_status"":""display_name_not_legal_entity_verified""}","{""description"":""not_found_in_consulted_sources"",""industry"":""not_found_in_consulted_sources"",""markets_json"":""not_found_in_consulted_sources"",""products_json"":""not_found_in_consulted_sources""}"
org_472e893c30310a7b,Tidelift,tidelift.com,https://tidelift.com/,,,,,"{""domain_status"":""linked_host_not_canonical_ownership_verified"",""identity_status"":""display_name_not_legal_entity_verified""}","{""description"":""not_found_in_consulted_sources"",""industry"":""not_found_in_consulted_sources"",""markets_json"":""not_found_in_consulted_sources"",""products_json"":""not_found_in_consulted_sources""}"
org_f8532933789406dc,Real Python,realpython.com,https://realpython.com,,,,,"{""domain_status"":""linked_host_not_canonical_ownership_verified"",""identity_status"":""display_name_not_legal_entity_verified""}","{""description"":""not_found_in_consulted_sources"",""industry"":""not_found_in_consulted_sources"",""markets_json"":""not_found_in_consulted_sources"",""products_json"":""not_found_in_consulted_sources""}"
org_a82261cfdc8e1155,New Relic,newrelic.com,https://newrelic.com/signup?utm_source=event&utm_medium=devrel_event&utm_campaign=amer-fy23-q1-pycon,,,,,"{""domain_status"":""linked_host_not_canonical_ownership_verified"",""identity_status"":""display_name_not_legal_entity_verified""}","{""description"":""not_found_in_consulted_sources"",""industry"":""not_found_in_consulted_sources"",""markets_json"":""not_found_in_consulted_sources"",""products_json"":""not_found_in_consulted_sources""}"
org_737e91b03ee3cfc5,Sourcegraph,srcgr.ph,https://srcgr.ph/uemWl,,,,,"{""domain_status"":""linked_host_not_canonical_ownership_verified"",""identity_status"":""display_name_not_legal_entity_verified""}","{""description"":""not_found_in_consulted_sources"",""industry"":""not_found_in_consulted_sources"",""markets_json"":""not_found_in_consulted_sources"",""products_json"":""not_found_in_consulted_sources""}"
org_8fbeda012c76d899,"Docker, Inc.",docker.com,https://www.docker.com/,,,,,"{""domain_status"":""linked_host_not_canonical_ownership_verified"",""identity_status"":""display_name_not_legal_entity_verified""}","{""description"":""not_found_in_consulted_sources"",""industry"":""not_found_in_consulted_sources"",""markets_json"":""not_found_in_consulted_sources"",""products_json"":""not_found_in_consulted_sources""}"
org_cc634dced3e6279e,OpenRefactory,openrefactory.com,https://www.openrefactory.com/,,,,,"{""domain_status"":""linked_host_not_canonical_ownership_verified"",""identity_status"":""display_name_not_legal_entity_verified""}","{""description"":""not_found_in_consulted_sources"",""industry"":""not_found_in_consulted_sources"",""markets_json"":""not_found_in_consulted_sources"",""products_json"":""not_found_in_consulted_sources""}"
org_1706716bb5eebbe2,Superblocks,superblocks.com,https://www.superblocks.com/,,,,,"{""domain_status"":""linked_host_not_canonical_ownership_verified"",""identity_status"":""display_name_not_legal_entity_verified""}","{""description"":""not_found_in_consulted_sources"",""industry"":""not_found_in_consulted_sources"",""markets_json"":""not_found_in_consulted_sources"",""products_json"":""not_found_in_consulted_sources""}"
org_a5302c4694722195,Rookout,rookout.com,https://www.rookout.com/,,,,,"{""domain_status"":""linked_host_not_canonical_ownership_verified"",""identity_status"":""display_name_not_legal_entity_verified""}","{""description"":""not_found_in_consulted_sources"",""industry"":""not_found_in_consulted_sources"",""markets_json"":""not_found_in_consulted_sources"",""products_json"":""not_found_in_consulted_sources""}"
org_de5a1adf4fedcce1,Snowflake,snowflake.com,https://www.snowflake.com/,,,,,"{""domain_status"":""linked_host_not_canonical_ownership_verified"",""identity_status"":""display_name_not_legal_entity_verified""}","{""description"":""not_found_in_consulted_sources"",""industry"":""not_found_in_consulted_sources"",""markets_json"":""not_found_in_consulted_sources"",""products_json"":""not_found_in_consulted_sources""}"
org_7ba99a119580a884,OpenTeams,openteams.com,https://www.openteams.com,,,,,"{""domain_status"":""linked_host_not_canonical_ownership_verified"",""identity_status"":""display_name_not_legal_entity_verified""}","{""description"":""not_found_in_consulted_sources"",""industry"":""not_found_in_consulted_sources"",""markets_json"":""not_found_in_consulted_sources"",""products_json"":""not_found_in_consulted_sources""}"
org_524f3f7ce2bc0326,Bodo.ai,bodo.ai,https://bodo.ai,,,,,"{""domain_status"":""linked_host_not_canonical_ownership_verified"",""identity_status"":""display_name_not_legal_entity_verified""}","{""description"":""not_found_in_consulted_sources"",""industry"":""not_found_in_consulted_sources"",""markets_json"":""not_found_in_consulted_sources"",""products_json"":""not_found_in_consulted_sources""}"
org_986051385feae5b9,Elastic,elastic.co,https://www.elastic.co/,,,,,"{""domain_status"":""linked_host_not_canonical_ownership_verified"",""identity_status"":""display_name_not_legal_entity_verified""}","{""description"":""not_found_in_consulted_sources"",""industry"":""not_found_in_consulted_sources"",""markets_json"":""not_found_in_consulted_sources"",""products_json"":""not_found_in_consulted_sources""}"
org_19dd31ffd7bb951a,Two Sigma,twosigma.com,https://www.twosigma.com/,,,,,"{""domain_status"":""linked_host_not_canonical_ownership_verified"",""identity_status"":""display_name_not_legal_entity_verified""}","{""description"":""not_found_in_consulted_sources"",""industry"":""not_found_in_consulted_sources"",""markets_json"":""not_found_in_consulted_sources"",""products_json"":""not_found_in_consulted_sources""}"
org_eda870f040899043,Sonatype,sonatype.com,https://www.sonatype.com/,,,,,"{""domain_status"":""linked_host_not_canonical_ownership_verified"",""identity_status"":""display_name_not_legal_entity_verified""}","{""description"":""not_found_in_consulted_sources"",""industry"":""not_found_in_consulted_sources"",""markets_json"":""not_found_in_consulted_sources"",""products_json"":""not_found_in_consulted_sources""}"
org_84a3693331a95fd0,Activeloop,activeloop.ai,http://activeloop.ai,,,,,"{""domain_status"":""linked_host_not_canonical_ownership_verified"",""identity_status"":""display_name_not_legal_entity_verified""}","{""description"":""not_found_in_consulted_sources"",""industry"":""not_found_in_consulted_sources"",""markets_json"":""not_found_in_consulted_sources"",""products_json"":""not_found_in_consulted_sources""}"
org_c7ad2ac22b4500bd,Rivian,rivian.com,http://www.rivian.com,,,,,"{""domain_status"":""linked_host_not_canonical_ownership_verified"",""identity_status"":""display_name_not_legal_entity_verified""}","{""description"":""not_found_in_consulted_sources"",""industry"":""not_found_in_consulted_sources"",""markets_json"":""not_found_in_consulted_sources"",""products_json"":""not_found_in_consulted_sources""}"
org_4458f786505ab7bb,SonarSource,sonarsource.com,https://www.sonarsource.com/,,,,,"{""domain_status"":""linked_host_not_canonical_ownership_verified"",""identity_status"":""display_name_not_legal_entity_verified""}","{""description"":""not_found_in_consulted_sources"",""industry"":""not_found_in_consulted_sources"",""markets_json"":""not_found_in_consulted_sources"",""products_json"":""not_found_in_consulted_sources""}"
org_b337951cb83ffa44,Wayfair,aboutwayfair.com,https://www.aboutwayfair.com/careers/tech-blog,,,,,"{""domain_status"":""linked_host_not_canonical_ownership_verified"",""identity_status"":""display_name_not_legal_entity_verified""}","{""description"":""not_found_in_consulted_sources"",""industry"":""not_found_in_consulted_sources"",""markets_json"":""not_found_in_consulted_sources"",""products_json"":""not_found_in_consulted_sources""}"
org_c723ccd1e1a6eb20,Bluevine,bluevine.com,https://www.bluevine.com,,,,,"{""domain_status"":""linked_host_not_canonical_ownership_verified"",""identity_status"":""display_name_not_legal_entity_verified""}","{""description"":""not_found_in_consulted_sources"",""industry"":""not_found_in_consulted_sources"",""markets_json"":""not_found_in_consulted_sources"",""products_json"":""not_found_in_consulted_sources""}"
org_f8849d864257947c,Deepgram,developers.deepgram.com,https://developers.deepgram.com,,,,,"{""domain_status"":""linked_host_not_canonical_ownership_verified"",""identity_status"":""display_name_not_legal_entity_verified""}","{""description"":""not_found_in_consulted_sources"",""industry"":""not_found_in_consulted_sources"",""markets_json"":""not_found_in_consulted_sources"",""products_json"":""not_found_in_consulted_sources""}"
org_1d772ffb5ed5f970,Sourcery,sourcery.ai,https://sourcery.ai,,,,,"{""domain_status"":""linked_host_not_canonical_ownership_verified"",""identity_status"":""display_name_not_legal_entity_verified""}","{""description"":""not_found_in_consulted_sources"",""industry"":""not_found_in_consulted_sources"",""markets_json"":""not_found_in_consulted_sources"",""products_json"":""not_found_in_consulted_sources""}"
org_1c6cda31110c57fa,PagerDuty,pagerduty.com,https://www.pagerduty.com/,,,,,"{""domain_status"":""linked_host_not_canonical_ownership_verified"",""identity_status"":""display_name_not_legal_entity_verified""}","{""description"":""not_found_in_consulted_sources"",""industry"":""not_found_in_consulted_sources"",""markets_json"":""not_found_in_consulted_sources"",""products_json"":""not_found_in_consulted_sources""}"
org_bb043f4f48305a61,Cuttlesoft,cuttlesoft.com,https://cuttlesoft.com,,,,,"{""domain_status"":""linked_host_not_canonical_ownership_verified"",""identity_status"":""display_name_not_legal_entity_verified""}","{""description"":""not_found_in_consulted_sources"",""industry"":""not_found_in_consulted_sources"",""markets_json"":""not_found_in_consulted_sources"",""products_json"":""not_found_in_consulted_sources""}"
org_50bc66d8aae5ae90,Anvil,anvil.works,https://anvil.works/?utm_source=sponsorship:pycon-2021,,,,,"{""domain_status"":""linked_host_not_canonical_ownership_verified"",""identity_status"":""display_name_not_legal_entity_verified""}","{""description"":""not_found_in_consulted_sources"",""industry"":""not_found_in_consulted_sources"",""markets_json"":""not_found_in_consulted_sources"",""products_json"":""not_found_in_consulted_sources""}"
org_335030e60af34715,Cockroach Labs,cockroachlabs.com,http://www.cockroachlabs.com/,,,,,"{""domain_status"":""linked_host_not_canonical_ownership_verified"",""identity_status"":""display_name_not_legal_entity_verified""}","{""description"":""not_found_in_consulted_sources"",""industry"":""not_found_in_consulted_sources"",""markets_json"":""not_found_in_consulted_sources"",""products_json"":""not_found_in_consulted_sources""}"
org_17d43645b4daf733,Platform.sh,platform.sh,https://platform.sh/,,,,,"{""domain_status"":""linked_host_not_canonical_ownership_verified"",""identity_status"":""display_name_not_legal_entity_verified""}","{""description"":""not_found_in_consulted_sources"",""industry"":""not_found_in_consulted_sources"",""markets_json"":""not_found_in_consulted_sources"",""products_json"":""not_found_in_consulted_sources""}"
org_d9082bdcf7eaf584,Auth0,auth0.com,https://auth0.com/,,,,,"{""domain_status"":""linked_host_not_canonical_ownership_verified"",""identity_status"":""display_name_not_legal_entity_verified""}","{""description"":""not_found_in_consulted_sources"",""industry"":""not_found_in_consulted_sources"",""markets_json"":""not_found_in_consulted_sources"",""products_json"":""not_found_in_consulted_sources""}"
org_b7750a3df0d40d27,Contrast Security,contrastsecurity.com,https://www.contrastsecurity.com/,,,,,"{""domain_status"":""linked_host_not_canonical_ownership_verified"",""identity_status"":""display_name_not_legal_entity_verified""}","{""description"":""not_found_in_consulted_sources"",""industry"":""not_found_in_consulted_sources"",""markets_json"":""not_found_in_consulted_sources"",""products_json"":""not_found_in_consulted_sources""}"
org_93d59962b06d8e0f,Reuven Lerner — Python training,lerner.co.il,https://lerner.co.il,,,,,"{""domain_status"":""linked_host_not_canonical_ownership_verified"",""identity_status"":""display_name_not_legal_entity_verified""}","{""description"":""not_found_in_consulted_sources"",""industry"":""not_found_in_consulted_sources"",""markets_json"":""not_found_in_consulted_sources"",""products_json"":""not_found_in_consulted_sources""}"
org_a2a83943d5534752,Saturn Cloud,saturncloud.io,https://saturncloud.io/?utm_source=PyCon&utm_medium=Try&utm_campaign=Try,,,,,"{""domain_status"":""linked_host_not_canonical_ownership_verified"",""identity_status"":""display_name_not_legal_entity_verified""}","{""description"":""not_found_in_consulted_sources"",""industry"":""not_found_in_consulted_sources"",""markets_json"":""not_found_in_consulted_sources"",""products_json"":""not_found_in_consulted_sources""}"
org_065c04f51f8295c9,"Tatari, Inc.",tatari.tv,https://www.tatari.tv/,,,,,"{""domain_status"":""linked_host_not_canonical_ownership_verified"",""identity_status"":""display_name_not_legal_entity_verified""}","{""description"":""not_found_in_consulted_sources"",""industry"":""not_found_in_consulted_sources"",""markets_json"":""not_found_in_consulted_sources"",""products_json"":""not_found_in_consulted_sources""}"
org_d3566809b85a6169,CircleCI,circleci.com,https://circleci.com/,,,,,"{""domain_status"":""linked_host_not_canonical_ownership_verified"",""identity_status"":""display_name_not_legal_entity_verified""}","{""description"":""not_found_in_consulted_sources"",""industry"":""not_found_in_consulted_sources"",""markets_json"":""not_found_in_consulted_sources"",""products_json"":""not_found_in_consulted_sources""}"
org_e06a2145ce9bb611,Python Academy,python-academy.com,https://www.python-academy.com/,,,,,"{""domain_status"":""linked_host_not_canonical_ownership_verified"",""identity_status"":""display_name_not_legal_entity_verified""}","{""description"":""not_found_in_consulted_sources"",""industry"":""not_found_in_consulted_sources"",""markets_json"":""not_found_in_consulted_sources"",""products_json"":""not_found_in_consulted_sources""}"
org_7352f353c460e74c,Twitter,about.twitter.com,https://about.twitter.com/,,,,,"{""domain_status"":""linked_host_not_canonical_ownership_verified"",""identity_status"":""display_name_not_legal_entity_verified""}","{""description"":""not_found_in_consulted_sources"",""industry"":""not_found_in_consulted_sources"",""markets_json"":""not_found_in_consulted_sources"",""products_json"":""not_found_in_consulted_sources""}"
org_2d6c9f56bae05223,Guidebook,guidebook.com,http://www.guidebook.com,,,,,"{""domain_status"":""linked_host_not_canonical_ownership_verified"",""identity_status"":""display_name_not_legal_entity_verified""}","{""description"":""not_found_in_consulted_sources"",""industry"":""not_found_in_consulted_sources"",""markets_json"":""not_found_in_consulted_sources"",""products_json"":""not_found_in_consulted_sources""}"
org_1e86eae524ed28f9,Quansight,quansight.com,https://www.quansight.com/,,,,,"{""domain_status"":""linked_host_not_canonical_ownership_verified"",""identity_status"":""display_name_not_legal_entity_verified""}","{""description"":""not_found_in_consulted_sources"",""industry"":""not_found_in_consulted_sources"",""markets_json"":""not_found_in_consulted_sources"",""products_json"":""not_found_in_consulted_sources""}"
org_13ed070478ef62c3,Netflix,about.netflix.com,https://about.netflix.com/,,,,,"{""domain_status"":""linked_host_not_canonical_ownership_verified"",""identity_status"":""display_name_not_legal_entity_verified""}","{""description"":""not_found_in_consulted_sources"",""industry"":""not_found_in_consulted_sources"",""markets_json"":""not_found_in_consulted_sources"",""products_json"":""not_found_in_consulted_sources""}"
org_f96e1cd338ed25c1,Sticker Mule,mule.to,https://mule.to/p2oh,,,,,"{""domain_status"":""linked_host_not_canonical_ownership_verified"",""identity_status"":""display_name_not_legal_entity_verified""}","{""description"":""not_found_in_consulted_sources"",""industry"":""not_found_in_consulted_sources"",""markets_json"":""not_found_in_consulted_sources"",""products_json"":""not_found_in_consulted_sources""}"
org_35832d1c4a470cad,PythonAnywhere LLP,pythonanywhere.com,https://www.pythonanywhere.com/,,,,,"{""domain_status"":""linked_host_not_canonical_ownership_verified"",""identity_status"":""display_name_not_legal_entity_verified""}","{""description"":""not_found_in_consulted_sources"",""industry"":""not_found_in_consulted_sources"",""markets_json"":""not_found_in_consulted_sources"",""products_json"":""not_found_in_consulted_sources""}"
org_cd90699b064c8ea9,Ordina Pythoneers,ordina.nl,https://www.ordina.nl/vakgebieden/python/,,,,,"{""domain_status"":""linked_host_not_canonical_ownership_verified"",""identity_status"":""display_name_not_legal_entity_verified""}","{""description"":""not_found_in_consulted_sources"",""industry"":""not_found_in_consulted_sources"",""markets_json"":""not_found_in_consulted_sources"",""products_json"":""not_found_in_consulted_sources""}"
org_a3ec05bacf98ab46,REVSYS,revsys.com,https://www.revsys.com,,,,,"{""domain_status"":""linked_host_not_canonical_ownership_verified"",""identity_status"":""display_name_not_legal_entity_verified""}","{""description"":""not_found_in_consulted_sources"",""industry"":""not_found_in_consulted_sources"",""markets_json"":""not_found_in_consulted_sources"",""products_json"":""not_found_in_consulted_sources""}"
org_89d01c9ba73cb5c4,Twilio,twilio.com,https://www.twilio.com/,,,,,"{""domain_status"":""linked_host_not_canonical_ownership_verified"",""identity_status"":""display_name_not_legal_entity_verified""}","{""description"":""not_found_in_consulted_sources"",""industry"":""not_found_in_consulted_sources"",""markets_json"":""not_found_in_consulted_sources"",""products_json"":""not_found_in_consulted_sources""}"
org_c629c048fbb93653,Python Engineer Development Association,pythonic-exam.com,https://www.pythonic-exam.com/en,,,,,"{""domain_status"":""linked_host_not_canonical_ownership_verified"",""identity_status"":""display_name_not_legal_entity_verified""}","{""description"":""not_found_in_consulted_sources"",""industry"":""not_found_in_consulted_sources"",""markets_json"":""not_found_in_consulted_sources"",""products_json"":""not_found_in_consulted_sources""}"
org_7839b6ada259ffca,Recursion Pharmaceuticals,recursion.com,https://www.recursion.com,,,,,"{""domain_status"":""linked_host_not_canonical_ownership_verified"",""identity_status"":""display_name_not_legal_entity_verified""}","{""description"":""not_found_in_consulted_sources"",""industry"":""not_found_in_consulted_sources"",""markets_json"":""not_found_in_consulted_sources"",""products_json"":""not_found_in_consulted_sources""}"
org_58fd7151c0e14591,IP2Location,ip2location.com,https://www.ip2location.com,,,,,"{""domain_status"":""linked_host_not_canonical_ownership_verified"",""identity_status"":""display_name_not_legal_entity_verified""}","{""description"":""not_found_in_consulted_sources"",""industry"":""not_found_in_consulted_sources"",""markets_json"":""not_found_in_consulted_sources"",""products_json"":""not_found_in_consulted_sources""}"
org_202d35b234122dd9,Fulfil.iO,fulfil.io,https://www.fulfil.io/,,,,,"{""domain_status"":""linked_host_not_canonical_ownership_verified"",""identity_status"":""display_name_not_legal_entity_verified""}","{""description"":""not_found_in_consulted_sources"",""industry"":""not_found_in_consulted_sources"",""markets_json"":""not_found_in_consulted_sources"",""products_json"":""not_found_in_consulted_sources""}"
org_fefaa42da40ecf93,Hostinger,hostinger.com,https://www.hostinger.com/,,,,,"{""domain_status"":""linked_host_not_canonical_ownership_verified"",""identity_status"":""display_name_not_legal_entity_verified""}","{""description"":""not_found_in_consulted_sources"",""industry"":""not_found_in_consulted_sources"",""markets_json"":""not_found_in_consulted_sources"",""products_json"":""not_found_in_consulted_sources""}"
org_f80e6507f90e6c33,Research Affiliates,researchaffiliates.com,https://www.researchaffiliates.com/about-us/technology,,,,,"{""domain_status"":""linked_host_not_canonical_ownership_verified"",""identity_status"":""display_name_not_legal_entity_verified""}","{""description"":""not_found_in_consulted_sources"",""industry"":""not_found_in_consulted_sources"",""markets_json"":""not_found_in_consulted_sources"",""products_json"":""not_found_in_consulted_sources""}"
org_9174f65ba89173ac,Gretel.ai,gretel.ai,https://gretel.ai/,,,,,"{""domain_status"":""linked_host_not_canonical_ownership_verified"",""identity_status"":""display_name_not_legal_entity_verified""}","{""description"":""not_found_in_consulted_sources"",""industry"":""not_found_in_consulted_sources"",""markets_json"":""not_found_in_consulted_sources"",""products_json"":""not_found_in_consulted_sources""}"
org_564119e3839812ca,Praca.pl,praca.pl,https://www.praca.pl/,,,,,"{""domain_status"":""linked_host_not_canonical_ownership_verified"",""identity_status"":""display_name_not_legal_entity_verified""}","{""description"":""not_found_in_consulted_sources"",""industry"":""not_found_in_consulted_sources"",""markets_json"":""not_found_in_consulted_sources"",""products_json"":""not_found_in_consulted_sources""}"
org_8b8c575a7f97894b,"Accounting Data Solutions, LLC",accountingdatasolutions.com,https://www.accountingdatasolutions.com,,,,,"{""domain_status"":""linked_host_not_canonical_ownership_verified"",""identity_status"":""display_name_not_legal_entity_verified""}","{""description"":""not_found_in_consulted_sources"",""industry"":""not_found_in_consulted_sources"",""markets_json"":""not_found_in_consulted_sources"",""products_json"":""not_found_in_consulted_sources""}"
org_1dd7fa803674c56e,SEO25.com,seo25.com,https://www.seo25.com/,,,,,"{""domain_status"":""linked_host_not_canonical_ownership_verified"",""identity_status"":""display_name_not_legal_entity_verified""}","{""description"":""not_found_in_consulted_sources"",""industry"":""not_found_in_consulted_sources"",""markets_json"":""not_found_in_consulted_sources"",""products_json"":""not_found_in_consulted_sources""}"
org_44d32dc33740cc89,Fortive,fortive.com,https://fortive.com/,,,,,"{""domain_status"":""linked_host_not_canonical_ownership_verified"",""identity_status"":""display_name_not_legal_entity_verified""}","{""description"":""not_found_in_consulted_sources"",""industry"":""not_found_in_consulted_sources"",""markets_json"":""not_found_in_consulted_sources"",""products_json"":""not_found_in_consulted_sources""}"
org_a478b4566be5cb00,PostgreSQL,postgresql.org,https://www.postgresql.org/,,,,,"{""domain_status"":""linked_host_not_canonical_ownership_verified"",""identity_status"":""display_name_not_legal_entity_verified""}","{""description"":""not_found_in_consulted_sources"",""industry"":""not_found_in_consulted_sources"",""markets_json"":""not_found_in_consulted_sources"",""products_json"":""not_found_in_consulted_sources""}"
org_067e837f5e319f9b,Targeted Web Traffic,targetedwebtraffic.com,https://www.targetedwebtraffic.com/,,,,,"{""domain_status"":""linked_host_not_canonical_ownership_verified"",""identity_status"":""display_name_not_legal_entity_verified""}","{""description"":""not_found_in_consulted_sources"",""industry"":""not_found_in_consulted_sources"",""markets_json"":""not_found_in_consulted_sources"",""products_json"":""not_found_in_consulted_sources""}"
org_031ac995a40ff061,LaunchDarkly,launchdarkly.com,https://launchdarkly.com/,,,,,"{""domain_status"":""linked_host_not_canonical_ownership_verified"",""identity_status"":""display_name_not_legal_entity_verified""}","{""description"":""not_found_in_consulted_sources"",""industry"":""not_found_in_consulted_sources"",""markets_json"":""not_found_in_consulted_sources"",""products_json"":""not_found_in_consulted_sources""}"
org_332668ef885f84aa,minimumdepositcasinos.org,minimumdepositcasinos.org,https://www.minimumdepositcasinos.org/,,,,,"{""domain_status"":""linked_host_not_canonical_ownership_verified"",""identity_status"":""display_name_not_legal_entity_verified""}","{""description"":""not_found_in_consulted_sources"",""industry"":""not_found_in_consulted_sources"",""markets_json"":""not_found_in_consulted_sources"",""products_json"":""not_found_in_consulted_sources""}"
org_bb3ff901cf098794,BeProud,beproud.jp,https://www.beproud.jp/,,,,,"{""domain_status"":""linked_host_not_canonical_ownership_verified"",""identity_status"":""display_name_not_legal_entity_verified""}","{""description"":""not_found_in_consulted_sources"",""industry"":""not_found_in_consulted_sources"",""markets_json"":""not_found_in_consulted_sources"",""products_json"":""not_found_in_consulted_sources""}"
org_0de7775d90dfeb81,PyLadies,pyladies.com,https://pyladies.com,,,,,"{""domain_status"":""linked_host_not_canonical_ownership_verified"",""identity_status"":""display_name_not_legal_entity_verified""}","{""description"":""not_found_in_consulted_sources"",""industry"":""not_found_in_consulted_sources"",""markets_json"":""not_found_in_consulted_sources"",""products_json"":""not_found_in_consulted_sources""}"
org_7613a692fc857508,The Open Source Initiative,opensource.org,https://opensource.org/,,,,,"{""domain_status"":""linked_host_not_canonical_ownership_verified"",""identity_status"":""display_name_not_legal_entity_verified""}","{""description"":""not_found_in_consulted_sources"",""industry"":""not_found_in_consulted_sources"",""markets_json"":""not_found_in_consulted_sources"",""products_json"":""not_found_in_consulted_sources""}"
org_8005db898448a804,Python Software Foundation,python.org,https://www.python.org/psf-landing/,,,,,"{""domain_status"":""linked_host_not_canonical_ownership_verified"",""identity_status"":""display_name_not_legal_entity_verified""}","{""description"":""not_found_in_consulted_sources"",""industry"":""not_found_in_consulted_sources"",""markets_json"":""not_found_in_consulted_sources"",""products_json"":""not_found_in_consulted_sources""}"
org_a6158572ac986721,No Starch Press,nostarch.com,https://nostarch.com/,,,,,"{""domain_status"":""linked_host_not_canonical_ownership_verified"",""identity_status"":""display_name_not_legal_entity_verified""}","{""description"":""not_found_in_consulted_sources"",""industry"":""not_found_in_consulted_sources"",""markets_json"":""not_found_in_consulted_sources"",""products_json"":""not_found_in_consulted_sources""}"
org_f270cf67ebde6e36,NumFOCUS,numfocus.org,https://numfocus.org,,,,,"{""domain_status"":""linked_host_not_canonical_ownership_verified"",""identity_status"":""display_name_not_legal_entity_verified""}","{""description"":""not_found_in_consulted_sources"",""industry"":""not_found_in_consulted_sources"",""markets_json"":""not_found_in_consulted_sources"",""products_json"":""not_found_in_consulted_sources""}"
org_9e6d67222e41669b,Chainguard,chainguard.dev,https://chainguard.dev/,,,,,"{""domain_status"":""linked_host_not_canonical_ownership_verified"",""identity_status"":""display_name_not_legal_entity_verified""}","{""description"":""not_found_in_consulted_sources"",""industry"":""not_found_in_consulted_sources"",""markets_json"":""not_found_in_consulted_sources"",""products_json"":""not_found_in_consulted_sources""}"
org_fb43d12620ce8705,"OtterTune, Inc.",ottertune.com,https://ottertune.com/,,,,,"{""domain_status"":""linked_host_not_canonical_ownership_verified"",""identity_status"":""display_name_not_legal_entity_verified""}","{""description"":""not_found_in_consulted_sources"",""industry"":""not_found_in_consulted_sources"",""markets_json"":""not_found_in_consulted_sources"",""products_json"":""not_found_in_consulted_sources""}"
org_483d9d2baa1c72ea,Devron,devron.ai,https://www.devron.ai/,,,,,"{""domain_status"":""linked_host_not_canonical_ownership_verified"",""identity_status"":""display_name_not_legal_entity_verified""}","{""description"":""not_found_in_consulted_sources"",""industry"":""not_found_in_consulted_sources"",""markets_json"":""not_found_in_consulted_sources"",""products_json"":""not_found_in_consulted_sources""}"
org_870035512490d725,Slim.AI,slim.ai,https://www.slim.ai/,,,,,"{""domain_status"":""linked_host_not_canonical_ownership_verified"",""identity_status"":""display_name_not_legal_entity_verified""}","{""description"":""not_found_in_consulted_sources"",""industry"":""not_found_in_consulted_sources"",""markets_json"":""not_found_in_consulted_sources"",""products_json"":""not_found_in_consulted_sources""}"
org_728f72723a0c5799,OpenBlender,openblender.io,https://www.openblender.io/,,,,,"{""domain_status"":""linked_host_not_canonical_ownership_verified"",""identity_status"":""display_name_not_legal_entity_verified""}","{""description"":""not_found_in_consulted_sources"",""industry"":""not_found_in_consulted_sources"",""markets_json"":""not_found_in_consulted_sources"",""products_json"":""not_found_in_consulted_sources""}"
org_bf0e59763d382462,Union.ai,union.ai,https://union.ai,,,,,"{""domain_status"":""linked_host_not_canonical_ownership_verified"",""identity_status"":""display_name_not_legal_entity_verified""}","{""description"":""not_found_in_consulted_sources"",""industry"":""not_found_in_consulted_sources"",""markets_json"":""not_found_in_consulted_sources"",""products_json"":""not_found_in_consulted_sources""}"
org_457d5bf09e1107ec,Ploomber,ploomber.io,https://ploomber.io/,,,,,"{""domain_status"":""linked_host_not_canonical_ownership_verified"",""identity_status"":""display_name_not_legal_entity_verified""}","{""description"":""not_found_in_consulted_sources"",""industry"":""not_found_in_consulted_sources"",""markets_json"":""not_found_in_consulted_sources"",""products_json"":""not_found_in_consulted_sources""}"
org_b4281b9196d3c2e2,Rasgo,rasgoml.com,https://www.rasgoml.com/,,,,,"{""domain_status"":""linked_host_not_canonical_ownership_verified"",""identity_status"":""display_name_not_legal_entity_verified""}","{""description"":""not_found_in_consulted_sources"",""industry"":""not_found_in_consulted_sources"",""markets_json"":""not_found_in_consulted_sources"",""products_json"":""not_found_in_consulted_sources""}"
org_3ccbd9105a45d8fc,Salesforce,opensource.salesforce.com,https://opensource.salesforce.com/,,,,,"{""domain_status"":""linked_host_not_canonical_ownership_verified"",""identity_status"":""display_name_not_legal_entity_verified""}","{""description"":""not_found_in_consulted_sources"",""industry"":""not_found_in_consulted_sources"",""markets_json"":""not_found_in_consulted_sources"",""products_json"":""not_found_in_consulted_sources""}"
org_5b162b0485992362,Citadel Securities,citadelsecurities.com,https://www.citadelsecurities.com/,,,,,"{""domain_status"":""linked_host_not_canonical_ownership_verified"",""identity_status"":""display_name_not_legal_entity_verified""}","{""description"":""not_found_in_consulted_sources"",""industry"":""not_found_in_consulted_sources"",""markets_json"":""not_found_in_consulted_sources"",""products_json"":""not_found_in_consulted_sources""}"
org_c63a9876a150404e,Delta Lake,delta.io,https://delta.io,,,,,"{""domain_status"":""linked_host_not_canonical_ownership_verified"",""identity_status"":""display_name_not_legal_entity_verified""}","{""description"":""not_found_in_consulted_sources"",""industry"":""not_found_in_consulted_sources"",""markets_json"":""not_found_in_consulted_sources"",""products_json"":""not_found_in_consulted_sources""}"
org_2dae946ece4887f3,Courier,courier.com,https://www.courier.com,,,,,"{""domain_status"":""linked_host_not_canonical_ownership_verified"",""identity_status"":""display_name_not_legal_entity_verified""}","{""description"":""not_found_in_consulted_sources"",""industry"":""not_found_in_consulted_sources"",""markets_json"":""not_found_in_consulted_sources"",""products_json"":""not_found_in_consulted_sources""}"
org_fff54f474949593e,Jane Street,janestreet.com,https://www.janestreet.com/,,,,,"{""domain_status"":""linked_host_not_canonical_ownership_verified"",""identity_status"":""display_name_not_legal_entity_verified""}","{""description"":""not_found_in_consulted_sources"",""industry"":""not_found_in_consulted_sources"",""markets_json"":""not_found_in_consulted_sources"",""products_json"":""not_found_in_consulted_sources""}"
org_8bd191612e518228,Voloridge Investment Management,voloridge.com,https://www.voloridge.com,,,,,"{""domain_status"":""linked_host_not_canonical_ownership_verified"",""identity_status"":""display_name_not_legal_entity_verified""}","{""description"":""not_found_in_consulted_sources"",""industry"":""not_found_in_consulted_sources"",""markets_json"":""not_found_in_consulted_sources"",""products_json"":""not_found_in_consulted_sources""}"
org_71cb02ed8285bbc0,Covalent,covalent.xyz,https://www.covalent.xyz/,,,,,"{""domain_status"":""linked_host_not_canonical_ownership_verified"",""identity_status"":""display_name_not_legal_entity_verified""}","{""description"":""not_found_in_consulted_sources"",""industry"":""not_found_in_consulted_sources"",""markets_json"":""not_found_in_consulted_sources"",""products_json"":""not_found_in_consulted_sources""}"
org_4efb305aa25d3762,Descope,descope.com,https://www.descope.com,,,,,"{""domain_status"":""linked_host_not_canonical_ownership_verified"",""identity_status"":""display_name_not_legal_entity_verified""}","{""description"":""not_found_in_consulted_sources"",""industry"":""not_found_in_consulted_sources"",""markets_json"":""not_found_in_consulted_sources"",""products_json"":""not_found_in_consulted_sources""}"
org_583a0126b22c6e8c,Taipy,taipy.io,https://www.taipy.io/,,,,,"{""domain_status"":""linked_host_not_canonical_ownership_verified"",""identity_status"":""display_name_not_legal_entity_verified""}","{""description"":""not_found_in_consulted_sources"",""industry"":""not_found_in_consulted_sources"",""markets_json"":""not_found_in_consulted_sources"",""products_json"":""not_found_in_consulted_sources""}"
org_dda458ae9a200140,Jina AI,jina.ai,http://www.jina.ai,,,,,"{""domain_status"":""linked_host_not_canonical_ownership_verified"",""identity_status"":""display_name_not_legal_entity_verified""}","{""description"":""not_found_in_consulted_sources"",""industry"":""not_found_in_consulted_sources"",""markets_json"":""not_found_in_consulted_sources"",""products_json"":""not_found_in_consulted_sources""}"
org_de19a670b445db55,Noteable,noteable.io,https://noteable.io/,,,,,"{""domain_status"":""linked_host_not_canonical_ownership_verified"",""identity_status"":""display_name_not_legal_entity_verified""}","{""description"":""not_found_in_consulted_sources"",""industry"":""not_found_in_consulted_sources"",""markets_json"":""not_found_in_consulted_sources"",""products_json"":""not_found_in_consulted_sources""}"
org_e4540a7c8404b1be,Temporal,temporal.io,https://www.temporal.io/,,,,,"{""domain_status"":""linked_host_not_canonical_ownership_verified"",""identity_status"":""display_name_not_legal_entity_verified""}","{""description"":""not_found_in_consulted_sources"",""industry"":""not_found_in_consulted_sources"",""markets_json"":""not_found_in_consulted_sources"",""products_json"":""not_found_in_consulted_sources""}"
org_e1c8b17102a886c6,Retool,retool.com,https://retool.com/,,,,,"{""domain_status"":""linked_host_not_canonical_ownership_verified"",""identity_status"":""display_name_not_legal_entity_verified""}","{""description"":""not_found_in_consulted_sources"",""industry"":""not_found_in_consulted_sources"",""markets_json"":""not_found_in_consulted_sources"",""products_json"":""not_found_in_consulted_sources""}"
org_e25481764d2dd413,deepset,deepset.ai,https://www.deepset.ai/,,,,,"{""domain_status"":""linked_host_not_canonical_ownership_verified"",""identity_status"":""display_name_not_legal_entity_verified""}","{""description"":""not_found_in_consulted_sources"",""industry"":""not_found_in_consulted_sources"",""markets_json"":""not_found_in_consulted_sources"",""products_json"":""not_found_in_consulted_sources""}"
org_37b61d8e485adf54,Akamai Cloud Computing Services,linode.com,https://www.linode.com/,,,,,"{""domain_status"":""linked_host_not_canonical_ownership_verified"",""identity_status"":""display_name_not_legal_entity_verified""}","{""description"":""not_found_in_consulted_sources"",""industry"":""not_found_in_consulted_sources"",""markets_json"":""not_found_in_consulted_sources"",""products_json"":""not_found_in_consulted_sources""}"
org_b7f79e8d35e86317,Cape Privacy,capeprivacy.com,https://capeprivacy.com/,,,,,"{""domain_status"":""linked_host_not_canonical_ownership_verified"",""identity_status"":""display_name_not_legal_entity_verified""}","{""description"":""not_found_in_consulted_sources"",""industry"":""not_found_in_consulted_sources"",""markets_json"":""not_found_in_consulted_sources"",""products_json"":""not_found_in_consulted_sources""}"
org_aacca8bcb37aefa0,Verizon,verizon.com,https://www.verizon.com/support/residential/internet/equipment/open-source-software,,,,,"{""domain_status"":""linked_host_not_canonical_ownership_verified"",""identity_status"":""display_name_not_legal_entity_verified""}","{""description"":""not_found_in_consulted_sources"",""industry"":""not_found_in_consulted_sources"",""markets_json"":""not_found_in_consulted_sources"",""products_json"":""not_found_in_consulted_sources""}"
org_66a4c7087268d4e4,HENNGE (Japan),hennge.com,https://hennge.com/global/,,,,,"{""domain_status"":""linked_host_not_canonical_ownership_verified"",""identity_status"":""display_name_not_legal_entity_verified""}","{""description"":""not_found_in_consulted_sources"",""industry"":""not_found_in_consulted_sources"",""markets_json"":""not_found_in_consulted_sources"",""products_json"":""not_found_in_consulted_sources""}"
org_4d8bd97f03109ac1,Datadog,datadoghq.com,https://www.datadoghq.com/,,,,,"{""domain_status"":""linked_host_not_canonical_ownership_verified"",""identity_status"":""display_name_not_legal_entity_verified""}","{""description"":""not_found_in_consulted_sources"",""industry"":""not_found_in_consulted_sources"",""markets_json"":""not_found_in_consulted_sources"",""products_json"":""not_found_in_consulted_sources""}"
org_5cc622b97d56ad8e,US Digital Service,usds.gov,http://www.usds.gov,,,,,"{""domain_status"":""linked_host_not_canonical_ownership_verified"",""identity_status"":""display_name_not_legal_entity_verified""}","{""description"":""not_found_in_consulted_sources"",""industry"":""not_found_in_consulted_sources"",""markets_json"":""not_found_in_consulted_sources"",""products_json"":""not_found_in_consulted_sources""}"
org_36787b2f74a66b93,Auth0 by Okta,a0.to,https://a0.to/pyconus,,,,,"{""domain_status"":""linked_host_not_canonical_ownership_verified"",""identity_status"":""display_name_not_legal_entity_verified""}","{""description"":""not_found_in_consulted_sources"",""industry"":""not_found_in_consulted_sources"",""markets_json"":""not_found_in_consulted_sources"",""products_json"":""not_found_in_consulted_sources""}"
org_b2f7f26289c74cdf,Coherence,withcoherence.com,https://www.withcoherence.com/,,,,,"{""domain_status"":""linked_host_not_canonical_ownership_verified"",""identity_status"":""display_name_not_legal_entity_verified""}","{""description"":""not_found_in_consulted_sources"",""industry"":""not_found_in_consulted_sources"",""markets_json"":""not_found_in_consulted_sources"",""products_json"":""not_found_in_consulted_sources""}"
org_13fd9e770be36698,neo4j,neo4j.com,https://neo4j.com,,,,,"{""domain_status"":""linked_host_not_canonical_ownership_verified"",""identity_status"":""display_name_not_legal_entity_verified""}","{""description"":""not_found_in_consulted_sources"",""industry"":""not_found_in_consulted_sources"",""markets_json"":""not_found_in_consulted_sources"",""products_json"":""not_found_in_consulted_sources""}"
org_08e05b2a2d20f9bb,TelemetryHub,telemetryhub.com,https://telemetryhub.com/?utm_source=pycon_2023&utm_medium=event&utm_campaign=sponsor_landingpage_link,,,,,"{""domain_status"":""linked_host_not_canonical_ownership_verified"",""identity_status"":""display_name_not_legal_entity_verified""}","{""description"":""not_found_in_consulted_sources"",""industry"":""not_found_in_consulted_sources"",""markets_json"":""not_found_in_consulted_sources"",""products_json"":""not_found_in_consulted_sources""}"
org_b0c5ed0373c6dce9,Anyscale,anyscale.com,https://www.anyscale.com/,,,,,"{""domain_status"":""linked_host_not_canonical_ownership_verified"",""identity_status"":""display_name_not_legal_entity_verified""}","{""description"":""not_found_in_consulted_sources"",""industry"":""not_found_in_consulted_sources"",""markets_json"":""not_found_in_consulted_sources"",""products_json"":""not_found_in_consulted_sources""}"
org_e2657581fe469aaa,Infobip,infobip.com,https://www.infobip.com,,,,,"{""domain_status"":""linked_host_not_canonical_ownership_verified"",""identity_status"":""display_name_not_legal_entity_verified""}","{""description"":""not_found_in_consulted_sources"",""industry"":""not_found_in_consulted_sources"",""markets_json"":""not_found_in_consulted_sources"",""products_json"":""not_found_in_consulted_sources""}"
org_6cf8f6a5860efce5,Einblick Analytics Inc.,einblick.ai,https://www.einblick.ai/,,,,,"{""domain_status"":""linked_host_not_canonical_ownership_verified"",""identity_status"":""display_name_not_legal_entity_verified""}","{""description"":""not_found_in_consulted_sources"",""industry"":""not_found_in_consulted_sources"",""markets_json"":""not_found_in_consulted_sources"",""products_json"":""not_found_in_consulted_sources""}"
org_bffa48eb238c593b,Six Feet Up,sixfeetup.com,https://www.sixfeetup.com,,,,,"{""domain_status"":""linked_host_not_canonical_ownership_verified"",""identity_status"":""display_name_not_legal_entity_verified""}","{""description"":""not_found_in_consulted_sources"",""industry"":""not_found_in_consulted_sources"",""markets_json"":""not_found_in_consulted_sources"",""products_json"":""not_found_in_consulted_sources""}"
org_2d11bbe7f5477739,Toyota Financial Services,toyotafinancial.com,https://www.toyotafinancial.com/us/en.html,,,,,"{""domain_status"":""linked_host_not_canonical_ownership_verified"",""identity_status"":""display_name_not_legal_entity_verified""}","{""description"":""not_found_in_consulted_sources"",""industry"":""not_found_in_consulted_sources"",""markets_json"":""not_found_in_consulted_sources"",""products_json"":""not_found_in_consulted_sources""}"
org_4327ae043030e56a,Lincoln Loop,lincolnloop.com,https://lincolnloop.com,,,,,"{""domain_status"":""linked_host_not_canonical_ownership_verified"",""identity_status"":""display_name_not_legal_entity_verified""}","{""description"":""not_found_in_consulted_sources"",""industry"":""not_found_in_consulted_sources"",""markets_json"":""not_found_in_consulted_sources"",""products_json"":""not_found_in_consulted_sources""}"
org_edcf0458016a0e5b,Healthvana,healthvana.com,https://healthvana.com/,,,,,"{""domain_status"":""linked_host_not_canonical_ownership_verified"",""identity_status"":""display_name_not_legal_entity_verified""}","{""description"":""not_found_in_consulted_sources"",""industry"":""not_found_in_consulted_sources"",""markets_json"":""not_found_in_consulted_sources"",""products_json"":""not_found_in_consulted_sources""}"
org_3db1f560db626918,Canva,canva.com,https://www.canva.com/,,,,,"{""domain_status"":""linked_host_not_canonical_ownership_verified"",""identity_status"":""display_name_not_legal_entity_verified""}","{""description"":""not_found_in_consulted_sources"",""industry"":""not_found_in_consulted_sources"",""markets_json"":""not_found_in_consulted_sources"",""products_json"":""not_found_in_consulted_sources""}"
org_b17a3bcc21f120a7,DevITjobs,devitjobs.us,https://devitjobs.us/jobs/Python/all/all,,,,,"{""domain_status"":""linked_host_not_canonical_ownership_verified"",""identity_status"":""display_name_not_legal_entity_verified""}","{""description"":""not_found_in_consulted_sources"",""industry"":""not_found_in_consulted_sources"",""markets_json"":""not_found_in_consulted_sources"",""products_json"":""not_found_in_consulted_sources""}"
org_e0239380f6ff1805,CrossCompute,crosscompute.com,https://crosscompute.com,,,,,"{""domain_status"":""linked_host_not_canonical_ownership_verified"",""identity_status"":""display_name_not_legal_entity_verified""}","{""description"":""not_found_in_consulted_sources"",""industry"":""not_found_in_consulted_sources"",""markets_json"":""not_found_in_consulted_sources"",""products_json"":""not_found_in_consulted_sources""}"
org_ba07354baa798e5e,Adimian.be SPRL,adimian.com,https://www.adimian.com/,,,,,"{""domain_status"":""linked_host_not_canonical_ownership_verified"",""identity_status"":""display_name_not_legal_entity_verified""}","{""description"":""not_found_in_consulted_sources"",""industry"":""not_found_in_consulted_sources"",""markets_json"":""not_found_in_consulted_sources"",""products_json"":""not_found_in_consulted_sources""}"
org_4d3ac065f59aec6d,it-jobs.de,it-jobs.de,https://it-jobs.de,,,,,"{""domain_status"":""linked_host_not_canonical_ownership_verified"",""identity_status"":""display_name_not_legal_entity_verified""}","{""description"":""not_found_in_consulted_sources"",""industry"":""not_found_in_consulted_sources"",""markets_json"":""not_found_in_consulted_sources"",""products_json"":""not_found_in_consulted_sources""}"
org_528568279a01be76,dmTECH GmbH,dm-jobs.com,https://www.dm-jobs.com/dmTECH/?locale=de_DE&wt_mc=.display.python.sponsoring.logo,,,,,"{""domain_status"":""linked_host_not_canonical_ownership_verified"",""identity_status"":""display_name_not_legal_entity_verified""}","{""description"":""not_found_in_consulted_sources"",""industry"":""not_found_in_consulted_sources"",""markets_json"":""not_found_in_consulted_sources"",""products_json"":""not_found_in_consulted_sources""}"
org_3e84c86692aa4049,PRISMA Capacity Platform,prisma-capacity.eu,https://www.prisma-capacity.eu/,,,,,"{""domain_status"":""linked_host_not_canonical_ownership_verified"",""identity_status"":""display_name_not_legal_entity_verified""}","{""description"":""not_found_in_consulted_sources"",""industry"":""not_found_in_consulted_sources"",""markets_json"":""not_found_in_consulted_sources"",""products_json"":""not_found_in_consulted_sources""}"
org_f4ba7fa74be66d39,EaseUS Software,easeus.com,https://www.easeus.com/,,,,,"{""domain_status"":""linked_host_not_canonical_ownership_verified"",""identity_status"":""display_name_not_legal_entity_verified""}","{""description"":""not_found_in_consulted_sources"",""industry"":""not_found_in_consulted_sources"",""markets_json"":""not_found_in_consulted_sources"",""products_json"":""not_found_in_consulted_sources""}"
org_4cef8fea9158d905,ionic,ionic.io,https://ionic.io/framework,,,,,"{""domain_status"":""linked_host_not_canonical_ownership_verified"",""identity_status"":""display_name_not_legal_entity_verified""}","{""description"":""not_found_in_consulted_sources"",""industry"":""not_found_in_consulted_sources"",""markets_json"":""not_found_in_consulted_sources"",""products_json"":""not_found_in_consulted_sources""}"
org_812e332889a7564f,Nixtla,nixtla.io,https://www.nixtla.io/,,,,,"{""domain_status"":""linked_host_not_canonical_ownership_verified"",""identity_status"":""display_name_not_legal_entity_verified""}","{""description"":""not_found_in_consulted_sources"",""industry"":""not_found_in_consulted_sources"",""markets_json"":""not_found_in_consulted_sources"",""products_json"":""not_found_in_consulted_sources""}"
org_5bcad0dd47c63afb,Ponder,ponder.io,https://ponder.io/,,,,,"{""domain_status"":""linked_host_not_canonical_ownership_verified"",""identity_status"":""display_name_not_legal_entity_verified""}","{""description"":""not_found_in_consulted_sources"",""industry"":""not_found_in_consulted_sources"",""markets_json"":""not_found_in_consulted_sources"",""products_json"":""not_found_in_consulted_sources""}"
org_c6a6190da8fc5898,Predibase,predibase.com,https://www.predibase.com,,,,,"{""domain_status"":""linked_host_not_canonical_ownership_verified"",""identity_status"":""display_name_not_legal_entity_verified""}","{""description"":""not_found_in_consulted_sources"",""industry"":""not_found_in_consulted_sources"",""markets_json"":""not_found_in_consulted_sources"",""products_json"":""not_found_in_consulted_sources""}"
org_59b6c17db39c038f,Fixie AI,fixie.ai,https://fixie.ai,,,,,"{""domain_status"":""linked_host_not_canonical_ownership_verified"",""identity_status"":""display_name_not_legal_entity_verified""}","{""description"":""not_found_in_consulted_sources"",""industry"":""not_found_in_consulted_sources"",""markets_json"":""not_found_in_consulted_sources"",""products_json"":""not_found_in_consulted_sources""}"
org_a792f3832079c9c0,Wherobots Inc.,wherobots.ai,https://www.wherobots.ai,,,,,"{""domain_status"":""linked_host_not_canonical_ownership_verified"",""identity_status"":""display_name_not_legal_entity_verified""}","{""description"":""not_found_in_consulted_sources"",""industry"":""not_found_in_consulted_sources"",""markets_json"":""not_found_in_consulted_sources"",""products_json"":""not_found_in_consulted_sources""}"
org_f1bda1e1fec8c7e8,Pynecone,pynecone.io,https://pynecone.io,,,,,"{""domain_status"":""linked_host_not_canonical_ownership_verified"",""identity_status"":""display_name_not_legal_entity_verified""}","{""description"":""not_found_in_consulted_sources"",""industry"":""not_found_in_consulted_sources"",""markets_json"":""not_found_in_consulted_sources"",""products_json"":""not_found_in_consulted_sources""}"
org_2bf4825e44cdc9ae,Neptyne,neptyne.com,https://neptyne.com,,,,,"{""domain_status"":""linked_host_not_canonical_ownership_verified"",""identity_status"":""display_name_not_legal_entity_verified""}","{""description"":""not_found_in_consulted_sources"",""industry"":""not_found_in_consulted_sources"",""markets_json"":""not_found_in_consulted_sources"",""products_json"":""not_found_in_consulted_sources""}"
org_db3d8d2564eb3c00,Generally Intelligent,generallyintelligent.com,https://generallyintelligent.com/,,,,,"{""domain_status"":""linked_host_not_canonical_ownership_verified"",""identity_status"":""display_name_not_legal_entity_verified""}","{""description"":""not_found_in_consulted_sources"",""industry"":""not_found_in_consulted_sources"",""markets_json"":""not_found_in_consulted_sources"",""products_json"":""not_found_in_consulted_sources""}"
org_9e5809708c79b689,IMC Trading,imc.com,https://www.imc.com/us/,,,,,"{""domain_status"":""linked_host_not_canonical_ownership_verified"",""identity_status"":""display_name_not_legal_entity_verified""}","{""description"":""not_found_in_consulted_sources"",""industry"":""not_found_in_consulted_sources"",""markets_json"":""not_found_in_consulted_sources"",""products_json"":""not_found_in_consulted_sources""}"
org_94189646941b7448,PyCon APAC Community,,,,,,,"{""domain_status"":null,""identity_status"":""display_name_not_legal_entity_verified""}","{""description"":""not_found_in_consulted_sources"",""domain"":""not_found_in_consulted_sources"",""industry"":""not_found_in_consulted_sources"",""markets_json"":""not_found_in_consulted_sources"",""products_json"":""not_found_in_consulted_sources"",""website"":""not_found_in_consulted_sources""}"
org_5a0732b8ea1c3aad,"Department of Biostatistics and Data Science, University of Kansas Medical Center",kumc.edu,https://www.kumc.edu/school-of-medicine/academics/departments/biostatistics-and-data-science.html,,,,,"{""domain_status"":""linked_host_not_canonical_ownership_verified"",""identity_status"":""display_name_not_legal_entity_verified""}","{""description"":""not_found_in_consulted_sources"",""industry"":""not_found_in_consulted_sources"",""markets_json"":""not_found_in_consulted_sources"",""products_json"":""not_found_in_consulted_sources""}"
org_d78d9a6911dedbdf,Open Source Initiative,opensource.org,https://opensource.org,,,,,"{""domain_status"":""linked_host_not_canonical_ownership_verified"",""identity_status"":""display_name_not_legal_entity_verified""}","{""description"":""not_found_in_consulted_sources"",""industry"":""not_found_in_consulted_sources"",""markets_json"":""not_found_in_consulted_sources"",""products_json"":""not_found_in_consulted_sources""}"
org_cc23a96448fd7632,BeeWare Project,beeware.org,https://beeware.org/,,,,,"{""domain_status"":""linked_host_not_canonical_ownership_verified"",""identity_status"":""display_name_not_legal_entity_verified""}","{""description"":""not_found_in_consulted_sources"",""industry"":""not_found_in_consulted_sources"",""markets_json"":""not_found_in_consulted_sources"",""products_json"":""not_found_in_consulted_sources""}"
org_81815e3cad013bb9,CodeDay,codeday.org,https://www.codeday.org/,,,,,"{""domain_status"":""linked_host_not_canonical_ownership_verified"",""identity_status"":""display_name_not_legal_entity_verified""}","{""description"":""not_found_in_consulted_sources"",""industry"":""not_found_in_consulted_sources"",""markets_json"":""not_found_in_consulted_sources"",""products_json"":""not_found_in_consulted_sources""}"
org_f68ae76006d5e2a5,Research Affiliates LLC,researchaffiliates.com,https://www.researchaffiliates.com/about-us/technology,,,,,"{""domain_status"":""linked_host_not_canonical_ownership_verified"",""identity_status"":""display_name_not_legal_entity_verified""}","{""description"":""not_found_in_consulted_sources"",""industry"":""not_found_in_consulted_sources"",""markets_json"":""not_found_in_consulted_sources"",""products_json"":""not_found_in_consulted_sources""}"
org_4fa81ae73ef76393,Federal Reserve Bank of Kansas City,kansascityfed.org,https://www.kansascityfed.org/,,,,,"{""domain_status"":""linked_host_not_canonical_ownership_verified"",""identity_status"":""display_name_not_legal_entity_verified""}","{""description"":""not_found_in_consulted_sources"",""industry"":""not_found_in_consulted_sources"",""markets_json"":""not_found_in_consulted_sources"",""products_json"":""not_found_in_consulted_sources""}"
org_0f214b80de91c060,Fastly,fastly.com,https://www.fastly.com/fast-forward,,,,,"{""domain_status"":""linked_host_not_canonical_ownership_verified"",""identity_status"":""display_name_not_legal_entity_verified""}","{""description"":""not_found_in_consulted_sources"",""industry"":""not_found_in_consulted_sources"",""markets_json"":""not_found_in_consulted_sources"",""products_json"":""not_found_in_consulted_sources""}"
org_4202df23a0dc9b38,Cubist Systematic Strategies,point72.com,https://point72.com/cubist/,,,,,"{""domain_status"":""linked_host_not_canonical_ownership_verified"",""identity_status"":""display_name_not_legal_entity_verified""}","{""description"":""not_found_in_consulted_sources"",""industry"":""not_found_in_consulted_sources"",""markets_json"":""not_found_in_consulted_sources"",""products_json"":""not_found_in_consulted_sources""}"
org_c4e96ef720ad19a2,Streamlit,streamlit.io,https://streamlit.io/,,,,,"{""domain_status"":""linked_host_not_canonical_ownership_verified"",""identity_status"":""display_name_not_legal_entity_verified""}","{""description"":""not_found_in_consulted_sources"",""industry"":""not_found_in_consulted_sources"",""markets_json"":""not_found_in_consulted_sources"",""products_json"":""not_found_in_consulted_sources""}"
org_1cc9a79bdaf09793,MongoDB,,https://mdb.link/pycon,,,,,"{""domain_status"":null,""identity_status"":""display_name_not_legal_entity_verified""}","{""description"":""not_found_in_consulted_sources"",""domain"":""not_found_in_consulted_sources"",""industry"":""not_found_in_consulted_sources"",""markets_json"":""not_found_in_consulted_sources"",""products_json"":""not_found_in_consulted_sources""}"
org_df8e966c94469b23,Algorand,developer.algorand.org,https://developer.algorand.org/,,,,,"{""domain_status"":""linked_host_not_canonical_ownership_verified"",""identity_status"":""display_name_not_legal_entity_verified""}","{""description"":""not_found_in_consulted_sources"",""industry"":""not_found_in_consulted_sources"",""markets_json"":""not_found_in_consulted_sources"",""products_json"":""not_found_in_consulted_sources""}"
org_6366233f6ef38437,Pydantic,pydantic.dev,https://pydantic.dev/,,,,,"{""domain_status"":""linked_host_not_canonical_ownership_verified"",""identity_status"":""display_name_not_legal_entity_verified""}","{""description"":""not_found_in_consulted_sources"",""industry"":""not_found_in_consulted_sources"",""markets_json"":""not_found_in_consulted_sources"",""products_json"":""not_found_in_consulted_sources""}"
org_210769549f09f59f,DataStax,datastax.com,https://www.datastax.com/products/ragstack,,,,,"{""domain_status"":""linked_host_not_canonical_ownership_verified"",""identity_status"":""display_name_not_legal_entity_verified""}","{""description"":""not_found_in_consulted_sources"",""industry"":""not_found_in_consulted_sources"",""markets_json"":""not_found_in_consulted_sources"",""products_json"":""not_found_in_consulted_sources""}"
org_307bc6d73f16c336,Western Governors University,wgu.edu,https://www.wgu.edu/online-it-degrees.html,,,,,"{""domain_status"":""linked_host_not_canonical_ownership_verified"",""identity_status"":""display_name_not_legal_entity_verified""}","{""description"":""not_found_in_consulted_sources"",""industry"":""not_found_in_consulted_sources"",""markets_json"":""not_found_in_consulted_sources"",""products_json"":""not_found_in_consulted_sources""}"
org_8a8753c28b6b54ca,ActiveState,activestate.com,https://www.activestate.com/,,,,,"{""domain_status"":""linked_host_not_canonical_ownership_verified"",""identity_status"":""display_name_not_legal_entity_verified""}","{""description"":""not_found_in_consulted_sources"",""industry"":""not_found_in_consulted_sources"",""markets_json"":""not_found_in_consulted_sources"",""products_json"":""not_found_in_consulted_sources""}"
org_e8b7dc18ea3f6c08,Haystack (by deepset),haystack.deepset.ai,https://haystack.deepset.ai/,,,,,"{""domain_status"":""linked_host_not_canonical_ownership_verified"",""identity_status"":""display_name_not_legal_entity_verified""}","{""description"":""not_found_in_consulted_sources"",""industry"":""not_found_in_consulted_sources"",""markets_json"":""not_found_in_consulted_sources"",""products_json"":""not_found_in_consulted_sources""}"
org_478e21ce840c85a4,Endor labs,endorlabs.com,https://www.endorlabs.com/,,,,,"{""domain_status"":""linked_host_not_canonical_ownership_verified"",""identity_status"":""display_name_not_legal_entity_verified""}","{""description"":""not_found_in_consulted_sources"",""industry"":""not_found_in_consulted_sources"",""markets_json"":""not_found_in_consulted_sources"",""products_json"":""not_found_in_consulted_sources""}"
org_2f9bbb1bdf86d55d,"Posit, PBC",posit.co,https://posit.co/,,,,,"{""domain_status"":""linked_host_not_canonical_ownership_verified"",""identity_status"":""display_name_not_legal_entity_verified""}","{""description"":""not_found_in_consulted_sources"",""industry"":""not_found_in_consulted_sources"",""markets_json"":""not_found_in_consulted_sources"",""products_json"":""not_found_in_consulted_sources""}"
org_2dca01215ad0cc73,Sauce Labs,saucelabs.com,https://saucelabs.com/,,,,,"{""domain_status"":""linked_host_not_canonical_ownership_verified"",""identity_status"":""display_name_not_legal_entity_verified""}","{""description"":""not_found_in_consulted_sources"",""industry"":""not_found_in_consulted_sources"",""markets_json"":""not_found_in_consulted_sources"",""products_json"":""not_found_in_consulted_sources""}"
org_230ba08123703313,Swan Softweb Solutions,swansoftweb.com,https://swansoftweb.com/python-software-development-pycon/,,,,,"{""domain_status"":""linked_host_not_canonical_ownership_verified"",""identity_status"":""display_name_not_legal_entity_verified""}","{""description"":""not_found_in_consulted_sources"",""industry"":""not_found_in_consulted_sources"",""markets_json"":""not_found_in_consulted_sources"",""products_json"":""not_found_in_consulted_sources""}"
org_dcb345e2ec079849,Rezoomex,rezoomex.com,https://www.rezoomex.com/,,,,,"{""domain_status"":""linked_host_not_canonical_ownership_verified"",""identity_status"":""display_name_not_legal_entity_verified""}","{""description"":""not_found_in_consulted_sources"",""industry"":""not_found_in_consulted_sources"",""markets_json"":""not_found_in_consulted_sources"",""products_json"":""not_found_in_consulted_sources""}"
org_f5454ed41a73cbd8,Vonage,developer.vonage.com,https://developer.vonage.com/,,,,,"{""domain_status"":""linked_host_not_canonical_ownership_verified"",""identity_status"":""display_name_not_legal_entity_verified""}","{""description"":""not_found_in_consulted_sources"",""industry"":""not_found_in_consulted_sources"",""markets_json"":""not_found_in_consulted_sources"",""products_json"":""not_found_in_consulted_sources""}"
org_aeb3f40150c071dd,EdgeDB,edgedb.com,https://www.edgedb.com/,,,,,"{""domain_status"":""linked_host_not_canonical_ownership_verified"",""identity_status"":""display_name_not_legal_entity_verified""}","{""description"":""not_found_in_consulted_sources"",""industry"":""not_found_in_consulted_sources"",""markets_json"":""not_found_in_consulted_sources"",""products_json"":""not_found_in_consulted_sources""}"
org_738e22f0acab814c,Cloudflare,cloudflare.com,https://www.cloudflare.com/,,,,,"{""domain_status"":""linked_host_not_canonical_ownership_verified"",""identity_status"":""display_name_not_legal_entity_verified""}","{""description"":""not_found_in_consulted_sources"",""industry"":""not_found_in_consulted_sources"",""markets_json"":""not_found_in_consulted_sources"",""products_json"":""not_found_in_consulted_sources""}"
org_aa6f421798e44f08,Awesomic,awesomic.com,https://www.awesomic.com/,,,,,"{""domain_status"":""linked_host_not_canonical_ownership_verified"",""identity_status"":""display_name_not_legal_entity_verified""}","{""description"":""not_found_in_consulted_sources"",""industry"":""not_found_in_consulted_sources"",""markets_json"":""not_found_in_consulted_sources"",""products_json"":""not_found_in_consulted_sources""}"
org_d5dd4c3ebd80327d,Bright Data,brightdata.com,https://brightdata.com/,,,,,"{""domain_status"":""linked_host_not_canonical_ownership_verified"",""identity_status"":""display_name_not_legal_entity_verified""}","{""description"":""not_found_in_consulted_sources"",""industry"":""not_found_in_consulted_sources"",""markets_json"":""not_found_in_consulted_sources"",""products_json"":""not_found_in_consulted_sources""}"
org_991785478cf242c1,Tecton,tecton.ai,https://www.tecton.ai/,,,,,"{""domain_status"":""linked_host_not_canonical_ownership_verified"",""identity_status"":""display_name_not_legal_entity_verified""}","{""description"":""not_found_in_consulted_sources"",""industry"":""not_found_in_consulted_sources"",""markets_json"":""not_found_in_consulted_sources"",""products_json"":""not_found_in_consulted_sources""}"
org_da1f7df424253d20,U.S. Digital Service,usds.gov,https://www.usds.gov/,,,,,"{""domain_status"":""linked_host_not_canonical_ownership_verified"",""identity_status"":""display_name_not_legal_entity_verified""}","{""description"":""not_found_in_consulted_sources"",""industry"":""not_found_in_consulted_sources"",""markets_json"":""not_found_in_consulted_sources"",""products_json"":""not_found_in_consulted_sources""}"
org_3cb882789f1a7e57,ASML,asml.com,https://www.asml.com/en,,,,,"{""domain_status"":""linked_host_not_canonical_ownership_verified"",""identity_status"":""display_name_not_legal_entity_verified""}","{""description"":""not_found_in_consulted_sources"",""industry"":""not_found_in_consulted_sources"",""markets_json"":""not_found_in_consulted_sources"",""products_json"":""not_found_in_consulted_sources""}"
org_200beb22745b2048,Flet,flet.dev,https://flet.dev/,,,,,"{""domain_status"":""linked_host_not_canonical_ownership_verified"",""identity_status"":""display_name_not_legal_entity_verified""}","{""description"":""not_found_in_consulted_sources"",""industry"":""not_found_in_consulted_sources"",""markets_json"":""not_found_in_consulted_sources"",""products_json"":""not_found_in_consulted_sources""}"
org_2e9f768344ff39ac,Astral,astral.sh,https://astral.sh/,,,,,"{""domain_status"":""linked_host_not_canonical_ownership_verified"",""identity_status"":""display_name_not_legal_entity_verified""}","{""description"":""not_found_in_consulted_sources"",""industry"":""not_found_in_consulted_sources"",""markets_json"":""not_found_in_consulted_sources"",""products_json"":""not_found_in_consulted_sources""}"
org_ce554bafb278bd40,Buttondown,buttondown.email,https://buttondown.email/,,,,,"{""domain_status"":""linked_host_not_canonical_ownership_verified"",""identity_status"":""display_name_not_legal_entity_verified""}","{""description"":""not_found_in_consulted_sources"",""industry"":""not_found_in_consulted_sources"",""markets_json"":""not_found_in_consulted_sources"",""products_json"":""not_found_in_consulted_sources""}"
org_c25d8cc5b1ca791d,Sticker Robot,stickerobot.com,https://stickerobot.com/products/fast-vinyl-stickers/,,,,,"{""domain_status"":""linked_host_not_canonical_ownership_verified"",""identity_status"":""display_name_not_legal_entity_verified""}","{""description"":""not_found_in_consulted_sources"",""industry"":""not_found_in_consulted_sources"",""markets_json"":""not_found_in_consulted_sources"",""products_json"":""not_found_in_consulted_sources""}"
org_65a09602c00946f2,LambdaTest Inc.,lambdatest.com,https://www.lambdatest.com/,,,,,"{""domain_status"":""linked_host_not_canonical_ownership_verified"",""identity_status"":""display_name_not_legal_entity_verified""}","{""description"":""not_found_in_consulted_sources"",""industry"":""not_found_in_consulted_sources"",""markets_json"":""not_found_in_consulted_sources"",""products_json"":""not_found_in_consulted_sources""}"
org_66943866c3d1464a,Zama,zama.ai,https://zama.ai/,,,,,"{""domain_status"":""linked_host_not_canonical_ownership_verified"",""identity_status"":""display_name_not_legal_entity_verified""}","{""description"":""not_found_in_consulted_sources"",""industry"":""not_found_in_consulted_sources"",""markets_json"":""not_found_in_consulted_sources"",""products_json"":""not_found_in_consulted_sources""}"
org_83504cbc492dffaf,Pixee,pixee.ai,https://www.pixee.ai/,,,,,"{""domain_status"":""linked_host_not_canonical_ownership_verified"",""identity_status"":""display_name_not_legal_entity_verified""}","{""description"":""not_found_in_consulted_sources"",""industry"":""not_found_in_consulted_sources"",""markets_json"":""not_found_in_consulted_sources"",""products_json"":""not_found_in_consulted_sources""}"
org_996fc72ddada5862,dltHub,dlthub.com,https://dlthub.com/,,,,,"{""domain_status"":""linked_host_not_canonical_ownership_verified"",""identity_status"":""display_name_not_legal_entity_verified""}","{""description"":""not_found_in_consulted_sources"",""industry"":""not_found_in_consulted_sources"",""markets_json"":""not_found_in_consulted_sources"",""products_json"":""not_found_in_consulted_sources""}"
org_57e0b2387be546e2,PandasAI,pandas-ai.com,https://pandas-ai.com/,,,,,"{""domain_status"":""linked_host_not_canonical_ownership_verified"",""identity_status"":""display_name_not_legal_entity_verified""}","{""description"":""not_found_in_consulted_sources"",""industry"":""not_found_in_consulted_sources"",""markets_json"":""not_found_in_consulted_sources"",""products_json"":""not_found_in_consulted_sources""}"
org_02ce47da0b9aed8e,Exaloop,exaloop.io,https://exaloop.io/,,,,,"{""domain_status"":""linked_host_not_canonical_ownership_verified"",""identity_status"":""display_name_not_legal_entity_verified""}","{""description"":""not_found_in_consulted_sources"",""industry"":""not_found_in_consulted_sources"",""markets_json"":""not_found_in_consulted_sources"",""products_json"":""not_found_in_consulted_sources""}"
org_981e57f9981406a3,dispatch.run,dispatch.run,https://dispatch.run/,,,,,"{""domain_status"":""linked_host_not_canonical_ownership_verified"",""identity_status"":""display_name_not_legal_entity_verified""}","{""description"":""not_found_in_consulted_sources"",""industry"":""not_found_in_consulted_sources"",""markets_json"":""not_found_in_consulted_sources"",""products_json"":""not_found_in_consulted_sources""}"
org_3a4ad37e305ff3bb,Trellis,runtrellis.com,https://runtrellis.com/,,,,,"{""domain_status"":""linked_host_not_canonical_ownership_verified"",""identity_status"":""display_name_not_legal_entity_verified""}","{""description"":""not_found_in_consulted_sources"",""industry"":""not_found_in_consulted_sources"",""markets_json"":""not_found_in_consulted_sources"",""products_json"":""not_found_in_consulted_sources""}"
org_b2ac8229e084792b,DAGWorks Inc.,dagworks.io,https://www.dagworks.io/,,,,,"{""domain_status"":""linked_host_not_canonical_ownership_verified"",""identity_status"":""display_name_not_legal_entity_verified""}","{""description"":""not_found_in_consulted_sources"",""industry"":""not_found_in_consulted_sources"",""markets_json"":""not_found_in_consulted_sources"",""products_json"":""not_found_in_consulted_sources""}"
org_fbcb6e6044d117b0,"Martian Learning, Inc.",withmartian.com,https://www.withmartian.com/,,,,,"{""domain_status"":""linked_host_not_canonical_ownership_verified"",""identity_status"":""display_name_not_legal_entity_verified""}","{""description"":""not_found_in_consulted_sources"",""industry"":""not_found_in_consulted_sources"",""markets_json"":""not_found_in_consulted_sources"",""products_json"":""not_found_in_consulted_sources""}"
org_f414a277236480ec,Turn the Tables,github.com,https://github.com/shaunagm/turn-the-tables,,,,,"{""domain_status"":""linked_host_not_canonical_ownership_verified"",""identity_status"":""display_name_not_legal_entity_verified""}","{""description"":""not_found_in_consulted_sources"",""industry"":""not_found_in_consulted_sources"",""markets_json"":""not_found_in_consulted_sources"",""products_json"":""not_found_in_consulted_sources""}"
org_9e7369079f0afaa9,Black Python Devs,blackpythondevs.com,https://blackpythondevs.com/,,,,,"{""domain_status"":""linked_host_not_canonical_ownership_verified"",""identity_status"":""display_name_not_legal_entity_verified""}","{""description"":""not_found_in_consulted_sources"",""industry"":""not_found_in_consulted_sources"",""markets_json"":""not_found_in_consulted_sources"",""products_json"":""not_found_in_consulted_sources""}"
org_3ac39942387ec818,PyData Pittsburgh,pypgh.org,https://pypgh.org/,,,,,"{""domain_status"":""linked_host_not_canonical_ownership_verified"",""identity_status"":""display_name_not_legal_entity_verified""}","{""description"":""not_found_in_consulted_sources"",""industry"":""not_found_in_consulted_sources"",""markets_json"":""not_found_in_consulted_sources"",""products_json"":""not_found_in_consulted_sources""}"
org_86b7474c8a220dd4,Python en Español,hablemospython.dev,https://hablemospython.dev/,,,,,"{""domain_status"":""linked_host_not_canonical_ownership_verified"",""identity_status"":""display_name_not_legal_entity_verified""}","{""description"":""not_found_in_consulted_sources"",""industry"":""not_found_in_consulted_sources"",""markets_json"":""not_found_in_consulted_sources"",""products_json"":""not_found_in_consulted_sources""}"
org_dad9f18eb98b68a1,Plotly Technologies Inc,plotly.com,https://plotly.com/,,,,,"{""domain_status"":""linked_host_not_canonical_ownership_verified"",""identity_status"":""display_name_not_legal_entity_verified""}","{""description"":""not_found_in_consulted_sources"",""industry"":""not_found_in_consulted_sources"",""markets_json"":""not_found_in_consulted_sources"",""products_json"":""not_found_in_consulted_sources""}"
org_36b4d5dc2f83e881,PJM Interconnection,,#,,,,,"{""domain_status"":null,""identity_status"":""display_name_not_legal_entity_verified""}","{""description"":""not_found_in_consulted_sources"",""industry"":""not_found_in_consulted_sources"",""markets_json"":""not_found_in_consulted_sources"",""products_json"":""not_found_in_consulted_sources""}"
org_7adc0c04165eb258,Code & Supply Scholarship Fund,codeandsupply.fund,https://codeandsupply.fund/,,,,,"{""domain_status"":""linked_host_not_canonical_ownership_verified"",""identity_status"":""display_name_not_legal_entity_verified""}","{""description"":""not_found_in_consulted_sources"",""industry"":""not_found_in_consulted_sources"",""markets_json"":""not_found_in_consulted_sources"",""products_json"":""not_found_in_consulted_sources""}"
org_32423eaa5cdf1bdd,Summit Technology Group (STG),thesummitgrp.com,https://www.thesummitgrp.com/,,,,,"{""domain_status"":""linked_host_not_canonical_ownership_verified"",""identity_status"":""display_name_not_legal_entity_verified""}","{""description"":""not_found_in_consulted_sources"",""industry"":""not_found_in_consulted_sources"",""markets_json"":""not_found_in_consulted_sources"",""products_json"":""not_found_in_consulted_sources""}"
org_0de9afdbd83c22a5,Code & Supply,codeandsupply.co,https://codeandsupply.co/,,,,,"{""domain_status"":""linked_host_not_canonical_ownership_verified"",""identity_status"":""display_name_not_legal_entity_verified""}","{""description"":""not_found_in_consulted_sources"",""industry"":""not_found_in_consulted_sources"",""markets_json"":""not_found_in_consulted_sources"",""products_json"":""not_found_in_consulted_sources""}"
org_4987a1e2e36cd283,The New Stack,thenewstack.io,https://thenewstack.io/,,,,,"{""domain_status"":""linked_host_not_canonical_ownership_verified"",""identity_status"":""display_name_not_legal_entity_verified""}","{""description"":""not_found_in_consulted_sources"",""industry"":""not_found_in_consulted_sources"",""markets_json"":""not_found_in_consulted_sources"",""products_json"":""not_found_in_consulted_sources""}"
org_6f348ef7bc564637,Qube Research & Technologies,qube-rt.com,https://www.qube-rt.com/,,,,,"{""domain_status"":""linked_host_not_canonical_ownership_verified"",""identity_status"":""display_name_not_legal_entity_verified""}","{""description"":""not_found_in_consulted_sources"",""industry"":""not_found_in_consulted_sources"",""markets_json"":""not_found_in_consulted_sources"",""products_json"":""not_found_in_consulted_sources""}"
org_54c6afbca1423913,Western Governors University (WGU),wgu.edu,https://www.wgu.edu/,,,,,"{""domain_status"":""linked_host_not_canonical_ownership_verified"",""identity_status"":""display_name_not_legal_entity_verified""}","{""description"":""not_found_in_consulted_sources"",""industry"":""not_found_in_consulted_sources"",""markets_json"":""not_found_in_consulted_sources"",""products_json"":""not_found_in_consulted_sources""}"
org_e7d0134ab143cd58,AutoKitteh,autokitteh.com,http://autokitteh.com,,,,,"{""domain_status"":""linked_host_not_canonical_ownership_verified"",""identity_status"":""display_name_not_legal_entity_verified""}","{""description"":""not_found_in_consulted_sources"",""industry"":""not_found_in_consulted_sources"",""markets_json"":""not_found_in_consulted_sources"",""products_json"":""not_found_in_consulted_sources""}"
org_ab8a2c59b7a5aab0,Old Mission,oldmissioncapital.com,https://www.oldmissioncapital.com/,,,,,"{""domain_status"":""linked_host_not_canonical_ownership_verified"",""identity_status"":""display_name_not_legal_entity_verified""}","{""description"":""not_found_in_consulted_sources"",""industry"":""not_found_in_consulted_sources"",""markets_json"":""not_found_in_consulted_sources"",""products_json"":""not_found_in_consulted_sources""}"
org_8121beb55cfc4e78,Salesforce Heroku,heroku.com,https://www.heroku.com/,,,,,"{""domain_status"":""linked_host_not_canonical_ownership_verified"",""identity_status"":""display_name_not_legal_entity_verified""}","{""description"":""not_found_in_consulted_sources"",""industry"":""not_found_in_consulted_sources"",""markets_json"":""not_found_in_consulted_sources"",""products_json"":""not_found_in_consulted_sources""}"
org_264afbe0e67e4d6c,PydanticAI,docs.pydantic.dev,https://docs.pydantic.dev/latest/,,,,,"{""domain_status"":""linked_host_not_canonical_ownership_verified"",""identity_status"":""display_name_not_legal_entity_verified""}","{""description"":""not_found_in_consulted_sources"",""industry"":""not_found_in_consulted_sources"",""markets_json"":""not_found_in_consulted_sources"",""products_json"":""not_found_in_consulted_sources""}"
org_cdc00f6c62a542af,Gel,geldata.com,https://www.geldata.com/,,,,,"{""domain_status"":""linked_host_not_canonical_ownership_verified"",""identity_status"":""display_name_not_legal_entity_verified""}","{""description"":""not_found_in_consulted_sources"",""industry"":""not_found_in_consulted_sources"",""markets_json"":""not_found_in_consulted_sources"",""products_json"":""not_found_in_consulted_sources""}"
org_ef847f180cddedc8,Kensho,kensho.com,https://kensho.com/,,,,,"{""domain_status"":""linked_host_not_canonical_ownership_verified"",""identity_status"":""display_name_not_legal_entity_verified""}","{""description"":""not_found_in_consulted_sources"",""industry"":""not_found_in_consulted_sources"",""markets_json"":""not_found_in_consulted_sources"",""products_json"":""not_found_in_consulted_sources""}"
org_f7c640a5d8ec7e07,Codeflash,codeflash.ai,http://codeflash.ai,,,,,"{""domain_status"":""linked_host_not_canonical_ownership_verified"",""identity_status"":""display_name_not_legal_entity_verified""}","{""description"":""not_found_in_consulted_sources"",""industry"":""not_found_in_consulted_sources"",""markets_json"":""not_found_in_consulted_sources"",""products_json"":""not_found_in_consulted_sources""}"
org_efef66d3c8c24b75,"Analog Devices, Inc.",analog.com,https://analog.com,,,,,"{""domain_status"":""linked_host_not_canonical_ownership_verified"",""identity_status"":""display_name_not_legal_entity_verified""}","{""description"":""not_found_in_consulted_sources"",""industry"":""not_found_in_consulted_sources"",""markets_json"":""not_found_in_consulted_sources"",""products_json"":""not_found_in_consulted_sources""}"
org_ef2a33c946942c1a,ReversingLabs,reversinglabs.com,https://www.reversinglabs.com/,,,,,"{""domain_status"":""linked_host_not_canonical_ownership_verified"",""identity_status"":""display_name_not_legal_entity_verified""}","{""description"":""not_found_in_consulted_sources"",""industry"":""not_found_in_consulted_sources"",""markets_json"":""not_found_in_consulted_sources"",""products_json"":""not_found_in_consulted_sources""}"
org_be6a999624b589e8,Duolingo,careers.duolingo.com,https://careers.duolingo.com/,,,,,"{""domain_status"":""linked_host_not_canonical_ownership_verified"",""identity_status"":""display_name_not_legal_entity_verified""}","{""description"":""not_found_in_consulted_sources"",""industry"":""not_found_in_consulted_sources"",""markets_json"":""not_found_in_consulted_sources"",""products_json"":""not_found_in_consulted_sources""}"
org_68323c1446f37e1a,AlphaSense,alpha-sense.com,https://www.alpha-sense.com/,,,,,"{""domain_status"":""linked_host_not_canonical_ownership_verified"",""identity_status"":""display_name_not_legal_entity_verified""}","{""description"":""not_found_in_consulted_sources"",""industry"":""not_found_in_consulted_sources"",""markets_json"":""not_found_in_consulted_sources"",""products_json"":""not_found_in_consulted_sources""}"
org_49bc63a939e3dc9d,Dagster Labs,dagster.io,https://dagster.io/,,,,,"{""domain_status"":""linked_host_not_canonical_ownership_verified"",""identity_status"":""display_name_not_legal_entity_verified""}","{""description"":""not_found_in_consulted_sources"",""industry"":""not_found_in_consulted_sources"",""markets_json"":""not_found_in_consulted_sources"",""products_json"":""not_found_in_consulted_sources""}"
org_34fb46c847bb9df9,Redis,redis.io,https://redis.io/,,,,,"{""domain_status"":""linked_host_not_canonical_ownership_verified"",""identity_status"":""display_name_not_legal_entity_verified""}","{""description"":""not_found_in_consulted_sources"",""industry"":""not_found_in_consulted_sources"",""markets_json"":""not_found_in_consulted_sources"",""products_json"":""not_found_in_consulted_sources""}"
org_b649d599b84fedef,CodSpeed,codspeed.io,https://codspeed.io,,,,,"{""domain_status"":""linked_host_not_canonical_ownership_verified"",""identity_status"":""display_name_not_legal_entity_verified""}","{""description"":""not_found_in_consulted_sources"",""industry"":""not_found_in_consulted_sources"",""markets_json"":""not_found_in_consulted_sources"",""products_json"":""not_found_in_consulted_sources""}"
org_551bb918d277a0b8,Packt,packtpub.com,https://www.packtpub.com/,,,,,"{""domain_status"":""linked_host_not_canonical_ownership_verified"",""identity_status"":""display_name_not_legal_entity_verified""}","{""description"":""not_found_in_consulted_sources"",""industry"":""not_found_in_consulted_sources"",""markets_json"":""not_found_in_consulted_sources"",""products_json"":""not_found_in_consulted_sources""}"
org_2e7f62e682871d45,Parafin,parafin.com,https://www.parafin.com,,,,,"{""domain_status"":""linked_host_not_canonical_ownership_verified"",""identity_status"":""display_name_not_legal_entity_verified""}","{""description"":""not_found_in_consulted_sources"",""industry"":""not_found_in_consulted_sources"",""markets_json"":""not_found_in_consulted_sources"",""products_json"":""not_found_in_consulted_sources""}"
org_2e1aeda295a4aa60,Litestar,litestar.dev,https://litestar.dev/,,,,,"{""domain_status"":""linked_host_not_canonical_ownership_verified"",""identity_status"":""display_name_not_legal_entity_verified""}","{""description"":""not_found_in_consulted_sources"",""industry"":""not_found_in_consulted_sources"",""markets_json"":""not_found_in_consulted_sources"",""products_json"":""not_found_in_consulted_sources""}"
org_9b7962c5e2194352,Hackers Guild PGH,hackersguildpgh.com,https://hackersguildpgh.com/,,,,,"{""domain_status"":""linked_host_not_canonical_ownership_verified"",""identity_status"":""display_name_not_legal_entity_verified""}","{""description"":""not_found_in_consulted_sources"",""industry"":""not_found_in_consulted_sources"",""markets_json"":""not_found_in_consulted_sources"",""products_json"":""not_found_in_consulted_sources""}"
org_dd71f579bce44b7d,Commonwealth Bank of Australia,commbank.com.au,https://www.commbank.com.au/,,,,,"{""domain_status"":""linked_host_not_canonical_ownership_verified"",""identity_status"":""display_name_not_legal_entity_verified""}","{""description"":""not_found_in_consulted_sources"",""industry"":""not_found_in_consulted_sources"",""markets_json"":""not_found_in_consulted_sources"",""products_json"":""not_found_in_consulted_sources""}"
org_6463ddf3a85d484a,Feedzai,feedzai.com,https://www.feedzai.com,,,,,"{""domain_status"":""linked_host_not_canonical_ownership_verified"",""identity_status"":""display_name_not_legal_entity_verified""}","{""description"":""not_found_in_consulted_sources"",""industry"":""not_found_in_consulted_sources"",""markets_json"":""not_found_in_consulted_sources"",""products_json"":""not_found_in_consulted_sources""}"
org_f0a5da17e0ffa3a2,Fern,link.buildwithfern.com,https://link.buildwithfern.com/pycon,,,,,"{""domain_status"":""linked_host_not_canonical_ownership_verified"",""identity_status"":""display_name_not_legal_entity_verified""}","{""description"":""not_found_in_consulted_sources"",""industry"":""not_found_in_consulted_sources"",""markets_json"":""not_found_in_consulted_sources"",""products_json"":""not_found_in_consulted_sources""}"
org_470cc0dbf4fe63a4,Povera Loads & Logic,povera-lnl.com,https://povera-lnl.com/,,,,,"{""domain_status"":""linked_host_not_canonical_ownership_verified"",""identity_status"":""display_name_not_legal_entity_verified""}","{""description"":""not_found_in_consulted_sources"",""industry"":""not_found_in_consulted_sources"",""markets_json"":""not_found_in_consulted_sources"",""products_json"":""not_found_in_consulted_sources""}"
org_dd41fdd48abbb792,Altitude/C,altitudec.com,https://www.altitudec.com/en,,,,,"{""domain_status"":""linked_host_not_canonical_ownership_verified"",""identity_status"":""display_name_not_legal_entity_verified""}","{""description"":""not_found_in_consulted_sources"",""industry"":""not_found_in_consulted_sources"",""markets_json"":""not_found_in_consulted_sources"",""products_json"":""not_found_in_consulted_sources""}"
org_e6848cee8f1317af,LWN.net,lwn.net,https://lwn.net,,,,,"{""domain_status"":""linked_host_not_canonical_ownership_verified"",""identity_status"":""display_name_not_legal_entity_verified""}","{""description"":""not_found_in_consulted_sources"",""industry"":""not_found_in_consulted_sources"",""markets_json"":""not_found_in_consulted_sources"",""products_json"":""not_found_in_consulted_sources""}"
org_e461c42c5b63638d,Open Source JobHub,opensourcejobhub.com,https://opensourcejobhub.com,,,,,"{""domain_status"":""linked_host_not_canonical_ownership_verified"",""identity_status"":""display_name_not_legal_entity_verified""}","{""description"":""not_found_in_consulted_sources"",""industry"":""not_found_in_consulted_sources"",""markets_json"":""not_found_in_consulted_sources"",""products_json"":""not_found_in_consulted_sources""}"
org_1122599ca325f7cc,Linux Magazine,linux-magazine.com,https://www.linux-magazine.com,,,,,"{""domain_status"":""linked_host_not_canonical_ownership_verified"",""identity_status"":""display_name_not_legal_entity_verified""}","{""description"":""not_found_in_consulted_sources"",""industry"":""not_found_in_consulted_sources"",""markets_json"":""not_found_in_consulted_sources"",""products_json"":""not_found_in_consulted_sources""}"
org_d1d51d9d49d832dc,Cult.Repo,cultrepo.com,https://www.cultrepo.com/,,,,,"{""domain_status"":""linked_host_not_canonical_ownership_verified"",""identity_status"":""display_name_not_legal_entity_verified""}","{""description"":""not_found_in_consulted_sources"",""industry"":""not_found_in_consulted_sources"",""markets_json"":""not_found_in_consulted_sources"",""products_json"":""not_found_in_consulted_sources""}"
org_4e012a661d688be5,Technical.ly,technical.ly,https://technical.ly/subscribe/?utm_source=mediapartner&utm_medium=mediapartner&utm_campaign=1682conf,,,,,"{""domain_status"":""linked_host_not_canonical_ownership_verified"",""identity_status"":""display_name_not_legal_entity_verified""}","{""description"":""not_found_in_consulted_sources"",""industry"":""not_found_in_consulted_sources"",""markets_json"":""not_found_in_consulted_sources"",""products_json"":""not_found_in_consulted_sources""}"
org_df30a48992da7fe8,All Hands AI,all-hands.dev,https://all-hands.dev,,,,,"{""domain_status"":""linked_host_not_canonical_ownership_verified"",""identity_status"":""display_name_not_legal_entity_verified""}","{""description"":""not_found_in_consulted_sources"",""industry"":""not_found_in_consulted_sources"",""markets_json"":""not_found_in_consulted_sources"",""products_json"":""not_found_in_consulted_sources""}"
org_bb531fb3ff53bfc0,MLJAR,mljar.com,https://mljar.com,,,,,"{""domain_status"":""linked_host_not_canonical_ownership_verified"",""identity_status"":""display_name_not_legal_entity_verified""}","{""description"":""not_found_in_consulted_sources"",""industry"":""not_found_in_consulted_sources"",""markets_json"":""not_found_in_consulted_sources"",""products_json"":""not_found_in_consulted_sources""}"
org_9bb02c2376cbe857,Fabi.ai,fabi.ai,https://www.fabi.ai/?isAgentOpen=false,,,,,"{""domain_status"":""linked_host_not_canonical_ownership_verified"",""identity_status"":""display_name_not_legal_entity_verified""}","{""description"":""not_found_in_consulted_sources"",""industry"":""not_found_in_consulted_sources"",""markets_json"":""not_found_in_consulted_sources"",""products_json"":""not_found_in_consulted_sources""}"
org_bdab02a27f174582,DiffStudio Labs LLC,diffstudio.co,https://diffstudio.co/,,,,,"{""domain_status"":""linked_host_not_canonical_ownership_verified"",""identity_status"":""display_name_not_legal_entity_verified""}","{""description"":""not_found_in_consulted_sources"",""industry"":""not_found_in_consulted_sources"",""markets_json"":""not_found_in_consulted_sources"",""products_json"":""not_found_in_consulted_sources""}"
org_30bfadbaae53434b,Gooey.AI,gooey.ai,https://gooey.ai/,,,,,"{""domain_status"":""linked_host_not_canonical_ownership_verified"",""identity_status"":""display_name_not_legal_entity_verified""}","{""description"":""not_found_in_consulted_sources"",""industry"":""not_found_in_consulted_sources"",""markets_json"":""not_found_in_consulted_sources"",""products_json"":""not_found_in_consulted_sources""}"
org_fc2fdb562fc2c3ab,Ragas,ragas.io,https://www.ragas.io/,,,,,"{""domain_status"":""linked_host_not_canonical_ownership_verified"",""identity_status"":""display_name_not_legal_entity_verified""}","{""description"":""not_found_in_consulted_sources"",""industry"":""not_found_in_consulted_sources"",""markets_json"":""not_found_in_consulted_sources"",""products_json"":""not_found_in_consulted_sources""}"
org_9842013434f2e089,Griptape,griptape.ai,https://griptape.ai/,,,,,"{""domain_status"":""linked_host_not_canonical_ownership_verified"",""identity_status"":""display_name_not_legal_entity_verified""}","{""description"":""not_found_in_consulted_sources"",""industry"":""not_found_in_consulted_sources"",""markets_json"":""not_found_in_consulted_sources"",""products_json"":""not_found_in_consulted_sources""}"
org_eac4ef06e1f85dee,Django Software Foundation,djangoproject.com,https://www.djangoproject.com/foundation/,,,,,"{""domain_status"":""linked_host_not_canonical_ownership_verified"",""identity_status"":""display_name_not_legal_entity_verified""}","{""description"":""not_found_in_consulted_sources"",""industry"":""not_found_in_consulted_sources"",""markets_json"":""not_found_in_consulted_sources"",""products_json"":""not_found_in_consulted_sources""}"
org_97e2e60dd19e6057,Electronic Frontier Foundation,eff.org,https://eff.org,,,,,"{""domain_status"":""linked_host_not_canonical_ownership_verified"",""identity_status"":""display_name_not_legal_entity_verified""}","{""description"":""not_found_in_consulted_sources"",""industry"":""not_found_in_consulted_sources"",""markets_json"":""not_found_in_consulted_sources"",""products_json"":""not_found_in_consulted_sources""}"
org_8a5d10d41874f633,Python Asia Organization,pycon.asia,https://pycon.asia/,,,,,"{""domain_status"":""linked_host_not_canonical_ownership_verified"",""identity_status"":""display_name_not_legal_entity_verified""}","{""description"":""not_found_in_consulted_sources"",""industry"":""not_found_in_consulted_sources"",""markets_json"":""not_found_in_consulted_sources"",""products_json"":""not_found_in_consulted_sources""}"
org_5232b110b3de305c,The Carpentries,carpentries.org,https://carpentries.org/,,,,,"{""domain_status"":""linked_host_not_canonical_ownership_verified"",""identity_status"":""display_name_not_legal_entity_verified""}","{""description"":""not_found_in_consulted_sources"",""industry"":""not_found_in_consulted_sources"",""markets_json"":""not_found_in_consulted_sources"",""products_json"":""not_found_in_consulted_sources""}"
org_6cc54ee64ccd801f,PyBeach,pybeach.org,https://pybeach.org/,,,,,"{""domain_status"":""linked_host_not_canonical_ownership_verified"",""identity_status"":""display_name_not_legal_entity_verified""}","{""description"":""not_found_in_consulted_sources"",""industry"":""not_found_in_consulted_sources"",""markets_json"":""not_found_in_consulted_sources"",""products_json"":""not_found_in_consulted_sources""}"
org_2e5c845a2ddab02c,EuroPython Society,europython-society.org,https://www.europython-society.org/,,,,,"{""domain_status"":""linked_host_not_canonical_ownership_verified"",""identity_status"":""display_name_not_legal_entity_verified""}","{""description"":""not_found_in_consulted_sources"",""industry"":""not_found_in_consulted_sources"",""markets_json"":""not_found_in_consulted_sources"",""products_json"":""not_found_in_consulted_sources""}"
org_f967244e07c8f78c,"Anthropic, PBC",anthropic.com,https://www.anthropic.com/,,,,,"{""domain_status"":""linked_host_not_canonical_ownership_verified"",""identity_status"":""display_name_not_legal_entity_verified""}","{""description"":""not_found_in_consulted_sources"",""industry"":""not_found_in_consulted_sources"",""markets_json"":""not_found_in_consulted_sources"",""products_json"":""not_found_in_consulted_sources""}"
org_9d3508a8484ee252,Vercel,vercel.com,https://vercel.com/,,,,,"{""domain_status"":""linked_host_not_canonical_ownership_verified"",""identity_status"":""display_name_not_legal_entity_verified""}","{""description"":""not_found_in_consulted_sources"",""industry"":""not_found_in_consulted_sources"",""markets_json"":""not_found_in_consulted_sources"",""products_json"":""not_found_in_consulted_sources""}"
org_817bb784ab833599,SerpApi,serpapi.com,http://serpapi.com/?utm_source=pythonorg,,,,,"{""domain_status"":""linked_host_not_canonical_ownership_verified"",""identity_status"":""display_name_not_legal_entity_verified""}","{""description"":""not_found_in_consulted_sources"",""industry"":""not_found_in_consulted_sources"",""markets_json"":""not_found_in_consulted_sources"",""products_json"":""not_found_in_consulted_sources""}"
org_128df13c1e54ffaa,Hex,hex.tech,https://hex.tech/,,,,,"{""domain_status"":""linked_host_not_canonical_ownership_verified"",""identity_status"":""display_name_not_legal_entity_verified""}","{""description"":""not_found_in_consulted_sources"",""industry"":""not_found_in_consulted_sources"",""markets_json"":""not_found_in_consulted_sources"",""products_json"":""not_found_in_consulted_sources""}"
org_6607ead115f73fd8,Kraken Tech,kraken.tech,https://kraken.tech/,,,,,"{""domain_status"":""linked_host_not_canonical_ownership_verified"",""identity_status"":""display_name_not_legal_entity_verified""}","{""description"":""not_found_in_consulted_sources"",""industry"":""not_found_in_consulted_sources"",""markets_json"":""not_found_in_consulted_sources"",""products_json"":""not_found_in_consulted_sources""}"
org_3e9dae7ad8981a38,Manychat,careers.manychat.com,https://careers.manychat.com/,,,,,"{""domain_status"":""linked_host_not_canonical_ownership_verified"",""identity_status"":""display_name_not_legal_entity_verified""}","{""description"":""not_found_in_consulted_sources"",""industry"":""not_found_in_consulted_sources"",""markets_json"":""not_found_in_consulted_sources"",""products_json"":""not_found_in_consulted_sources""}"
org_9eefef2692f3f2ea,Malwarebytes,malwarebytes.com,https://www.malwarebytes.com,,,,,"{""domain_status"":""linked_host_not_canonical_ownership_verified"",""identity_status"":""display_name_not_legal_entity_verified""}","{""description"":""not_found_in_consulted_sources"",""industry"":""not_found_in_consulted_sources"",""markets_json"":""not_found_in_consulted_sources"",""products_json"":""not_found_in_consulted_sources""}"
org_954f775230679543,Apify,apify.com,https://apify.com/,,,,,"{""domain_status"":""linked_host_not_canonical_ownership_verified"",""identity_status"":""display_name_not_legal_entity_verified""}","{""description"":""not_found_in_consulted_sources"",""industry"":""not_found_in_consulted_sources"",""markets_json"":""not_found_in_consulted_sources"",""products_json"":""not_found_in_consulted_sources""}"
org_7e099f39b84ea795,ClickHouse,,,,,,,"{""domain_status"":null,""identity_status"":""display_name_not_legal_entity_verified""}","{""description"":""not_found_in_consulted_sources"",""domain"":""not_found_in_consulted_sources"",""industry"":""not_found_in_consulted_sources"",""markets_json"":""not_found_in_consulted_sources"",""products_json"":""not_found_in_consulted_sources"",""website"":""not_found_in_consulted_sources""}"
org_668b967b349470ea,Jinja.App,jinja.app,https://jinja.app/python-developers,,,,,"{""domain_status"":""linked_host_not_canonical_ownership_verified"",""identity_status"":""display_name_not_legal_entity_verified""}","{""description"":""not_found_in_consulted_sources"",""industry"":""not_found_in_consulted_sources"",""markets_json"":""not_found_in_consulted_sources"",""products_json"":""not_found_in_consulted_sources""}"
org_5478b3411c351e6a,Tower Research Capital,tower-research.com,https://tower-research.com/,,,,,"{""domain_status"":""linked_host_not_canonical_ownership_verified"",""identity_status"":""display_name_not_legal_entity_verified""}","{""description"":""not_found_in_consulted_sources"",""industry"":""not_found_in_consulted_sources"",""markets_json"":""not_found_in_consulted_sources"",""products_json"":""not_found_in_consulted_sources""}"
org_0461dff431b29848,marimo,marimo.io,https://marimo.io/,,,,,"{""domain_status"":""linked_host_not_canonical_ownership_verified"",""identity_status"":""display_name_not_legal_entity_verified""}","{""description"":""not_found_in_consulted_sources"",""industry"":""not_found_in_consulted_sources"",""markets_json"":""not_found_in_consulted_sources"",""products_json"":""not_found_in_consulted_sources""}"
org_71de54d15440755d,pretix,pretix.eu,https://pretix.eu/about/en/company,,,,,"{""domain_status"":""linked_host_not_canonical_ownership_verified"",""identity_status"":""display_name_not_legal_entity_verified""}","{""description"":""not_found_in_consulted_sources"",""industry"":""not_found_in_consulted_sources"",""markets_json"":""not_found_in_consulted_sources"",""products_json"":""not_found_in_consulted_sources""}"
org_7e4f23f210da3289,Zyte,zyte.com,https://www.zyte.com/,,,,,"{""domain_status"":""linked_host_not_canonical_ownership_verified"",""identity_status"":""display_name_not_legal_entity_verified""}","{""description"":""not_found_in_consulted_sources"",""industry"":""not_found_in_consulted_sources"",""markets_json"":""not_found_in_consulted_sources"",""products_json"":""not_found_in_consulted_sources""}"
org_759735aa6421b0de,Minimus,minimus.io,https://www.minimus.io/,,,,,"{""domain_status"":""linked_host_not_canonical_ownership_verified"",""identity_status"":""display_name_not_legal_entity_verified""}","{""description"":""not_found_in_consulted_sources"",""industry"":""not_found_in_consulted_sources"",""markets_json"":""not_found_in_consulted_sources"",""products_json"":""not_found_in_consulted_sources""}"
org_fcc54d5b1690d131,Reflex,reflex.dev,https://reflex.dev/,,,,,"{""domain_status"":""linked_host_not_canonical_ownership_verified"",""identity_status"":""display_name_not_legal_entity_verified""}","{""description"":""not_found_in_consulted_sources"",""industry"":""not_found_in_consulted_sources"",""markets_json"":""not_found_in_consulted_sources"",""products_json"":""not_found_in_consulted_sources""}"
org_eca1050ed1ddba1e,CesiumAstro,cesiumastro.com,https://www.cesiumastro.com/,,,,,"{""domain_status"":""linked_host_not_canonical_ownership_verified"",""identity_status"":""display_name_not_legal_entity_verified""}","{""description"":""not_found_in_consulted_sources"",""industry"":""not_found_in_consulted_sources"",""markets_json"":""not_found_in_consulted_sources"",""products_json"":""not_found_in_consulted_sources""}"
org_b48c6f284eb2807d,Everlaw,everlaw.com,https://www.everlaw.com,,,,,"{""domain_status"":""linked_host_not_canonical_ownership_verified"",""identity_status"":""display_name_not_legal_entity_verified""}","{""description"":""not_found_in_consulted_sources"",""industry"":""not_found_in_consulted_sources"",""markets_json"":""not_found_in_consulted_sources"",""products_json"":""not_found_in_consulted_sources""}"
org_10546d159c0c282e,Lablup Inc.,lablup.com,https://lablup.com,,,,,"{""domain_status"":""linked_host_not_canonical_ownership_verified"",""identity_status"":""display_name_not_legal_entity_verified""}","{""description"":""not_found_in_consulted_sources"",""industry"":""not_found_in_consulted_sources"",""markets_json"":""not_found_in_consulted_sources"",""products_json"":""not_found_in_consulted_sources""}"
org_6e33780019f1c814,Trail of Bits,trailofbits.com,https://www.trailofbits.com/,,,,,"{""domain_status"":""linked_host_not_canonical_ownership_verified"",""identity_status"":""display_name_not_legal_entity_verified""}","{""description"":""not_found_in_consulted_sources"",""industry"":""not_found_in_consulted_sources"",""markets_json"":""not_found_in_consulted_sources"",""products_json"":""not_found_in_consulted_sources""}"
org_1a06b711d3315755,Thrivent,thrivent.com,https://www.thrivent.com/about-us,,,,,"{""domain_status"":""linked_host_not_canonical_ownership_verified"",""identity_status"":""display_name_not_legal_entity_verified""}","{""description"":""not_found_in_consulted_sources"",""industry"":""not_found_in_consulted_sources"",""markets_json"":""not_found_in_consulted_sources"",""products_json"":""not_found_in_consulted_sources""}"
org_6fbb619457f16b0b,Lincoln Loop LLC,lincolnloop.com,https://lincolnloop.com/,,,,,"{""domain_status"":""linked_host_not_canonical_ownership_verified"",""identity_status"":""display_name_not_legal_entity_verified""}","{""description"":""not_found_in_consulted_sources"",""industry"":""not_found_in_consulted_sources"",""markets_json"":""not_found_in_consulted_sources"",""products_json"":""not_found_in_consulted_sources""}"
org_b4fb39ac4e612fcc,Back Market,engineering.backmarket.com,https://engineering.backmarket.com/,,,,,"{""domain_status"":""linked_host_not_canonical_ownership_verified"",""identity_status"":""display_name_not_legal_entity_verified""}","{""description"":""not_found_in_consulted_sources"",""industry"":""not_found_in_consulted_sources"",""markets_json"":""not_found_in_consulted_sources"",""products_json"":""not_found_in_consulted_sources""}"
org_e31a2ce059556b6e,Coursiv,coursiv.io,https://coursiv.io/,,,,,"{""domain_status"":""linked_host_not_canonical_ownership_verified"",""identity_status"":""display_name_not_legal_entity_verified""}","{""description"":""not_found_in_consulted_sources"",""industry"":""not_found_in_consulted_sources"",""markets_json"":""not_found_in_consulted_sources"",""products_json"":""not_found_in_consulted_sources""}"
org_99306e38ab95b661,Entr'ouvert,entrouvert.com,https://www.entrouvert.com/,,,,,"{""domain_status"":""linked_host_not_canonical_ownership_verified"",""identity_status"":""display_name_not_legal_entity_verified""}","{""description"":""not_found_in_consulted_sources"",""industry"":""not_found_in_consulted_sources"",""markets_json"":""not_found_in_consulted_sources"",""products_json"":""not_found_in_consulted_sources""}"
org_4d5b4fe883a0af7a,Isotoma Limited,isotoma.com,https://isotoma.com/,,,,,"{""domain_status"":""linked_host_not_canonical_ownership_verified"",""identity_status"":""display_name_not_legal_entity_verified""}","{""description"":""not_found_in_consulted_sources"",""industry"":""not_found_in_consulted_sources"",""markets_json"":""not_found_in_consulted_sources"",""products_json"":""not_found_in_consulted_sources""}"
org_f849438a5203aa58,Manulife Financial,manulife.ca,https://www.manulife.ca/,,,,,"{""domain_status"":""linked_host_not_canonical_ownership_verified"",""identity_status"":""display_name_not_legal_entity_verified""}","{""description"":""not_found_in_consulted_sources"",""industry"":""not_found_in_consulted_sources"",""markets_json"":""not_found_in_consulted_sources"",""products_json"":""not_found_in_consulted_sources""}"
org_8664591f2d4de0a3,OddBird,oddbird.net,https://www.oddbird.net/,,,,,"{""domain_status"":""linked_host_not_canonical_ownership_verified"",""identity_status"":""display_name_not_legal_entity_verified""}","{""description"":""not_found_in_consulted_sources"",""industry"":""not_found_in_consulted_sources"",""markets_json"":""not_found_in_consulted_sources"",""products_json"":""not_found_in_consulted_sources""}"
org_5727e53d33b0ec65,Privacy Solutions,privacy-solutions.org,https://privacy-solutions.org,,,,,"{""domain_status"":""linked_host_not_canonical_ownership_verified"",""identity_status"":""display_name_not_legal_entity_verified""}","{""description"":""not_found_in_consulted_sources"",""industry"":""not_found_in_consulted_sources"",""markets_json"":""not_found_in_consulted_sources"",""products_json"":""not_found_in_consulted_sources""}"
org_5687ad0cacd393a7,The Letterheads Limited trading as Klim Type Foundry,klim.co.nz,https://klim.co.nz,,,,,"{""domain_status"":""linked_host_not_canonical_ownership_verified"",""identity_status"":""display_name_not_legal_entity_verified""}","{""description"":""not_found_in_consulted_sources"",""industry"":""not_found_in_consulted_sources"",""markets_json"":""not_found_in_consulted_sources"",""products_json"":""not_found_in_consulted_sources""}"
org_ba28f730d5ca29e9,Weehooey Inc.,weehooey.com,https://weehooey.com/,,,,,"{""domain_status"":""linked_host_not_canonical_ownership_verified"",""identity_status"":""display_name_not_legal_entity_verified""}","{""description"":""not_found_in_consulted_sources"",""industry"":""not_found_in_consulted_sources"",""markets_json"":""not_found_in_consulted_sources"",""products_json"":""not_found_in_consulted_sources""}"
org_4ce6a5fc6714bba0,Zentralbibliothek Zürich,zb.uzh.ch,https://www.zb.uzh.ch,,,,,"{""domain_status"":""linked_host_not_canonical_ownership_verified"",""identity_status"":""display_name_not_legal_entity_verified""}","{""description"":""not_found_in_consulted_sources"",""industry"":""not_found_in_consulted_sources"",""markets_json"":""not_found_in_consulted_sources"",""products_json"":""not_found_in_consulted_sources""}"
org_6171b6243aaf7ac8,SentinelOne,sentinelone.com,https://www.sentinelone.com/,,,,,"{""domain_status"":""linked_host_not_canonical_ownership_verified"",""identity_status"":""display_name_not_legal_entity_verified""}","{""description"":""not_found_in_consulted_sources"",""industry"":""not_found_in_consulted_sources"",""markets_json"":""not_found_in_consulted_sources"",""products_json"":""not_found_in_consulted_sources""}"
org_d84c9358fe39ec1f,Arcjet,launch.arcjet.com,https://launch.arcjet.com/9o4rqvi,,,,,"{""domain_status"":""linked_host_not_canonical_ownership_verified"",""identity_status"":""display_name_not_legal_entity_verified""}","{""description"":""not_found_in_consulted_sources"",""industry"":""not_found_in_consulted_sources"",""markets_json"":""not_found_in_consulted_sources"",""products_json"":""not_found_in_consulted_sources""}"
org_e77afd14cc5c11f4,CapiscIO,capisc.io,https://capisc.io,,,,,"{""domain_status"":""linked_host_not_canonical_ownership_verified"",""identity_status"":""display_name_not_legal_entity_verified""}","{""description"":""not_found_in_consulted_sources"",""industry"":""not_found_in_consulted_sources"",""markets_json"":""not_found_in_consulted_sources"",""products_json"":""not_found_in_consulted_sources""}"
org_3cc5d090c95e8a13,Chonkie,chonkie.ai,https://www.chonkie.ai,,,,,"{""domain_status"":""linked_host_not_canonical_ownership_verified"",""identity_status"":""display_name_not_legal_entity_verified""}","{""description"":""not_found_in_consulted_sources"",""industry"":""not_found_in_consulted_sources"",""markets_json"":""not_found_in_consulted_sources"",""products_json"":""not_found_in_consulted_sources""}"
org_1e809a6634e969d3,Tetrix,tetrix.co,https://www.tetrix.co,,,,,"{""domain_status"":""linked_host_not_canonical_ownership_verified"",""identity_status"":""display_name_not_legal_entity_verified""}","{""description"":""not_found_in_consulted_sources"",""industry"":""not_found_in_consulted_sources"",""markets_json"":""not_found_in_consulted_sources"",""products_json"":""not_found_in_consulted_sources""}"
org_10e35a7b919d2fc6,TimeCopilot,timecopilot.dev,https://timecopilot.dev/,,,,,"{""domain_status"":""linked_host_not_canonical_ownership_verified"",""identity_status"":""display_name_not_legal_entity_verified""}","{""description"":""not_found_in_consulted_sources"",""industry"":""not_found_in_consulted_sources"",""markets_json"":""not_found_in_consulted_sources"",""products_json"":""not_found_in_consulted_sources""}"
org_cb06a56e573bc28e,Pixeltable,github.com,https://github.com/pixeltable/pixeltable,,,,,"{""domain_status"":""linked_host_not_canonical_ownership_verified"",""identity_status"":""display_name_not_legal_entity_verified""}","{""description"":""not_found_in_consulted_sources"",""industry"":""not_found_in_consulted_sources"",""markets_json"":""not_found_in_consulted_sources"",""products_json"":""not_found_in_consulted_sources""}"
org_9dd1b67828b57940,SubImage,subimage.io,https://subimage.io,,,,,"{""domain_status"":""linked_host_not_canonical_ownership_verified"",""identity_status"":""display_name_not_legal_entity_verified""}","{""description"":""not_found_in_consulted_sources"",""industry"":""not_found_in_consulted_sources"",""markets_json"":""not_found_in_consulted_sources"",""products_json"":""not_found_in_consulted_sources""}"
org_32668ef549dcf0a2,Skyvern,skyvern.com,https://www.skyvern.com,,,,,"{""domain_status"":""linked_host_not_canonical_ownership_verified"",""identity_status"":""display_name_not_legal_entity_verified""}","{""description"":""not_found_in_consulted_sources"",""industry"":""not_found_in_consulted_sources"",""markets_json"":""not_found_in_consulted_sources"",""products_json"":""not_found_in_consulted_sources""}"
org_ec082bcc67d6beb9,Phemeral,phemeral.dev,https://phemeral.dev/,,,,,"{""domain_status"":""linked_host_not_canonical_ownership_verified"",""identity_status"":""display_name_not_legal_entity_verified""}","{""description"":""not_found_in_consulted_sources"",""industry"":""not_found_in_consulted_sources"",""markets_json"":""not_found_in_consulted_sources"",""products_json"":""not_found_in_consulted_sources""}"
org_f01071a45fd1e86b,PyCon Africa,africa.pycon.org,https://africa.pycon.org/,,,,,"{""domain_status"":""linked_host_not_canonical_ownership_verified"",""identity_status"":""display_name_not_legal_entity_verified""}","{""description"":""not_found_in_consulted_sources"",""industry"":""not_found_in_consulted_sources"",""markets_json"":""not_found_in_consulted_sources"",""products_json"":""not_found_in_consulted_sources""}"
org_bbb2923c9cac3023,SoCal Python,socalpython.org,https://socalpython.org,,,,,"{""domain_status"":""linked_host_not_canonical_ownership_verified"",""identity_status"":""display_name_not_legal_entity_verified""}","{""description"":""not_found_in_consulted_sources"",""industry"":""not_found_in_consulted_sources"",""markets_json"":""not_found_in_consulted_sources"",""products_json"":""not_found_in_consulted_sources""}"
org_a268f2add1af9169,Data Con LA,dataconla.com,https://www.dataconla.com/,,,,,"{""domain_status"":""linked_host_not_canonical_ownership_verified"",""identity_status"":""display_name_not_legal_entity_verified""}","{""description"":""not_found_in_consulted_sources"",""industry"":""not_found_in_consulted_sources"",""markets_json"":""not_found_in_consulted_sources"",""products_json"":""not_found_in_consulted_sources""}"
org_161d8831d4c14b90,Djangonaut Space,djangonaut.space,https://djangonaut.space,,,,,"{""domain_status"":""linked_host_not_canonical_ownership_verified"",""identity_status"":""display_name_not_legal_entity_verified""}","{""description"":""not_found_in_consulted_sources"",""industry"":""not_found_in_consulted_sources"",""markets_json"":""not_found_in_consulted_sources"",""products_json"":""not_found_in_consulted_sources""}"
org_829e9e08689bbbb8,Inland Empire Python Users Group,meetup.com,https://www.meetup.com/iepython/,,,,,"{""domain_status"":""linked_host_not_canonical_ownership_verified"",""identity_status"":""display_name_not_legal_entity_verified""}","{""description"":""not_found_in_consulted_sources"",""industry"":""not_found_in_consulted_sources"",""markets_json"":""not_found_in_consulted_sources"",""products_json"":""not_found_in_consulted_sources""}"
org_35b5771f92252fa3,PyCon Senegambia,pyconsenegambia.org,https://www.pyconsenegambia.org/en,,,,,"{""domain_status"":""linked_host_not_canonical_ownership_verified"",""identity_status"":""display_name_not_legal_entity_verified""}","{""description"":""not_found_in_consulted_sources"",""industry"":""not_found_in_consulted_sources"",""markets_json"":""not_found_in_consulted_sources"",""products_json"":""not_found_in_consulted_sources""}"
org_f469802a31447f90,SCaLE,socallinuxexpo.org,https://socallinuxexpo.org,,,,,"{""domain_status"":""linked_host_not_canonical_ownership_verified"",""identity_status"":""display_name_not_legal_entity_verified""}","{""description"":""not_found_in_consulted_sources"",""industry"":""not_found_in_consulted_sources"",""markets_json"":""not_found_in_consulted_sources"",""products_json"":""not_found_in_consulted_sources""}"
org_7f06d956cefcac29,Python Mozambique Community,,,,,,,"{""domain_status"":null,""identity_status"":""display_name_not_legal_entity_verified""}","{""description"":""not_found_in_consulted_sources"",""domain"":""not_found_in_consulted_sources"",""industry"":""not_found_in_consulted_sources"",""markets_json"":""not_found_in_consulted_sources"",""products_json"":""not_found_in_consulted_sources"",""website"":""not_found_in_consulted_sources""}"
org_2fb64c9a9d8a6495,San Diego Python,sandiegopython.org,https://www.sandiegopython.org/,,,,,"{""domain_status"":""linked_host_not_canonical_ownership_verified"",""identity_status"":""display_name_not_legal_entity_verified""}","{""description"":""not_found_in_consulted_sources"",""industry"":""not_found_in_consulted_sources"",""markets_json"":""not_found_in_consulted_sources"",""products_json"":""not_found_in_consulted_sources""}"
org_8d63423112280698,CARRERA / Safilo,,,,,,,"{""domain_status"":null,""identity_status"":""display_name_not_legal_entity_verified""}","{""description"":""not_found_in_consulted_sources"",""domain"":""not_found_in_consulted_sources"",""industry"":""not_found_in_consulted_sources"",""markets_json"":""not_found_in_consulted_sources"",""products_json"":""not_found_in_consulted_sources"",""website"":""not_found_in_consulted_sources""}"
