role_id,company_id,edition_id,role,tier,status,source_id,extra_json,missing_reasons_json
role_1874b3f5ee5ab763,org_c5482a6f7a14bd76,evt_42591655e3d34587,organizer,,reported,src_9df391d2639fd117,"{""domain"":""buchmesse.de"",""legal_entity"":""Frankfurter Buchmesse GmbH"",""legal_entity_source_url"":""https://www.buchmesse.de/en/imprint"",""name"":""Frankfurter Buchmesse"",""role"":""organizer"",""source_url"":""https://www.buchmesse.de/presse/pressemitteilungen/2021-10-24-73-frankfurter-buchmesse-neustart-der-buchbranche"",""status"":""reported"",""tier"":null}","{""tier"":""not_found_in_consulted_sources""}"
role_07a40628df5a1c5f,org_c5482a6f7a14bd76,evt_26f715d6bddd88e5,organizer,,reported,src_3ca3d5c7529b528f,"{""domain"":""buchmesse.de"",""legal_entity"":""Frankfurter Buchmesse GmbH"",""legal_entity_source_url"":""https://www.buchmesse.de/en/imprint"",""name"":""Frankfurter Buchmesse"",""role"":""organizer"",""source_url"":""https://www.buchmesse.de/chronik"",""status"":""reported"",""tier"":null}","{""tier"":""not_found_in_consulted_sources""}"
role_e172d46ce1687b12,org_c5482a6f7a14bd76,evt_f166e8263b931260,organizer,,reported,src_4cd2862e6eab7bc3,"{""domain"":""buchmesse.de"",""legal_entity"":""Frankfurter Buchmesse GmbH"",""legal_entity_source_url"":""https://www.buchmesse.de/en/imprint"",""name"":""Frankfurter Buchmesse"",""role"":""organizer"",""source_url"":""https://www.buchmesse.de/presse/pressemitteilungen/2023-10-22-fbm23-der-internationale-branchentreff-beweist-seine"",""status"":""reported"",""tier"":null}","{""tier"":""not_found_in_consulted_sources""}"
role_b3c934e5f69c54c2,org_c5482a6f7a14bd76,evt_3f6c66c57cf7196d,organizer,,reported,src_4b857ce1676ddc3f,"{""domain"":""buchmesse.de"",""legal_entity"":""Frankfurter Buchmesse GmbH"",""legal_entity_source_url"":""https://www.buchmesse.de/en/imprint"",""name"":""Frankfurter Buchmesse"",""role"":""organizer"",""source_url"":""https://www.buchmesse.de/presse/pressemitteilungen/2024-10-20-abschluss-pm-2024"",""status"":""reported"",""tier"":null}","{""tier"":""not_found_in_consulted_sources""}"
role_562880f582b22ec9,org_199c7869daa94b94,evt_3f6c66c57cf7196d,program_partner,,reported,src_4b857ce1676ddc3f,"{""domain"":null,""locator"":""Partner in der Programmgestaltung"",""name"":""Amnesty International"",""role"":""program_partner"",""scope"":""Frankfurt Calling"",""source_url"":""https://www.buchmesse.de/presse/pressemitteilungen/2024-10-20-abschluss-pm-2024"",""status"":""reported"",""tier"":null}","{""tier"":""not_found_in_consulted_sources""}"
role_ecf2a8e8e0c41ace,org_da6f0a26fe89870c,evt_3f6c66c57cf7196d,program_partner,,reported,src_4b857ce1676ddc3f,"{""domain"":null,""locator"":""Partner in der Programmgestaltung"",""name"":""CORRECTIV"",""role"":""program_partner"",""scope"":""Frankfurt Calling"",""source_url"":""https://www.buchmesse.de/presse/pressemitteilungen/2024-10-20-abschluss-pm-2024"",""status"":""reported"",""tier"":null}","{""tier"":""not_found_in_consulted_sources""}"
role_7bd043d722845db1,org_0a7cdb3f17461ce7,evt_3f6c66c57cf7196d,program_partner,,reported,src_4b857ce1676ddc3f,"{""domain"":null,""locator"":""Partner in der Programmgestaltung"",""name"":""PEN Berlin"",""role"":""program_partner"",""scope"":""Frankfurt Calling"",""source_url"":""https://www.buchmesse.de/presse/pressemitteilungen/2024-10-20-abschluss-pm-2024"",""status"":""reported"",""tier"":null}","{""tier"":""not_found_in_consulted_sources""}"
role_9a8b81d500aa4a9b,org_c5482a6f7a14bd76,evt_a3ff92ede2c426e6,organizer,,reported,src_fcddee0e747f012d,"{""domain"":""buchmesse.de"",""legal_entity"":""Frankfurter Buchmesse GmbH"",""legal_entity_source_url"":""https://www.buchmesse.de/en/imprint"",""name"":""Frankfurter Buchmesse"",""role"":""organizer"",""source_url"":""https://www.buchmesse.de/presse/pressemitteilungen/2025-10-19-frankfurter-buchmesse-waechst-und-verbindet-die-welt-der"",""status"":""reported"",""tier"":null}","{""tier"":""not_found_in_consulted_sources""}"
role_82d575a150a31e41,org_2b78da3dc866654e,evt_a3ff92ede2c426e6,program_participant,,reported,src_fcddee0e747f012d,"{""domain"":null,""locator"":""Sessions von Spotify und Audible"",""name"":""Spotify"",""notes"":""Sesión de programa; no se afirma pago de sponsorship."",""role"":""program_participant"",""scope"":""Frankfurt Audio"",""source_url"":""https://www.buchmesse.de/presse/pressemitteilungen/2025-10-19-frankfurter-buchmesse-waechst-und-verbindet-die-welt-der"",""status"":""reported"",""tier"":null}","{""tier"":""not_found_in_consulted_sources""}"
role_141b62dfb1c0cd5b,org_961281ce5eace239,evt_a3ff92ede2c426e6,program_participant,,reported,src_fcddee0e747f012d,"{""domain"":null,""locator"":""Sessions von Spotify und Audible"",""name"":""Audible"",""notes"":""Sesión de programa; no se afirma pago de sponsorship."",""role"":""program_participant"",""scope"":""Frankfurt Audio"",""source_url"":""https://www.buchmesse.de/presse/pressemitteilungen/2025-10-19-frankfurter-buchmesse-waechst-und-verbindet-die-welt-der"",""status"":""reported"",""tier"":null}","{""tier"":""not_found_in_consulted_sources""}"
role_84a4f8eccaae07b5,org_c5482a6f7a14bd76,evt_ae94cffcb363bfbb,organizer,,announced,src_23d9024c2436f690,"{""domain"":""buchmesse.de"",""legal_entity"":""Frankfurter Buchmesse GmbH"",""legal_entity_source_url"":""https://www.buchmesse.de/en/imprint"",""name"":""Frankfurter Buchmesse"",""role"":""organizer"",""source_url"":""https://www.buchmesse.de/en"",""status"":""announced"",""tier"":null}","{""tier"":""not_found_in_consulted_sources""}"
role_142533e1954f4a64,org_fe99193e6345e832,evt_537b79cd799b7b5a,organizer,,reported,src_c34e2f2f38dab538,"{""domain"":""festival-cannes.com"",""name"":""Festival de Cannes"",""role"":""organizer"",""source_url"":""https://www.festival-cannes.com/en/press/press-releases/the-screenings-guide-2022/"",""status"":""reported"",""tier"":null}","{""tier"":""not_found_in_consulted_sources""}"
role_97c2020ed4901589,org_a8fa34e52b01d605,evt_537b79cd799b7b5a,media_coproducer,,reported,src_7f8f5835c9e6b941,"{""domain"":null,""name"":""France Télévisions"",""notes"":""FAQ atribuye expresamente intervalo 2022–2026; no es una extrapolación de logos."",""role"":""media_coproducer"",""scope"":""TV Festival / ceremonias"",""source_url"":""https://www.festival-cannes.com/en/faq/"",""status"":""reported"",""tier"":null}","{""tier"":""not_found_in_consulted_sources""}"
role_29a880a0f32cb8b4,org_2b3cf4bd4b04f465,evt_537b79cd799b7b5a,media_coproducer,,reported,src_7f8f5835c9e6b941,"{""domain"":null,""name"":""Brut."",""notes"":""FAQ atribuye expresamente intervalo 2022–2026; no es una extrapolación de logos."",""role"":""media_coproducer"",""scope"":""TV Festival / ceremonias"",""source_url"":""https://www.festival-cannes.com/en/faq/"",""status"":""reported"",""tier"":null}","{""tier"":""not_found_in_consulted_sources""}"
role_8bd94d501f933061,org_27df9ed9a477af0f,evt_537b79cd799b7b5a,official_automotive_partner,,reported,src_71498cf72b899179,"{""domain"":null,""name"":""BMW"",""role"":""official_automotive_partner"",""source_url"":""https://www.festival-cannes.com/en/press/press-releases/after-france-televisions-brut-the-festival-de-cannes-welcomes-bmw-and-campari-on-the-croisette/"",""status"":""reported"",""tier"":null}","{""tier"":""not_found_in_consulted_sources""}"
role_4c247cecf69df4ff,org_6163405c7a834f68,evt_537b79cd799b7b5a,partner,,reported,src_71498cf72b899179,"{""domain"":null,""name"":""Campari"",""role"":""partner"",""source_url"":""https://www.festival-cannes.com/en/press/press-releases/after-france-televisions-brut-the-festival-de-cannes-welcomes-bmw-and-campari-on-the-croisette/"",""status"":""reported"",""tier"":null}","{""tier"":""not_found_in_consulted_sources""}"
role_92a79e0d6d285acd,org_569a0ccecd72cd52,evt_537b79cd799b7b5a,partner,,reported,src_71498cf72b899179,"{""domain"":null,""name"":""Chopard"",""role"":""partner"",""source_url"":""https://www.festival-cannes.com/en/press/press-releases/after-france-televisions-brut-the-festival-de-cannes-welcomes-bmw-and-campari-on-the-croisette/"",""status"":""reported"",""tier"":null}","{""tier"":""not_found_in_consulted_sources""}"
role_7e061095b12b555d,org_a795df5398116c1d,evt_537b79cd799b7b5a,partner,,reported,src_71498cf72b899179,"{""domain"":null,""name"":""L’Oréal Paris"",""role"":""partner"",""source_url"":""https://www.festival-cannes.com/en/press/press-releases/after-france-televisions-brut-the-festival-de-cannes-welcomes-bmw-and-campari-on-the-croisette/"",""status"":""reported"",""tier"":null}","{""tier"":""not_found_in_consulted_sources""}"
role_2a2dca41d0b3fc51,org_fe99193e6345e832,evt_3bde3e1c9c148055,organizer,,reported,src_59dad8e17aea7570,"{""domain"":""festival-cannes.com"",""name"":""Festival de Cannes"",""role"":""organizer"",""source_url"":""https://www.festival-cannes.com/en/press/press-releases/the-76th-edition-of-the-festival-de-cannes-due-to-take-place-from-16-to-27-may-2023/"",""status"":""reported"",""tier"":null}","{""tier"":""not_found_in_consulted_sources""}"
role_49607fa24802351d,org_a8fa34e52b01d605,evt_3bde3e1c9c148055,media_coproducer,,reported,src_7f8f5835c9e6b941,"{""domain"":null,""name"":""France Télévisions"",""notes"":""FAQ atribuye expresamente intervalo 2022–2026; no es una extrapolación de logos."",""role"":""media_coproducer"",""scope"":""TV Festival / ceremonias"",""source_url"":""https://www.festival-cannes.com/en/faq/"",""status"":""reported"",""tier"":null}","{""tier"":""not_found_in_consulted_sources""}"
role_e0588ec8007fcfec,org_2b3cf4bd4b04f465,evt_3bde3e1c9c148055,media_coproducer,,reported,src_7f8f5835c9e6b941,"{""domain"":null,""name"":""Brut."",""notes"":""FAQ atribuye expresamente intervalo 2022–2026; no es una extrapolación de logos."",""role"":""media_coproducer"",""scope"":""TV Festival / ceremonias"",""source_url"":""https://www.festival-cannes.com/en/faq/"",""status"":""reported"",""tier"":null}","{""tier"":""not_found_in_consulted_sources""}"
role_1ab1b771ef097621,org_fe99193e6345e832,evt_1c1e593329e65b57,organizer,,reported,src_e4059929539cdcbf,"{""domain"":""festival-cannes.com"",""name"":""Festival de Cannes"",""role"":""organizer"",""source_url"":""https://www.festival-cannes.com/en/2024/the-screenings-guide-of-the-77th-festival-de-cannes/"",""status"":""reported"",""tier"":null}","{""tier"":""not_found_in_consulted_sources""}"
role_951a97c6c7bdad04,org_a8fa34e52b01d605,evt_1c1e593329e65b57,media_coproducer,,reported,src_7f8f5835c9e6b941,"{""domain"":null,""name"":""France Télévisions"",""notes"":""FAQ atribuye expresamente intervalo 2022–2026; no es una extrapolación de logos."",""role"":""media_coproducer"",""scope"":""TV Festival / ceremonias"",""source_url"":""https://www.festival-cannes.com/en/faq/"",""status"":""reported"",""tier"":null}","{""tier"":""not_found_in_consulted_sources""}"
role_5d868ad17c88261a,org_2b3cf4bd4b04f465,evt_1c1e593329e65b57,media_coproducer,,reported,src_7f8f5835c9e6b941,"{""domain"":null,""name"":""Brut."",""notes"":""FAQ atribuye expresamente intervalo 2022–2026; no es una extrapolación de logos."",""role"":""media_coproducer"",""scope"":""TV Festival / ceremonias"",""source_url"":""https://www.festival-cannes.com/en/faq/"",""status"":""reported"",""tier"":null}","{""tier"":""not_found_in_consulted_sources""}"
role_4e7389f935d71883,org_fe99193e6345e832,evt_3c520dca1ba3c34c,organizer,,reported,src_1999b464e21997cd,"{""domain"":""festival-cannes.com"",""name"":""Festival de Cannes"",""role"":""organizer"",""source_url"":""https://www.festival-cannes.com/en/2024/submission-for-films-for-the-2025-official-selection-is-now-open/"",""status"":""reported"",""tier"":null}","{""tier"":""not_found_in_consulted_sources""}"
role_d7ee6501887a2bdb,org_a8fa34e52b01d605,evt_3c520dca1ba3c34c,media_coproducer,,reported,src_7f8f5835c9e6b941,"{""domain"":null,""name"":""France Télévisions"",""notes"":""FAQ atribuye expresamente intervalo 2022–2026; no es una extrapolación de logos."",""role"":""media_coproducer"",""scope"":""TV Festival / ceremonias"",""source_url"":""https://www.festival-cannes.com/en/faq/"",""status"":""reported"",""tier"":null}","{""tier"":""not_found_in_consulted_sources""}"
role_36599518af20090a,org_2b3cf4bd4b04f465,evt_3c520dca1ba3c34c,media_coproducer,,reported,src_7f8f5835c9e6b941,"{""domain"":null,""name"":""Brut."",""notes"":""FAQ atribuye expresamente intervalo 2022–2026; no es una extrapolación de logos."",""role"":""media_coproducer"",""scope"":""TV Festival / ceremonias"",""source_url"":""https://www.festival-cannes.com/en/faq/"",""status"":""reported"",""tier"":null}","{""tier"":""not_found_in_consulted_sources""}"
role_205f0f8f13a27165,org_fe99193e6345e832,evt_89645498ed7a7288,organizer,,reported,src_1415c5c16fdff55f,"{""domain"":""festival-cannes.com"",""name"":""Festival de Cannes"",""role"":""organizer"",""source_url"":""https://www.festival-cannes.com/en/2026/festival-de-cannes-2026-accreditation-is-now-open/"",""status"":""reported"",""tier"":null}","{""tier"":""not_found_in_consulted_sources""}"
role_c80d5fc10fab2817,org_a8fa34e52b01d605,evt_89645498ed7a7288,media_coproducer,,reported,src_7f8f5835c9e6b941,"{""domain"":null,""name"":""France Télévisions"",""notes"":""FAQ atribuye expresamente intervalo 2022–2026; no es una extrapolación de logos."",""role"":""media_coproducer"",""scope"":""TV Festival / ceremonias"",""source_url"":""https://www.festival-cannes.com/en/faq/"",""status"":""reported"",""tier"":null}","{""tier"":""not_found_in_consulted_sources""}"
role_30ad5b0f4b7c4b33,org_2b3cf4bd4b04f465,evt_89645498ed7a7288,media_coproducer,,reported,src_7f8f5835c9e6b941,"{""domain"":null,""name"":""Brut."",""notes"":""FAQ atribuye expresamente intervalo 2022–2026; no es una extrapolación de logos."",""role"":""media_coproducer"",""scope"":""TV Festival / ceremonias"",""source_url"":""https://www.festival-cannes.com/en/faq/"",""status"":""reported"",""tier"":null}","{""tier"":""not_found_in_consulted_sources""}"
role_1ac4596bf4687d18,org_27df9ed9a477af0f,evt_89645498ed7a7288,official_partner,,reported,src_86ca81a8405c10a9,"{""domain"":""bmw.com"",""name"":""BMW"",""role"":""official_partner"",""source_url"":""https://www.festival-cannes.com/catalogueofficiel/en/61-PARTENAIRES-OFFICIELS-OFFICIAL-PARTNERS.html"",""status"":""reported"",""tier"":null}","{""tier"":""not_found_in_consulted_sources""}"
role_bb675a5a3b015d13,org_7f58ab675ed7b7da,evt_89645498ed7a7288,official_partner,,reported,src_86ca81a8405c10a9,"{""domain"":""angenieux.com"",""name"":""Angénieux"",""role"":""official_partner"",""source_url"":""https://www.festival-cannes.com/catalogueofficiel/en/61-PARTENAIRES-OFFICIELS-OFFICIAL-PARTNERS.html"",""status"":""reported"",""tier"":null}","{""tier"":""not_found_in_consulted_sources""}"
role_a9f8ca108d94036a,org_56dc8c9a7859eb83,evt_89645498ed7a7288,official_supplier,,reported,src_8b2cfb4a9e111db3,"{""domain"":null,""name"":""Campari France"",""role"":""official_supplier"",""source_url"":""https://www.festival-cannes.com/catalogueofficiel/en/99-FOURNISSEURS-OFFICIELS-OFFICIAL-SUPPLIERS.html"",""status"":""reported"",""tier"":null}","{""tier"":""not_found_in_consulted_sources""}"
role_6d33a31da5171e13,org_bce2acf48d6abed2,evt_89645498ed7a7288,official_supplier,,reported,src_8b2cfb4a9e111db3,"{""domain"":""chateaumargui.com"",""name"":""Château Margüi"",""role"":""official_supplier"",""source_url"":""https://www.festival-cannes.com/catalogueofficiel/en/99-FOURNISSEURS-OFFICIELS-OFFICIAL-SUPPLIERS.html"",""status"":""reported"",""tier"":null}","{""tier"":""not_found_in_consulted_sources""}"
role_d47ed46f58093294,org_ea3bd73e2b506e00,evt_89645498ed7a7288,partner,,reported,src_104b14c867f63719,"{""domain"":null,""name"":""Meta"",""role"":""partner"",""scope"":""Distribución y alcance de contenidos"",""source_url"":""https://www.festival-cannes.com/en/press/press-releases/cannes-2026-global-visibility-in-service-of-cinema/"",""status"":""reported"",""tier"":null}","{""tier"":""not_found_in_consulted_sources""}"
role_f4767b2eb3e3abb5,org_fe99193e6345e832,evt_928d9b26ad74b89d,organizer,,announced,src_1b9e8a6ead03ced3,"{""domain"":""festival-cannes.com"",""name"":""Festival de Cannes"",""role"":""organizer"",""source_url"":""https://www.festival-cannes.com/en/"",""status"":""announced"",""tier"":null}","{""tier"":""not_found_in_consulted_sources""}"
role_3c11b35fe232a2bf,org_536ab8b810626357,evt_c078cb6a5cfce95b,organizer,,announced,src_428ea3c8a8bf12ab,"{""domain"":null,""name"":""Polkadot Africa"",""role"":""organizer"",""source_url"":""https://luma.com/n392htif"",""status"":""announced"",""tier"":null}","{""tier"":""not_found_in_consulted_sources""}"
role_f64ed0f5ecf6309d,org_5af29eaa879ff312,evt_0cb6c7d0ff466716,sponsor,,announced,src_8b1eecd3abdb841b,"{""domain"":""aws.amazon.com"",""name"":""AWS Startups"",""role"":""sponsor"",""source_url"":""https://luma.com/epoch"",""status"":""announced"",""tier"":null}","{""tier"":""not_found_in_consulted_sources""}"
role_b874c154de131bb4,org_a221ce93a2c1f14c,evt_0cb6c7d0ff466716,sponsor,,announced,src_8b1eecd3abdb841b,"{""domain"":""tractian.com"",""name"":""Tractian"",""role"":""sponsor"",""source_url"":""https://luma.com/epoch"",""status"":""announced"",""tier"":null}","{""tier"":""not_found_in_consulted_sources""}"
role_e5f35df0324fb75f,org_ed1e3ca26fa3bd9d,evt_0cb6c7d0ff466716,sponsor,,announced,src_8b1eecd3abdb841b,"{""domain"":""valorcapitalgroup.com"",""name"":""Valor Capital"",""role"":""sponsor"",""source_url"":""https://luma.com/epoch"",""status"":""announced"",""tier"":null}","{""tier"":""not_found_in_consulted_sources""}"
role_13bbc0421b796c06,org_18ccf6c9288a445a,evt_0cb6c7d0ff466716,partner,,announced,src_8b1eecd3abdb841b,"{""domain"":null,""name"":""Harvard Brazilian Students and Scholars Association (HBASS)"",""role"":""partner"",""source_url"":""https://luma.com/epoch"",""status"":""announced"",""tier"":null}","{""tier"":""not_found_in_consulted_sources""}"
role_6254e2f8328fd196,org_12c0d48004bfe1c3,evt_c2e6aefe4194efa9,organizer,,announced,src_45d9487cab564c74,"{""domain"":null,""name"":""Stamina"",""role"":""organizer"",""source_url"":""https://luma.com/rw5es9nz?locale=pt"",""status"":""announced"",""tier"":null}","{""tier"":""not_found_in_consulted_sources""}"
role_7f09801f4390a40d,org_1c0b62d48f989c6c,evt_c2e6aefe4194efa9,sponsor,,announced,src_45d9487cab564c74,"{""domain"":null,""name"":""BonifiQ"",""role"":""sponsor"",""source_url"":""https://luma.com/rw5es9nz?locale=pt"",""status"":""announced"",""tier"":null}","{""tier"":""not_found_in_consulted_sources""}"
role_3459ed8f4e564052,org_cfd1d6dd56b1f53e,evt_c2e6aefe4194efa9,sponsor,,announced,src_45d9487cab564c74,"{""domain"":null,""name"":""Comunitive"",""role"":""sponsor"",""source_url"":""https://luma.com/rw5es9nz?locale=pt"",""status"":""announced"",""tier"":null}","{""tier"":""not_found_in_consulted_sources""}"
role_96f2db368863201f,org_728e98c52936b199,evt_c2e6aefe4194efa9,sponsor,,announced,src_45d9487cab564c74,"{""domain"":null,""name"":""GoBots"",""role"":""sponsor"",""source_url"":""https://luma.com/rw5es9nz?locale=pt"",""status"":""announced"",""tier"":null}","{""tier"":""not_found_in_consulted_sources""}"
role_6070c233544bb4f7,org_1b8229a420c448ac,evt_c2e6aefe4194efa9,sponsor,,announced,src_45d9487cab564c74,"{""domain"":null,""name"":""Goomer"",""role"":""sponsor"",""source_url"":""https://luma.com/rw5es9nz?locale=pt"",""status"":""announced"",""tier"":null}","{""tier"":""not_found_in_consulted_sources""}"
role_755e10b39da909b4,org_1965d81fd48e00fe,evt_c2e6aefe4194efa9,sponsor,,announced,src_45d9487cab564c74,"{""domain"":null,""name"":""Inbazz"",""role"":""sponsor"",""source_url"":""https://luma.com/rw5es9nz?locale=pt"",""status"":""announced"",""tier"":null}","{""tier"":""not_found_in_consulted_sources""}"
role_0873207c2f53a0ed,org_9b74c70ca8a8c7c9,evt_c2e6aefe4194efa9,sponsor,,announced,src_45d9487cab564c74,"{""domain"":null,""name"":""Pilar"",""role"":""sponsor"",""source_url"":""https://luma.com/rw5es9nz?locale=pt"",""status"":""announced"",""tier"":null}","{""tier"":""not_found_in_consulted_sources""}"
role_59ecf57418737527,org_e8deed7af6074ebb,evt_c2e6aefe4194efa9,sponsor,,announced,src_45d9487cab564c74,"{""domain"":null,""name"":""Planne"",""role"":""sponsor"",""source_url"":""https://luma.com/rw5es9nz?locale=pt"",""status"":""announced"",""tier"":null}","{""tier"":""not_found_in_consulted_sources""}"
role_12c4989f61aef7cd,org_14425743c6b97d0c,evt_c2e6aefe4194efa9,sponsor,,announced,src_45d9487cab564c74,"{""domain"":null,""name"":""Revi"",""role"":""sponsor"",""source_url"":""https://luma.com/rw5es9nz?locale=pt"",""status"":""announced"",""tier"":null}","{""tier"":""not_found_in_consulted_sources""}"
role_6c079c3d3601f55e,org_e54ea82aaade0001,evt_c2e6aefe4194efa9,partner,,announced,src_45d9487cab564c74,"{""domain"":null,""name"":""Blessy"",""role"":""partner"",""source_url"":""https://luma.com/rw5es9nz?locale=pt"",""status"":""announced"",""tier"":null}","{""tier"":""not_found_in_consulted_sources""}"
role_f343d447801a2bab,org_fae1ccb3d01756f2,evt_c2e6aefe4194efa9,partner,,announced,src_45d9487cab564c74,"{""domain"":null,""name"":""Heroica Natural"",""role"":""partner"",""source_url"":""https://luma.com/rw5es9nz?locale=pt"",""status"":""announced"",""tier"":null}","{""tier"":""not_found_in_consulted_sources""}"
role_8d476daa7d4c6d57,org_dd93b77a05aafddf,evt_c2e6aefe4194efa9,partner,,announced,src_45d9487cab564c74,"{""domain"":null,""name"":""Zissou S.A"",""role"":""partner"",""source_url"":""https://luma.com/rw5es9nz?locale=pt"",""status"":""announced"",""tier"":null}","{""tier"":""not_found_in_consulted_sources""}"
role_fb6e84fd01d8e5d3,org_1ae56317936fad00,evt_368f4c51b8b56af0,organizer,,announced,src_824df2ea58e7c23e,"{""domain"":null,""name"":""Secretaria Municipal de Cultura e Economia Criativa de São Paulo"",""role"":""organizer"",""source_url"":""https://prefeitura.sp.gov.br/web/cultura/w/s%C3%A3o-paulo-recebe-workshop-internacional-aberto-ao-p%C3%BAblico-na-biblioteca-m%C3%A1rio-de-andrade"",""status"":""announced"",""tier"":null}","{""tier"":""not_found_in_consulted_sources""}"
role_3c681df61f6a700a,org_447893bfd37022e7,evt_0589d0e1d567dc8a,organizer,,announced,src_a82c3b73de2356a8,"{""domain"":null,""name"":""National Gallery Singapore"",""role"":""organizer"",""source_url"":""https://www.nationalgallery.sg/sg/en/workshops/Off-World--Painting-Workshop-by-ZERO.html"",""status"":""announced"",""tier"":null}","{""tier"":""not_found_in_consulted_sources""}"
role_92fb4177d2fc04e7,org_c7b9becbf9c41077,evt_1d932cf000a48381,host,,announced,src_9484ede08fca8274,"{""domain"":""cccb.org"",""name"":""Centre de Cultura Contemporània de Barcelona"",""role"":""host"",""source_url"":""https://www.cccb.org/es/w/actividades/taller-en-el-cccb-barcelona"",""status"":""announced"",""tier"":null}","{""tier"":""not_found_in_consulted_sources""}"
role_b892ad5f54ac0e91,org_c7b9becbf9c41077,evt_b22864bf40fe3288,host,,announced,src_2c6e0ea38ce82045,"{""domain"":""cccb.org"",""name"":""Centre de Cultura Contemporània de Barcelona"",""role"":""host"",""source_url"":""https://www.cccb.org/es/w/actividades/el-siglo-xviii"",""status"":""announced"",""tier"":null}","{""tier"":""not_found_in_consulted_sources""}"
role_cccb70118b52d6ce,org_d193da357ea64780,evt_b22864bf40fe3288,organizer,,announced,src_2c6e0ea38ce82045,"{""domain"":""instituthumanitats.org"",""name"":""Institut d'Humanitats"",""role"":""organizer"",""source_url"":""https://www.cccb.org/es/w/actividades/el-siglo-xviii"",""status"":""announced"",""tier"":null}","{""tier"":""not_found_in_consulted_sources""}"
role_7c082685c91ad5f1,org_c7b9becbf9c41077,evt_a4d1aadbf77df432,host,,announced,src_01a0254bee3d60f9,"{""domain"":""cccb.org"",""name"":""Centre de Cultura Contemporània de Barcelona"",""role"":""host"",""source_url"":""https://www.cccb.org/es/w/actividades/la-divina-comedia-iii-paraiso"",""status"":""announced"",""tier"":null}","{""tier"":""not_found_in_consulted_sources""}"
role_257923feea9bf1a3,org_d193da357ea64780,evt_a4d1aadbf77df432,organizer,,announced,src_01a0254bee3d60f9,"{""domain"":""instituthumanitats.org"",""name"":""Institut d'Humanitats"",""role"":""organizer"",""source_url"":""https://www.cccb.org/es/w/actividades/la-divina-comedia-iii-paraiso"",""status"":""announced"",""tier"":null}","{""tier"":""not_found_in_consulted_sources""}"
role_8b9e2ce1c53de46d,org_c7b9becbf9c41077,evt_ecb00c62c32b35b5,host,,announced,src_1984bb6e239f5faf,"{""domain"":""cccb.org"",""name"":""Centre de Cultura Contemporània de Barcelona"",""role"":""host"",""source_url"":""https://www.cccb.org/es/w/actividades/leviatan-de-thomas-hobbes"",""status"":""announced"",""tier"":null}","{""tier"":""not_found_in_consulted_sources""}"
role_4879e36ccd07b071,org_d193da357ea64780,evt_ecb00c62c32b35b5,organizer,,announced,src_1984bb6e239f5faf,"{""domain"":""instituthumanitats.org"",""name"":""Institut d'Humanitats"",""role"":""organizer"",""source_url"":""https://www.cccb.org/es/w/actividades/leviatan-de-thomas-hobbes"",""status"":""announced"",""tier"":null}","{""tier"":""not_found_in_consulted_sources""}"
role_e1ffc2a445d7dfb4,org_eb795cb6c653b04d,evt_a3e852b24f4952fb,organizer,,announced,src_05ea1a4f87db45c8,"{""domain"":null,""name"":""Sanlam Cape Town Marathon"",""role"":""organizer"",""source_url"":""https://capetownmarathon.com/cancellation-timeline-of-the-2025-sanlam-cape-town-marathon/"",""status"":""announced"",""tier"":null}","{""tier"":""not_found_in_consulted_sources""}"
role_ebc05dc4b89445a2,org_3598a879f2ea6e99,evt_a3e852b24f4952fb,sponsor,title,reported,src_05ea1a4f87db45c8,"{""domain"":null,""name"":""Sanlam"",""role"":""sponsor"",""source_url"":""https://capetownmarathon.com/cancellation-timeline-of-the-2025-sanlam-cape-town-marathon/"",""status"":""reported"",""tier"":""title""}",{}
role_7b8216341a501310,org_3598a879f2ea6e99,evt_1cd1637de3a2db91,sponsor,title,reported,src_e52494567c98a526,"{""contract_scope"":""Renovación anunciada hasta 2030; no prueba desembolso ni resultado por edición."",""domain"":null,""name"":""Sanlam"",""role"":""sponsor"",""source_url"":""https://capetownmarathon.com/sanlam-renews-title-sponsorship/"",""status"":""reported"",""tier"":""title""}",{}
role_b773dd52d1473afe,org_e203120a667bd3ea,evt_1cd1637de3a2db91,organizer,,reported,src_e52494567c98a526,"{""domain"":null,""name"":""Faces"",""role"":""organizer"",""source_url"":""https://capetownmarathon.com/sanlam-renews-title-sponsorship/"",""status"":""reported"",""tier"":null}","{""tier"":""not_found_in_consulted_sources""}"
role_7a98eb1267467b20,org_3598a879f2ea6e99,evt_9e6150dee728fe68,sponsor,title,announced,src_e52494567c98a526,"{""contract_scope"":""Renovación anunciada hasta 2030; no prueba desembolso ni resultado por edición."",""domain"":null,""name"":""Sanlam"",""role"":""sponsor"",""source_url"":""https://capetownmarathon.com/sanlam-renews-title-sponsorship/"",""status"":""announced"",""tier"":""title""}",{}
role_e89dc710c6928e80,org_e203120a667bd3ea,evt_9e6150dee728fe68,organizer,,announced,src_e52494567c98a526,"{""domain"":null,""name"":""Faces"",""role"":""organizer"",""source_url"":""https://capetownmarathon.com/sanlam-renews-title-sponsorship/"",""status"":""announced"",""tier"":null}","{""tier"":""not_found_in_consulted_sources""}"
role_6c0c5c81a2c098af,org_281cff70960d1288,evt_f06ed998fe0d915c,organizer,,announced,src_0ccd82271b8f4a8f,"{""domain"":""alliancefr.org"",""name"":""Alliance française de Paris"",""role"":""organizer"",""source_url"":""https://www.alliancefr.org/event/cine-club-pierrot-le-fou-20-01-2022-20-01-2022-272/register"",""status"":""announced"",""tier"":null}","{""tier"":""not_found_in_consulted_sources""}"
role_11c2bb7d4ec0968e,org_281cff70960d1288,evt_11d7f1aa6ff2059c,organizer,,announced,src_f5fb805989fbd1c2,"{""domain"":""alliancefr.org"",""name"":""Alliance française de Paris"",""role"":""organizer"",""source_url"":""https://www.alliancefr.org/event/rencontre-litteraire-en-francais-dans-le-texte-lilia-hassaine-27-01-2022-27-01-2022-273/register"",""status"":""announced"",""tier"":null}","{""tier"":""not_found_in_consulted_sources""}"
role_0b79f765165010cf,org_281cff70960d1288,evt_93046f8a82d552c7,organizer,,announced,src_44803fb30e78619b,"{""domain"":""alliancefr.org"",""name"":""Alliance française de Paris"",""role"":""organizer"",""source_url"":""https://www.alliancefr.org/event/alliance-cafe-bienvenue-a-paris-03-02-2022-03-02-2022-941/register"",""status"":""announced"",""tier"":null}","{""tier"":""not_found_in_consulted_sources""}"
role_45c460cc78b31559,org_11aad178a1eee26d,evt_db17b3f949710748,organizer,,announced,src_4bd3767dc187ae9b,"{""domain"":""hst.mit.edu"",""name"":""Harvard-MIT Health Sciences and Technology"",""role"":""organizer"",""source_url"":""https://hst.mit.edu/news-events/twihst/volume-24-number-32"",""status"":""announced"",""tier"":null}","{""tier"":""not_found_in_consulted_sources""}"
role_53df55f701a832da,org_cdd21bb1a4ded17d,evt_be65aac73906f0c8,organizer,,announced,src_4bd3767dc187ae9b,"{""domain"":""tll.mit.edu"",""name"":""MIT Teaching + Learning Lab"",""role"":""organizer"",""source_url"":""https://hst.mit.edu/news-events/twihst/volume-24-number-32"",""status"":""announced"",""tier"":null}","{""tier"":""not_found_in_consulted_sources""}"
role_d24ad9d7e60d95c4,org_61e43daf4530b469,evt_b7ba26b3823a131c,organizer,,announced,src_4bd3767dc187ae9b,"{""domain"":""ki.mit.edu"",""name"":""Koch Institute for Integrative Cancer Research at MIT"",""role"":""organizer"",""source_url"":""https://hst.mit.edu/news-events/twihst/volume-24-number-32"",""status"":""announced"",""tier"":null}","{""tier"":""not_found_in_consulted_sources""}"
role_04a91494299083dd,org_8ced31a360c315ba,evt_43ca644578f899b3,sponsor,,announced,src_489edf7babf8d40b,"{""domain"":""gsc.mit.edu"",""name"":""MIT Graduate Student Council"",""role"":""sponsor"",""source_url"":""https://calendar.mit.edu/event/patent_law_essentials_what_scientists_engineers_entrepreneurs_need_to_know_1544"",""status"":""announced"",""tier"":null}","{""tier"":""not_found_in_consulted_sources""}"
role_087bf805d3e954a5,org_887a8dd6d0c3e0c8,evt_07e3a7d5ae9630e6,organizer,,announced,src_35104009f6b928d4,"{""domain"":""redfoot.productions"",""name"":""REDFOOT Productions"",""role"":""organizer"",""source_url"":""https://www.redfoot.productions/events"",""status"":""announced"",""tier"":null}","{""tier"":""not_found_in_consulted_sources""}"
role_064d5c25fd946118,org_a7e54c9118dea451,evt_e87a4888a41331bd,organizer,,announced,src_a4893c3147c8fd7e,"{""domain"":""whartonclubncr.org"",""name"":""Wharton Club of the National Capital Region"",""role"":""organizer"",""source_url"":""https://www.whartonclubncr.org/pub_outside_penn_20230727"",""status"":""announced"",""tier"":null}","{""tier"":""not_found_in_consulted_sources""}"
role_dd8489eed39dc632,org_1b9687b43fbb328f,evt_3c489ff25ffaa1e2,host,,announced,src_b25ccbc91f956ec9,"{""domain"":""st-aug.edu"",""name"":""Saint Augustine's University"",""role"":""host"",""source_url"":""https://www.st-aug.edu/event/student-entrepreneurship-passport-program-business-plans-and-the-wonders-of-ai/"",""status"":""announced"",""tier"":null}","{""tier"":""not_found_in_consulted_sources""}"
role_45e628e502b3bce6,org_778b5d2472f3baff,evt_096b6bfc996e453a,organizer,,announced,src_941f3a7a585fcc8e,"{""domain"":""circular-library.com"",""name"":""Circular Library"",""role"":""organizer"",""source_url"":""https://circular-library.com/blogs/news/diy-upcycling-workshop"",""status"":""announced"",""tier"":null}","{""tier"":""not_found_in_consulted_sources""}"
role_6f07e09cb1bd8f23,org_35d7a0ca565fcc81,evt_096b6bfc996e453a,partner,,announced,src_941f3a7a585fcc8e,"{""domain"":null,""name"":""The Laughing Geisha"",""role"":""partner"",""source_url"":""https://circular-library.com/blogs/news/diy-upcycling-workshop"",""status"":""announced"",""tier"":null}","{""tier"":""not_found_in_consulted_sources""}"
role_5f5fdc03444d3d75,org_778b5d2472f3baff,evt_6fcffac1537250da,organizer,,announced,src_941f3a7a585fcc8e,"{""domain"":""circular-library.com"",""name"":""Circular Library"",""role"":""organizer"",""source_url"":""https://circular-library.com/blogs/news/diy-upcycling-workshop"",""status"":""announced"",""tier"":null}","{""tier"":""not_found_in_consulted_sources""}"
role_03e938e05a34bc5e,org_35d7a0ca565fcc81,evt_6fcffac1537250da,partner,,announced,src_941f3a7a585fcc8e,"{""domain"":null,""name"":""The Laughing Geisha"",""role"":""partner"",""source_url"":""https://circular-library.com/blogs/news/diy-upcycling-workshop"",""status"":""announced"",""tier"":null}","{""tier"":""not_found_in_consulted_sources""}"
role_7d183fca8a1cd426,org_16f122f5afdc608b,evt_67222706ad0bf68e,organizer,,announced,src_2905bc9fd949e366,"{""domain"":""theverseverse.com"",""name"":""theVERSEverse"",""role"":""organizer"",""source_url"":""https://tezos.com/media-center/2025/howl-camera/"",""status"":""announced"",""tier"":null}","{""tier"":""not_found_in_consulted_sources""}"
role_4e356f1713630fcf,org_56cbe238e881a79e,evt_67222706ad0bf68e,host,,announced,src_2905bc9fd949e366,"{""domain"":""faheykleingallery.com"",""name"":""Fahey/Klein Gallery"",""role"":""host"",""source_url"":""https://tezos.com/media-center/2025/howl-camera/"",""status"":""announced"",""tier"":null}","{""tier"":""not_found_in_consulted_sources""}"
role_8f30e40973837e6e,org_7e6bc3eb4e784d57,evt_40ad8a1ac99418ac,organizer,,reported,src_cc8bdd6e528a8f0f,"{""domain"":""acmi.net.au"",""name"":""ACMI"",""role"":""organizer"",""source_url"":""https://www.acmi.net.au/education/projects-partnerships/"",""status"":""reported"",""tier"":null}","{""tier"":""not_found_in_consulted_sources""}"
role_da65892be0102d97,org_7e6bc3eb4e784d57,evt_3403f18c48759070,organizer,,reported,src_138fa60f9d7ea4fe,"{""domain"":""acmi.net.au"",""name"":""ACMI"",""role"":""organizer"",""source_url"":""https://www.acmi.net.au/education/projects-partnerships/lgbtqia-young-filmmakers/"",""status"":""reported"",""tier"":null}","{""tier"":""not_found_in_consulted_sources""}"
role_cc79f3ca7aea6ca2,org_7e6bc3eb4e784d57,evt_69cc8c478f3dde8d,organizer,,announced,src_138fa60f9d7ea4fe,"{""domain"":""acmi.net.au"",""name"":""ACMI"",""role"":""organizer"",""source_url"":""https://www.acmi.net.au/education/projects-partnerships/lgbtqia-young-filmmakers/"",""status"":""announced"",""tier"":null}","{""tier"":""not_found_in_consulted_sources""}"
role_aac744207f9b0cc1,org_b03b74898cd9b6df,evt_a5f95984d0a3b3cf,host,,reported,src_1ef6dcb4a983d5ad,"{""domain"":null,""name"":""Fed Square"",""role"":""host"",""source_url"":""https://www.acmi.net.au/education/projects-partnerships/we-will-slam-you/"",""status"":""reported"",""tier"":null}","{""tier"":""not_found_in_consulted_sources""}"
role_f282add34d438ba2,org_7e6bc3eb4e784d57,evt_a5f95984d0a3b3cf,partner,,reported,src_1ef6dcb4a983d5ad,"{""domain"":""acmi.net.au"",""name"":""ACMI"",""role"":""partner"",""source_url"":""https://www.acmi.net.au/education/projects-partnerships/we-will-slam-you/"",""status"":""reported"",""tier"":null}","{""tier"":""not_found_in_consulted_sources""}"
role_664809da966bf111,org_8f7c1d27d17c6aa4,evt_a5f95984d0a3b3cf,partner,,reported,src_1ef6dcb4a983d5ad,"{""domain"":null,""name"":""Arts Projects Australia"",""role"":""partner"",""source_url"":""https://www.acmi.net.au/education/projects-partnerships/we-will-slam-you/"",""status"":""reported"",""tier"":null}","{""tier"":""not_found_in_consulted_sources""}"
role_3863236b695d945d,org_53f8a65443d46d95,evt_a5f95984d0a3b3cf,partner,,reported,src_1ef6dcb4a983d5ad,"{""domain"":null,""name"":""Naomi Milgrom Foundation"",""role"":""partner"",""source_url"":""https://www.acmi.net.au/education/projects-partnerships/we-will-slam-you/"",""status"":""reported"",""tier"":null}","{""tier"":""not_found_in_consulted_sources""}"
role_1600cdbf95ca19e6,org_7e6bc3eb4e784d57,evt_0d53153aa7d0b70d,organizer,,reported,src_98b1ed7abbea556b,"{""domain"":""acmi.net.au"",""name"":""ACMI"",""role"":""organizer"",""source_url"":""https://www.acmi.net.au/education/projects-partnerships/ai-hackathon/"",""status"":""reported"",""tier"":null}","{""tier"":""not_found_in_consulted_sources""}"
role_758f9a73f70d04cb,org_7e6bc3eb4e784d57,evt_43e6402d85757762,organizer,,announced,src_98b1ed7abbea556b,"{""domain"":""acmi.net.au"",""name"":""ACMI"",""role"":""organizer"",""source_url"":""https://www.acmi.net.au/education/projects-partnerships/ai-hackathon/"",""status"":""announced"",""tier"":null}","{""tier"":""not_found_in_consulted_sources""}"
role_c8c5839d3bd7f58f,org_eb795cb6c653b04d,evt_b10d7b624fc3d5dc,organizer,,announced,src_79e817c41d230299,"{""domain"":""capetownmarathon.com"",""name"":""Sanlam Cape Town Marathon"",""role"":""organizer"",""source_url"":""https://capetownmarathon.com/sanlam-cape-town-marathon-marks-return-to-mass-participation-events/"",""status"":""announced"",""tier"":null}","{""tier"":""not_found_in_consulted_sources""}"
role_0c783089e5b1edf9,org_3598a879f2ea6e99,evt_b10d7b624fc3d5dc,sponsor,title,reported,src_be561bf293635cd2,"{""domain"":""sanlam.com"",""name"":""Sanlam"",""role"":""sponsor"",""source_url"":""https://capetownmarathon.com/history-of-the-sanlam-cape-town-marathon/"",""status"":""reported"",""tier"":""title""}",{}
role_fb66ef674ccda7fc,org_eb795cb6c653b04d,evt_85cedced82b14b2f,organizer,,announced,src_b8dc91bb87629b21,"{""domain"":""capetownmarathon.com"",""name"":""Sanlam Cape Town Marathon"",""role"":""organizer"",""source_url"":""https://capetownmarathon.com/sanlam-cape-town-marathons-revised-route-gets-go-ahead/"",""status"":""announced"",""tier"":null}","{""tier"":""not_found_in_consulted_sources""}"
role_49faadcb0933bcb4,org_3598a879f2ea6e99,evt_85cedced82b14b2f,sponsor,title,announced,src_b8dc91bb87629b21,"{""domain"":""sanlam.com"",""name"":""Sanlam"",""role"":""sponsor"",""source_url"":""https://capetownmarathon.com/sanlam-cape-town-marathons-revised-route-gets-go-ahead/"",""status"":""announced"",""tier"":""title""}",{}
role_3d98d9bb063f34ee,org_08bb42a30ca57f34,evt_85cedced82b14b2f,sponsor,technical,announced,src_b8dc91bb87629b21,"{""domain"":""adidas.com"",""name"":""adidas"",""role"":""sponsor"",""source_url"":""https://capetownmarathon.com/sanlam-cape-town-marathons-revised-route-gets-go-ahead/"",""status"":""announced"",""tier"":""technical""}",{}
role_1d3303dc8556383b,org_36a13dbecd9b174d,evt_85cedced82b14b2f,partner,,announced,src_b8dc91bb87629b21,"{""domain"":null,""name"":""City of Cape Town"",""role"":""partner"",""source_url"":""https://capetownmarathon.com/sanlam-cape-town-marathons-revised-route-gets-go-ahead/"",""status"":""announced"",""tier"":null}","{""tier"":""not_found_in_consulted_sources""}"
role_333d53bd4c77108e,org_eb795cb6c653b04d,evt_7fafff6076c4c679,organizer,,reported,src_3d2ed13e43dcb327,"{""domain"":""capetownmarathon.com"",""name"":""Sanlam Cape Town Marathon"",""role"":""organizer"",""source_url"":""https://capetownmarathon.com/schipper-and-rainbow-cooper-victorious-in-sanlam-cape-town-marathon-wheelchair-races/"",""status"":""reported"",""tier"":null}","{""tier"":""not_found_in_consulted_sources""}"
role_56c9439cee54db64,org_eb795cb6c653b04d,evt_b0c6e05d325163d2,organizer,,reported,src_23867c841c6871d9,"{""domain"":""capetownmarathon.com"",""name"":""Sanlam Cape Town Marathon"",""role"":""organizer"",""source_url"":""https://capetownmarathon.com/glenrose-xaba-shatters-records/"",""status"":""reported"",""tier"":null}","{""tier"":""not_found_in_consulted_sources""}"
role_c14cf3518c9e49af,org_3598a879f2ea6e99,evt_b0c6e05d325163d2,sponsor,title,reported,src_be561bf293635cd2,"{""domain"":""sanlam.com"",""name"":""Sanlam"",""role"":""sponsor"",""source_url"":""https://capetownmarathon.com/history-of-the-sanlam-cape-town-marathon/"",""status"":""reported"",""tier"":""title""}",{}
role_67c516e260678430,org_fa5bce4e8b8ebe2c,evt_9ccb4e5afc58d963,organizer,,reported,src_b64c9533a7414c0c,"{""domain"":""buenosaires.gob.ar"",""name"":""Gobierno de la Ciudad Autónoma de Buenos Aires"",""role"":""organizer"",""source_url"":""https://buenosaires.gob.ar/semanadelarte/semana-del-arte-2021"",""status"":""reported"",""tier"":null}","{""tier"":""not_found_in_consulted_sources""}"
role_e91bead5444ebebf,org_7a5bb7f1554e71c8,evt_d8978ad15e6467ac,organizer,,announced,src_0cfff74941d71d2c,"{""domain"":""redquincho.ar"",""name"":""Red Quincho"",""role"":""organizer"",""source_url"":""https://buenosaires.gob.ar/sites/default/files/media/document/2022/08/17/694513bc7addb3de09142fe05a5f2d1783002955.pdf"",""status"":""announced"",""tier"":null}","{""tier"":""not_found_in_consulted_sources""}"
role_e68db7c19e9c2e9c,org_7a5bb7f1554e71c8,evt_238c590059068dfc,organizer,,announced,src_0cfff74941d71d2c,"{""domain"":""redquincho.ar"",""name"":""Red Quincho"",""role"":""organizer"",""source_url"":""https://buenosaires.gob.ar/sites/default/files/media/document/2022/08/17/694513bc7addb3de09142fe05a5f2d1783002955.pdf"",""status"":""announced"",""tier"":null}","{""tier"":""not_found_in_consulted_sources""}"
role_29a0ae891e4261b8,org_447893bfd37022e7,evt_d016107b86ad15fa,organizer,,announced,src_1130acc33a386197,"{""domain"":""nationalgallery.sg"",""name"":""National Gallery Singapore"",""role"":""organizer"",""source_url"":""https://www.nationalgallery.sg/sg/en/festivals/Slow-Saturday/Sunset-Yoga-and-Sound-Bath.html"",""status"":""announced"",""tier"":null}","{""tier"":""not_found_in_consulted_sources""}"
role_a4612540875a9f08,org_c0011e50b6f4b413,evt_d016107b86ad15fa,partner,,announced,src_1130acc33a386197,"{""domain"":null,""name"":""Moom Health"",""role"":""partner"",""source_url"":""https://www.nationalgallery.sg/sg/en/festivals/Slow-Saturday/Sunset-Yoga-and-Sound-Bath.html"",""status"":""announced"",""tier"":null}","{""tier"":""not_found_in_consulted_sources""}"
role_19f27ae272f7ea2d,org_84b7d693943bbb1c,evt_86ccff2abc06f79c,organizer,,announced,src_ce817c34de050404,"{""domain"":""ccelima.aecid.es"",""name"":""CCE Lima"",""role"":""organizer"",""source_url"":""https://ccelima.aecid.es/-/ecodoc-taller-de-documentales"",""status"":""announced"",""tier"":null}","{""tier"":""not_found_in_consulted_sources""}"
role_40b252bc40b66cab,org_8440098f1ec699d8,evt_86ccff2abc06f79c,organizer,,announced,src_ce817c34de050404,"{""domain"":null,""name"":""EUNIC Perú"",""role"":""organizer"",""source_url"":""https://ccelima.aecid.es/-/ecodoc-taller-de-documentales"",""status"":""announced"",""tier"":null}","{""tier"":""not_found_in_consulted_sources""}"
role_bbf63b4c0d636fad,org_54f94288af6cc957,evt_482ab23213906ea0,organizer,,announced,src_f70ed47bfb8862ce,"{""domain"":""ccetegucigalpa.aecid.es"",""name"":""Centro Cultural de España en Tegucigalpa"",""role"":""organizer"",""source_url"":""https://ccetegucigalpa.aecid.es/-/taller-de-formulaci%C3%B3n-de-proyectos-para-iberescena"",""status"":""announced"",""tier"":null}","{""tier"":""not_found_in_consulted_sources""}"
role_c440efc917d0d32b,org_7beccd6114d8461a,evt_482ab23213906ea0,organizer,,announced,src_f70ed47bfb8862ce,"{""domain"":null,""name"":""Programa ACERCA"",""role"":""organizer"",""source_url"":""https://ccetegucigalpa.aecid.es/-/taller-de-formulaci%C3%B3n-de-proyectos-para-iberescena"",""status"":""announced"",""tier"":null}","{""tier"":""not_found_in_consulted_sources""}"
role_c2331746d28d9cb4,org_a40c9abcd87d6ff4,evt_482ab23213906ea0,organizer,,announced,src_f70ed47bfb8862ce,"{""domain"":null,""name"":""Programa IBERESCENA"",""role"":""organizer"",""source_url"":""https://ccetegucigalpa.aecid.es/-/taller-de-formulaci%C3%B3n-de-proyectos-para-iberescena"",""status"":""announced"",""tier"":null}","{""tier"":""not_found_in_consulted_sources""}"
role_c175d608a5a53c6d,org_f588b536fd44ed12,evt_482ab23213906ea0,organizer,,announced,src_f70ed47bfb8862ce,"{""domain"":null,""name"":""SECAPPH"",""role"":""organizer"",""source_url"":""https://ccetegucigalpa.aecid.es/-/taller-de-formulaci%C3%B3n-de-proyectos-para-iberescena"",""status"":""announced"",""tier"":null}","{""tier"":""not_found_in_consulted_sources""}"
role_0fc860bfea938f2f,org_54f94288af6cc957,evt_33c264941211cfff,organizer,,announced,src_f70ed47bfb8862ce,"{""domain"":""ccetegucigalpa.aecid.es"",""name"":""Centro Cultural de España en Tegucigalpa"",""role"":""organizer"",""source_url"":""https://ccetegucigalpa.aecid.es/-/taller-de-formulaci%C3%B3n-de-proyectos-para-iberescena"",""status"":""announced"",""tier"":null}","{""tier"":""not_found_in_consulted_sources""}"
role_ac0ae4574e97d959,org_7beccd6114d8461a,evt_33c264941211cfff,organizer,,announced,src_f70ed47bfb8862ce,"{""domain"":null,""name"":""Programa ACERCA"",""role"":""organizer"",""source_url"":""https://ccetegucigalpa.aecid.es/-/taller-de-formulaci%C3%B3n-de-proyectos-para-iberescena"",""status"":""announced"",""tier"":null}","{""tier"":""not_found_in_consulted_sources""}"
role_e2b7f25d1c58024a,org_a40c9abcd87d6ff4,evt_33c264941211cfff,organizer,,announced,src_f70ed47bfb8862ce,"{""domain"":null,""name"":""Programa IBERESCENA"",""role"":""organizer"",""source_url"":""https://ccetegucigalpa.aecid.es/-/taller-de-formulaci%C3%B3n-de-proyectos-para-iberescena"",""status"":""announced"",""tier"":null}","{""tier"":""not_found_in_consulted_sources""}"
role_4bed61ba5022bd96,org_f588b536fd44ed12,evt_33c264941211cfff,organizer,,announced,src_f70ed47bfb8862ce,"{""domain"":null,""name"":""SECAPPH"",""role"":""organizer"",""source_url"":""https://ccetegucigalpa.aecid.es/-/taller-de-formulaci%C3%B3n-de-proyectos-para-iberescena"",""status"":""announced"",""tier"":null}","{""tier"":""not_found_in_consulted_sources""}"
role_cafe3f7d9a05cc2f,org_8345b2935716fc5c,evt_4871448a539f5fb0,portfolio_publisher,,listed_by_publisher,src_f402d36a48ea4259,"{""domain"":""messe.de"",""name"":""Deutsche Messe"",""role"":""portfolio_publisher"",""source_url"":""https://www.hannovermesse.de/files/files/001/media/globale-bilder-downloads/presse/auslandsveranstaltungen/industry-logistic-worldwide-flyer.pdf"",""status"":""listed_by_publisher""}","{""tier"":""not_found_in_consulted_sources""}"
role_d3e28a73c44ba854,org_8345b2935716fc5c,evt_6228196d8ad98785,portfolio_publisher,,listed_by_publisher,src_f402d36a48ea4259,"{""domain"":""messe.de"",""name"":""Deutsche Messe"",""role"":""portfolio_publisher"",""source_url"":""https://www.hannovermesse.de/files/files/001/media/globale-bilder-downloads/presse/auslandsveranstaltungen/industry-logistic-worldwide-flyer.pdf"",""status"":""listed_by_publisher""}","{""tier"":""not_found_in_consulted_sources""}"
role_201b8a31d4f5cd29,org_8345b2935716fc5c,evt_e41bc37a43b4420d,portfolio_publisher,,listed_by_publisher,src_f402d36a48ea4259,"{""domain"":""messe.de"",""name"":""Deutsche Messe"",""role"":""portfolio_publisher"",""source_url"":""https://www.hannovermesse.de/files/files/001/media/globale-bilder-downloads/presse/auslandsveranstaltungen/industry-logistic-worldwide-flyer.pdf"",""status"":""listed_by_publisher""}","{""tier"":""not_found_in_consulted_sources""}"
role_93b46a533b54d574,org_8345b2935716fc5c,evt_a335dad57b86fbf5,portfolio_publisher,,listed_by_publisher,src_f402d36a48ea4259,"{""domain"":""messe.de"",""name"":""Deutsche Messe"",""role"":""portfolio_publisher"",""source_url"":""https://www.hannovermesse.de/files/files/001/media/globale-bilder-downloads/presse/auslandsveranstaltungen/industry-logistic-worldwide-flyer.pdf"",""status"":""listed_by_publisher""}","{""tier"":""not_found_in_consulted_sources""}"
role_83f02b01c6fa116c,org_8345b2935716fc5c,evt_f5229c036ed7d706,portfolio_publisher,,listed_by_publisher,src_f402d36a48ea4259,"{""domain"":""messe.de"",""name"":""Deutsche Messe"",""role"":""portfolio_publisher"",""source_url"":""https://www.hannovermesse.de/files/files/001/media/globale-bilder-downloads/presse/auslandsveranstaltungen/industry-logistic-worldwide-flyer.pdf"",""status"":""listed_by_publisher""}","{""tier"":""not_found_in_consulted_sources""}"
role_1fb916057c2ece7e,org_8345b2935716fc5c,evt_14059a01a933c5a3,portfolio_publisher,,listed_by_publisher,src_f402d36a48ea4259,"{""domain"":""messe.de"",""name"":""Deutsche Messe"",""role"":""portfolio_publisher"",""source_url"":""https://www.hannovermesse.de/files/files/001/media/globale-bilder-downloads/presse/auslandsveranstaltungen/industry-logistic-worldwide-flyer.pdf"",""status"":""listed_by_publisher""}","{""tier"":""not_found_in_consulted_sources""}"
role_bdbf2750d72c80e9,org_8345b2935716fc5c,evt_bf31a6d2618ec973,portfolio_publisher,,listed_by_publisher,src_f402d36a48ea4259,"{""domain"":""messe.de"",""name"":""Deutsche Messe"",""role"":""portfolio_publisher"",""source_url"":""https://www.hannovermesse.de/files/files/001/media/globale-bilder-downloads/presse/auslandsveranstaltungen/industry-logistic-worldwide-flyer.pdf"",""status"":""listed_by_publisher""}","{""tier"":""not_found_in_consulted_sources""}"
role_54303d78c75e3822,org_8345b2935716fc5c,evt_9cf09f3a61421893,portfolio_publisher,,listed_by_publisher,src_f402d36a48ea4259,"{""domain"":""messe.de"",""name"":""Deutsche Messe"",""role"":""portfolio_publisher"",""source_url"":""https://www.hannovermesse.de/files/files/001/media/globale-bilder-downloads/presse/auslandsveranstaltungen/industry-logistic-worldwide-flyer.pdf"",""status"":""listed_by_publisher""}","{""tier"":""not_found_in_consulted_sources""}"
role_18fb20710cf91e44,org_8345b2935716fc5c,evt_86c34a5441a9734d,portfolio_publisher,,listed_by_publisher,src_f402d36a48ea4259,"{""domain"":""messe.de"",""name"":""Deutsche Messe"",""role"":""portfolio_publisher"",""source_url"":""https://www.hannovermesse.de/files/files/001/media/globale-bilder-downloads/presse/auslandsveranstaltungen/industry-logistic-worldwide-flyer.pdf"",""status"":""listed_by_publisher""}","{""tier"":""not_found_in_consulted_sources""}"
role_2d70a8d04a3de60a,org_8345b2935716fc5c,evt_1400433405edda61,portfolio_publisher,,listed_by_publisher,src_f402d36a48ea4259,"{""domain"":""messe.de"",""name"":""Deutsche Messe"",""role"":""portfolio_publisher"",""source_url"":""https://www.hannovermesse.de/files/files/001/media/globale-bilder-downloads/presse/auslandsveranstaltungen/industry-logistic-worldwide-flyer.pdf"",""status"":""listed_by_publisher""}","{""tier"":""not_found_in_consulted_sources""}"
role_8b661f19b191b0be,org_8345b2935716fc5c,evt_972df455e0b3f068,portfolio_publisher,,listed_by_publisher,src_f402d36a48ea4259,"{""domain"":""messe.de"",""name"":""Deutsche Messe"",""role"":""portfolio_publisher"",""source_url"":""https://www.hannovermesse.de/files/files/001/media/globale-bilder-downloads/presse/auslandsveranstaltungen/industry-logistic-worldwide-flyer.pdf"",""status"":""listed_by_publisher""}","{""tier"":""not_found_in_consulted_sources""}"
role_a85c05e2644c188d,org_8345b2935716fc5c,evt_1bdcd83d45bdfcef,portfolio_publisher,,listed_by_publisher,src_f402d36a48ea4259,"{""domain"":""messe.de"",""name"":""Deutsche Messe"",""role"":""portfolio_publisher"",""source_url"":""https://www.hannovermesse.de/files/files/001/media/globale-bilder-downloads/presse/auslandsveranstaltungen/industry-logistic-worldwide-flyer.pdf"",""status"":""listed_by_publisher""}","{""tier"":""not_found_in_consulted_sources""}"
role_a83e4ab3c1026093,org_8345b2935716fc5c,evt_658afaa5d4547d12,portfolio_publisher,,listed_by_publisher,src_f402d36a48ea4259,"{""domain"":""messe.de"",""name"":""Deutsche Messe"",""role"":""portfolio_publisher"",""source_url"":""https://www.hannovermesse.de/files/files/001/media/globale-bilder-downloads/presse/auslandsveranstaltungen/industry-logistic-worldwide-flyer.pdf"",""status"":""listed_by_publisher""}","{""tier"":""not_found_in_consulted_sources""}"
role_cfcba2ae2983c220,org_8345b2935716fc5c,evt_077e47bbad9e3ed7,portfolio_publisher,,listed_by_publisher,src_f402d36a48ea4259,"{""domain"":""messe.de"",""name"":""Deutsche Messe"",""role"":""portfolio_publisher"",""source_url"":""https://www.hannovermesse.de/files/files/001/media/globale-bilder-downloads/presse/auslandsveranstaltungen/industry-logistic-worldwide-flyer.pdf"",""status"":""listed_by_publisher""}","{""tier"":""not_found_in_consulted_sources""}"
role_3e59d722d6aa211a,org_8345b2935716fc5c,evt_46e9363c553d3d68,portfolio_publisher,,listed_by_publisher,src_f402d36a48ea4259,"{""domain"":""messe.de"",""name"":""Deutsche Messe"",""role"":""portfolio_publisher"",""source_url"":""https://www.hannovermesse.de/files/files/001/media/globale-bilder-downloads/presse/auslandsveranstaltungen/industry-logistic-worldwide-flyer.pdf"",""status"":""listed_by_publisher""}","{""tier"":""not_found_in_consulted_sources""}"
role_57f2382518c7ff54,org_8345b2935716fc5c,evt_54632c21b0daa275,portfolio_publisher,,listed_by_publisher,src_f402d36a48ea4259,"{""domain"":""messe.de"",""name"":""Deutsche Messe"",""role"":""portfolio_publisher"",""source_url"":""https://www.hannovermesse.de/files/files/001/media/globale-bilder-downloads/presse/auslandsveranstaltungen/industry-logistic-worldwide-flyer.pdf"",""status"":""listed_by_publisher""}","{""tier"":""not_found_in_consulted_sources""}"
role_fed608dd2993114f,org_8345b2935716fc5c,evt_84ae700b0a2e8277,portfolio_publisher,,listed_by_publisher,src_f402d36a48ea4259,"{""domain"":""messe.de"",""name"":""Deutsche Messe"",""role"":""portfolio_publisher"",""source_url"":""https://www.hannovermesse.de/files/files/001/media/globale-bilder-downloads/presse/auslandsveranstaltungen/industry-logistic-worldwide-flyer.pdf"",""status"":""listed_by_publisher""}","{""tier"":""not_found_in_consulted_sources""}"
role_117f050916fe96f2,org_8345b2935716fc5c,evt_e7f62488a5ffe3c3,portfolio_publisher,,listed_by_publisher,src_f402d36a48ea4259,"{""domain"":""messe.de"",""name"":""Deutsche Messe"",""role"":""portfolio_publisher"",""source_url"":""https://www.hannovermesse.de/files/files/001/media/globale-bilder-downloads/presse/auslandsveranstaltungen/industry-logistic-worldwide-flyer.pdf"",""status"":""listed_by_publisher""}","{""tier"":""not_found_in_consulted_sources""}"
role_2369e5a286e43c39,org_8345b2935716fc5c,evt_369b38c5bd632088,portfolio_publisher,,listed_by_publisher,src_f402d36a48ea4259,"{""domain"":""messe.de"",""name"":""Deutsche Messe"",""role"":""portfolio_publisher"",""source_url"":""https://www.hannovermesse.de/files/files/001/media/globale-bilder-downloads/presse/auslandsveranstaltungen/industry-logistic-worldwide-flyer.pdf"",""status"":""listed_by_publisher""}","{""tier"":""not_found_in_consulted_sources""}"
role_2522300dcd7f8fcd,org_8345b2935716fc5c,evt_13f43c19bf8fc644,portfolio_publisher,,listed_by_publisher,src_f402d36a48ea4259,"{""domain"":""messe.de"",""name"":""Deutsche Messe"",""role"":""portfolio_publisher"",""source_url"":""https://www.hannovermesse.de/files/files/001/media/globale-bilder-downloads/presse/auslandsveranstaltungen/industry-logistic-worldwide-flyer.pdf"",""status"":""listed_by_publisher""}","{""tier"":""not_found_in_consulted_sources""}"
role_ab7ae1f5d1cbbe2a,org_8345b2935716fc5c,evt_1156bbc52167727b,portfolio_publisher,,listed_by_publisher,src_f402d36a48ea4259,"{""domain"":""messe.de"",""name"":""Deutsche Messe"",""role"":""portfolio_publisher"",""source_url"":""https://www.hannovermesse.de/files/files/001/media/globale-bilder-downloads/presse/auslandsveranstaltungen/industry-logistic-worldwide-flyer.pdf"",""status"":""listed_by_publisher""}","{""tier"":""not_found_in_consulted_sources""}"
role_4982d4e1b033facb,org_8345b2935716fc5c,evt_eb111a081b035c1d,portfolio_publisher,,listed_by_publisher,src_f402d36a48ea4259,"{""domain"":""messe.de"",""name"":""Deutsche Messe"",""role"":""portfolio_publisher"",""source_url"":""https://www.hannovermesse.de/files/files/001/media/globale-bilder-downloads/presse/auslandsveranstaltungen/industry-logistic-worldwide-flyer.pdf"",""status"":""listed_by_publisher""}","{""tier"":""not_found_in_consulted_sources""}"
role_9ca4c71fddf1fdc1,org_8345b2935716fc5c,evt_752246cf439bf417,portfolio_publisher,,listed_by_publisher,src_f402d36a48ea4259,"{""domain"":""messe.de"",""name"":""Deutsche Messe"",""role"":""portfolio_publisher"",""source_url"":""https://www.hannovermesse.de/files/files/001/media/globale-bilder-downloads/presse/auslandsveranstaltungen/industry-logistic-worldwide-flyer.pdf"",""status"":""listed_by_publisher""}","{""tier"":""not_found_in_consulted_sources""}"
role_75755b1a8e43245f,org_8345b2935716fc5c,evt_513070f1b8e79d7d,portfolio_publisher,,listed_by_publisher,src_f402d36a48ea4259,"{""domain"":""messe.de"",""name"":""Deutsche Messe"",""role"":""portfolio_publisher"",""source_url"":""https://www.hannovermesse.de/files/files/001/media/globale-bilder-downloads/presse/auslandsveranstaltungen/industry-logistic-worldwide-flyer.pdf"",""status"":""listed_by_publisher""}","{""tier"":""not_found_in_consulted_sources""}"
role_599ca3e6d013128c,org_8345b2935716fc5c,evt_17d65786c7a61ea0,portfolio_publisher,,listed_by_publisher,src_f402d36a48ea4259,"{""domain"":""messe.de"",""name"":""Deutsche Messe"",""role"":""portfolio_publisher"",""source_url"":""https://www.hannovermesse.de/files/files/001/media/globale-bilder-downloads/presse/auslandsveranstaltungen/industry-logistic-worldwide-flyer.pdf"",""status"":""listed_by_publisher""}","{""tier"":""not_found_in_consulted_sources""}"
role_ecd37f5ee926a1c8,org_8345b2935716fc5c,evt_41f7c969d8522557,portfolio_publisher,,listed_by_publisher,src_f402d36a48ea4259,"{""domain"":""messe.de"",""name"":""Deutsche Messe"",""role"":""portfolio_publisher"",""source_url"":""https://www.hannovermesse.de/files/files/001/media/globale-bilder-downloads/presse/auslandsveranstaltungen/industry-logistic-worldwide-flyer.pdf"",""status"":""listed_by_publisher""}","{""tier"":""not_found_in_consulted_sources""}"
role_91bbb42ee6e2f6b3,org_8345b2935716fc5c,evt_c86717853fbaa0bb,portfolio_publisher,,listed_by_publisher,src_f402d36a48ea4259,"{""domain"":""messe.de"",""name"":""Deutsche Messe"",""role"":""portfolio_publisher"",""source_url"":""https://www.hannovermesse.de/files/files/001/media/globale-bilder-downloads/presse/auslandsveranstaltungen/industry-logistic-worldwide-flyer.pdf"",""status"":""listed_by_publisher""}","{""tier"":""not_found_in_consulted_sources""}"
role_15a3ceacf5fcdb24,org_8345b2935716fc5c,evt_949bbc13a26eb563,portfolio_publisher,,listed_by_publisher,src_f402d36a48ea4259,"{""domain"":""messe.de"",""name"":""Deutsche Messe"",""role"":""portfolio_publisher"",""source_url"":""https://www.hannovermesse.de/files/files/001/media/globale-bilder-downloads/presse/auslandsveranstaltungen/industry-logistic-worldwide-flyer.pdf"",""status"":""listed_by_publisher""}","{""tier"":""not_found_in_consulted_sources""}"
role_4100d60b76a44b5c,org_8dbb1fe7268af062,evt_21898dbf1363b872,activation_host,,announced,src_ff00773374ceb4b1,"{""domain"":null,""locator"":""Párrafos de Heineken House y fechas de la activación"",""name"":""Heineken"",""notes"":null,""role"":""activation_host"",""source_url"":""https://www.prnewswire.com/news-releases/method-man--redman-to-headline-star-studded-heineken-house-lineup-at-the-coachella-valley-music-and-arts-festival-301780035.html"",""status"":""announced"",""tier"":null}","{""tier"":""not_found_in_consulted_sources""}"
role_edba84962268f424,org_9e334420f8c18aa1,evt_21898dbf1363b872,sponsor,official eyewear partner,announced,src_06982e2d4e4c2477,"{""domain"":null,""locator"":""Primer párrafo: official eyewear partnership"",""name"":""CARRERA"",""notes"":null,""role"":""sponsor"",""source_url"":""https://www.prnewswire.com/news-releases/carrera-signs-on-as-official-eyewear-partner-of-the-2023-coachella-valley-music--arts-festival-301768132.html"",""status"":""announced"",""tier"":""official eyewear partner""}",{}
role_a435ec74702d65a9,org_b45a53c5004c62f9,evt_759f4e16a0895098,sponsor,official vodka partner,announced,src_311ea18834954a5d,"{""domain"":null,""locator"":""ABSOLUT / primer párrafo del comunicado"",""name"":""Absolut"",""notes"":null,""role"":""sponsor"",""source_url"":""https://www.prnewswire.com/news-releases/absolut-kicks-off-festival-season-with-mixing-it-up-cosmos--culture--an-exclusive-series-on-the-latest-trends-from-the-official-vodka-of-coachella-302098638.html"",""status"":""announced"",""tier"":""official vodka partner""}",{}
role_f8130df845659f9a,org_8dbb1fe7268af062,evt_343acf413406c0f7,activation_host,,announced,src_9a47566ff16e2fde,"{""domain"":null,""locator"":""Párrafos de Heineken House y fechas de la activación"",""name"":""Heineken"",""notes"":null,""role"":""activation_host"",""source_url"":""https://www.prnewswire.com/news-releases/pusha-t--afrojack-to-headline-heineken-house-2025-lineup-at-the-coachella-valley-music-and-arts-festival-302391994.html"",""status"":""announced"",""tier"":null}","{""tier"":""not_found_in_consulted_sources""}"
role_88a639e9782a7f6e,org_b45a53c5004c62f9,evt_343acf413406c0f7,sponsor,official vodka partner,reported,src_0f987c466489f8cf,"{""domain"":null,""locator"":""ABSOLUT / primer párrafo del comunicado"",""name"":""Absolut"",""notes"":null,""role"":""sponsor"",""source_url"":""https://www.eventmarketer.com/article/coachella-2025-experiential/"",""status"":""reported"",""tier"":""official vodka partner""}",{}
role_270c88f61655d5fb,org_066b5b5ad80702e1,evt_343acf413406c0f7,activation_host,,reported,src_0f987c466489f8cf,"{""domain"":null,""locator"":""AMERICAN EXPRESS"",""name"":""American Express"",""notes"":null,""role"":""activation_host"",""source_url"":""https://www.eventmarketer.com/article/coachella-2025-experiential/"",""status"":""reported"",""tier"":null}","{""tier"":""not_found_in_consulted_sources""}"
role_b31c2526170af019,org_8acd4f1b6954e4ea,evt_343acf413406c0f7,sponsor,official hydration partner,reported,src_0f987c466489f8cf,"{""domain"":null,""locator"":""ELECTROLIT"",""name"":""Electrolit"",""notes"":null,""role"":""sponsor"",""source_url"":""https://www.eventmarketer.com/article/coachella-2025-experiential/"",""status"":""reported"",""tier"":""official hydration partner""}",{}
role_c7256464b97e652c,org_5b7e6bf2dc4a32a6,evt_343acf413406c0f7,sponsor,official personal care sponsor,reported,src_0f987c466489f8cf,"{""domain"":null,""locator"":""METHOD"",""name"":""Method"",""notes"":null,""role"":""sponsor"",""source_url"":""https://www.eventmarketer.com/article/coachella-2025-experiential/"",""status"":""reported"",""tier"":""official personal care sponsor""}",{}
role_cccb0145be0e360c,org_144eb99255395514,evt_343acf413406c0f7,activation_host,,reported,src_0f987c466489f8cf,"{""domain"":null,""locator"":""JISULIFE"",""name"":""Jisulife"",""notes"":null,""role"":""activation_host"",""source_url"":""https://www.eventmarketer.com/article/coachella-2025-experiential/"",""status"":""reported"",""tier"":null}","{""tier"":""not_found_in_consulted_sources""}"
role_f10c6c6b3e3a9090,org_84133fb8badcd0d1,evt_bceea7bddb93b01d,activation_host,,reported,src_0f987c466489f8cf,"{""domain"":null,""locator"":""818 TEQUILA: 818 Outpost y presented by The h.wood Group"",""name"":""818 Tequila"",""notes"":null,""role"":""activation_host"",""source_url"":""https://www.eventmarketer.com/article/coachella-2025-experiential/"",""status"":""reported"",""tier"":null}","{""tier"":""not_found_in_consulted_sources""}"
role_263828b7a8464262,org_dcf85141936cce30,evt_bceea7bddb93b01d,presenter,,reported,src_0f987c466489f8cf,"{""domain"":null,""locator"":""818 TEQUILA: 818 Outpost y presented by The h.wood Group"",""name"":""The h.wood Group"",""notes"":null,""role"":""presenter"",""source_url"":""https://www.eventmarketer.com/article/coachella-2025-experiential/"",""status"":""reported"",""tier"":null}","{""tier"":""not_found_in_consulted_sources""}"
role_fdfed60d46a57edd,org_46c759e871935f8c,evt_347ceac6d8bd6531,sponsor,worldwide TOP partner,self_reported,src_a443d248ec4ed629,"{""domain"":null,""locator"":""Título y primer párrafo; declaración final de CEO"",""name"":""Panasonic"",""notes"":null,""role"":""sponsor"",""source_url"":""https://news.panasonic.com/global/fr/press/en240910-2"",""status"":""self_reported"",""tier"":""worldwide TOP partner""}",{}
role_97115de6e6161ff2,org_ab7d0a36ecbe10c2,evt_347ceac6d8bd6531,sponsor,worldwide Olympic and Paralympic partner,self_reported,src_5b3aaf225da19b11,"{""domain"":null,""locator"":""Segundo párrafo: partenaire mondial"",""name"":""Airbnb"",""notes"":null,""role"":""sponsor"",""source_url"":""https://news.airbnb.com/fr/paris-2024-27-millions-deuros-investis-dans-le-soutien-a-la-communaute"",""status"":""self_reported"",""tier"":""worldwide Olympic and Paralympic partner""}",{}
role_85e4a426bdb08597,org_46c759e871935f8c,evt_884aefcea84103a6,sponsor,worldwide partner,self_reported,src_a443d248ec4ed629,"{""domain"":null,""locator"":""Título y primer párrafo; declaración final de CEO"",""name"":""Panasonic"",""notes"":null,""role"":""sponsor"",""source_url"":""https://news.panasonic.com/global/fr/press/en240910-2"",""status"":""self_reported"",""tier"":""worldwide partner""}",{}
role_f66003ed73aa6c19,org_ab7d0a36ecbe10c2,evt_884aefcea84103a6,sponsor,worldwide Olympic and Paralympic partner,self_reported,src_5b3aaf225da19b11,"{""domain"":null,""locator"":""Segundo párrafo: partenaire mondial"",""name"":""Airbnb"",""notes"":null,""role"":""sponsor"",""source_url"":""https://news.airbnb.com/fr/paris-2024-27-millions-deuros-investis-dans-le-soutien-a-la-communaute"",""status"":""self_reported"",""tier"":""worldwide Olympic and Paralympic partner""}",{}
role_0190d0abda0fba61,org_46c759e871935f8c,evt_0d891407e0719cd2,exhibitor,,self_reported,src_ecbbb3171e4acf77,"{""domain"":null,""locator"":""Introducción: exhibiting / showcased"",""name"":""Panasonic"",""notes"":null,""role"":""exhibitor"",""source_url"":""https://news.panasonic.com/global/stories/16909"",""status"":""self_reported"",""tier"":null}","{""tier"":""not_found_in_consulted_sources""}"
role_2516dfb87e907068,org_46c759e871935f8c,evt_0d891407e0719cd2,keynote_company,,announced,src_f9849c7b21f9baf4,"{""domain"":null,""locator"":""Opening Keynote"",""name"":""Panasonic"",""notes"":null,""role"":""keynote_company"",""source_url"":""https://news.panasonic.com/global/presskits/ces2025"",""status"":""announced"",""tier"":null}","{""tier"":""not_found_in_consulted_sources""}"
role_c47a67b35f7410a8,org_46c759e871935f8c,evt_f3d0ef12f9fe682a,exhibitor,,self_reported,src_2b0968fbcfb8e2f9,"{""domain"":null,""locator"":""Introducción: exhibiting / showcased"",""name"":""Panasonic"",""notes"":null,""role"":""exhibitor"",""source_url"":""https://news.panasonic.com/global/stories/18277"",""status"":""self_reported"",""tier"":null}","{""tier"":""not_found_in_consulted_sources""}"
role_dfb75cf961ede003,org_8dbb1fe7268af062,evt_10393e173aeae756,sponsor,,self_reported,src_bda16158c0e2de7f,"{""domain"":null,""locator"":""Declaración CMO / entrevista CEO sobre partnership"",""name"":""Heineken"",""notes"":null,""role"":""sponsor"",""source_url"":""https://www.prnewswire.com/news-releases/heineken-0-0-launches-limited-edition-l0vel0ve-cans-in-celebration-of-the-2024-us-open-302222411.html"",""status"":""self_reported"",""tier"":null}","{""tier"":""not_found_in_consulted_sources""}"
role_c77fa60d86178655,org_c8268a17f98e2f98,evt_10393e173aeae756,broadcaster,,announced,src_d898cbcf28212d4c,"{""domain"":null,""locator"":""Introducción: cobertura exclusiva"",""name"":""ESPN"",""notes"":null,""role"":""broadcaster"",""source_url"":""https://espnpressroom.com/press-release/espns-exclusive-first-ball-to-last-ball-coverage-of-the-2024-us-open-august-26-september-8/"",""status"":""announced"",""tier"":null}","{""tier"":""not_found_in_consulted_sources""}"
role_9e81ffbb00dd3462,org_8dbb1fe7268af062,evt_10393e173aeae756,broadcast_sponsor,Heineken Silver,announced,src_d898cbcf28212d4c,"{""domain"":null,""locator"":""Tabla de programación"",""name"":""Heineken"",""notes"":null,""role"":""broadcast_sponsor"",""source_url"":""https://espnpressroom.com/press-release/espns-exclusive-first-ball-to-last-ball-coverage-of-the-2024-us-open-august-26-september-8/"",""status"":""announced"",""tier"":""Heineken Silver""}",{}
role_7da3d037143569e5,org_916a98f0fa2a39af,evt_10393e173aeae756,broadcast_sponsor,primetime,announced,src_d898cbcf28212d4c,"{""domain"":null,""locator"":""Tabla de programación"",""name"":""IBM"",""notes"":null,""role"":""broadcast_sponsor"",""source_url"":""https://espnpressroom.com/press-release/espns-exclusive-first-ball-to-last-ball-coverage-of-the-2024-us-open-august-26-september-8/"",""status"":""announced"",""tier"":""primetime""}",{}
role_4a5dccc88835fe5d,org_d5e34819841c4c11,evt_10393e173aeae756,broadcast_sponsor,finales,announced,src_d898cbcf28212d4c,"{""domain"":null,""locator"":""Tabla de programación"",""name"":""Cadillac"",""notes"":null,""role"":""broadcast_sponsor"",""source_url"":""https://espnpressroom.com/press-release/espns-exclusive-first-ball-to-last-ball-coverage-of-the-2024-us-open-august-26-september-8/"",""status"":""announced"",""tier"":""finales""}",{}
role_1b81225056f8270e,org_8dbb1fe7268af062,evt_eb0f0a2edae7eb88,sponsor,,self_reported,src_9f2fa9e6c5cbf6df,"{""domain"":null,""locator"":""Declaración CMO / entrevista CEO sobre partnership"",""name"":""Heineken"",""notes"":null,""role"":""sponsor"",""source_url"":""https://www.modernretail.co/marketing/inside-heinekens-limited-edition-na-beer-campaign-at-the-us-open/"",""status"":""self_reported"",""tier"":null}","{""tier"":""not_found_in_consulted_sources""}"
role_b7889386a17f502f,org_c8268a17f98e2f98,evt_eb0f0a2edae7eb88,broadcaster,,announced,src_6e7d8ee77edcb712,"{""domain"":null,""locator"":""Introducción: cobertura exclusiva"",""name"":""ESPN"",""notes"":null,""role"":""broadcaster"",""source_url"":""https://espnpressroom.com/press-release/all-of-the-2025-us-open-all-in-one-place/"",""status"":""announced"",""tier"":null}","{""tier"":""not_found_in_consulted_sources""}"
role_b88eb3afe8779407,org_8dbb1fe7268af062,evt_eb0f0a2edae7eb88,broadcast_sponsor,Heineken 0.0,announced,src_6e7d8ee77edcb712,"{""domain"":null,""locator"":""Tabla de programación"",""name"":""Heineken"",""notes"":null,""role"":""broadcast_sponsor"",""source_url"":""https://espnpressroom.com/press-release/all-of-the-2025-us-open-all-in-one-place/"",""status"":""announced"",""tier"":""Heineken 0.0""}",{}
role_cdf41c2330a18f90,org_916a98f0fa2a39af,evt_eb0f0a2edae7eb88,broadcast_sponsor,primetime,announced,src_6e7d8ee77edcb712,"{""domain"":null,""locator"":""Tabla de programación"",""name"":""IBM"",""notes"":null,""role"":""broadcast_sponsor"",""source_url"":""https://espnpressroom.com/press-release/all-of-the-2025-us-open-all-in-one-place/"",""status"":""announced"",""tier"":""primetime""}",{}
role_8712f280211ebdc6,org_0fb9765e58d296e5,evt_f483ad3b81f46644,sponsor,Visionary,listed_by_organizer,src_a22d494816518b95,"{""domain"":""techatbloomberg.com"",""locator"":""Visionary > image alt Bloomberg Logo"",""name"":""Bloomberg"",""notes"":""Explicit edition-specific alt text; no visual logo recognition or cash amount inferred."",""role"":""sponsor"",""source_url"":""https://us.pycon.org/2022/sponsorship/sponsors/index.html"",""status"":""listed_by_organizer"",""tier"":""Visionary"",""website"":""https://www.techatbloomberg.com/?utm_medium=cto&utm_content=site-partner&utm_source=site-partner&utm_campaign=MKTG_2002TechEvent_PyConUS&tactic=600319""}",{}
role_e9f4784635f74341,org_ea3bd73e2b506e00,evt_f483ad3b81f46644,sponsor,Visionary,listed_by_organizer,src_a22d494816518b95,"{""domain"":""about.facebook.com"",""locator"":""Visionary > image alt Meta Logo"",""name"":""Meta"",""notes"":""Explicit edition-specific alt text; no visual logo recognition or cash amount inferred."",""role"":""sponsor"",""source_url"":""https://us.pycon.org/2022/sponsorship/sponsors/index.html"",""status"":""listed_by_organizer"",""tier"":""Visionary"",""website"":""https://about.facebook.com/meta/""}",{}
role_c525f1b7dea04286,org_bbdefa2950f49882,evt_f483ad3b81f46644,sponsor,Visionary,listed_by_organizer,src_a22d494816518b95,"{""domain"":""opensource.google"",""locator"":""Visionary > image alt Google Logo"",""name"":""Google"",""notes"":""Explicit edition-specific alt text; no visual logo recognition or cash amount inferred."",""role"":""sponsor"",""source_url"":""https://us.pycon.org/2022/sponsorship/sponsors/index.html"",""status"":""listed_by_organizer"",""tier"":""Visionary"",""website"":""https://opensource.google/""}",{}
role_5e5bd98458fa3486,org_9fbf261b62c1d7c0,evt_f483ad3b81f46644,sponsor,Sustainability,listed_by_organizer,src_a22d494816518b95,"{""domain"":""azure.microsoft.com"",""locator"":""Sustainability > image alt Microsoft Logo"",""name"":""Microsoft"",""notes"":""Explicit edition-specific alt text; no visual logo recognition or cash amount inferred."",""role"":""sponsor"",""source_url"":""https://us.pycon.org/2022/sponsorship/sponsors/index.html"",""status"":""listed_by_organizer"",""tier"":""Sustainability"",""website"":""https://azure.microsoft.com/en-us/develop/python/""}",{}
role_80784b0494154df7,org_8d4321d936320802,evt_f483ad3b81f46644,sponsor,Sustainability,listed_by_organizer,src_a22d494816518b95,"{""domain"":""developer.nvidia.com"",""locator"":""Sustainability > image alt NVIDIA Logo"",""name"":""NVIDIA"",""notes"":""Explicit edition-specific alt text; no visual logo recognition or cash amount inferred."",""role"":""sponsor"",""source_url"":""https://us.pycon.org/2022/sponsorship/sponsors/index.html"",""status"":""listed_by_organizer"",""tier"":""Sustainability"",""website"":""https://developer.nvidia.com""}",{}
role_2b752f6888633657,org_7d1507284a5757ca,evt_f483ad3b81f46644,sponsor,Sustainability,listed_by_organizer,src_a22d494816518b95,"{""domain"":""aws.amazon.com"",""locator"":""Sustainability > image alt AWS Logo"",""name"":""AWS"",""notes"":""Explicit edition-specific alt text; no visual logo recognition or cash amount inferred."",""role"":""sponsor"",""source_url"":""https://us.pycon.org/2022/sponsorship/sponsors/index.html"",""status"":""listed_by_organizer"",""tier"":""Sustainability"",""website"":""https://aws.amazon.com/""}",{}
role_7c90487edec0407c,org_67b51232d90eef07,evt_f483ad3b81f46644,sponsor,Maintaining,listed_by_organizer,src_a22d494816518b95,"{""domain"":""capitalone.com"",""locator"":""Maintaining > image alt Capital One Logo"",""name"":""Capital One"",""notes"":""Explicit edition-specific alt text; no visual logo recognition or cash amount inferred."",""role"":""sponsor"",""source_url"":""https://us.pycon.org/2022/sponsorship/sponsors/index.html"",""status"":""listed_by_organizer"",""tier"":""Maintaining"",""website"":""https://www.capitalone.com/tech/""}",{}
role_d41d7f094e383028,org_d888a3e4ea95d404,evt_f483ad3b81f46644,sponsor,Maintaining,listed_by_organizer,src_a22d494816518b95,"{""domain"":""opensource.indeed.com"",""locator"":""Maintaining > image alt Indeed Logo"",""name"":""Indeed"",""notes"":""Explicit edition-specific alt text; no visual logo recognition or cash amount inferred."",""role"":""sponsor"",""source_url"":""https://us.pycon.org/2022/sponsorship/sponsors/index.html"",""status"":""listed_by_organizer"",""tier"":""Maintaining"",""website"":""http://opensource.indeed.com""}",{}
role_52531e0649fa04f7,org_f5b3373a9fbd0315,evt_f483ad3b81f46644,sponsor,Maintaining,listed_by_organizer,src_a22d494816518b95,"{""domain"":""corning.com"",""locator"":""Maintaining > image alt Corning Incorporated Logo"",""name"":""Corning Incorporated"",""notes"":""Explicit edition-specific alt text; no visual logo recognition or cash amount inferred."",""role"":""sponsor"",""source_url"":""https://us.pycon.org/2022/sponsorship/sponsors/index.html"",""status"":""listed_by_organizer"",""tier"":""Maintaining"",""website"":""https://www.corning.com/worldwide/en.html""}",{}
role_6a328f9f222b2380,org_fee6fd0cc1707a18,evt_f483ad3b81f46644,sponsor,Maintaining,listed_by_organizer,src_a22d494816518b95,"{""domain"":""ansys.com"",""locator"":""Maintaining > image alt Ansys Logo"",""name"":""Ansys"",""notes"":""Explicit edition-specific alt text; no visual logo recognition or cash amount inferred."",""role"":""sponsor"",""source_url"":""https://us.pycon.org/2022/sponsorship/sponsors/index.html"",""status"":""listed_by_organizer"",""tier"":""Maintaining"",""website"":""https://www.ansys.com/""}",{}
role_e8f6e628828912a7,org_1a75d3b9b9abf3ef,evt_f483ad3b81f46644,sponsor,Maintaining,listed_by_organizer,src_a22d494816518b95,"{""domain"":""qube-rt.com"",""locator"":""Maintaining > image alt Qube Research & Technologies Limited Logo"",""name"":""Qube Research & Technologies Limited"",""notes"":""Explicit edition-specific alt text; no visual logo recognition or cash amount inferred."",""role"":""sponsor"",""source_url"":""https://us.pycon.org/2022/sponsorship/sponsors/index.html"",""status"":""listed_by_organizer"",""tier"":""Maintaining"",""website"":""https://www.qube-rt.com/""}",{}
role_37ead60d69a963b1,org_f7d9f5a90479d632,evt_f483ad3b81f46644,sponsor,Contributing,listed_by_organizer,src_a22d494816518b95,"{""domain"":""ramp.com"",""locator"":""Contributing > image alt Ramp Logo"",""name"":""Ramp"",""notes"":""Explicit edition-specific alt text; no visual logo recognition or cash amount inferred."",""role"":""sponsor"",""source_url"":""https://us.pycon.org/2022/sponsorship/sponsors/index.html"",""status"":""listed_by_organizer"",""tier"":""Contributing"",""website"":""https://ramp.com/""}",{}
role_81ce8d62a382dd7a,org_c4fe98345289633c,evt_f483ad3b81f46644,sponsor,Contributing,listed_by_organizer,src_a22d494816518b95,"{""domain"":""fanniemae.com"",""locator"":""Contributing > image alt Fannie Mae Logo"",""name"":""Fannie Mae"",""notes"":""Explicit edition-specific alt text; no visual logo recognition or cash amount inferred."",""role"":""sponsor"",""source_url"":""https://us.pycon.org/2022/sponsorship/sponsors/index.html"",""status"":""listed_by_organizer"",""tier"":""Contributing"",""website"":""https://www.fanniemae.com""}",{}
role_14c8d05bbc62e8fd,org_9f8230c43ce398d6,evt_f483ad3b81f46644,sponsor,Contributing,listed_by_organizer,src_a22d494816518b95,"{""domain"":""motional.com"",""locator"":""Contributing > image alt Motional Logo"",""name"":""Motional"",""notes"":""Explicit edition-specific alt text; no visual logo recognition or cash amount inferred."",""role"":""sponsor"",""source_url"":""https://us.pycon.org/2022/sponsorship/sponsors/index.html"",""status"":""listed_by_organizer"",""tier"":""Contributing"",""website"":""http://www.motional.com/careers""}",{}
role_4e5964a1c921932e,org_7606c4cbaae85d2d,evt_f483ad3b81f46644,sponsor,Contributing,listed_by_organizer,src_a22d494816518b95,"{""domain"":""anaconda.com"",""locator"":""Contributing > image alt Anaconda, Inc Logo"",""name"":""Anaconda, Inc"",""notes"":""Explicit edition-specific alt text; no visual logo recognition or cash amount inferred."",""role"":""sponsor"",""source_url"":""https://us.pycon.org/2022/sponsorship/sponsors/index.html"",""status"":""listed_by_organizer"",""tier"":""Contributing"",""website"":""https://www.anaconda.com/""}",{}
role_81bfa2ce7e35cfb5,org_916a98f0fa2a39af,evt_f483ad3b81f46644,sponsor,Contributing,listed_by_organizer,src_a22d494816518b95,"{""domain"":""ibm.com"",""locator"":""Contributing > image alt IBM Logo"",""name"":""IBM"",""notes"":""Explicit edition-specific alt text; no visual logo recognition or cash amount inferred."",""role"":""sponsor"",""source_url"":""https://us.pycon.org/2022/sponsorship/sponsors/index.html"",""status"":""listed_by_organizer"",""tier"":""Contributing"",""website"":""https://www.ibm.com""}",{}
role_6a633ac2035b34a1,org_c9a2dcb05123781d,evt_f483ad3b81f46644,sponsor,Contributing,listed_by_organizer,src_a22d494816518b95,"{""domain"":""coiled.io"",""locator"":""Contributing > image alt Coiled Logo"",""name"":""Coiled"",""notes"":""Explicit edition-specific alt text; no visual logo recognition or cash amount inferred."",""role"":""sponsor"",""source_url"":""https://us.pycon.org/2022/sponsorship/sponsors/index.html"",""status"":""listed_by_organizer"",""tier"":""Contributing"",""website"":""https://coiled.io/""}",{}
role_7269f05e0987e5f7,org_8dfe5e6cf73b1d6b,evt_f483ad3b81f46644,sponsor,Contributing,listed_by_organizer,src_a22d494816518b95,"{""domain"":""redhat.com"",""locator"":""Contributing > image alt Red Hat Logo"",""name"":""Red Hat"",""notes"":""Explicit edition-specific alt text; no visual logo recognition or cash amount inferred."",""role"":""sponsor"",""source_url"":""https://us.pycon.org/2022/sponsorship/sponsors/index.html"",""status"":""listed_by_organizer"",""tier"":""Contributing"",""website"":""https://www.redhat.com/""}",{}
role_16cecf06dbb87835,org_04b6c31ced2043ce,evt_f483ad3b81f46644,sponsor,Supporting,listed_by_organizer,src_a22d494816518b95,"{""domain"":""rebelliondefense.com"",""locator"":""Supporting > image alt Rebellion Defense Logo"",""name"":""Rebellion Defense"",""notes"":""Explicit edition-specific alt text; no visual logo recognition or cash amount inferred."",""role"":""sponsor"",""source_url"":""https://us.pycon.org/2022/sponsorship/sponsors/index.html"",""status"":""listed_by_organizer"",""tier"":""Supporting"",""website"":""https://rebelliondefense.com/""}",{}
role_13e8214d896eef30,org_f344a3efa4668566,evt_f483ad3b81f46644,sponsor,Supporting,listed_by_organizer,src_a22d494816518b95,"{""domain"":""prefect.io"",""locator"":""Supporting > image alt Prefect Logo"",""name"":""Prefect"",""notes"":""Explicit edition-specific alt text; no visual logo recognition or cash amount inferred."",""role"":""sponsor"",""source_url"":""https://us.pycon.org/2022/sponsorship/sponsors/index.html"",""status"":""listed_by_organizer"",""tier"":""Supporting"",""website"":""https://www.prefect.io/""}",{}
role_ee2ec37d6ec7c85a,org_50cfd89765d6d5dd,evt_f483ad3b81f46644,sponsor,Supporting,listed_by_organizer,src_a22d494816518b95,"{""domain"":""crunchydata.com"",""locator"":""Supporting > image alt Crunchy Data Logo"",""name"":""Crunchy Data"",""notes"":""Explicit edition-specific alt text; no visual logo recognition or cash amount inferred."",""role"":""sponsor"",""source_url"":""https://us.pycon.org/2022/sponsorship/sponsors/index.html"",""status"":""listed_by_organizer"",""tier"":""Supporting"",""website"":""https://www.crunchydata.com/""}",{}
role_97b25f81d57a2391,org_8dfea6856769fb4d,evt_f483ad3b81f46644,sponsor,Supporting,listed_by_organizer,src_a22d494816518b95,"{""domain"":""shortcut.com"",""locator"":""Supporting > image alt Shortcut Logo"",""name"":""Shortcut"",""notes"":""Explicit edition-specific alt text; no visual logo recognition or cash amount inferred."",""role"":""sponsor"",""source_url"":""https://us.pycon.org/2022/sponsorship/sponsors/index.html"",""status"":""listed_by_organizer"",""tier"":""Supporting"",""website"":""http://shortcut.com""}",{}
role_25110ebecd580926,org_5a1ad84a47ec210d,evt_f483ad3b81f46644,sponsor,Supporting,listed_by_organizer,src_a22d494816518b95,"{""domain"":""hudsonrivertrading.com"",""locator"":""Supporting > image alt Hudson River Trading Logo"",""name"":""Hudson River Trading"",""notes"":""Explicit edition-specific alt text; no visual logo recognition or cash amount inferred."",""role"":""sponsor"",""source_url"":""https://us.pycon.org/2022/sponsorship/sponsors/index.html"",""status"":""listed_by_organizer"",""tier"":""Supporting"",""website"":""https://www.hudsonrivertrading.com""}",{}
role_802190aac749f9db,org_200e997d97c7a78a,evt_f483ad3b81f46644,sponsor,Supporting,listed_by_organizer,src_a22d494816518b95,"{""domain"":""linode.com"",""locator"":""Supporting > image alt Linode Logo"",""name"":""Linode"",""notes"":""Explicit edition-specific alt text; no visual logo recognition or cash amount inferred."",""role"":""sponsor"",""source_url"":""https://us.pycon.org/2022/sponsorship/sponsors/index.html"",""status"":""listed_by_organizer"",""tier"":""Supporting"",""website"":""http://linode.com/""}",{}
role_7eb94fb9123f2ec1,org_6c2949a5b9698d22,evt_f483ad3b81f46644,sponsor,Supporting,listed_by_organizer,src_a22d494816518b95,"{""domain"":""jetbrains.com"",""locator"":""Supporting > image alt JetBrains Logo"",""name"":""JetBrains"",""notes"":""Explicit edition-specific alt text; no visual logo recognition or cash amount inferred."",""role"":""sponsor"",""source_url"":""https://us.pycon.org/2022/sponsorship/sponsors/index.html"",""status"":""listed_by_organizer"",""tier"":""Supporting"",""website"":""https://www.jetbrains.com/pycharm/""}",{}
role_c6bb22d43c5b54ff,org_039e65978ab36874,evt_f483ad3b81f46644,sponsor,Supporting,listed_by_organizer,src_a22d494816518b95,"{""domain"":""akasa.com"",""locator"":""Supporting > image alt AKASA Logo"",""name"":""AKASA"",""notes"":""Explicit edition-specific alt text; no visual logo recognition or cash amount inferred."",""role"":""sponsor"",""source_url"":""https://us.pycon.org/2022/sponsorship/sponsors/index.html"",""status"":""listed_by_organizer"",""tier"":""Supporting"",""website"":""https://www.akasa.com/""}",{}
role_af77fd93483b2957,org_99c090636aa0f68a,evt_f483ad3b81f46644,sponsor,Supporting,listed_by_organizer,src_a22d494816518b95,"{""domain"":""pythoninstitute.org"",""locator"":""Supporting > image alt OpenEDG Python Institute Logo"",""name"":""OpenEDG Python Institute"",""notes"":""Explicit edition-specific alt text; no visual logo recognition or cash amount inferred."",""role"":""sponsor"",""source_url"":""https://us.pycon.org/2022/sponsorship/sponsors/index.html"",""status"":""listed_by_organizer"",""tier"":""Supporting"",""website"":""https://pythoninstitute.org/""}",{}
role_7711bc293963760e,org_9202af6ce925b26a,evt_f483ad3b81f46644,sponsor,Supporting,listed_by_organizer,src_a22d494816518b95,"{""domain"":""oracle.com"",""locator"":""Supporting > image alt Oracle Logo"",""name"":""Oracle"",""notes"":""Explicit edition-specific alt text; no visual logo recognition or cash amount inferred."",""role"":""sponsor"",""source_url"":""https://us.pycon.org/2022/sponsorship/sponsors/index.html"",""status"":""listed_by_organizer"",""tier"":""Supporting"",""website"":""https://www.oracle.com/cloud/""}",{}
role_922fd8c51524c2a5,org_8a44b67ae1db24f9,evt_f483ad3b81f46644,sponsor,Supporting,listed_by_organizer,src_a22d494816518b95,"{""domain"":""codeanywhere.com"",""locator"":""Supporting > image alt Codeanywhere Logo"",""name"":""Codeanywhere"",""notes"":""Explicit edition-specific alt text; no visual logo recognition or cash amount inferred."",""role"":""sponsor"",""source_url"":""https://us.pycon.org/2022/sponsorship/sponsors/index.html"",""status"":""listed_by_organizer"",""tier"":""Supporting"",""website"":""https://codeanywhere.com/""}",{}
role_1b7e0bde192d426d,org_0cf6855c1a3c323b,evt_f483ad3b81f46644,sponsor,Supporting,listed_by_organizer,src_a22d494816518b95,"{""domain"":""sentry.io"",""locator"":""Supporting > image alt Sentry Logo"",""name"":""Sentry"",""notes"":""Explicit edition-specific alt text; no visual logo recognition or cash amount inferred."",""role"":""sponsor"",""source_url"":""https://us.pycon.org/2022/sponsorship/sponsors/index.html"",""status"":""listed_by_organizer"",""tier"":""Supporting"",""website"":""https://sentry.io/welcome/""}",{}
role_cd0fcb5f61b72e7e,org_472e893c30310a7b,evt_f483ad3b81f46644,sponsor,Supporting,listed_by_organizer,src_a22d494816518b95,"{""domain"":""tidelift.com"",""locator"":""Supporting > image alt Tidelift Logo"",""name"":""Tidelift"",""notes"":""Explicit edition-specific alt text; no visual logo recognition or cash amount inferred."",""role"":""sponsor"",""source_url"":""https://us.pycon.org/2022/sponsorship/sponsors/index.html"",""status"":""listed_by_organizer"",""tier"":""Supporting"",""website"":""https://tidelift.com/""}",{}
role_3f256b392b849455,org_f8532933789406dc,evt_f483ad3b81f46644,sponsor,Supporting,listed_by_organizer,src_a22d494816518b95,"{""domain"":""realpython.com"",""locator"":""Supporting > image alt Real Python Logo"",""name"":""Real Python"",""notes"":""Explicit edition-specific alt text; no visual logo recognition or cash amount inferred."",""role"":""sponsor"",""source_url"":""https://us.pycon.org/2022/sponsorship/sponsors/index.html"",""status"":""listed_by_organizer"",""tier"":""Supporting"",""website"":""https://realpython.com""}",{}
role_16b9b8e89de1a0be,org_a82261cfdc8e1155,evt_f483ad3b81f46644,sponsor,Supporting,listed_by_organizer,src_a22d494816518b95,"{""domain"":""newrelic.com"",""locator"":""Supporting > image alt New Relic Logo"",""name"":""New Relic"",""notes"":""Explicit edition-specific alt text; no visual logo recognition or cash amount inferred."",""role"":""sponsor"",""source_url"":""https://us.pycon.org/2022/sponsorship/sponsors/index.html"",""status"":""listed_by_organizer"",""tier"":""Supporting"",""website"":""https://newrelic.com/signup?utm_source=event&utm_medium=devrel_event&utm_campaign=amer-fy23-q1-pycon""}",{}
role_42af9bf6e41797d6,org_737e91b03ee3cfc5,evt_f483ad3b81f46644,sponsor,Supporting,listed_by_organizer,src_a22d494816518b95,"{""domain"":""srcgr.ph"",""locator"":""Supporting > image alt Sourcegraph Logo"",""name"":""Sourcegraph"",""notes"":""Explicit edition-specific alt text; no visual logo recognition or cash amount inferred."",""role"":""sponsor"",""source_url"":""https://us.pycon.org/2022/sponsorship/sponsors/index.html"",""status"":""listed_by_organizer"",""tier"":""Supporting"",""website"":""https://srcgr.ph/uemWl""}",{}
role_15bfdcc70193f447,org_8fbeda012c76d899,evt_f483ad3b81f46644,sponsor,Supporting,listed_by_organizer,src_a22d494816518b95,"{""domain"":""docker.com"",""locator"":""Supporting > image alt Docker, Inc. Logo"",""name"":""Docker, Inc."",""notes"":""Explicit edition-specific alt text; no visual logo recognition or cash amount inferred."",""role"":""sponsor"",""source_url"":""https://us.pycon.org/2022/sponsorship/sponsors/index.html"",""status"":""listed_by_organizer"",""tier"":""Supporting"",""website"":""https://www.docker.com/""}",{}
role_f5cbb67558c3a7c0,org_cc634dced3e6279e,evt_f483ad3b81f46644,sponsor,Partner,listed_by_organizer,src_a22d494816518b95,"{""domain"":""openrefactory.com"",""locator"":""Partner > image alt OpenRefactory Logo"",""name"":""OpenRefactory"",""notes"":""Explicit edition-specific alt text; no visual logo recognition or cash amount inferred."",""role"":""sponsor"",""source_url"":""https://us.pycon.org/2022/sponsorship/sponsors/index.html"",""status"":""listed_by_organizer"",""tier"":""Partner"",""website"":""https://www.openrefactory.com/""}",{}
role_b0d5f98946d9e0a7,org_1706716bb5eebbe2,evt_f483ad3b81f46644,sponsor,Partner,listed_by_organizer,src_a22d494816518b95,"{""domain"":""superblocks.com"",""locator"":""Partner > image alt Superblocks Logo"",""name"":""Superblocks"",""notes"":""Explicit edition-specific alt text; no visual logo recognition or cash amount inferred."",""role"":""sponsor"",""source_url"":""https://us.pycon.org/2022/sponsorship/sponsors/index.html"",""status"":""listed_by_organizer"",""tier"":""Partner"",""website"":""https://www.superblocks.com/""}",{}
role_73396d0564fac07a,org_a5302c4694722195,evt_f483ad3b81f46644,sponsor,Partner,listed_by_organizer,src_a22d494816518b95,"{""domain"":""rookout.com"",""locator"":""Partner > image alt Rookout Logo"",""name"":""Rookout"",""notes"":""Explicit edition-specific alt text; no visual logo recognition or cash amount inferred."",""role"":""sponsor"",""source_url"":""https://us.pycon.org/2022/sponsorship/sponsors/index.html"",""status"":""listed_by_organizer"",""tier"":""Partner"",""website"":""https://www.rookout.com/""}",{}
role_4a79f0e4834b7a9d,org_de5a1adf4fedcce1,evt_f483ad3b81f46644,sponsor,Partner,listed_by_organizer,src_a22d494816518b95,"{""domain"":""snowflake.com"",""locator"":""Partner > image alt Snowflake Logo"",""name"":""Snowflake"",""notes"":""Explicit edition-specific alt text; no visual logo recognition or cash amount inferred."",""role"":""sponsor"",""source_url"":""https://us.pycon.org/2022/sponsorship/sponsors/index.html"",""status"":""listed_by_organizer"",""tier"":""Partner"",""website"":""https://www.snowflake.com/""}",{}
role_57382ccfbd97dfcc,org_7ba99a119580a884,evt_f483ad3b81f46644,sponsor,Partner,listed_by_organizer,src_a22d494816518b95,"{""domain"":""openteams.com"",""locator"":""Partner > image alt OpenTeams Logo"",""name"":""OpenTeams"",""notes"":""Explicit edition-specific alt text; no visual logo recognition or cash amount inferred."",""role"":""sponsor"",""source_url"":""https://us.pycon.org/2022/sponsorship/sponsors/index.html"",""status"":""listed_by_organizer"",""tier"":""Partner"",""website"":""https://www.openteams.com""}",{}
role_85e6ca694ab7199f,org_524f3f7ce2bc0326,evt_f483ad3b81f46644,sponsor,Partner,listed_by_organizer,src_a22d494816518b95,"{""domain"":""bodo.ai"",""locator"":""Partner > image alt Bodo.ai Logo"",""name"":""Bodo.ai"",""notes"":""Explicit edition-specific alt text; no visual logo recognition or cash amount inferred."",""role"":""sponsor"",""source_url"":""https://us.pycon.org/2022/sponsorship/sponsors/index.html"",""status"":""listed_by_organizer"",""tier"":""Partner"",""website"":""https://bodo.ai""}",{}
role_039235fe3ed1ece2,org_986051385feae5b9,evt_f483ad3b81f46644,sponsor,Partner,listed_by_organizer,src_a22d494816518b95,"{""domain"":""elastic.co"",""locator"":""Partner > image alt Elastic Logo"",""name"":""Elastic"",""notes"":""Explicit edition-specific alt text; no visual logo recognition or cash amount inferred."",""role"":""sponsor"",""source_url"":""https://us.pycon.org/2022/sponsorship/sponsors/index.html"",""status"":""listed_by_organizer"",""tier"":""Partner"",""website"":""https://www.elastic.co/""}",{}
role_39dfd4466e21233f,org_19dd31ffd7bb951a,evt_f483ad3b81f46644,sponsor,Partner,listed_by_organizer,src_a22d494816518b95,"{""domain"":""twosigma.com"",""locator"":""Partner > image alt Two Sigma Logo"",""name"":""Two Sigma"",""notes"":""Explicit edition-specific alt text; no visual logo recognition or cash amount inferred."",""role"":""sponsor"",""source_url"":""https://us.pycon.org/2022/sponsorship/sponsors/index.html"",""status"":""listed_by_organizer"",""tier"":""Partner"",""website"":""https://www.twosigma.com/""}",{}
role_556651bb8975f88e,org_eda870f040899043,evt_f483ad3b81f46644,sponsor,Partner,listed_by_organizer,src_a22d494816518b95,"{""domain"":""sonatype.com"",""locator"":""Partner > image alt Sonatype Logo"",""name"":""Sonatype"",""notes"":""Explicit edition-specific alt text; no visual logo recognition or cash amount inferred."",""role"":""sponsor"",""source_url"":""https://us.pycon.org/2022/sponsorship/sponsors/index.html"",""status"":""listed_by_organizer"",""tier"":""Partner"",""website"":""https://www.sonatype.com/""}",{}
role_4447401672864282,org_84a3693331a95fd0,evt_f483ad3b81f46644,sponsor,Partner,listed_by_organizer,src_a22d494816518b95,"{""domain"":""activeloop.ai"",""locator"":""Partner > image alt Activeloop Logo"",""name"":""Activeloop"",""notes"":""Explicit edition-specific alt text; no visual logo recognition or cash amount inferred."",""role"":""sponsor"",""source_url"":""https://us.pycon.org/2022/sponsorship/sponsors/index.html"",""status"":""listed_by_organizer"",""tier"":""Partner"",""website"":""http://activeloop.ai""}",{}
role_78a7f05c2d05cdf4,org_c7ad2ac22b4500bd,evt_f483ad3b81f46644,sponsor,Partner,listed_by_organizer,src_a22d494816518b95,"{""domain"":""rivian.com"",""locator"":""Partner > image alt Rivian Logo"",""name"":""Rivian"",""notes"":""Explicit edition-specific alt text; no visual logo recognition or cash amount inferred."",""role"":""sponsor"",""source_url"":""https://us.pycon.org/2022/sponsorship/sponsors/index.html"",""status"":""listed_by_organizer"",""tier"":""Partner"",""website"":""http://www.rivian.com""}",{}
role_078dd42d46a26963,org_4458f786505ab7bb,evt_f483ad3b81f46644,sponsor,Partner,listed_by_organizer,src_a22d494816518b95,"{""domain"":""sonarsource.com"",""locator"":""Partner > image alt SonarSource Logo"",""name"":""SonarSource"",""notes"":""Explicit edition-specific alt text; no visual logo recognition or cash amount inferred."",""role"":""sponsor"",""source_url"":""https://us.pycon.org/2022/sponsorship/sponsors/index.html"",""status"":""listed_by_organizer"",""tier"":""Partner"",""website"":""https://www.sonarsource.com/""}",{}
role_b60f62f9c827ae89,org_b337951cb83ffa44,evt_f483ad3b81f46644,sponsor,Partner,listed_by_organizer,src_a22d494816518b95,"{""domain"":""aboutwayfair.com"",""locator"":""Partner > image alt Wayfair Logo"",""name"":""Wayfair"",""notes"":""Explicit edition-specific alt text; no visual logo recognition or cash amount inferred."",""role"":""sponsor"",""source_url"":""https://us.pycon.org/2022/sponsorship/sponsors/index.html"",""status"":""listed_by_organizer"",""tier"":""Partner"",""website"":""https://www.aboutwayfair.com/careers/tech-blog""}",{}
role_dc216c1dc7cbe590,org_c723ccd1e1a6eb20,evt_f483ad3b81f46644,sponsor,Partner,listed_by_organizer,src_a22d494816518b95,"{""domain"":""bluevine.com"",""locator"":""Partner > image alt Bluevine Logo"",""name"":""Bluevine"",""notes"":""Explicit edition-specific alt text; no visual logo recognition or cash amount inferred."",""role"":""sponsor"",""source_url"":""https://us.pycon.org/2022/sponsorship/sponsors/index.html"",""status"":""listed_by_organizer"",""tier"":""Partner"",""website"":""https://www.bluevine.com""}",{}
role_a67fe39a7afa1d3e,org_f8849d864257947c,evt_f483ad3b81f46644,sponsor,Partner,listed_by_organizer,src_a22d494816518b95,"{""domain"":""developers.deepgram.com"",""locator"":""Partner > image alt Deepgram Logo"",""name"":""Deepgram"",""notes"":""Explicit edition-specific alt text; no visual logo recognition or cash amount inferred."",""role"":""sponsor"",""source_url"":""https://us.pycon.org/2022/sponsorship/sponsors/index.html"",""status"":""listed_by_organizer"",""tier"":""Partner"",""website"":""https://developers.deepgram.com""}",{}
role_c8b551ff307e650a,org_1d772ffb5ed5f970,evt_f483ad3b81f46644,sponsor,Partner,listed_by_organizer,src_a22d494816518b95,"{""domain"":""sourcery.ai"",""locator"":""Partner > image alt Sourcery Logo"",""name"":""Sourcery"",""notes"":""Explicit edition-specific alt text; no visual logo recognition or cash amount inferred."",""role"":""sponsor"",""source_url"":""https://us.pycon.org/2022/sponsorship/sponsors/index.html"",""status"":""listed_by_organizer"",""tier"":""Partner"",""website"":""https://sourcery.ai""}",{}
role_f0aaec9f493b0be1,org_1c6cda31110c57fa,evt_f483ad3b81f46644,sponsor,Partner,listed_by_organizer,src_a22d494816518b95,"{""domain"":""pagerduty.com"",""locator"":""Partner > image alt PagerDuty Logo"",""name"":""PagerDuty"",""notes"":""Explicit edition-specific alt text; no visual logo recognition or cash amount inferred."",""role"":""sponsor"",""source_url"":""https://us.pycon.org/2022/sponsorship/sponsors/index.html"",""status"":""listed_by_organizer"",""tier"":""Partner"",""website"":""https://www.pagerduty.com/""}",{}
role_7188a84ea3f2170e,org_bb043f4f48305a61,evt_f483ad3b81f46644,sponsor,Partner,listed_by_organizer,src_a22d494816518b95,"{""domain"":""cuttlesoft.com"",""locator"":""Partner > image alt Cuttlesoft Logo"",""name"":""Cuttlesoft"",""notes"":""Explicit edition-specific alt text; no visual logo recognition or cash amount inferred."",""role"":""sponsor"",""source_url"":""https://us.pycon.org/2022/sponsorship/sponsors/index.html"",""status"":""listed_by_organizer"",""tier"":""Partner"",""website"":""https://cuttlesoft.com""}",{}
role_2e591e1691c0f42c,org_50bc66d8aae5ae90,evt_f483ad3b81f46644,sponsor,Partner,listed_by_organizer,src_a22d494816518b95,"{""domain"":""anvil.works"",""locator"":""Partner > image alt Anvil Logo"",""name"":""Anvil"",""notes"":""Explicit edition-specific alt text; no visual logo recognition or cash amount inferred."",""role"":""sponsor"",""source_url"":""https://us.pycon.org/2022/sponsorship/sponsors/index.html"",""status"":""listed_by_organizer"",""tier"":""Partner"",""website"":""https://anvil.works/?utm_source=sponsorship:pycon-2021""}",{}
role_47214370398168f1,org_335030e60af34715,evt_f483ad3b81f46644,sponsor,Partner,listed_by_organizer,src_a22d494816518b95,"{""domain"":""cockroachlabs.com"",""locator"":""Partner > image alt Cockroach Labs Logo"",""name"":""Cockroach Labs"",""notes"":""Explicit edition-specific alt text; no visual logo recognition or cash amount inferred."",""role"":""sponsor"",""source_url"":""https://us.pycon.org/2022/sponsorship/sponsors/index.html"",""status"":""listed_by_organizer"",""tier"":""Partner"",""website"":""http://www.cockroachlabs.com/""}",{}
role_d82d49fde2b42fe6,org_17d43645b4daf733,evt_f483ad3b81f46644,sponsor,Partner,listed_by_organizer,src_a22d494816518b95,"{""domain"":""platform.sh"",""locator"":""Partner > image alt Platform.sh Logo"",""name"":""Platform.sh"",""notes"":""Explicit edition-specific alt text; no visual logo recognition or cash amount inferred."",""role"":""sponsor"",""source_url"":""https://us.pycon.org/2022/sponsorship/sponsors/index.html"",""status"":""listed_by_organizer"",""tier"":""Partner"",""website"":""https://platform.sh/""}",{}
role_9e11bb6ab60630f2,org_d9082bdcf7eaf584,evt_f483ad3b81f46644,sponsor,Partner,listed_by_organizer,src_a22d494816518b95,"{""domain"":""auth0.com"",""locator"":""Partner > image alt Auth0 Logo"",""name"":""Auth0"",""notes"":""Explicit edition-specific alt text; no visual logo recognition or cash amount inferred."",""role"":""sponsor"",""source_url"":""https://us.pycon.org/2022/sponsorship/sponsors/index.html"",""status"":""listed_by_organizer"",""tier"":""Partner"",""website"":""https://auth0.com/""}",{}
role_bc6ab8bfbf573cde,org_b7750a3df0d40d27,evt_f483ad3b81f46644,sponsor,Partner,listed_by_organizer,src_a22d494816518b95,"{""domain"":""contrastsecurity.com"",""locator"":""Partner > image alt Contrast Security Logo"",""name"":""Contrast Security"",""notes"":""Explicit edition-specific alt text; no visual logo recognition or cash amount inferred."",""role"":""sponsor"",""source_url"":""https://us.pycon.org/2022/sponsorship/sponsors/index.html"",""status"":""listed_by_organizer"",""tier"":""Partner"",""website"":""https://www.contrastsecurity.com/""}",{}
role_d3c74a9a4e063ccf,org_93d59962b06d8e0f,evt_f483ad3b81f46644,sponsor,Partner,listed_by_organizer,src_a22d494816518b95,"{""domain"":""lerner.co.il"",""locator"":""Partner > image alt Reuven Lerner — Python training Logo"",""name"":""Reuven Lerner — Python training"",""notes"":""Explicit edition-specific alt text; no visual logo recognition or cash amount inferred."",""role"":""sponsor"",""source_url"":""https://us.pycon.org/2022/sponsorship/sponsors/index.html"",""status"":""listed_by_organizer"",""tier"":""Partner"",""website"":""https://lerner.co.il""}",{}
role_9cab42269fa2bb08,org_a2a83943d5534752,evt_f483ad3b81f46644,sponsor,Partner,listed_by_organizer,src_a22d494816518b95,"{""domain"":""saturncloud.io"",""locator"":""Partner > image alt Saturn Cloud Logo"",""name"":""Saturn Cloud"",""notes"":""Explicit edition-specific alt text; no visual logo recognition or cash amount inferred."",""role"":""sponsor"",""source_url"":""https://us.pycon.org/2022/sponsorship/sponsors/index.html"",""status"":""listed_by_organizer"",""tier"":""Partner"",""website"":""https://saturncloud.io/?utm_source=PyCon&utm_medium=Try&utm_campaign=Try""}",{}
role_1a50d8acfdb965ba,org_065c04f51f8295c9,evt_f483ad3b81f46644,sponsor,Partner,listed_by_organizer,src_a22d494816518b95,"{""domain"":""tatari.tv"",""locator"":""Partner > image alt Tatari, Inc. Logo"",""name"":""Tatari, Inc."",""notes"":""Explicit edition-specific alt text; no visual logo recognition or cash amount inferred."",""role"":""sponsor"",""source_url"":""https://us.pycon.org/2022/sponsorship/sponsors/index.html"",""status"":""listed_by_organizer"",""tier"":""Partner"",""website"":""https://www.tatari.tv/""}",{}
role_ab143f5600a7b953,org_d3566809b85a6169,evt_f483ad3b81f46644,sponsor,Partner,listed_by_organizer,src_a22d494816518b95,"{""domain"":""circleci.com"",""locator"":""Partner > image alt CircleCI Logo"",""name"":""CircleCI"",""notes"":""Explicit edition-specific alt text; no visual logo recognition or cash amount inferred."",""role"":""sponsor"",""source_url"":""https://us.pycon.org/2022/sponsorship/sponsors/index.html"",""status"":""listed_by_organizer"",""tier"":""Partner"",""website"":""https://circleci.com/""}",{}
role_a0b7ca62d646e1ec,org_e06a2145ce9bb611,evt_f483ad3b81f46644,sponsor,Participating,listed_by_organizer,src_a22d494816518b95,"{""domain"":""python-academy.com"",""locator"":""Participating > image alt Python Academy Logo"",""name"":""Python Academy"",""notes"":""Explicit edition-specific alt text; no visual logo recognition or cash amount inferred."",""role"":""sponsor"",""source_url"":""https://us.pycon.org/2022/sponsorship/sponsors/index.html"",""status"":""listed_by_organizer"",""tier"":""Participating"",""website"":""https://www.python-academy.com/""}",{}
role_007aae23f1bcf6ea,org_7352f353c460e74c,evt_f483ad3b81f46644,sponsor,Participating,listed_by_organizer,src_a22d494816518b95,"{""domain"":""about.twitter.com"",""locator"":""Participating > image alt Twitter Logo"",""name"":""Twitter"",""notes"":""Explicit edition-specific alt text; no visual logo recognition or cash amount inferred."",""role"":""sponsor"",""source_url"":""https://us.pycon.org/2022/sponsorship/sponsors/index.html"",""status"":""listed_by_organizer"",""tier"":""Participating"",""website"":""https://about.twitter.com/""}",{}
role_dbafdbd9600641dd,org_2d6c9f56bae05223,evt_f483ad3b81f46644,sponsor,Participating,listed_by_organizer,src_a22d494816518b95,"{""domain"":""guidebook.com"",""locator"":""Participating > image alt Guidebook Logo"",""name"":""Guidebook"",""notes"":""Explicit edition-specific alt text; no visual logo recognition or cash amount inferred."",""role"":""sponsor"",""source_url"":""https://us.pycon.org/2022/sponsorship/sponsors/index.html"",""status"":""listed_by_organizer"",""tier"":""Participating"",""website"":""http://www.guidebook.com""}",{}
role_19535f4c355f97f9,org_1e86eae524ed28f9,evt_f483ad3b81f46644,sponsor,Participating,listed_by_organizer,src_a22d494816518b95,"{""domain"":""quansight.com"",""locator"":""Participating > image alt Quansight Logo"",""name"":""Quansight"",""notes"":""Explicit edition-specific alt text; no visual logo recognition or cash amount inferred."",""role"":""sponsor"",""source_url"":""https://us.pycon.org/2022/sponsorship/sponsors/index.html"",""status"":""listed_by_organizer"",""tier"":""Participating"",""website"":""https://www.quansight.com/""}",{}
role_c8647ecd3d7ba2a1,org_13ed070478ef62c3,evt_f483ad3b81f46644,sponsor,Participating,listed_by_organizer,src_a22d494816518b95,"{""domain"":""about.netflix.com"",""locator"":""Participating > image alt Netflix Logo"",""name"":""Netflix"",""notes"":""Explicit edition-specific alt text; no visual logo recognition or cash amount inferred."",""role"":""sponsor"",""source_url"":""https://us.pycon.org/2022/sponsorship/sponsors/index.html"",""status"":""listed_by_organizer"",""tier"":""Participating"",""website"":""https://about.netflix.com/""}",{}
role_b077ae4d1261e58b,org_f96e1cd338ed25c1,evt_f483ad3b81f46644,sponsor,Participating,listed_by_organizer,src_a22d494816518b95,"{""domain"":""mule.to"",""locator"":""Participating > image alt Sticker Mule Logo"",""name"":""Sticker Mule"",""notes"":""Explicit edition-specific alt text; no visual logo recognition or cash amount inferred."",""role"":""sponsor"",""source_url"":""https://us.pycon.org/2022/sponsorship/sponsors/index.html"",""status"":""listed_by_organizer"",""tier"":""Participating"",""website"":""https://mule.to/p2oh""}",{}
role_333cc494a037f81b,org_35832d1c4a470cad,evt_f483ad3b81f46644,sponsor,Participating,listed_by_organizer,src_a22d494816518b95,"{""domain"":""pythonanywhere.com"",""locator"":""Participating > image alt PythonAnywhere LLP Logo"",""name"":""PythonAnywhere LLP"",""notes"":""Explicit edition-specific alt text; no visual logo recognition or cash amount inferred."",""role"":""sponsor"",""source_url"":""https://us.pycon.org/2022/sponsorship/sponsors/index.html"",""status"":""listed_by_organizer"",""tier"":""Participating"",""website"":""https://www.pythonanywhere.com/""}",{}
role_45d35ae4ace14152,org_cd90699b064c8ea9,evt_f483ad3b81f46644,sponsor,Participating,listed_by_organizer,src_a22d494816518b95,"{""domain"":""ordina.nl"",""locator"":""Participating > image alt Ordina Pythoneers Logo"",""name"":""Ordina Pythoneers"",""notes"":""Explicit edition-specific alt text; no visual logo recognition or cash amount inferred."",""role"":""sponsor"",""source_url"":""https://us.pycon.org/2022/sponsorship/sponsors/index.html"",""status"":""listed_by_organizer"",""tier"":""Participating"",""website"":""https://www.ordina.nl/vakgebieden/python/""}",{}
role_9236d0b655e6f257,org_a3ec05bacf98ab46,evt_f483ad3b81f46644,sponsor,Participating,listed_by_organizer,src_a22d494816518b95,"{""domain"":""revsys.com"",""locator"":""Participating > image alt REVSYS Logo"",""name"":""REVSYS"",""notes"":""Explicit edition-specific alt text; no visual logo recognition or cash amount inferred."",""role"":""sponsor"",""source_url"":""https://us.pycon.org/2022/sponsorship/sponsors/index.html"",""status"":""listed_by_organizer"",""tier"":""Participating"",""website"":""https://www.revsys.com""}",{}
role_74613faa03d57dc8,org_89d01c9ba73cb5c4,evt_f483ad3b81f46644,sponsor,Participating,listed_by_organizer,src_a22d494816518b95,"{""domain"":""twilio.com"",""locator"":""Participating > image alt Twilio Logo"",""name"":""Twilio"",""notes"":""Explicit edition-specific alt text; no visual logo recognition or cash amount inferred."",""role"":""sponsor"",""source_url"":""https://us.pycon.org/2022/sponsorship/sponsors/index.html"",""status"":""listed_by_organizer"",""tier"":""Participating"",""website"":""https://www.twilio.com/""}",{}
role_190cf5f0c870d881,org_c629c048fbb93653,evt_f483ad3b81f46644,sponsor,Participating,listed_by_organizer,src_a22d494816518b95,"{""domain"":""pythonic-exam.com"",""locator"":""Participating > image alt Python Engineer Development Association Logo"",""name"":""Python Engineer Development Association"",""notes"":""Explicit edition-specific alt text; no visual logo recognition or cash amount inferred."",""role"":""sponsor"",""source_url"":""https://us.pycon.org/2022/sponsorship/sponsors/index.html"",""status"":""listed_by_organizer"",""tier"":""Participating"",""website"":""https://www.pythonic-exam.com/en""}",{}
role_bf0b6b1c1c3abfca,org_7839b6ada259ffca,evt_f483ad3b81f46644,sponsor,Participating,listed_by_organizer,src_a22d494816518b95,"{""domain"":""recursion.com"",""locator"":""Participating > image alt Recursion Pharmaceuticals Logo"",""name"":""Recursion Pharmaceuticals"",""notes"":""Explicit edition-specific alt text; no visual logo recognition or cash amount inferred."",""role"":""sponsor"",""source_url"":""https://us.pycon.org/2022/sponsorship/sponsors/index.html"",""status"":""listed_by_organizer"",""tier"":""Participating"",""website"":""https://www.recursion.com""}",{}
role_79084b63db46a13d,org_58fd7151c0e14591,evt_f483ad3b81f46644,sponsor,Associate,listed_by_organizer,src_a22d494816518b95,"{""domain"":""ip2location.com"",""locator"":""Associate > image alt IP2Location Logo"",""name"":""IP2Location"",""notes"":""Explicit edition-specific alt text; no visual logo recognition or cash amount inferred."",""role"":""sponsor"",""source_url"":""https://us.pycon.org/2022/sponsorship/sponsors/index.html"",""status"":""listed_by_organizer"",""tier"":""Associate"",""website"":""https://www.ip2location.com""}",{}
role_853113a8b3600802,org_202d35b234122dd9,evt_f483ad3b81f46644,sponsor,Associate,listed_by_organizer,src_a22d494816518b95,"{""domain"":""fulfil.io"",""locator"":""Associate > image alt Fulfil.iO Logo"",""name"":""Fulfil.iO"",""notes"":""Explicit edition-specific alt text; no visual logo recognition or cash amount inferred."",""role"":""sponsor"",""source_url"":""https://us.pycon.org/2022/sponsorship/sponsors/index.html"",""status"":""listed_by_organizer"",""tier"":""Associate"",""website"":""https://www.fulfil.io/""}",{}
role_db2ee953a382181b,org_fefaa42da40ecf93,evt_f483ad3b81f46644,sponsor,Associate,listed_by_organizer,src_a22d494816518b95,"{""domain"":""hostinger.com"",""locator"":""Associate > image alt Hostinger Logo"",""name"":""Hostinger"",""notes"":""Explicit edition-specific alt text; no visual logo recognition or cash amount inferred."",""role"":""sponsor"",""source_url"":""https://us.pycon.org/2022/sponsorship/sponsors/index.html"",""status"":""listed_by_organizer"",""tier"":""Associate"",""website"":""https://www.hostinger.com/""}",{}
role_2c1d18e8b070bcae,org_f80e6507f90e6c33,evt_f483ad3b81f46644,sponsor,Associate,listed_by_organizer,src_a22d494816518b95,"{""domain"":""researchaffiliates.com"",""locator"":""Associate > image alt Research Affiliates Logo"",""name"":""Research Affiliates"",""notes"":""Explicit edition-specific alt text; no visual logo recognition or cash amount inferred."",""role"":""sponsor"",""source_url"":""https://us.pycon.org/2022/sponsorship/sponsors/index.html"",""status"":""listed_by_organizer"",""tier"":""Associate"",""website"":""https://www.researchaffiliates.com/about-us/technology""}",{}
role_71d330ebaa2c84f4,org_9174f65ba89173ac,evt_f483ad3b81f46644,sponsor,Associate,listed_by_organizer,src_a22d494816518b95,"{""domain"":""gretel.ai"",""locator"":""Associate > image alt Gretel.ai Logo"",""name"":""Gretel.ai"",""notes"":""Explicit edition-specific alt text; no visual logo recognition or cash amount inferred."",""role"":""sponsor"",""source_url"":""https://us.pycon.org/2022/sponsorship/sponsors/index.html"",""status"":""listed_by_organizer"",""tier"":""Associate"",""website"":""https://gretel.ai/""}",{}
role_2d5b208a933760ed,org_564119e3839812ca,evt_f483ad3b81f46644,sponsor,Associate,listed_by_organizer,src_a22d494816518b95,"{""domain"":""praca.pl"",""locator"":""Associate > image alt Praca.pl Logo"",""name"":""Praca.pl"",""notes"":""Explicit edition-specific alt text; no visual logo recognition or cash amount inferred."",""role"":""sponsor"",""source_url"":""https://us.pycon.org/2022/sponsorship/sponsors/index.html"",""status"":""listed_by_organizer"",""tier"":""Associate"",""website"":""https://www.praca.pl/""}",{}
role_66a80d8316dab6f1,org_8b8c575a7f97894b,evt_f483ad3b81f46644,sponsor,Associate,listed_by_organizer,src_a22d494816518b95,"{""domain"":""accountingdatasolutions.com"",""locator"":""Associate > image alt Accounting Data Solutions, LLC Logo"",""name"":""Accounting Data Solutions, LLC"",""notes"":""Explicit edition-specific alt text; no visual logo recognition or cash amount inferred."",""role"":""sponsor"",""source_url"":""https://us.pycon.org/2022/sponsorship/sponsors/index.html"",""status"":""listed_by_organizer"",""tier"":""Associate"",""website"":""https://www.accountingdatasolutions.com""}",{}
role_d003dff698dbbad5,org_1dd7fa803674c56e,evt_f483ad3b81f46644,sponsor,Associate,listed_by_organizer,src_a22d494816518b95,"{""domain"":""seo25.com"",""locator"":""Associate > image alt SEO25.com Logo"",""name"":""SEO25.com"",""notes"":""Explicit edition-specific alt text; no visual logo recognition or cash amount inferred."",""role"":""sponsor"",""source_url"":""https://us.pycon.org/2022/sponsorship/sponsors/index.html"",""status"":""listed_by_organizer"",""tier"":""Associate"",""website"":""https://www.seo25.com/""}",{}
role_77dbfa8190af7974,org_44d32dc33740cc89,evt_f483ad3b81f46644,sponsor,Associate,listed_by_organizer,src_a22d494816518b95,"{""domain"":""fortive.com"",""locator"":""Associate > image alt Fortive Logo"",""name"":""Fortive"",""notes"":""Explicit edition-specific alt text; no visual logo recognition or cash amount inferred."",""role"":""sponsor"",""source_url"":""https://us.pycon.org/2022/sponsorship/sponsors/index.html"",""status"":""listed_by_organizer"",""tier"":""Associate"",""website"":""https://fortive.com/""}",{}
role_a30b7ea3e340978a,org_a478b4566be5cb00,evt_f483ad3b81f46644,sponsor,Associate,listed_by_organizer,src_a22d494816518b95,"{""domain"":""postgresql.org"",""locator"":""Associate > image alt PostgreSQL Logo"",""name"":""PostgreSQL"",""notes"":""Explicit edition-specific alt text; no visual logo recognition or cash amount inferred."",""role"":""sponsor"",""source_url"":""https://us.pycon.org/2022/sponsorship/sponsors/index.html"",""status"":""listed_by_organizer"",""tier"":""Associate"",""website"":""https://www.postgresql.org/""}",{}
role_88cc3891ed29abfc,org_067e837f5e319f9b,evt_f483ad3b81f46644,sponsor,Associate,listed_by_organizer,src_a22d494816518b95,"{""domain"":""targetedwebtraffic.com"",""locator"":""Associate > image alt Targeted Web Traffic Logo"",""name"":""Targeted Web Traffic"",""notes"":""Explicit edition-specific alt text; no visual logo recognition or cash amount inferred."",""role"":""sponsor"",""source_url"":""https://us.pycon.org/2022/sponsorship/sponsors/index.html"",""status"":""listed_by_organizer"",""tier"":""Associate"",""website"":""https://www.targetedwebtraffic.com/""}",{}
role_bf24ae3233cd8e2b,org_031ac995a40ff061,evt_f483ad3b81f46644,sponsor,Associate,listed_by_organizer,src_a22d494816518b95,"{""domain"":""launchdarkly.com"",""locator"":""Associate > image alt LaunchDarkly Logo"",""name"":""LaunchDarkly"",""notes"":""Explicit edition-specific alt text; no visual logo recognition or cash amount inferred."",""role"":""sponsor"",""source_url"":""https://us.pycon.org/2022/sponsorship/sponsors/index.html"",""status"":""listed_by_organizer"",""tier"":""Associate"",""website"":""https://launchdarkly.com/""}",{}
role_a89f8001f76732e5,org_332668ef885f84aa,evt_f483ad3b81f46644,sponsor,Associate,listed_by_organizer,src_a22d494816518b95,"{""domain"":""minimumdepositcasinos.org"",""locator"":""Associate > image alt minimumdepositcasinos.org Logo"",""name"":""minimumdepositcasinos.org"",""notes"":""Explicit edition-specific alt text; no visual logo recognition or cash amount inferred."",""role"":""sponsor"",""source_url"":""https://us.pycon.org/2022/sponsorship/sponsors/index.html"",""status"":""listed_by_organizer"",""tier"":""Associate"",""website"":""https://www.minimumdepositcasinos.org/""}",{}
role_6380e24956679f9e,org_bb3ff901cf098794,evt_f483ad3b81f46644,sponsor,Associate,listed_by_organizer,src_a22d494816518b95,"{""domain"":""beproud.jp"",""locator"":""Associate > image alt BeProud Logo"",""name"":""BeProud"",""notes"":""Explicit edition-specific alt text; no visual logo recognition or cash amount inferred."",""role"":""sponsor"",""source_url"":""https://us.pycon.org/2022/sponsorship/sponsors/index.html"",""status"":""listed_by_organizer"",""tier"":""Associate"",""website"":""https://www.beproud.jp/""}",{}
role_95eae1e47b346b41,org_0de7775d90dfeb81,evt_f483ad3b81f46644,community_partner,Open Source and Community,listed_by_organizer,src_a22d494816518b95,"{""domain"":""pyladies.com"",""locator"":""Open Source and Community > image alt PyLadies Logo"",""name"":""PyLadies"",""notes"":""Explicit edition-specific alt text; no visual logo recognition or cash amount inferred."",""role"":""community_partner"",""source_url"":""https://us.pycon.org/2022/sponsorship/sponsors/index.html"",""status"":""listed_by_organizer"",""tier"":""Open Source and Community"",""website"":""https://pyladies.com""}",{}
role_6b3ff1e1c04e88f3,org_7613a692fc857508,evt_f483ad3b81f46644,community_partner,Open Source and Community,listed_by_organizer,src_a22d494816518b95,"{""domain"":""opensource.org"",""locator"":""Open Source and Community > image alt The Open Source Initiative Logo"",""name"":""The Open Source Initiative"",""notes"":""Explicit edition-specific alt text; no visual logo recognition or cash amount inferred."",""role"":""community_partner"",""source_url"":""https://us.pycon.org/2022/sponsorship/sponsors/index.html"",""status"":""listed_by_organizer"",""tier"":""Open Source and Community"",""website"":""https://opensource.org/""}",{}
role_ec6a6bba04cfd8dc,org_8005db898448a804,evt_f483ad3b81f46644,community_partner,Open Source and Community,listed_by_organizer,src_a22d494816518b95,"{""domain"":""python.org"",""locator"":""Open Source and Community > image alt Python Software Foundation Logo"",""name"":""Python Software Foundation"",""notes"":""Explicit edition-specific alt text; no visual logo recognition or cash amount inferred."",""role"":""community_partner"",""source_url"":""https://us.pycon.org/2022/sponsorship/sponsors/index.html"",""status"":""listed_by_organizer"",""tier"":""Open Source and Community"",""website"":""https://www.python.org/psf-landing/""}",{}
role_8c82b3ac52cbf7e6,org_a6158572ac986721,evt_f483ad3b81f46644,community_partner,Open Source and Community,listed_by_organizer,src_a22d494816518b95,"{""domain"":""nostarch.com"",""locator"":""Open Source and Community > image alt No Starch Press Logo"",""name"":""No Starch Press"",""notes"":""Explicit edition-specific alt text; no visual logo recognition or cash amount inferred."",""role"":""community_partner"",""source_url"":""https://us.pycon.org/2022/sponsorship/sponsors/index.html"",""status"":""listed_by_organizer"",""tier"":""Open Source and Community"",""website"":""https://nostarch.com/""}",{}
role_7b2417006e93ea7f,org_f270cf67ebde6e36,evt_f483ad3b81f46644,community_partner,Open Source and Community,listed_by_organizer,src_a22d494816518b95,"{""domain"":""numfocus.org"",""locator"":""Open Source and Community > image alt NumFOCUS Logo"",""name"":""NumFOCUS"",""notes"":""Explicit edition-specific alt text; no visual logo recognition or cash amount inferred."",""role"":""community_partner"",""source_url"":""https://us.pycon.org/2022/sponsorship/sponsors/index.html"",""status"":""listed_by_organizer"",""tier"":""Open Source and Community"",""website"":""https://numfocus.org""}",{}
role_56ca920135ed14ba,org_9e6d67222e41669b,evt_f483ad3b81f46644,exhibitor,PyCon Startup Row,listed_by_organizer,src_a22d494816518b95,"{""domain"":""chainguard.dev"",""locator"":""PyCon Startup Row > image alt Chainguard Logo"",""name"":""Chainguard"",""notes"":""Explicit edition-specific alt text; no visual logo recognition or cash amount inferred."",""role"":""exhibitor"",""source_url"":""https://us.pycon.org/2022/sponsorship/sponsors/index.html"",""status"":""listed_by_organizer"",""tier"":""PyCon Startup Row"",""website"":""https://chainguard.dev/""}",{}
role_4cbf42ed356e07b2,org_fb43d12620ce8705,evt_f483ad3b81f46644,exhibitor,PyCon Startup Row,listed_by_organizer,src_a22d494816518b95,"{""domain"":""ottertune.com"",""locator"":""PyCon Startup Row > image alt OtterTune, Inc. Logo"",""name"":""OtterTune, Inc."",""notes"":""Explicit edition-specific alt text; no visual logo recognition or cash amount inferred."",""role"":""exhibitor"",""source_url"":""https://us.pycon.org/2022/sponsorship/sponsors/index.html"",""status"":""listed_by_organizer"",""tier"":""PyCon Startup Row"",""website"":""https://ottertune.com/""}",{}
role_21aadd80f5b32502,org_483d9d2baa1c72ea,evt_f483ad3b81f46644,exhibitor,PyCon Startup Row,listed_by_organizer,src_a22d494816518b95,"{""domain"":""devron.ai"",""locator"":""PyCon Startup Row > image alt Devron Logo"",""name"":""Devron"",""notes"":""Explicit edition-specific alt text; no visual logo recognition or cash amount inferred."",""role"":""exhibitor"",""source_url"":""https://us.pycon.org/2022/sponsorship/sponsors/index.html"",""status"":""listed_by_organizer"",""tier"":""PyCon Startup Row"",""website"":""https://www.devron.ai/""}",{}
role_6b8463d58ab05058,org_870035512490d725,evt_f483ad3b81f46644,exhibitor,PyCon Startup Row,listed_by_organizer,src_a22d494816518b95,"{""domain"":""slim.ai"",""locator"":""PyCon Startup Row > image alt Slim.AI Logo"",""name"":""Slim.AI"",""notes"":""Explicit edition-specific alt text; no visual logo recognition or cash amount inferred."",""role"":""exhibitor"",""source_url"":""https://us.pycon.org/2022/sponsorship/sponsors/index.html"",""status"":""listed_by_organizer"",""tier"":""PyCon Startup Row"",""website"":""https://www.slim.ai/""}",{}
role_3cb9bc17bac34186,org_728f72723a0c5799,evt_f483ad3b81f46644,exhibitor,PyCon Startup Row,listed_by_organizer,src_a22d494816518b95,"{""domain"":""openblender.io"",""locator"":""PyCon Startup Row > image alt OpenBlender Logo"",""name"":""OpenBlender"",""notes"":""Explicit edition-specific alt text; no visual logo recognition or cash amount inferred."",""role"":""exhibitor"",""source_url"":""https://us.pycon.org/2022/sponsorship/sponsors/index.html"",""status"":""listed_by_organizer"",""tier"":""PyCon Startup Row"",""website"":""https://www.openblender.io/""}",{}
role_6b7199d8aaf095fe,org_bf0e59763d382462,evt_f483ad3b81f46644,exhibitor,PyCon Startup Row,listed_by_organizer,src_a22d494816518b95,"{""domain"":""union.ai"",""locator"":""PyCon Startup Row > image alt Union.ai Logo"",""name"":""Union.ai"",""notes"":""Explicit edition-specific alt text; no visual logo recognition or cash amount inferred."",""role"":""exhibitor"",""source_url"":""https://us.pycon.org/2022/sponsorship/sponsors/index.html"",""status"":""listed_by_organizer"",""tier"":""PyCon Startup Row"",""website"":""https://union.ai""}",{}
role_dc26b48d319e389a,org_457d5bf09e1107ec,evt_f483ad3b81f46644,exhibitor,PyCon Startup Row,listed_by_organizer,src_a22d494816518b95,"{""domain"":""ploomber.io"",""locator"":""PyCon Startup Row > image alt Ploomber Logo"",""name"":""Ploomber"",""notes"":""Explicit edition-specific alt text; no visual logo recognition or cash amount inferred."",""role"":""exhibitor"",""source_url"":""https://us.pycon.org/2022/sponsorship/sponsors/index.html"",""status"":""listed_by_organizer"",""tier"":""PyCon Startup Row"",""website"":""https://ploomber.io/""}",{}
role_1f68b3b9f5d6d702,org_b4281b9196d3c2e2,evt_f483ad3b81f46644,exhibitor,PyCon Startup Row,listed_by_organizer,src_a22d494816518b95,"{""domain"":""rasgoml.com"",""locator"":""PyCon Startup Row > image alt Rasgo Logo"",""name"":""Rasgo"",""notes"":""Explicit edition-specific alt text; no visual logo recognition or cash amount inferred."",""role"":""exhibitor"",""source_url"":""https://us.pycon.org/2022/sponsorship/sponsors/index.html"",""status"":""listed_by_organizer"",""tier"":""PyCon Startup Row"",""website"":""https://www.rasgoml.com/""}",{}
role_1be831b1b53d0196,org_8005db898448a804,evt_f483ad3b81f46644,organizer,,listed_by_organizer,src_add31ce74fe78bce,"{""domain"":""python.org"",""name"":""Python Software Foundation"",""role"":""organizer"",""source_url"":""https://us.pycon.org/2022/"",""status"":""listed_by_organizer"",""tier"":null}","{""tier"":""not_found_in_consulted_sources""}"
role_b20b88c869b85db5,org_ea3bd73e2b506e00,evt_b7c57b9d55e12e77,sponsor,Visionary,listed_by_organizer,src_f71418848b9fcad7,"{""domain"":""about.facebook.com"",""locator"":""Visionary > image alt Meta Logo"",""name"":""Meta"",""notes"":""Explicit edition-specific alt text; no visual logo recognition or cash amount inferred."",""role"":""sponsor"",""source_url"":""https://us.pycon.org/2023/sponsorship/sponsors/index.html"",""status"":""listed_by_organizer"",""tier"":""Visionary"",""website"":""https://about.facebook.com/meta/""}",{}
role_8e689cb83d3e3bd2,org_0fb9765e58d296e5,evt_b7c57b9d55e12e77,sponsor,Visionary,listed_by_organizer,src_f71418848b9fcad7,"{""domain"":""techatbloomberg.com"",""locator"":""Visionary > image alt Bloomberg Logo"",""name"":""Bloomberg"",""notes"":""Explicit edition-specific alt text; no visual logo recognition or cash amount inferred."",""role"":""sponsor"",""source_url"":""https://us.pycon.org/2023/sponsorship/sponsors/index.html"",""status"":""listed_by_organizer"",""tier"":""Visionary"",""website"":""https://www.techatbloomberg.com/""}",{}
role_77568a68b55c83cb,org_bbdefa2950f49882,evt_b7c57b9d55e12e77,sponsor,Visionary,listed_by_organizer,src_f71418848b9fcad7,"{""domain"":""opensource.google"",""locator"":""Visionary > image alt Google Logo"",""name"":""Google"",""notes"":""Explicit edition-specific alt text; no visual logo recognition or cash amount inferred."",""role"":""sponsor"",""source_url"":""https://us.pycon.org/2023/sponsorship/sponsors/index.html"",""status"":""listed_by_organizer"",""tier"":""Visionary"",""website"":""https://opensource.google/""}",{}
role_ab9bd9e4fdc269f0,org_9fbf261b62c1d7c0,evt_b7c57b9d55e12e77,sponsor,Sustainability,listed_by_organizer,src_f71418848b9fcad7,"{""domain"":""github.com"",""locator"":""Sustainability > image alt Microsoft Logo"",""name"":""Microsoft"",""notes"":""Explicit edition-specific alt text; no visual logo recognition or cash amount inferred."",""role"":""sponsor"",""source_url"":""https://us.pycon.org/2023/sponsorship/sponsors/index.html"",""status"":""listed_by_organizer"",""tier"":""Sustainability"",""website"":""https://github.com/microsoft/pycon""}",{}
role_970def2d362a350b,org_8d4321d936320802,evt_b7c57b9d55e12e77,sponsor,Sustainability,listed_by_organizer,src_f71418848b9fcad7,"{""domain"":""developer.nvidia.com"",""locator"":""Sustainability > image alt NVIDIA Logo"",""name"":""NVIDIA"",""notes"":""Explicit edition-specific alt text; no visual logo recognition or cash amount inferred."",""role"":""sponsor"",""source_url"":""https://us.pycon.org/2023/sponsorship/sponsors/index.html"",""status"":""listed_by_organizer"",""tier"":""Sustainability"",""website"":""https://developer.nvidia.com""}",{}
role_ed69c011ad1f9096,org_3ccbd9105a45d8fc,evt_b7c57b9d55e12e77,sponsor,Maintaining,listed_by_organizer,src_f71418848b9fcad7,"{""domain"":""opensource.salesforce.com"",""locator"":""Maintaining > image alt Salesforce Logo"",""name"":""Salesforce"",""notes"":""Explicit edition-specific alt text; no visual logo recognition or cash amount inferred."",""role"":""sponsor"",""source_url"":""https://us.pycon.org/2023/sponsorship/sponsors/index.html"",""status"":""listed_by_organizer"",""tier"":""Maintaining"",""website"":""https://opensource.salesforce.com/""}",{}
role_1849a6193009460f,org_1a75d3b9b9abf3ef,evt_b7c57b9d55e12e77,sponsor,Maintaining,listed_by_organizer,src_f71418848b9fcad7,"{""domain"":""qube-rt.com"",""locator"":""Maintaining > image alt Qube Research & Technologies Limited Logo"",""name"":""Qube Research & Technologies Limited"",""notes"":""Explicit edition-specific alt text; no visual logo recognition or cash amount inferred."",""role"":""sponsor"",""source_url"":""https://us.pycon.org/2023/sponsorship/sponsors/index.html"",""status"":""listed_by_organizer"",""tier"":""Maintaining"",""website"":""https://www.qube-rt.com/""}",{}
role_380dbf8e3712a5b7,org_7d1507284a5757ca,evt_b7c57b9d55e12e77,sponsor,Maintaining,listed_by_organizer,src_f71418848b9fcad7,"{""domain"":""aws.amazon.com"",""locator"":""Maintaining > image alt AWS Logo"",""name"":""AWS"",""notes"":""Explicit edition-specific alt text; no visual logo recognition or cash amount inferred."",""role"":""sponsor"",""source_url"":""https://us.pycon.org/2023/sponsorship/sponsors/index.html"",""status"":""listed_by_organizer"",""tier"":""Maintaining"",""website"":""https://aws.amazon.com/opensource""}",{}
role_5d5fb054d0caa8eb,org_fee6fd0cc1707a18,evt_b7c57b9d55e12e77,sponsor,Maintaining,listed_by_organizer,src_f71418848b9fcad7,"{""domain"":""ansys.com"",""locator"":""Maintaining > image alt Ansys Logo"",""name"":""Ansys"",""notes"":""Explicit edition-specific alt text; no visual logo recognition or cash amount inferred."",""role"":""sponsor"",""source_url"":""https://us.pycon.org/2023/sponsorship/sponsors/index.html"",""status"":""listed_by_organizer"",""tier"":""Maintaining"",""website"":""https://www.ansys.com/""}",{}
role_1c015d320dd89a8c,org_d888a3e4ea95d404,evt_b7c57b9d55e12e77,sponsor,Maintaining,listed_by_organizer,src_f71418848b9fcad7,"{""domain"":""opensource.indeed.com"",""locator"":""Maintaining > image alt Indeed Logo"",""name"":""Indeed"",""notes"":""Explicit edition-specific alt text; no visual logo recognition or cash amount inferred."",""role"":""sponsor"",""source_url"":""https://us.pycon.org/2023/sponsorship/sponsors/index.html"",""status"":""listed_by_organizer"",""tier"":""Maintaining"",""website"":""http://opensource.indeed.com""}",{}
role_eba92a1f658de279,org_67b51232d90eef07,evt_b7c57b9d55e12e77,sponsor,Maintaining,listed_by_organizer,src_f71418848b9fcad7,"{""domain"":""capitalone.com"",""locator"":""Maintaining > image alt Capital One Logo"",""name"":""Capital One"",""notes"":""Explicit edition-specific alt text; no visual logo recognition or cash amount inferred."",""role"":""sponsor"",""source_url"":""https://us.pycon.org/2023/sponsorship/sponsors/index.html"",""status"":""listed_by_organizer"",""tier"":""Maintaining"",""website"":""https://www.capitalone.com/tech/""}",{}
role_248589ea4159cef3,org_5b162b0485992362,evt_b7c57b9d55e12e77,sponsor,Contributing,listed_by_organizer,src_f71418848b9fcad7,"{""domain"":""citadelsecurities.com"",""locator"":""Contributing > image alt Citadel Securities Logo"",""name"":""Citadel Securities"",""notes"":""Explicit edition-specific alt text; no visual logo recognition or cash amount inferred."",""role"":""sponsor"",""source_url"":""https://us.pycon.org/2023/sponsorship/sponsors/index.html"",""status"":""listed_by_organizer"",""tier"":""Contributing"",""website"":""https://www.citadelsecurities.com/""}",{}
role_4ea871235018a680,org_c4fe98345289633c,evt_b7c57b9d55e12e77,sponsor,Contributing,listed_by_organizer,src_f71418848b9fcad7,"{""domain"":""fanniemae.com"",""locator"":""Contributing > image alt Fannie Mae Logo"",""name"":""Fannie Mae"",""notes"":""Explicit edition-specific alt text; no visual logo recognition or cash amount inferred."",""role"":""sponsor"",""source_url"":""https://us.pycon.org/2023/sponsorship/sponsors/index.html"",""status"":""listed_by_organizer"",""tier"":""Contributing"",""website"":""https://www.fanniemae.com""}",{}
role_fdd2f6f6fb2a3737,org_7606c4cbaae85d2d,evt_b7c57b9d55e12e77,sponsor,Contributing,listed_by_organizer,src_f71418848b9fcad7,"{""domain"":""anaconda.com"",""locator"":""Contributing > image alt Anaconda, Inc Logo"",""name"":""Anaconda, Inc"",""notes"":""Explicit edition-specific alt text; no visual logo recognition or cash amount inferred."",""role"":""sponsor"",""source_url"":""https://us.pycon.org/2023/sponsorship/sponsors/index.html"",""status"":""listed_by_organizer"",""tier"":""Contributing"",""website"":""https://www.anaconda.com/""}",{}
role_8acfdd91fa4d3216,org_4458f786505ab7bb,evt_b7c57b9d55e12e77,sponsor,Contributing,listed_by_organizer,src_f71418848b9fcad7,"{""domain"":""sonarsource.com"",""locator"":""Contributing > image alt SonarSource Logo"",""name"":""SonarSource"",""notes"":""Explicit edition-specific alt text; no visual logo recognition or cash amount inferred."",""role"":""sponsor"",""source_url"":""https://us.pycon.org/2023/sponsorship/sponsors/index.html"",""status"":""listed_by_organizer"",""tier"":""Contributing"",""website"":""https://www.sonarsource.com/""}",{}
role_c687ca7db2bf9b51,org_99c090636aa0f68a,evt_b7c57b9d55e12e77,sponsor,Contributing,listed_by_organizer,src_f71418848b9fcad7,"{""domain"":""pythoninstitute.org"",""locator"":""Contributing > image alt OpenEDG Python Institute Logo"",""name"":""OpenEDG Python Institute"",""notes"":""Explicit edition-specific alt text; no visual logo recognition or cash amount inferred."",""role"":""sponsor"",""source_url"":""https://us.pycon.org/2023/sponsorship/sponsors/index.html"",""status"":""listed_by_organizer"",""tier"":""Contributing"",""website"":""https://pythoninstitute.org/""}",{}
role_1ea978f0054abc08,org_8dfe5e6cf73b1d6b,evt_b7c57b9d55e12e77,sponsor,Contributing,listed_by_organizer,src_f71418848b9fcad7,"{""domain"":""redhat.com"",""locator"":""Contributing > image alt Red Hat Logo"",""name"":""Red Hat"",""notes"":""Explicit edition-specific alt text; no visual logo recognition or cash amount inferred."",""role"":""sponsor"",""source_url"":""https://us.pycon.org/2023/sponsorship/sponsors/index.html"",""status"":""listed_by_organizer"",""tier"":""Contributing"",""website"":""https://www.redhat.com/""}",{}
role_c343a8bd78cd4f52,org_0cf6855c1a3c323b,evt_b7c57b9d55e12e77,sponsor,Supporting,listed_by_organizer,src_f71418848b9fcad7,"{""domain"":""sentry.io"",""locator"":""Supporting > image alt Sentry Logo"",""name"":""Sentry"",""notes"":""Explicit edition-specific alt text; no visual logo recognition or cash amount inferred."",""role"":""sponsor"",""source_url"":""https://us.pycon.org/2023/sponsorship/sponsors/index.html"",""status"":""listed_by_organizer"",""tier"":""Supporting"",""website"":""https://sentry.io/welcome/""}",{}
role_f7d389224a9c95a0,org_c63a9876a150404e,evt_b7c57b9d55e12e77,sponsor,Supporting,listed_by_organizer,src_f71418848b9fcad7,"{""domain"":""delta.io"",""locator"":""Supporting > image alt Delta Lake Logo"",""name"":""Delta Lake"",""notes"":""Explicit edition-specific alt text; no visual logo recognition or cash amount inferred."",""role"":""sponsor"",""source_url"":""https://us.pycon.org/2023/sponsorship/sponsors/index.html"",""status"":""listed_by_organizer"",""tier"":""Supporting"",""website"":""https://delta.io""}",{}
role_8237c9e6cd713911,org_2dae946ece4887f3,evt_b7c57b9d55e12e77,sponsor,Supporting,listed_by_organizer,src_f71418848b9fcad7,"{""domain"":""courier.com"",""locator"":""Supporting > image alt Courier Logo"",""name"":""Courier"",""notes"":""Explicit edition-specific alt text; no visual logo recognition or cash amount inferred."",""role"":""sponsor"",""source_url"":""https://us.pycon.org/2023/sponsorship/sponsors/index.html"",""status"":""listed_by_organizer"",""tier"":""Supporting"",""website"":""https://www.courier.com""}",{}
role_4ac4005a65da2883,org_fff54f474949593e,evt_b7c57b9d55e12e77,sponsor,Supporting,listed_by_organizer,src_f71418848b9fcad7,"{""domain"":""janestreet.com"",""locator"":""Supporting > image alt Jane Street Logo"",""name"":""Jane Street"",""notes"":""Explicit edition-specific alt text; no visual logo recognition or cash amount inferred."",""role"":""sponsor"",""source_url"":""https://us.pycon.org/2023/sponsorship/sponsors/index.html"",""status"":""listed_by_organizer"",""tier"":""Supporting"",""website"":""https://www.janestreet.com/""}",{}
role_9c57eb34c0b278cc,org_8bd191612e518228,evt_b7c57b9d55e12e77,sponsor,Supporting,listed_by_organizer,src_f71418848b9fcad7,"{""domain"":""voloridge.com"",""locator"":""Supporting > image alt Voloridge Investment Management Logo"",""name"":""Voloridge Investment Management"",""notes"":""Explicit edition-specific alt text; no visual logo recognition or cash amount inferred."",""role"":""sponsor"",""source_url"":""https://us.pycon.org/2023/sponsorship/sponsors/index.html"",""status"":""listed_by_organizer"",""tier"":""Supporting"",""website"":""https://www.voloridge.com""}",{}
role_013632d08794c03c,org_737e91b03ee3cfc5,evt_b7c57b9d55e12e77,sponsor,Supporting,listed_by_organizer,src_f71418848b9fcad7,"{""domain"":""about.sourcegraph.com"",""locator"":""Supporting > image alt Sourcegraph Logo"",""name"":""Sourcegraph"",""notes"":""Explicit edition-specific alt text; no visual logo recognition or cash amount inferred."",""role"":""sponsor"",""source_url"":""https://us.pycon.org/2023/sponsorship/sponsors/index.html"",""status"":""listed_by_organizer"",""tier"":""Supporting"",""website"":""https://about.sourcegraph.com""}",{}
role_44efe2d5193441fe,org_6c2949a5b9698d22,evt_b7c57b9d55e12e77,sponsor,Supporting,listed_by_organizer,src_f71418848b9fcad7,"{""domain"":""jetbrains.com"",""locator"":""Supporting > image alt JetBrains Logo"",""name"":""JetBrains"",""notes"":""Explicit edition-specific alt text; no visual logo recognition or cash amount inferred."",""role"":""sponsor"",""source_url"":""https://us.pycon.org/2023/sponsorship/sponsors/index.html"",""status"":""listed_by_organizer"",""tier"":""Supporting"",""website"":""https://www.jetbrains.com/pycharm/""}",{}
role_b7d0954eb4dbc666,org_472e893c30310a7b,evt_b7c57b9d55e12e77,sponsor,Supporting,listed_by_organizer,src_f71418848b9fcad7,"{""domain"":""tidelift.com"",""locator"":""Supporting > image alt Tidelift Logo"",""name"":""Tidelift"",""notes"":""Explicit edition-specific alt text; no visual logo recognition or cash amount inferred."",""role"":""sponsor"",""source_url"":""https://us.pycon.org/2023/sponsorship/sponsors/index.html"",""status"":""listed_by_organizer"",""tier"":""Supporting"",""website"":""https://tidelift.com/""}",{}
role_67cdc3374dffb4d5,org_50cfd89765d6d5dd,evt_b7c57b9d55e12e77,sponsor,Supporting,listed_by_organizer,src_f71418848b9fcad7,"{""domain"":""crunchydata.com"",""locator"":""Supporting > image alt Crunchy Data Logo"",""name"":""Crunchy Data"",""notes"":""Explicit edition-specific alt text; no visual logo recognition or cash amount inferred."",""role"":""sponsor"",""source_url"":""https://us.pycon.org/2023/sponsorship/sponsors/index.html"",""status"":""listed_by_organizer"",""tier"":""Supporting"",""website"":""https://www.crunchydata.com/""}",{}
role_b939b581a09298a1,org_71cb02ed8285bbc0,evt_b7c57b9d55e12e77,sponsor,Supporting,listed_by_organizer,src_f71418848b9fcad7,"{""domain"":""covalent.xyz"",""locator"":""Supporting > image alt Covalent Logo"",""name"":""Covalent"",""notes"":""Explicit edition-specific alt text; no visual logo recognition or cash amount inferred."",""role"":""sponsor"",""source_url"":""https://us.pycon.org/2023/sponsorship/sponsors/index.html"",""status"":""listed_by_organizer"",""tier"":""Supporting"",""website"":""https://www.covalent.xyz/""}",{}
role_4c765525450be625,org_4efb305aa25d3762,evt_b7c57b9d55e12e77,sponsor,Partner,listed_by_organizer,src_f71418848b9fcad7,"{""domain"":""descope.com"",""locator"":""Partner > image alt Descope Logo"",""name"":""Descope"",""notes"":""Explicit edition-specific alt text; no visual logo recognition or cash amount inferred."",""role"":""sponsor"",""source_url"":""https://us.pycon.org/2023/sponsorship/sponsors/index.html"",""status"":""listed_by_organizer"",""tier"":""Partner"",""website"":""https://www.descope.com""}",{}
role_e3cc55e9c08f2abf,org_583a0126b22c6e8c,evt_b7c57b9d55e12e77,sponsor,Partner,listed_by_organizer,src_f71418848b9fcad7,"{""domain"":""taipy.io"",""locator"":""Partner > image alt Taipy Logo"",""name"":""Taipy"",""notes"":""Explicit edition-specific alt text; no visual logo recognition or cash amount inferred."",""role"":""sponsor"",""source_url"":""https://us.pycon.org/2023/sponsorship/sponsors/index.html"",""status"":""listed_by_organizer"",""tier"":""Partner"",""website"":""https://www.taipy.io/""}",{}
role_5f7f60d1a2d270f8,org_dda458ae9a200140,evt_b7c57b9d55e12e77,sponsor,Partner,listed_by_organizer,src_f71418848b9fcad7,"{""domain"":""jina.ai"",""locator"":""Partner > image alt Jina AI Logo"",""name"":""Jina AI"",""notes"":""Explicit edition-specific alt text; no visual logo recognition or cash amount inferred."",""role"":""sponsor"",""source_url"":""https://us.pycon.org/2023/sponsorship/sponsors/index.html"",""status"":""listed_by_organizer"",""tier"":""Partner"",""website"":""http://www.jina.ai""}",{}
role_0bfeb65bf8ee7de7,org_031ac995a40ff061,evt_b7c57b9d55e12e77,sponsor,Partner,listed_by_organizer,src_f71418848b9fcad7,"{""domain"":""launchdarkly.com"",""locator"":""Partner > image alt LaunchDarkly Logo"",""name"":""LaunchDarkly"",""notes"":""Explicit edition-specific alt text; no visual logo recognition or cash amount inferred."",""role"":""sponsor"",""source_url"":""https://us.pycon.org/2023/sponsorship/sponsors/index.html"",""status"":""listed_by_organizer"",""tier"":""Partner"",""website"":""https://launchdarkly.com/""}",{}
role_f3664a6ee47b0637,org_de19a670b445db55,evt_b7c57b9d55e12e77,sponsor,Partner,listed_by_organizer,src_f71418848b9fcad7,"{""domain"":""noteable.io"",""locator"":""Partner > image alt Noteable Logo"",""name"":""Noteable"",""notes"":""Explicit edition-specific alt text; no visual logo recognition or cash amount inferred."",""role"":""sponsor"",""source_url"":""https://us.pycon.org/2023/sponsorship/sponsors/index.html"",""status"":""listed_by_organizer"",""tier"":""Partner"",""website"":""https://noteable.io/""}",{}
role_c39dccc8f21f500c,org_e4540a7c8404b1be,evt_b7c57b9d55e12e77,sponsor,Partner,listed_by_organizer,src_f71418848b9fcad7,"{""domain"":""temporal.io"",""locator"":""Partner > image alt Temporal Logo"",""name"":""Temporal"",""notes"":""Explicit edition-specific alt text; no visual logo recognition or cash amount inferred."",""role"":""sponsor"",""source_url"":""https://us.pycon.org/2023/sponsorship/sponsors/index.html"",""status"":""listed_by_organizer"",""tier"":""Partner"",""website"":""https://www.temporal.io/""}",{}
role_dfc266fa9adb2dea,org_e1c8b17102a886c6,evt_b7c57b9d55e12e77,sponsor,Partner,listed_by_organizer,src_f71418848b9fcad7,"{""domain"":""retool.com"",""locator"":""Partner > image alt Retool Logo"",""name"":""Retool"",""notes"":""Explicit edition-specific alt text; no visual logo recognition or cash amount inferred."",""role"":""sponsor"",""source_url"":""https://us.pycon.org/2023/sponsorship/sponsors/index.html"",""status"":""listed_by_organizer"",""tier"":""Partner"",""website"":""https://retool.com/""}",{}
role_d5521bc56eacb377,org_986051385feae5b9,evt_b7c57b9d55e12e77,sponsor,Partner,listed_by_organizer,src_f71418848b9fcad7,"{""domain"":""elastic.co"",""locator"":""Partner > image alt Elastic Logo"",""name"":""Elastic"",""notes"":""Explicit edition-specific alt text; no visual logo recognition or cash amount inferred."",""role"":""sponsor"",""source_url"":""https://us.pycon.org/2023/sponsorship/sponsors/index.html"",""status"":""listed_by_organizer"",""tier"":""Partner"",""website"":""https://www.elastic.co/""}",{}
role_00d2efee170fcb47,org_1706716bb5eebbe2,evt_b7c57b9d55e12e77,sponsor,Partner,listed_by_organizer,src_f71418848b9fcad7,"{""domain"":""superblocks.com"",""locator"":""Partner > image alt Superblocks Logo"",""name"":""Superblocks"",""notes"":""Explicit edition-specific alt text; no visual logo recognition or cash amount inferred."",""role"":""sponsor"",""source_url"":""https://us.pycon.org/2023/sponsorship/sponsors/index.html"",""status"":""listed_by_organizer"",""tier"":""Partner"",""website"":""https://www.superblocks.com/python""}",{}
role_4be2181afd9d0116,org_e25481764d2dd413,evt_b7c57b9d55e12e77,sponsor,Partner,listed_by_organizer,src_f71418848b9fcad7,"{""domain"":""deepset.ai"",""locator"":""Partner > image alt deepset Logo"",""name"":""deepset"",""notes"":""Explicit edition-specific alt text; no visual logo recognition or cash amount inferred."",""role"":""sponsor"",""source_url"":""https://us.pycon.org/2023/sponsorship/sponsors/index.html"",""status"":""listed_by_organizer"",""tier"":""Partner"",""website"":""https://www.deepset.ai/""}",{}
role_e005409de45d2c4e,org_37b61d8e485adf54,evt_b7c57b9d55e12e77,sponsor,Partner,listed_by_organizer,src_f71418848b9fcad7,"{""domain"":""linode.com"",""locator"":""Partner > image alt Akamai Cloud Computing Services Logo"",""name"":""Akamai Cloud Computing Services"",""notes"":""Explicit edition-specific alt text; no visual logo recognition or cash amount inferred."",""role"":""sponsor"",""source_url"":""https://us.pycon.org/2023/sponsorship/sponsors/index.html"",""status"":""listed_by_organizer"",""tier"":""Partner"",""website"":""https://www.linode.com/""}",{}
role_e08a96d031744d4d,org_f8532933789406dc,evt_b7c57b9d55e12e77,sponsor,Partner,listed_by_organizer,src_f71418848b9fcad7,"{""domain"":""realpython.com"",""locator"":""Partner > image alt Real Python Logo"",""name"":""Real Python"",""notes"":""Explicit edition-specific alt text; no visual logo recognition or cash amount inferred."",""role"":""sponsor"",""source_url"":""https://us.pycon.org/2023/sponsorship/sponsors/index.html"",""status"":""listed_by_organizer"",""tier"":""Partner"",""website"":""https://realpython.com""}",{}
role_26a7c880603288a0,org_1d772ffb5ed5f970,evt_b7c57b9d55e12e77,sponsor,Partner,listed_by_organizer,src_f71418848b9fcad7,"{""domain"":""sourcery.ai"",""locator"":""Partner > image alt Sourcery Logo"",""name"":""Sourcery"",""notes"":""Explicit edition-specific alt text; no visual logo recognition or cash amount inferred."",""role"":""sponsor"",""source_url"":""https://us.pycon.org/2023/sponsorship/sponsors/index.html"",""status"":""listed_by_organizer"",""tier"":""Partner"",""website"":""https://sourcery.ai""}",{}
role_a3d8af9ec223f180,org_b7f79e8d35e86317,evt_b7c57b9d55e12e77,sponsor,Partner,listed_by_organizer,src_f71418848b9fcad7,"{""domain"":""capeprivacy.com"",""locator"":""Partner > image alt Cape Privacy Logo"",""name"":""Cape Privacy"",""notes"":""Explicit edition-specific alt text; no visual logo recognition or cash amount inferred."",""role"":""sponsor"",""source_url"":""https://us.pycon.org/2023/sponsorship/sponsors/index.html"",""status"":""listed_by_organizer"",""tier"":""Partner"",""website"":""https://capeprivacy.com/""}",{}
role_9e2257e7a26c6cc2,org_aacca8bcb37aefa0,evt_b7c57b9d55e12e77,sponsor,Partner,listed_by_organizer,src_f71418848b9fcad7,"{""domain"":""verizon.com"",""locator"":""Partner > image alt Verizon Logo"",""name"":""Verizon"",""notes"":""Explicit edition-specific alt text; no visual logo recognition or cash amount inferred."",""role"":""sponsor"",""source_url"":""https://us.pycon.org/2023/sponsorship/sponsors/index.html"",""status"":""listed_by_organizer"",""tier"":""Partner"",""website"":""https://www.verizon.com/support/residential/internet/equipment/open-source-software""}",{}
role_db72c7d4ae982523,org_7ba99a119580a884,evt_b7c57b9d55e12e77,sponsor,Partner,listed_by_organizer,src_f71418848b9fcad7,"{""domain"":""openteams.com"",""locator"":""Partner > image alt OpenTeams Logo"",""name"":""OpenTeams"",""notes"":""Explicit edition-specific alt text; no visual logo recognition or cash amount inferred."",""role"":""sponsor"",""source_url"":""https://us.pycon.org/2023/sponsorship/sponsors/index.html"",""status"":""listed_by_organizer"",""tier"":""Partner"",""website"":""https://www.openteams.com""}",{}
role_da91083d1f1ad1eb,org_de5a1adf4fedcce1,evt_b7c57b9d55e12e77,sponsor,Partner,listed_by_organizer,src_f71418848b9fcad7,"{""domain"":""snowflake.com"",""locator"":""Partner > image alt Snowflake Logo"",""name"":""Snowflake"",""notes"":""Explicit edition-specific alt text; no visual logo recognition or cash amount inferred."",""role"":""sponsor"",""source_url"":""https://us.pycon.org/2023/sponsorship/sponsors/index.html"",""status"":""listed_by_organizer"",""tier"":""Partner"",""website"":""https://www.snowflake.com/""}",{}
role_df29a0703f6337d9,org_5a1ad84a47ec210d,evt_b7c57b9d55e12e77,sponsor,Partner,listed_by_organizer,src_f71418848b9fcad7,"{""domain"":""hudsonrivertrading.com"",""locator"":""Partner > image alt Hudson River Trading Logo"",""name"":""Hudson River Trading"",""notes"":""Explicit edition-specific alt text; no visual logo recognition or cash amount inferred."",""role"":""sponsor"",""source_url"":""https://us.pycon.org/2023/sponsorship/sponsors/index.html"",""status"":""listed_by_organizer"",""tier"":""Partner"",""website"":""https://www.hudsonrivertrading.com/""}",{}
role_d64df4ab2af7145c,org_93d59962b06d8e0f,evt_b7c57b9d55e12e77,sponsor,Partner,listed_by_organizer,src_f71418848b9fcad7,"{""domain"":""lerner.co.il"",""locator"":""Partner > image alt Reuven Lerner — Python training Logo"",""name"":""Reuven Lerner — Python training"",""notes"":""Explicit edition-specific alt text; no visual logo recognition or cash amount inferred."",""role"":""sponsor"",""source_url"":""https://us.pycon.org/2023/sponsorship/sponsors/index.html"",""status"":""listed_by_organizer"",""tier"":""Partner"",""website"":""https://lerner.co.il""}",{}
role_f4b0010bb4899cc5,org_66a4c7087268d4e4,evt_b7c57b9d55e12e77,sponsor,Partner,listed_by_organizer,src_f71418848b9fcad7,"{""domain"":""hennge.com"",""locator"":""Partner > image alt HENNGE (Japan) Logo"",""name"":""HENNGE (Japan)"",""notes"":""Explicit edition-specific alt text; no visual logo recognition or cash amount inferred."",""role"":""sponsor"",""source_url"":""https://us.pycon.org/2023/sponsorship/sponsors/index.html"",""status"":""listed_by_organizer"",""tier"":""Partner"",""website"":""https://hennge.com/global/""}",{}
role_b0ed182646966adb,org_4d8bd97f03109ac1,evt_b7c57b9d55e12e77,sponsor,Partner,listed_by_organizer,src_f71418848b9fcad7,"{""domain"":""datadoghq.com"",""locator"":""Partner > image alt Datadog Logo"",""name"":""Datadog"",""notes"":""Explicit edition-specific alt text; no visual logo recognition or cash amount inferred."",""role"":""sponsor"",""source_url"":""https://us.pycon.org/2023/sponsorship/sponsors/index.html"",""status"":""listed_by_organizer"",""tier"":""Partner"",""website"":""https://www.datadoghq.com/""}",{}
role_28a694eb60a7c935,org_5cc622b97d56ad8e,evt_b7c57b9d55e12e77,sponsor,Partner,listed_by_organizer,src_f71418848b9fcad7,"{""domain"":""usds.gov"",""locator"":""Partner > image alt US Digital Service Logo"",""name"":""US Digital Service"",""notes"":""Explicit edition-specific alt text; no visual logo recognition or cash amount inferred."",""role"":""sponsor"",""source_url"":""https://us.pycon.org/2023/sponsorship/sponsors/index.html"",""status"":""listed_by_organizer"",""tier"":""Partner"",""website"":""http://www.usds.gov""}",{}
role_77ae5f0e8d635184,org_a6158572ac986721,evt_b7c57b9d55e12e77,sponsor,Partner,listed_by_organizer,src_f71418848b9fcad7,"{""domain"":""nostarch.com"",""locator"":""Partner > image alt No Starch Press Logo"",""name"":""No Starch Press"",""notes"":""Explicit edition-specific alt text; no visual logo recognition or cash amount inferred."",""role"":""sponsor"",""source_url"":""https://us.pycon.org/2023/sponsorship/sponsors/index.html"",""status"":""listed_by_organizer"",""tier"":""Partner"",""website"":""https://nostarch.com/""}",{}
role_7a21298587acaad5,org_36787b2f74a66b93,evt_b7c57b9d55e12e77,sponsor,Partner,listed_by_organizer,src_f71418848b9fcad7,"{""domain"":""a0.to"",""locator"":""Partner > image alt Auth0 by Okta Logo"",""name"":""Auth0 by Okta"",""notes"":""Explicit edition-specific alt text; no visual logo recognition or cash amount inferred."",""role"":""sponsor"",""source_url"":""https://us.pycon.org/2023/sponsorship/sponsors/index.html"",""status"":""listed_by_organizer"",""tier"":""Partner"",""website"":""https://a0.to/pyconus""}",{}
role_3274a3892d2ce1c3,org_b2f7f26289c74cdf,evt_b7c57b9d55e12e77,sponsor,Partner,listed_by_organizer,src_f71418848b9fcad7,"{""domain"":""withcoherence.com"",""locator"":""Partner > image alt Coherence Logo"",""name"":""Coherence"",""notes"":""Explicit edition-specific alt text; no visual logo recognition or cash amount inferred."",""role"":""sponsor"",""source_url"":""https://us.pycon.org/2023/sponsorship/sponsors/index.html"",""status"":""listed_by_organizer"",""tier"":""Partner"",""website"":""https://www.withcoherence.com/""}",{}
role_5b1f17e4633dc7ff,org_13fd9e770be36698,evt_b7c57b9d55e12e77,sponsor,Partner,listed_by_organizer,src_f71418848b9fcad7,"{""domain"":""neo4j.com"",""locator"":""Partner > image alt neo4j Logo"",""name"":""neo4j"",""notes"":""Explicit edition-specific alt text; no visual logo recognition or cash amount inferred."",""role"":""sponsor"",""source_url"":""https://us.pycon.org/2023/sponsorship/sponsors/index.html"",""status"":""listed_by_organizer"",""tier"":""Partner"",""website"":""https://neo4j.com""}",{}
role_431c35e1224a8307,org_08e05b2a2d20f9bb,evt_b7c57b9d55e12e77,sponsor,Partner,listed_by_organizer,src_f71418848b9fcad7,"{""domain"":""telemetryhub.com"",""locator"":""Partner > image alt TelemetryHub Logo"",""name"":""TelemetryHub"",""notes"":""Explicit edition-specific alt text; no visual logo recognition or cash amount inferred."",""role"":""sponsor"",""source_url"":""https://us.pycon.org/2023/sponsorship/sponsors/index.html"",""status"":""listed_by_organizer"",""tier"":""Partner"",""website"":""https://telemetryhub.com/?utm_source=pycon_2023&utm_medium=event&utm_campaign=sponsor_landingpage_link""}",{}
role_791e8b6483f309dd,org_b0c5ed0373c6dce9,evt_b7c57b9d55e12e77,sponsor,Partner,listed_by_organizer,src_f71418848b9fcad7,"{""domain"":""anyscale.com"",""locator"":""Partner > image alt Anyscale Logo"",""name"":""Anyscale"",""notes"":""Explicit edition-specific alt text; no visual logo recognition or cash amount inferred."",""role"":""sponsor"",""source_url"":""https://us.pycon.org/2023/sponsorship/sponsors/index.html"",""status"":""listed_by_organizer"",""tier"":""Partner"",""website"":""https://www.anyscale.com/""}",{}
role_bb6ec99304f23dbb,org_e2657581fe469aaa,evt_b7c57b9d55e12e77,sponsor,Partner,listed_by_organizer,src_f71418848b9fcad7,"{""domain"":""infobip.com"",""locator"":""Partner > image alt Infobip Logo"",""name"":""Infobip"",""notes"":""Explicit edition-specific alt text; no visual logo recognition or cash amount inferred."",""role"":""sponsor"",""source_url"":""https://us.pycon.org/2023/sponsorship/sponsors/index.html"",""status"":""listed_by_organizer"",""tier"":""Partner"",""website"":""https://www.infobip.com""}",{}
role_a21dd8643d21926d,org_50bc66d8aae5ae90,evt_b7c57b9d55e12e77,sponsor,Partner,listed_by_organizer,src_f71418848b9fcad7,"{""domain"":""anvil.works"",""locator"":""Partner > image alt Anvil Logo"",""name"":""Anvil"",""notes"":""Explicit edition-specific alt text; no visual logo recognition or cash amount inferred."",""role"":""sponsor"",""source_url"":""https://us.pycon.org/2023/sponsorship/sponsors/index.html"",""status"":""listed_by_organizer"",""tier"":""Partner"",""website"":""https://anvil.works/?utm_source=sponsorship:pycon-2021""}",{}
role_dad2554153e10700,org_6cf8f6a5860efce5,evt_b7c57b9d55e12e77,sponsor,Partner,listed_by_organizer,src_f71418848b9fcad7,"{""domain"":""einblick.ai"",""locator"":""Partner > image alt Einblick Analytics Inc. Logo"",""name"":""Einblick Analytics Inc."",""notes"":""Explicit edition-specific alt text; no visual logo recognition or cash amount inferred."",""role"":""sponsor"",""source_url"":""https://us.pycon.org/2023/sponsorship/sponsors/index.html"",""status"":""listed_by_organizer"",""tier"":""Partner"",""website"":""https://www.einblick.ai/""}",{}
role_5410ca770a63dc80,org_13ed070478ef62c3,evt_b7c57b9d55e12e77,sponsor,Participating,listed_by_organizer,src_f71418848b9fcad7,"{""domain"":""jobs.netflix.com"",""locator"":""Participating > image alt Netflix Logo"",""name"":""Netflix"",""notes"":""Explicit edition-specific alt text; no visual logo recognition or cash amount inferred."",""role"":""sponsor"",""source_url"":""https://us.pycon.org/2023/sponsorship/sponsors/index.html"",""status"":""listed_by_organizer"",""tier"":""Participating"",""website"":""https://jobs.netflix.com/""}",{}
role_eb93e0a2a31b7303,org_bffa48eb238c593b,evt_b7c57b9d55e12e77,sponsor,Participating,listed_by_organizer,src_f71418848b9fcad7,"{""domain"":""sixfeetup.com"",""locator"":""Participating > image alt Six Feet Up Logo"",""name"":""Six Feet Up"",""notes"":""Explicit edition-specific alt text; no visual logo recognition or cash amount inferred."",""role"":""sponsor"",""source_url"":""https://us.pycon.org/2023/sponsorship/sponsors/index.html"",""status"":""listed_by_organizer"",""tier"":""Participating"",""website"":""https://www.sixfeetup.com""}",{}
role_cff4062f4ede9c64,org_2d11bbe7f5477739,evt_b7c57b9d55e12e77,sponsor,Participating,listed_by_organizer,src_f71418848b9fcad7,"{""domain"":""toyotafinancial.com"",""locator"":""Participating > image alt Toyota Financial Services Logo"",""name"":""Toyota Financial Services"",""notes"":""Explicit edition-specific alt text; no visual logo recognition or cash amount inferred."",""role"":""sponsor"",""source_url"":""https://us.pycon.org/2023/sponsorship/sponsors/index.html"",""status"":""listed_by_organizer"",""tier"":""Participating"",""website"":""https://www.toyotafinancial.com/us/en.html""}",{}
role_9885480fe7d1dce3,org_4327ae043030e56a,evt_b7c57b9d55e12e77,sponsor,Participating,listed_by_organizer,src_f71418848b9fcad7,"{""domain"":""lincolnloop.com"",""locator"":""Participating > image alt Lincoln Loop Logo"",""name"":""Lincoln Loop"",""notes"":""Explicit edition-specific alt text; no visual logo recognition or cash amount inferred."",""role"":""sponsor"",""source_url"":""https://us.pycon.org/2023/sponsorship/sponsors/index.html"",""status"":""listed_by_organizer"",""tier"":""Participating"",""website"":""https://lincolnloop.com""}",{}
role_96e5c28b5500d8c2,org_1e86eae524ed28f9,evt_b7c57b9d55e12e77,sponsor,Participating,listed_by_organizer,src_f71418848b9fcad7,"{""domain"":""quansight.com"",""locator"":""Participating > image alt Quansight Logo"",""name"":""Quansight"",""notes"":""Explicit edition-specific alt text; no visual logo recognition or cash amount inferred."",""role"":""sponsor"",""source_url"":""https://us.pycon.org/2023/sponsorship/sponsors/index.html"",""status"":""listed_by_organizer"",""tier"":""Participating"",""website"":""https://www.quansight.com/""}",{}
role_ab612ca79a54c57b,org_2d6c9f56bae05223,evt_b7c57b9d55e12e77,sponsor,Participating,listed_by_organizer,src_f71418848b9fcad7,"{""domain"":""guidebook.com"",""locator"":""Participating > image alt Guidebook Logo"",""name"":""Guidebook"",""notes"":""Explicit edition-specific alt text; no visual logo recognition or cash amount inferred."",""role"":""sponsor"",""source_url"":""https://us.pycon.org/2023/sponsorship/sponsors/index.html"",""status"":""listed_by_organizer"",""tier"":""Participating"",""website"":""https://guidebook.com/""}",{}
role_e373ee011cb61078,org_19dd31ffd7bb951a,evt_b7c57b9d55e12e77,sponsor,Participating,listed_by_organizer,src_f71418848b9fcad7,"{""domain"":""twosigma.com"",""locator"":""Participating > image alt Two Sigma Logo"",""name"":""Two Sigma"",""notes"":""Explicit edition-specific alt text; no visual logo recognition or cash amount inferred."",""role"":""sponsor"",""source_url"":""https://us.pycon.org/2023/sponsorship/sponsors/index.html"",""status"":""listed_by_organizer"",""tier"":""Participating"",""website"":""https://www.twosigma.com/""}",{}
role_a6891771892ffbf2,org_c723ccd1e1a6eb20,evt_b7c57b9d55e12e77,sponsor,Participating,listed_by_organizer,src_f71418848b9fcad7,"{""domain"":""bluevine.com"",""locator"":""Participating > image alt Bluevine Logo"",""name"":""Bluevine"",""notes"":""Explicit edition-specific alt text; no visual logo recognition or cash amount inferred."",""role"":""sponsor"",""source_url"":""https://us.pycon.org/2023/sponsorship/sponsors/index.html"",""status"":""listed_by_organizer"",""tier"":""Participating"",""website"":""https://www.bluevine.com""}",{}
role_2d75cb8086a21fa6,org_edcf0458016a0e5b,evt_b7c57b9d55e12e77,sponsor,Participating,listed_by_organizer,src_f71418848b9fcad7,"{""domain"":""healthvana.com"",""locator"":""Participating > image alt Healthvana Logo"",""name"":""Healthvana"",""notes"":""Explicit edition-specific alt text; no visual logo recognition or cash amount inferred."",""role"":""sponsor"",""source_url"":""https://us.pycon.org/2023/sponsorship/sponsors/index.html"",""status"":""listed_by_organizer"",""tier"":""Participating"",""website"":""https://healthvana.com/""}",{}
role_146331298d99e404,org_f96e1cd338ed25c1,evt_b7c57b9d55e12e77,sponsor,Participating,listed_by_organizer,src_f71418848b9fcad7,"{""domain"":""mule.to"",""locator"":""Participating > image alt Sticker Mule Logo"",""name"":""Sticker Mule"",""notes"":""Explicit edition-specific alt text; no visual logo recognition or cash amount inferred."",""role"":""sponsor"",""source_url"":""https://us.pycon.org/2023/sponsorship/sponsors/index.html"",""status"":""listed_by_organizer"",""tier"":""Participating"",""website"":""https://mule.to/p3xe""}",{}
role_611355a3c54072d5,org_c629c048fbb93653,evt_b7c57b9d55e12e77,sponsor,Participating,listed_by_organizer,src_f71418848b9fcad7,"{""domain"":""pythonic-exam.com"",""locator"":""Participating > image alt Python Engineer Development Association Logo"",""name"":""Python Engineer Development Association"",""notes"":""Explicit edition-specific alt text; no visual logo recognition or cash amount inferred."",""role"":""sponsor"",""source_url"":""https://us.pycon.org/2023/sponsorship/sponsors/index.html"",""status"":""listed_by_organizer"",""tier"":""Participating"",""website"":""https://www.pythonic-exam.com/en""}",{}
role_0ce457ad1115648e,org_3db1f560db626918,evt_b7c57b9d55e12e77,sponsor,Participating,listed_by_organizer,src_f71418848b9fcad7,"{""domain"":""canva.com"",""locator"":""Participating > image alt Canva Logo"",""name"":""Canva"",""notes"":""Explicit edition-specific alt text; no visual logo recognition or cash amount inferred."",""role"":""sponsor"",""source_url"":""https://us.pycon.org/2023/sponsorship/sponsors/index.html"",""status"":""listed_by_organizer"",""tier"":""Participating"",""website"":""https://www.canva.com/""}",{}
role_0101565852948dc2,org_b17a3bcc21f120a7,evt_b7c57b9d55e12e77,sponsor,Associate,listed_by_organizer,src_f71418848b9fcad7,"{""domain"":""devitjobs.us"",""locator"":""Associate > image alt DevITjobs Logo"",""name"":""DevITjobs"",""notes"":""Explicit edition-specific alt text; no visual logo recognition or cash amount inferred."",""role"":""sponsor"",""source_url"":""https://us.pycon.org/2023/sponsorship/sponsors/index.html"",""status"":""listed_by_organizer"",""tier"":""Associate"",""website"":""https://devitjobs.us/jobs/Python/all/all""}",{}
role_59ef4896656b2d30,org_332668ef885f84aa,evt_b7c57b9d55e12e77,sponsor,Associate,listed_by_organizer,src_f71418848b9fcad7,"{""domain"":""minimumdepositcasinos.org"",""locator"":""Associate > image alt minimumdepositcasinos.org Logo"",""name"":""minimumdepositcasinos.org"",""notes"":""Explicit edition-specific alt text; no visual logo recognition or cash amount inferred."",""role"":""sponsor"",""source_url"":""https://us.pycon.org/2023/sponsorship/sponsors/index.html"",""status"":""listed_by_organizer"",""tier"":""Associate"",""website"":""https://www.minimumdepositcasinos.org/""}",{}
role_9763a04c733bdaa6,org_e0239380f6ff1805,evt_b7c57b9d55e12e77,sponsor,Associate,listed_by_organizer,src_f71418848b9fcad7,"{""domain"":""crosscompute.com"",""locator"":""Associate > image alt CrossCompute Logo"",""name"":""CrossCompute"",""notes"":""Explicit edition-specific alt text; no visual logo recognition or cash amount inferred."",""role"":""sponsor"",""source_url"":""https://us.pycon.org/2023/sponsorship/sponsors/index.html"",""status"":""listed_by_organizer"",""tier"":""Associate"",""website"":""https://crosscompute.com""}",{}
role_2b4a449526decae0,org_ba07354baa798e5e,evt_b7c57b9d55e12e77,sponsor,Associate,listed_by_organizer,src_f71418848b9fcad7,"{""domain"":""adimian.com"",""locator"":""Associate > image alt Adimian.be SPRL Logo"",""name"":""Adimian.be SPRL"",""notes"":""Explicit edition-specific alt text; no visual logo recognition or cash amount inferred."",""role"":""sponsor"",""source_url"":""https://us.pycon.org/2023/sponsorship/sponsors/index.html"",""status"":""listed_by_organizer"",""tier"":""Associate"",""website"":""https://www.adimian.com/""}",{}
role_6ffd6d5e627741b0,org_4d3ac065f59aec6d,evt_b7c57b9d55e12e77,sponsor,Associate,listed_by_organizer,src_f71418848b9fcad7,"{""domain"":""it-jobs.de"",""locator"":""Associate > image alt it-jobs.de Logo"",""name"":""it-jobs.de"",""notes"":""Explicit edition-specific alt text; no visual logo recognition or cash amount inferred."",""role"":""sponsor"",""source_url"":""https://us.pycon.org/2023/sponsorship/sponsors/index.html"",""status"":""listed_by_organizer"",""tier"":""Associate"",""website"":""https://it-jobs.de""}",{}
role_16d432b500b6f744,org_528568279a01be76,evt_b7c57b9d55e12e77,sponsor,Associate,listed_by_organizer,src_f71418848b9fcad7,"{""domain"":""dm-jobs.com"",""locator"":""Associate > image alt dmTECH GmbH Logo"",""name"":""dmTECH GmbH"",""notes"":""Explicit edition-specific alt text; no visual logo recognition or cash amount inferred."",""role"":""sponsor"",""source_url"":""https://us.pycon.org/2023/sponsorship/sponsors/index.html"",""status"":""listed_by_organizer"",""tier"":""Associate"",""website"":""https://www.dm-jobs.com/dmTECH/?locale=de_DE&wt_mc=.display.python.sponsoring.logo""}",{}
role_e81f6df056d27674,org_067e837f5e319f9b,evt_b7c57b9d55e12e77,sponsor,Associate,listed_by_organizer,src_f71418848b9fcad7,"{""domain"":""targetedwebtraffic.com"",""locator"":""Associate > image alt Targeted Web Traffic Logo"",""name"":""Targeted Web Traffic"",""notes"":""Explicit edition-specific alt text; no visual logo recognition or cash amount inferred."",""role"":""sponsor"",""source_url"":""https://us.pycon.org/2023/sponsorship/sponsors/index.html"",""status"":""listed_by_organizer"",""tier"":""Associate"",""website"":""https://www.targetedwebtraffic.com/""}",{}
role_4cbbdc8bce095017,org_3e84c86692aa4049,evt_b7c57b9d55e12e77,sponsor,Associate,listed_by_organizer,src_f71418848b9fcad7,"{""domain"":""prisma-capacity.eu"",""locator"":""Associate > image alt PRISMA Capacity Platform Logo"",""name"":""PRISMA Capacity Platform"",""notes"":""Explicit edition-specific alt text; no visual logo recognition or cash amount inferred."",""role"":""sponsor"",""source_url"":""https://us.pycon.org/2023/sponsorship/sponsors/index.html"",""status"":""listed_by_organizer"",""tier"":""Associate"",""website"":""https://www.prisma-capacity.eu/""}",{}
role_5ce1077e4fc595f0,org_1dd7fa803674c56e,evt_b7c57b9d55e12e77,sponsor,Associate,listed_by_organizer,src_f71418848b9fcad7,"{""domain"":""seo25.com"",""locator"":""Associate > image alt SEO25.com Logo"",""name"":""SEO25.com"",""notes"":""Explicit edition-specific alt text; no visual logo recognition or cash amount inferred."",""role"":""sponsor"",""source_url"":""https://us.pycon.org/2023/sponsorship/sponsors/index.html"",""status"":""listed_by_organizer"",""tier"":""Associate"",""website"":""https://www.seo25.com/""}",{}
role_961f91e5fd7765f1,org_f4ba7fa74be66d39,evt_b7c57b9d55e12e77,sponsor,Associate,listed_by_organizer,src_f71418848b9fcad7,"{""domain"":""easeus.com"",""locator"":""Associate > image alt EaseUS Software Logo"",""name"":""EaseUS Software"",""notes"":""Explicit edition-specific alt text; no visual logo recognition or cash amount inferred."",""role"":""sponsor"",""source_url"":""https://us.pycon.org/2023/sponsorship/sponsors/index.html"",""status"":""listed_by_organizer"",""tier"":""Associate"",""website"":""https://www.easeus.com/""}",{}
role_59c62b2c1f007e41,org_bb3ff901cf098794,evt_b7c57b9d55e12e77,sponsor,Associate,listed_by_organizer,src_f71418848b9fcad7,"{""domain"":""beproud.jp"",""locator"":""Associate > image alt BeProud Logo"",""name"":""BeProud"",""notes"":""Explicit edition-specific alt text; no visual logo recognition or cash amount inferred."",""role"":""sponsor"",""source_url"":""https://us.pycon.org/2023/sponsorship/sponsors/index.html"",""status"":""listed_by_organizer"",""tier"":""Associate"",""website"":""https://www.beproud.jp/""}",{}
role_677d9aed6b61a49b,org_4cef8fea9158d905,evt_b7c57b9d55e12e77,sponsor,Mobile App Sponsor,listed_by_organizer,src_f71418848b9fcad7,"{""domain"":""ionic.io"",""locator"":""Mobile App Sponsor > image alt ionic Logo"",""name"":""ionic"",""notes"":""Explicit edition-specific alt text; no visual logo recognition or cash amount inferred."",""role"":""sponsor"",""source_url"":""https://us.pycon.org/2023/sponsorship/sponsors/index.html"",""status"":""listed_by_organizer"",""tier"":""Mobile App Sponsor"",""website"":""https://ionic.io/framework""}",{}
role_a6caac476e381599,org_812e332889a7564f,evt_b7c57b9d55e12e77,exhibitor,PyCon US Startup Row,listed_by_organizer,src_f71418848b9fcad7,"{""domain"":""nixtla.io"",""locator"":""PyCon US Startup Row > image alt Nixtla Logo"",""name"":""Nixtla"",""notes"":""Explicit edition-specific alt text; no visual logo recognition or cash amount inferred."",""role"":""exhibitor"",""source_url"":""https://us.pycon.org/2023/sponsorship/sponsors/index.html"",""status"":""listed_by_organizer"",""tier"":""PyCon US Startup Row"",""website"":""https://www.nixtla.io/""}",{}
role_80e6289cadef6dcd,org_5bcad0dd47c63afb,evt_b7c57b9d55e12e77,exhibitor,PyCon US Startup Row,listed_by_organizer,src_f71418848b9fcad7,"{""domain"":""ponder.io"",""locator"":""PyCon US Startup Row > image alt Ponder Logo"",""name"":""Ponder"",""notes"":""Explicit edition-specific alt text; no visual logo recognition or cash amount inferred."",""role"":""exhibitor"",""source_url"":""https://us.pycon.org/2023/sponsorship/sponsors/index.html"",""status"":""listed_by_organizer"",""tier"":""PyCon US Startup Row"",""website"":""https://ponder.io/""}",{}
role_262c67ee3cc7bff3,org_c6a6190da8fc5898,evt_b7c57b9d55e12e77,exhibitor,PyCon US Startup Row,listed_by_organizer,src_f71418848b9fcad7,"{""domain"":""predibase.com"",""locator"":""PyCon US Startup Row > image alt Predibase Logo"",""name"":""Predibase"",""notes"":""Explicit edition-specific alt text; no visual logo recognition or cash amount inferred."",""role"":""exhibitor"",""source_url"":""https://us.pycon.org/2023/sponsorship/sponsors/index.html"",""status"":""listed_by_organizer"",""tier"":""PyCon US Startup Row"",""website"":""https://www.predibase.com""}",{}
role_b772f4935f8928b5,org_59b6c17db39c038f,evt_b7c57b9d55e12e77,exhibitor,PyCon US Startup Row,listed_by_organizer,src_f71418848b9fcad7,"{""domain"":""fixie.ai"",""locator"":""PyCon US Startup Row > image alt Fixie AI Logo"",""name"":""Fixie AI"",""notes"":""Explicit edition-specific alt text; no visual logo recognition or cash amount inferred."",""role"":""exhibitor"",""source_url"":""https://us.pycon.org/2023/sponsorship/sponsors/index.html"",""status"":""listed_by_organizer"",""tier"":""PyCon US Startup Row"",""website"":""https://fixie.ai""}",{}
role_3f5d25536402dd47,org_a792f3832079c9c0,evt_b7c57b9d55e12e77,exhibitor,PyCon US Startup Row,listed_by_organizer,src_f71418848b9fcad7,"{""domain"":""wherobots.ai"",""locator"":""PyCon US Startup Row > image alt Wherobots Inc. Logo"",""name"":""Wherobots Inc."",""notes"":""Explicit edition-specific alt text; no visual logo recognition or cash amount inferred."",""role"":""exhibitor"",""source_url"":""https://us.pycon.org/2023/sponsorship/sponsors/index.html"",""status"":""listed_by_organizer"",""tier"":""PyCon US Startup Row"",""website"":""https://www.wherobots.ai""}",{}
role_61eb0ed998c6443c,org_f1bda1e1fec8c7e8,evt_b7c57b9d55e12e77,exhibitor,PyCon US Startup Row,listed_by_organizer,src_f71418848b9fcad7,"{""domain"":""pynecone.io"",""locator"":""PyCon US Startup Row > image alt Pynecone Logo"",""name"":""Pynecone"",""notes"":""Explicit edition-specific alt text; no visual logo recognition or cash amount inferred."",""role"":""exhibitor"",""source_url"":""https://us.pycon.org/2023/sponsorship/sponsors/index.html"",""status"":""listed_by_organizer"",""tier"":""PyCon US Startup Row"",""website"":""https://pynecone.io""}",{}
role_7837b22a96c85a55,org_2bf4825e44cdc9ae,evt_b7c57b9d55e12e77,exhibitor,PyCon US Startup Row,listed_by_organizer,src_f71418848b9fcad7,"{""domain"":""neptyne.com"",""locator"":""PyCon US Startup Row > image alt Neptyne Logo"",""name"":""Neptyne"",""notes"":""Explicit edition-specific alt text; no visual logo recognition or cash amount inferred."",""role"":""exhibitor"",""source_url"":""https://us.pycon.org/2023/sponsorship/sponsors/index.html"",""status"":""listed_by_organizer"",""tier"":""PyCon US Startup Row"",""website"":""https://neptyne.com""}",{}
role_da9380d778d02520,org_db3d8d2564eb3c00,evt_b7c57b9d55e12e77,exhibitor,PyCon US Startup Row,listed_by_organizer,src_f71418848b9fcad7,"{""domain"":""generallyintelligent.com"",""locator"":""PyCon US Startup Row > image alt Generally Intelligent Logo"",""name"":""Generally Intelligent"",""notes"":""Explicit edition-specific alt text; no visual logo recognition or cash amount inferred."",""role"":""exhibitor"",""source_url"":""https://us.pycon.org/2023/sponsorship/sponsors/index.html"",""status"":""listed_by_organizer"",""tier"":""PyCon US Startup Row"",""website"":""https://generallyintelligent.com/""}",{}
role_4341909cb7fb82d0,org_9e5809708c79b689,evt_b7c57b9d55e12e77,sponsor,Standalone Only,listed_by_organizer,src_f71418848b9fcad7,"{""domain"":""imc.com"",""locator"":""Standalone Only > image alt IMC Trading Logo"",""name"":""IMC Trading"",""notes"":""Explicit edition-specific alt text; no visual logo recognition or cash amount inferred."",""role"":""sponsor"",""source_url"":""https://us.pycon.org/2023/sponsorship/sponsors/index.html"",""status"":""listed_by_organizer"",""tier"":""Standalone Only"",""website"":""https://www.imc.com/us/""}",{}
role_55154b8be8453edc,org_a478b4566be5cb00,evt_b7c57b9d55e12e77,community_partner,Open Source and Community,listed_by_organizer,src_f71418848b9fcad7,"{""domain"":""postgresql.org"",""locator"":""Open Source and Community > image alt PostgreSQL Logo"",""name"":""PostgreSQL"",""notes"":""Explicit edition-specific alt text; no visual logo recognition or cash amount inferred."",""role"":""community_partner"",""source_url"":""https://us.pycon.org/2023/sponsorship/sponsors/index.html"",""status"":""listed_by_organizer"",""tier"":""Open Source and Community"",""website"":""https://www.postgresql.org/""}",{}
role_a7ab27ab67d55771,org_94189646941b7448,evt_b7c57b9d55e12e77,community_partner,Open Source and Community,listed_by_organizer,src_f71418848b9fcad7,"{""domain"":null,""locator"":""Open Source and Community > image alt PyCon APAC Community Logo"",""name"":""PyCon APAC Community"",""notes"":""Explicit edition-specific alt text; no visual logo recognition or cash amount inferred."",""role"":""community_partner"",""source_url"":""https://us.pycon.org/2023/sponsorship/sponsors/index.html"",""status"":""listed_by_organizer"",""tier"":""Open Source and Community"",""website"":null}",{}
role_979d6154fd09dd73,org_f270cf67ebde6e36,evt_b7c57b9d55e12e77,community_partner,Open Source and Community,listed_by_organizer,src_f71418848b9fcad7,"{""domain"":""numfocus.org"",""locator"":""Open Source and Community > image alt NumFOCUS Logo"",""name"":""NumFOCUS"",""notes"":""Explicit edition-specific alt text; no visual logo recognition or cash amount inferred."",""role"":""community_partner"",""source_url"":""https://us.pycon.org/2023/sponsorship/sponsors/index.html"",""status"":""listed_by_organizer"",""tier"":""Open Source and Community"",""website"":""https://numfocus.org""}",{}
role_60e6c3201ee1270e,org_5a0732b8ea1c3aad,evt_b7c57b9d55e12e77,sponsor,Standalone Only,listed_by_organizer,src_f71418848b9fcad7,"{""domain"":""kumc.edu"",""locator"":""Standalone Only > image alt Department of Biostatistics and Data Science, University of Kansas Medical Center Logo"",""name"":""Department of Biostatistics and Data Science, University of Kansas Medical Center"",""notes"":""Explicit edition-specific alt text; no visual logo recognition or cash amount inferred."",""role"":""sponsor"",""source_url"":""https://us.pycon.org/2023/sponsorship/sponsors/index.html"",""status"":""listed_by_organizer"",""tier"":""Standalone Only"",""website"":""https://www.kumc.edu/school-of-medicine/academics/departments/biostatistics-and-data-science.html""}",{}
role_6228059460c2ffc0,org_8005db898448a804,evt_b7c57b9d55e12e77,community_partner,Open Source and Community,listed_by_organizer,src_f71418848b9fcad7,"{""domain"":""python.org"",""locator"":""Open Source and Community > image alt Python Software Foundation Logo"",""name"":""Python Software Foundation"",""notes"":""Explicit edition-specific alt text; no visual logo recognition or cash amount inferred."",""role"":""community_partner"",""source_url"":""https://us.pycon.org/2023/sponsorship/sponsors/index.html"",""status"":""listed_by_organizer"",""tier"":""Open Source and Community"",""website"":""https://python.org/psf/""}",{}
role_221d5773bc1c3aa6,org_d78d9a6911dedbdf,evt_b7c57b9d55e12e77,community_partner,Open Source and Community,listed_by_organizer,src_f71418848b9fcad7,"{""domain"":""opensource.org"",""locator"":""Open Source and Community > image alt Open Source Initiative Logo"",""name"":""Open Source Initiative"",""notes"":""Explicit edition-specific alt text; no visual logo recognition or cash amount inferred."",""role"":""community_partner"",""source_url"":""https://us.pycon.org/2023/sponsorship/sponsors/index.html"",""status"":""listed_by_organizer"",""tier"":""Open Source and Community"",""website"":""https://opensource.org""}",{}
role_9922273f80dcd7d5,org_cc23a96448fd7632,evt_b7c57b9d55e12e77,community_partner,Open Source and Community,listed_by_organizer,src_f71418848b9fcad7,"{""domain"":""beeware.org"",""locator"":""Open Source and Community > image alt BeeWare Project Logo"",""name"":""BeeWare Project"",""notes"":""Explicit edition-specific alt text; no visual logo recognition or cash amount inferred."",""role"":""community_partner"",""source_url"":""https://us.pycon.org/2023/sponsorship/sponsors/index.html"",""status"":""listed_by_organizer"",""tier"":""Open Source and Community"",""website"":""https://beeware.org/""}",{}
role_a436e6f149050221,org_81815e3cad013bb9,evt_b7c57b9d55e12e77,community_partner,Open Source and Community,listed_by_organizer,src_f71418848b9fcad7,"{""domain"":""codeday.org"",""locator"":""Open Source and Community > image alt CodeDay Logo"",""name"":""CodeDay"",""notes"":""Explicit edition-specific alt text; no visual logo recognition or cash amount inferred."",""role"":""community_partner"",""source_url"":""https://us.pycon.org/2023/sponsorship/sponsors/index.html"",""status"":""listed_by_organizer"",""tier"":""Open Source and Community"",""website"":""https://www.codeday.org/""}",{}
role_831ebdf1ac7fc8d0,org_f68ae76006d5e2a5,evt_b7c57b9d55e12e77,sponsor,Standalone Only,listed_by_organizer,src_f71418848b9fcad7,"{""domain"":""researchaffiliates.com"",""locator"":""Standalone Only > image alt Research Affiliates LLC Logo"",""name"":""Research Affiliates LLC"",""notes"":""Explicit edition-specific alt text; no visual logo recognition or cash amount inferred."",""role"":""sponsor"",""source_url"":""https://us.pycon.org/2023/sponsorship/sponsors/index.html"",""status"":""listed_by_organizer"",""tier"":""Standalone Only"",""website"":""https://www.researchaffiliates.com/about-us/technology""}",{}
role_878925d7b9e982ae,org_0de7775d90dfeb81,evt_b7c57b9d55e12e77,community_partner,Open Source and Community,listed_by_organizer,src_f71418848b9fcad7,"{""domain"":""pyladies.com"",""locator"":""Open Source and Community > image alt PyLadies Logo"",""name"":""PyLadies"",""notes"":""Explicit edition-specific alt text; no visual logo recognition or cash amount inferred."",""role"":""community_partner"",""source_url"":""https://us.pycon.org/2023/sponsorship/sponsors/index.html"",""status"":""listed_by_organizer"",""tier"":""Open Source and Community"",""website"":""https://pyladies.com""}",{}
role_dd46f3e6e19f4424,org_4fa81ae73ef76393,evt_b7c57b9d55e12e77,sponsor,Standalone Only,listed_by_organizer,src_f71418848b9fcad7,"{""domain"":""kansascityfed.org"",""locator"":""Standalone Only > image alt Federal Reserve Bank of Kansas City Logo"",""name"":""Federal Reserve Bank of Kansas City"",""notes"":""Explicit edition-specific alt text; no visual logo recognition or cash amount inferred."",""role"":""sponsor"",""source_url"":""https://us.pycon.org/2023/sponsorship/sponsors/index.html"",""status"":""listed_by_organizer"",""tier"":""Standalone Only"",""website"":""https://www.kansascityfed.org/""}",{}
role_1076a4471dac07ec,org_8005db898448a804,evt_b7c57b9d55e12e77,organizer,,listed_by_organizer,src_adca5c9ded413d58,"{""domain"":""python.org"",""name"":""Python Software Foundation"",""role"":""organizer"",""source_url"":""https://us.pycon.org/2023/"",""status"":""listed_by_organizer"",""tier"":null}","{""tier"":""not_found_in_consulted_sources""}"
role_96f68b0853feb767,org_8d4321d936320802,evt_2f5a7f654cc3781d,sponsor,Visionary,listed_by_organizer,src_602bb5d5f3210bb5,"{""domain"":""developer.nvidia.com"",""locator"":""Visionary > image alt NVIDIA Logo"",""name"":""NVIDIA"",""notes"":""Explicit edition-specific alt text; no visual logo recognition or cash amount inferred."",""role"":""sponsor"",""source_url"":""https://us.pycon.org/2024/sponsorship/sponsors/index.html"",""status"":""listed_by_organizer"",""tier"":""Visionary"",""website"":""https://developer.nvidia.com/""}",{}
role_fd3ac69f8571740c,org_bbdefa2950f49882,evt_2f5a7f654cc3781d,sponsor,Visionary,listed_by_organizer,src_602bb5d5f3210bb5,"{""domain"":""opensource.google"",""locator"":""Visionary > image alt Google Logo"",""name"":""Google"",""notes"":""Explicit edition-specific alt text; no visual logo recognition or cash amount inferred."",""role"":""sponsor"",""source_url"":""https://us.pycon.org/2024/sponsorship/sponsors/index.html"",""status"":""listed_by_organizer"",""tier"":""Visionary"",""website"":""https://opensource.google/""}",{}
role_d9e897322b7ad924,org_ea3bd73e2b506e00,evt_2f5a7f654cc3781d,sponsor,Visionary,listed_by_organizer,src_602bb5d5f3210bb5,"{""domain"":""about.facebook.com"",""locator"":""Visionary > image alt Meta Logo"",""name"":""Meta"",""notes"":""Explicit edition-specific alt text; no visual logo recognition or cash amount inferred."",""role"":""sponsor"",""source_url"":""https://us.pycon.org/2024/sponsorship/sponsors/index.html"",""status"":""listed_by_organizer"",""tier"":""Visionary"",""website"":""https://about.facebook.com/meta/""}",{}
role_bcb0086bd2217ef3,org_0f214b80de91c060,evt_2f5a7f654cc3781d,sponsor,Visionary,listed_by_organizer,src_602bb5d5f3210bb5,"{""domain"":""fastly.com"",""locator"":""Visionary > image alt Fastly Logo"",""name"":""Fastly"",""notes"":""Explicit edition-specific alt text; no visual logo recognition or cash amount inferred."",""role"":""sponsor"",""source_url"":""https://us.pycon.org/2024/sponsorship/sponsors/index.html"",""status"":""listed_by_organizer"",""tier"":""Visionary"",""website"":""https://www.fastly.com/fast-forward""}",{}
role_230532ba869e2cea,org_0fb9765e58d296e5,evt_2f5a7f654cc3781d,sponsor,Visionary,listed_by_organizer,src_602bb5d5f3210bb5,"{""domain"":""techatbloomberg.com"",""locator"":""Visionary > image alt Bloomberg Logo"",""name"":""Bloomberg"",""notes"":""Explicit edition-specific alt text; no visual logo recognition or cash amount inferred."",""role"":""sponsor"",""source_url"":""https://us.pycon.org/2024/sponsorship/sponsors/index.html"",""status"":""listed_by_organizer"",""tier"":""Visionary"",""website"":""https://www.techatbloomberg.com/""}",{}
role_3d98d1d1e98dd14e,org_9fbf261b62c1d7c0,evt_2f5a7f654cc3781d,sponsor,Sustainability,listed_by_organizer,src_602bb5d5f3210bb5,"{""domain"":""microsoft.com"",""locator"":""Sustainability > image alt Microsoft Logo"",""name"":""Microsoft"",""notes"":""Explicit edition-specific alt text; no visual logo recognition or cash amount inferred."",""role"":""sponsor"",""source_url"":""https://us.pycon.org/2024/sponsorship/sponsors/index.html"",""status"":""listed_by_organizer"",""tier"":""Sustainability"",""website"":""http://www.microsoft.com/""}",{}
role_6ff31bacb5c05cb4,org_fee6fd0cc1707a18,evt_2f5a7f654cc3781d,sponsor,Sustainability,listed_by_organizer,src_602bb5d5f3210bb5,"{""domain"":""ansys.com"",""locator"":""Sustainability > image alt Ansys Logo"",""name"":""Ansys"",""notes"":""Explicit edition-specific alt text; no visual logo recognition or cash amount inferred."",""role"":""sponsor"",""source_url"":""https://us.pycon.org/2024/sponsorship/sponsors/index.html"",""status"":""listed_by_organizer"",""tier"":""Sustainability"",""website"":""https://www.ansys.com/""}",{}
role_1e572dca7b0b434d,org_8dfe5e6cf73b1d6b,evt_2f5a7f654cc3781d,sponsor,Maintaining,listed_by_organizer,src_602bb5d5f3210bb5,"{""domain"":""redhat.com"",""locator"":""Maintaining > image alt Red Hat Logo"",""name"":""Red Hat"",""notes"":""Explicit edition-specific alt text; no visual logo recognition or cash amount inferred."",""role"":""sponsor"",""source_url"":""https://us.pycon.org/2024/sponsorship/sponsors/index.html"",""status"":""listed_by_organizer"",""tier"":""Maintaining"",""website"":""https://www.redhat.com/""}",{}
role_da95a373c59b2975,org_4202df23a0dc9b38,evt_2f5a7f654cc3781d,sponsor,Maintaining,listed_by_organizer,src_602bb5d5f3210bb5,"{""domain"":""point72.com"",""locator"":""Maintaining > image alt Cubist Systematic Strategies Logo"",""name"":""Cubist Systematic Strategies"",""notes"":""Explicit edition-specific alt text; no visual logo recognition or cash amount inferred."",""role"":""sponsor"",""source_url"":""https://us.pycon.org/2024/sponsorship/sponsors/index.html"",""status"":""listed_by_organizer"",""tier"":""Maintaining"",""website"":""https://point72.com/cubist/""}",{}
role_679e8cc56c5c1707,org_67b51232d90eef07,evt_2f5a7f654cc3781d,sponsor,Maintaining,listed_by_organizer,src_602bb5d5f3210bb5,"{""domain"":""capitalone.com"",""locator"":""Maintaining > image alt Capital One Logo"",""name"":""Capital One"",""notes"":""Explicit edition-specific alt text; no visual logo recognition or cash amount inferred."",""role"":""sponsor"",""source_url"":""https://us.pycon.org/2024/sponsorship/sponsors/index.html"",""status"":""listed_by_organizer"",""tier"":""Maintaining"",""website"":""https://www.capitalone.com/tech/""}",{}
role_46683a6b3fde915d,org_c4e96ef720ad19a2,evt_2f5a7f654cc3781d,sponsor,Maintaining,listed_by_organizer,src_602bb5d5f3210bb5,"{""domain"":""streamlit.io"",""locator"":""Maintaining > image alt Streamlit Logo"",""name"":""Streamlit"",""notes"":""Explicit edition-specific alt text; no visual logo recognition or cash amount inferred."",""role"":""sponsor"",""source_url"":""https://us.pycon.org/2024/sponsorship/sponsors/index.html"",""status"":""listed_by_organizer"",""tier"":""Maintaining"",""website"":""https://streamlit.io/""}",{}
role_84462cca4a4de9ba,org_1a75d3b9b9abf3ef,evt_2f5a7f654cc3781d,sponsor,Maintaining,listed_by_organizer,src_602bb5d5f3210bb5,"{""domain"":""qube-rt.com"",""locator"":""Maintaining > image alt Qube Research & Technologies Limited Logo"",""name"":""Qube Research & Technologies Limited"",""notes"":""Explicit edition-specific alt text; no visual logo recognition or cash amount inferred."",""role"":""sponsor"",""source_url"":""https://us.pycon.org/2024/sponsorship/sponsors/index.html"",""status"":""listed_by_organizer"",""tier"":""Maintaining"",""website"":""https://www.qube-rt.com/""}",{}
role_a009aa2ac376dba1,org_066b5b5ad80702e1,evt_2f5a7f654cc3781d,sponsor,Maintaining,listed_by_organizer,src_602bb5d5f3210bb5,"{""domain"":""americanexpress.com"",""locator"":""Maintaining > image alt American Express Logo"",""name"":""American Express"",""notes"":""Explicit edition-specific alt text; no visual logo recognition or cash amount inferred."",""role"":""sponsor"",""source_url"":""https://us.pycon.org/2024/sponsorship/sponsors/index.html"",""status"":""listed_by_organizer"",""tier"":""Maintaining"",""website"":""https://www.americanexpress.com/en-us/careers/career-areas/technology/""}",{}
role_fac0aa09449e4fdf,org_1cc9a79bdaf09793,evt_2f5a7f654cc3781d,sponsor,Maintaining,listed_by_organizer,src_602bb5d5f3210bb5,"{""domain"":""mdb.link"",""locator"":""Maintaining > image alt MongoDB Logo"",""name"":""MongoDB"",""notes"":""Explicit edition-specific alt text; no visual logo recognition or cash amount inferred."",""role"":""sponsor"",""source_url"":""https://us.pycon.org/2024/sponsorship/sponsors/index.html"",""status"":""listed_by_organizer"",""tier"":""Maintaining"",""website"":""https://mdb.link/pycon""}",{}
role_0f6dd9ff6574f5fb,org_7d1507284a5757ca,evt_2f5a7f654cc3781d,sponsor,Maintaining,listed_by_organizer,src_602bb5d5f3210bb5,"{""domain"":""aws.amazon.com"",""locator"":""Maintaining > image alt AWS Logo"",""name"":""AWS"",""notes"":""Explicit edition-specific alt text; no visual logo recognition or cash amount inferred."",""role"":""sponsor"",""source_url"":""https://us.pycon.org/2024/sponsorship/sponsors/index.html"",""status"":""listed_by_organizer"",""tier"":""Maintaining"",""website"":""https://aws.amazon.com/opensource""}",{}
role_1b34dfc9a04f5713,org_6c2949a5b9698d22,evt_2f5a7f654cc3781d,sponsor,Contributing,listed_by_organizer,src_602bb5d5f3210bb5,"{""domain"":""jetbrains.com"",""locator"":""Contributing > image alt JetBrains Logo"",""name"":""JetBrains"",""notes"":""Explicit edition-specific alt text; no visual logo recognition or cash amount inferred."",""role"":""sponsor"",""source_url"":""https://us.pycon.org/2024/sponsorship/sponsors/index.html"",""status"":""listed_by_organizer"",""tier"":""Contributing"",""website"":""https://www.jetbrains.com/pycharm/""}",{}
role_51d86a54e1afebaa,org_99c090636aa0f68a,evt_2f5a7f654cc3781d,sponsor,Contributing,listed_by_organizer,src_602bb5d5f3210bb5,"{""domain"":""pythoninstitute.org"",""locator"":""Contributing > image alt OpenEDG Python Institute Logo"",""name"":""OpenEDG Python Institute"",""notes"":""Explicit edition-specific alt text; no visual logo recognition or cash amount inferred."",""role"":""sponsor"",""source_url"":""https://us.pycon.org/2024/sponsorship/sponsors/index.html"",""status"":""listed_by_organizer"",""tier"":""Contributing"",""website"":""https://pythoninstitute.org/""}",{}
role_eabc606faf74161e,org_d888a3e4ea95d404,evt_2f5a7f654cc3781d,sponsor,Contributing,listed_by_organizer,src_602bb5d5f3210bb5,"{""domain"":""indeed.com"",""locator"":""Contributing > image alt Indeed Logo"",""name"":""Indeed"",""notes"":""Explicit edition-specific alt text; no visual logo recognition or cash amount inferred."",""role"":""sponsor"",""source_url"":""https://us.pycon.org/2024/sponsorship/sponsors/index.html"",""status"":""listed_by_organizer"",""tier"":""Contributing"",""website"":""http://www.indeed.com/""}",{}
role_9071a924da5b22aa,org_df8e966c94469b23,evt_2f5a7f654cc3781d,sponsor,Supporting,listed_by_organizer,src_602bb5d5f3210bb5,"{""domain"":""developer.algorand.org"",""locator"":""Supporting > image alt Algorand Logo"",""name"":""Algorand"",""notes"":""Explicit edition-specific alt text; no visual logo recognition or cash amount inferred."",""role"":""sponsor"",""source_url"":""https://us.pycon.org/2024/sponsorship/sponsors/index.html"",""status"":""listed_by_organizer"",""tier"":""Supporting"",""website"":""https://developer.algorand.org/""}",{}
role_195ff07e8a6a1ac7,org_fff54f474949593e,evt_2f5a7f654cc3781d,sponsor,Supporting,listed_by_organizer,src_602bb5d5f3210bb5,"{""domain"":""janestreet.com"",""locator"":""Supporting > image alt Jane Street Logo"",""name"":""Jane Street"",""notes"":""Explicit edition-specific alt text; no visual logo recognition or cash amount inferred."",""role"":""sponsor"",""source_url"":""https://us.pycon.org/2024/sponsorship/sponsors/index.html"",""status"":""listed_by_organizer"",""tier"":""Supporting"",""website"":""https://www.janestreet.com/""}",{}
role_e0276b78c20a5bd1,org_9202af6ce925b26a,evt_2f5a7f654cc3781d,sponsor,Supporting,listed_by_organizer,src_602bb5d5f3210bb5,"{""domain"":""developer.oracle.com"",""locator"":""Supporting > image alt Oracle Logo"",""name"":""Oracle"",""notes"":""Explicit edition-specific alt text; no visual logo recognition or cash amount inferred."",""role"":""sponsor"",""source_url"":""https://us.pycon.org/2024/sponsorship/sponsors/index.html"",""status"":""listed_by_organizer"",""tier"":""Supporting"",""website"":""https://developer.oracle.com/languages/python.html""}",{}
role_111715b9ce9e34ef,org_6366233f6ef38437,evt_2f5a7f654cc3781d,sponsor,Supporting,listed_by_organizer,src_602bb5d5f3210bb5,"{""domain"":""pydantic.dev"",""locator"":""Supporting > image alt Pydantic Logo"",""name"":""Pydantic"",""notes"":""Explicit edition-specific alt text; no visual logo recognition or cash amount inferred."",""role"":""sponsor"",""source_url"":""https://us.pycon.org/2024/sponsorship/sponsors/index.html"",""status"":""listed_by_organizer"",""tier"":""Supporting"",""website"":""https://pydantic.dev/""}",{}
role_184de4fd359a8132,org_71cb02ed8285bbc0,evt_2f5a7f654cc3781d,sponsor,Supporting,listed_by_organizer,src_602bb5d5f3210bb5,"{""domain"":""covalent.xyz"",""locator"":""Supporting > image alt Covalent Logo"",""name"":""Covalent"",""notes"":""Explicit edition-specific alt text; no visual logo recognition or cash amount inferred."",""role"":""sponsor"",""source_url"":""https://us.pycon.org/2024/sponsorship/sponsors/index.html"",""status"":""listed_by_organizer"",""tier"":""Supporting"",""website"":""https://www.covalent.xyz/""}",{}
role_c5cb23723b86cf4d,org_50cfd89765d6d5dd,evt_2f5a7f654cc3781d,sponsor,Supporting,listed_by_organizer,src_602bb5d5f3210bb5,"{""domain"":""crunchydata.com"",""locator"":""Supporting > image alt Crunchy Data Logo"",""name"":""Crunchy Data"",""notes"":""Explicit edition-specific alt text; no visual logo recognition or cash amount inferred."",""role"":""sponsor"",""source_url"":""https://us.pycon.org/2024/sponsorship/sponsors/index.html"",""status"":""listed_by_organizer"",""tier"":""Supporting"",""website"":""https://www.crunchydata.com/""}",{}
role_f7b908c822c94d85,org_7606c4cbaae85d2d,evt_2f5a7f654cc3781d,sponsor,Supporting,listed_by_organizer,src_602bb5d5f3210bb5,"{""domain"":""anaconda.com"",""locator"":""Supporting > image alt Anaconda, Inc Logo"",""name"":""Anaconda, Inc"",""notes"":""Explicit edition-specific alt text; no visual logo recognition or cash amount inferred."",""role"":""sponsor"",""source_url"":""https://us.pycon.org/2024/sponsorship/sponsors/index.html"",""status"":""listed_by_organizer"",""tier"":""Supporting"",""website"":""https://www.anaconda.com/""}",{}
role_8e75ce99a7c779c6,org_0cf6855c1a3c323b,evt_2f5a7f654cc3781d,sponsor,Supporting,listed_by_organizer,src_602bb5d5f3210bb5,"{""domain"":""sentry.io"",""locator"":""Supporting > image alt Sentry Logo"",""name"":""Sentry"",""notes"":""Explicit edition-specific alt text; no visual logo recognition or cash amount inferred."",""role"":""sponsor"",""source_url"":""https://us.pycon.org/2024/sponsorship/sponsors/index.html"",""status"":""listed_by_organizer"",""tier"":""Supporting"",""website"":""https://sentry.io/welcome/?utm_source=pythonorg&utm_medium=site&utm_campaign=general-na-evergreen&utm_content=logo-thanksdevsitelogo-na""}",{}
role_49cdea60ae2c6e3d,org_210769549f09f59f,evt_2f5a7f654cc3781d,sponsor,Supporting,listed_by_organizer,src_602bb5d5f3210bb5,"{""domain"":""datastax.com"",""locator"":""Supporting > image alt DataStax Logo"",""name"":""DataStax"",""notes"":""Explicit edition-specific alt text; no visual logo recognition or cash amount inferred."",""role"":""sponsor"",""source_url"":""https://us.pycon.org/2024/sponsorship/sponsors/index.html"",""status"":""listed_by_organizer"",""tier"":""Supporting"",""website"":""https://www.datastax.com/products/ragstack""}",{}
role_0a774f3e1ddcde5c,org_307bc6d73f16c336,evt_2f5a7f654cc3781d,sponsor,Supporting,listed_by_organizer,src_602bb5d5f3210bb5,"{""domain"":""wgu.edu"",""locator"":""Supporting > image alt Western Governors University Logo"",""name"":""Western Governors University"",""notes"":""Explicit edition-specific alt text; no visual logo recognition or cash amount inferred."",""role"":""sponsor"",""source_url"":""https://us.pycon.org/2024/sponsorship/sponsors/index.html"",""status"":""listed_by_organizer"",""tier"":""Supporting"",""website"":""https://www.wgu.edu/online-it-degrees.html""}",{}
role_e78476be2a852177,org_4d8bd97f03109ac1,evt_2f5a7f654cc3781d,sponsor,Partner,listed_by_organizer,src_602bb5d5f3210bb5,"{""domain"":""datadoghq.com"",""locator"":""Partner > image alt Datadog Logo"",""name"":""Datadog"",""notes"":""Explicit edition-specific alt text; no visual logo recognition or cash amount inferred."",""role"":""sponsor"",""source_url"":""https://us.pycon.org/2024/sponsorship/sponsors/index.html"",""status"":""listed_by_organizer"",""tier"":""Partner"",""website"":""https://www.datadoghq.com/""}",{}
role_15066699acdba705,org_8a8753c28b6b54ca,evt_2f5a7f654cc3781d,sponsor,Partner,listed_by_organizer,src_602bb5d5f3210bb5,"{""domain"":""activestate.com"",""locator"":""Partner > image alt ActiveState Logo"",""name"":""ActiveState"",""notes"":""Explicit edition-specific alt text; no visual logo recognition or cash amount inferred."",""role"":""sponsor"",""source_url"":""https://us.pycon.org/2024/sponsorship/sponsors/index.html"",""status"":""listed_by_organizer"",""tier"":""Partner"",""website"":""https://www.activestate.com/""}",{}
role_93791f101b33d90e,org_e8b7dc18ea3f6c08,evt_2f5a7f654cc3781d,sponsor,Partner,listed_by_organizer,src_602bb5d5f3210bb5,"{""domain"":""haystack.deepset.ai"",""locator"":""Partner > image alt Haystack (by deepset) Logo"",""name"":""Haystack (by deepset)"",""notes"":""Explicit edition-specific alt text; no visual logo recognition or cash amount inferred."",""role"":""sponsor"",""source_url"":""https://us.pycon.org/2024/sponsorship/sponsors/index.html"",""status"":""listed_by_organizer"",""tier"":""Partner"",""website"":""https://haystack.deepset.ai/""}",{}
role_c3d402a3e09ae387,org_478e21ce840c85a4,evt_2f5a7f654cc3781d,sponsor,Partner,listed_by_organizer,src_602bb5d5f3210bb5,"{""domain"":""endorlabs.com"",""locator"":""Partner > image alt Endor labs Logo"",""name"":""Endor labs"",""notes"":""Explicit edition-specific alt text; no visual logo recognition or cash amount inferred."",""role"":""sponsor"",""source_url"":""https://us.pycon.org/2024/sponsorship/sponsors/index.html"",""status"":""listed_by_organizer"",""tier"":""Partner"",""website"":""https://www.endorlabs.com/""}",{}
role_9d1b0337c7ede122,org_2f9bbb1bdf86d55d,evt_2f5a7f654cc3781d,sponsor,Partner,listed_by_organizer,src_602bb5d5f3210bb5,"{""domain"":""posit.co"",""locator"":""Partner > image alt Posit, PBC Logo"",""name"":""Posit, PBC"",""notes"":""Explicit edition-specific alt text; no visual logo recognition or cash amount inferred."",""role"":""sponsor"",""source_url"":""https://us.pycon.org/2024/sponsorship/sponsors/index.html"",""status"":""listed_by_organizer"",""tier"":""Partner"",""website"":""https://posit.co/""}",{}
role_607cdd59180db518,org_2dca01215ad0cc73,evt_2f5a7f654cc3781d,sponsor,Partner,listed_by_organizer,src_602bb5d5f3210bb5,"{""domain"":""saucelabs.com"",""locator"":""Partner > image alt Sauce Labs Logo"",""name"":""Sauce Labs"",""notes"":""Explicit edition-specific alt text; no visual logo recognition or cash amount inferred."",""role"":""sponsor"",""source_url"":""https://us.pycon.org/2024/sponsorship/sponsors/index.html"",""status"":""listed_by_organizer"",""tier"":""Partner"",""website"":""https://saucelabs.com/""}",{}
role_742a4a96076effb0,org_5a1ad84a47ec210d,evt_2f5a7f654cc3781d,sponsor,Partner,listed_by_organizer,src_602bb5d5f3210bb5,"{""domain"":""hudsonrivertrading.com"",""locator"":""Partner > image alt Hudson River Trading Logo"",""name"":""Hudson River Trading"",""notes"":""Explicit edition-specific alt text; no visual logo recognition or cash amount inferred."",""role"":""sponsor"",""source_url"":""https://us.pycon.org/2024/sponsorship/sponsors/index.html"",""status"":""listed_by_organizer"",""tier"":""Partner"",""website"":""https://www.hudsonrivertrading.com/""}",{}
role_6ca50e13869f299c,org_230ba08123703313,evt_2f5a7f654cc3781d,sponsor,Partner,listed_by_organizer,src_602bb5d5f3210bb5,"{""domain"":""swansoftweb.com"",""locator"":""Partner > image alt Swan Softweb Solutions Logo"",""name"":""Swan Softweb Solutions"",""notes"":""Explicit edition-specific alt text; no visual logo recognition or cash amount inferred."",""role"":""sponsor"",""source_url"":""https://us.pycon.org/2024/sponsorship/sponsors/index.html"",""status"":""listed_by_organizer"",""tier"":""Partner"",""website"":""https://swansoftweb.com/python-software-development-pycon/""}",{}
role_159ce6c3e9d2e583,org_93d59962b06d8e0f,evt_2f5a7f654cc3781d,sponsor,Partner,listed_by_organizer,src_602bb5d5f3210bb5,"{""domain"":""lernerpython.com"",""locator"":""Partner > image alt Reuven Lerner — Python training Logo"",""name"":""Reuven Lerner — Python training"",""notes"":""Explicit edition-specific alt text; no visual logo recognition or cash amount inferred."",""role"":""sponsor"",""source_url"":""https://us.pycon.org/2024/sponsorship/sponsors/index.html"",""status"":""listed_by_organizer"",""tier"":""Partner"",""website"":""https://lernerpython.com/""}",{}
role_556ea930352ba4b0,org_dcb345e2ec079849,evt_2f5a7f654cc3781d,sponsor,Partner,listed_by_organizer,src_602bb5d5f3210bb5,"{""domain"":""rezoomex.com"",""locator"":""Partner > image alt Rezoomex Logo"",""name"":""Rezoomex"",""notes"":""Explicit edition-specific alt text; no visual logo recognition or cash amount inferred."",""role"":""sponsor"",""source_url"":""https://us.pycon.org/2024/sponsorship/sponsors/index.html"",""status"":""listed_by_organizer"",""tier"":""Partner"",""website"":""https://www.rezoomex.com/""}",{}
role_11d6d9817b58da5a,org_f5454ed41a73cbd8,evt_2f5a7f654cc3781d,sponsor,Partner,listed_by_organizer,src_602bb5d5f3210bb5,"{""domain"":""developer.vonage.com"",""locator"":""Partner > image alt Vonage Logo"",""name"":""Vonage"",""notes"":""Explicit edition-specific alt text; no visual logo recognition or cash amount inferred."",""role"":""sponsor"",""source_url"":""https://us.pycon.org/2024/sponsorship/sponsors/index.html"",""status"":""listed_by_organizer"",""tier"":""Partner"",""website"":""https://developer.vonage.com/""}",{}
role_186367ebb3290339,org_e4540a7c8404b1be,evt_2f5a7f654cc3781d,sponsor,Partner,listed_by_organizer,src_602bb5d5f3210bb5,"{""domain"":""temporal.io"",""locator"":""Partner > image alt Temporal Logo"",""name"":""Temporal"",""notes"":""Explicit edition-specific alt text; no visual logo recognition or cash amount inferred."",""role"":""sponsor"",""source_url"":""https://us.pycon.org/2024/sponsorship/sponsors/index.html"",""status"":""listed_by_organizer"",""tier"":""Partner"",""website"":""https://www.temporal.io/""}",{}
role_2e6e7d49974e4802,org_89d01c9ba73cb5c4,evt_2f5a7f654cc3781d,sponsor,Partner,listed_by_organizer,src_602bb5d5f3210bb5,"{""domain"":""twilio.com"",""locator"":""Partner > image alt Twilio Logo"",""name"":""Twilio"",""notes"":""Explicit edition-specific alt text; no visual logo recognition or cash amount inferred."",""role"":""sponsor"",""source_url"":""https://us.pycon.org/2024/sponsorship/sponsors/index.html"",""status"":""listed_by_organizer"",""tier"":""Partner"",""website"":""https://www.twilio.com/""}",{}
role_7db244f25df6dae8,org_aeb3f40150c071dd,evt_2f5a7f654cc3781d,sponsor,Partner,listed_by_organizer,src_602bb5d5f3210bb5,"{""domain"":""edgedb.com"",""locator"":""Partner > image alt EdgeDB Logo"",""name"":""EdgeDB"",""notes"":""Explicit edition-specific alt text; no visual logo recognition or cash amount inferred."",""role"":""sponsor"",""source_url"":""https://us.pycon.org/2024/sponsorship/sponsors/index.html"",""status"":""listed_by_organizer"",""tier"":""Partner"",""website"":""https://www.edgedb.com/""}",{}
role_9f86aa29a79cac02,org_50bc66d8aae5ae90,evt_2f5a7f654cc3781d,sponsor,Partner,listed_by_organizer,src_602bb5d5f3210bb5,"{""domain"":""anvil.works"",""locator"":""Partner > image alt Anvil Logo"",""name"":""Anvil"",""notes"":""Explicit edition-specific alt text; no visual logo recognition or cash amount inferred."",""role"":""sponsor"",""source_url"":""https://us.pycon.org/2024/sponsorship/sponsors/index.html"",""status"":""listed_by_organizer"",""tier"":""Partner"",""website"":""https://anvil.works/?utm_source=sponsorship:pycon-2021""}",{}
role_53eac96e7678ff7a,org_986051385feae5b9,evt_2f5a7f654cc3781d,sponsor,Partner,listed_by_organizer,src_602bb5d5f3210bb5,"{""domain"":""elastic.co"",""locator"":""Partner > image alt Elastic Logo"",""name"":""Elastic"",""notes"":""Explicit edition-specific alt text; no visual logo recognition or cash amount inferred."",""role"":""sponsor"",""source_url"":""https://us.pycon.org/2024/sponsorship/sponsors/index.html"",""status"":""listed_by_organizer"",""tier"":""Partner"",""website"":""https://www.elastic.co/""}",{}
role_4ff338ddac86e2b8,org_738e22f0acab814c,evt_2f5a7f654cc3781d,sponsor,Partner,listed_by_organizer,src_602bb5d5f3210bb5,"{""domain"":""cloudflare.com"",""locator"":""Partner > image alt Cloudflare Logo"",""name"":""Cloudflare"",""notes"":""Explicit edition-specific alt text; no visual logo recognition or cash amount inferred."",""role"":""sponsor"",""source_url"":""https://us.pycon.org/2024/sponsorship/sponsors/index.html"",""status"":""listed_by_organizer"",""tier"":""Partner"",""website"":""https://www.cloudflare.com/""}",{}
role_49df3909c31c3958,org_aa6f421798e44f08,evt_2f5a7f654cc3781d,sponsor,Partner,listed_by_organizer,src_602bb5d5f3210bb5,"{""domain"":""awesomic.com"",""locator"":""Partner > image alt Awesomic Logo"",""name"":""Awesomic"",""notes"":""Explicit edition-specific alt text; no visual logo recognition or cash amount inferred."",""role"":""sponsor"",""source_url"":""https://us.pycon.org/2024/sponsorship/sponsors/index.html"",""status"":""listed_by_organizer"",""tier"":""Partner"",""website"":""https://www.awesomic.com/""}",{}
role_a08304b00444bb1c,org_c9a2dcb05123781d,evt_2f5a7f654cc3781d,sponsor,Partner,listed_by_organizer,src_602bb5d5f3210bb5,"{""domain"":""coiled.io"",""locator"":""Partner > image alt Coiled Logo"",""name"":""Coiled"",""notes"":""Explicit edition-specific alt text; no visual logo recognition or cash amount inferred."",""role"":""sponsor"",""source_url"":""https://us.pycon.org/2024/sponsorship/sponsors/index.html"",""status"":""listed_by_organizer"",""tier"":""Partner"",""website"":""https://coiled.io/""}",{}
role_6cb6b22a4f97bdf9,org_d5dd4c3ebd80327d,evt_2f5a7f654cc3781d,sponsor,Partner,listed_by_organizer,src_602bb5d5f3210bb5,"{""domain"":""brightdata.com"",""locator"":""Partner > image alt Bright Data Logo"",""name"":""Bright Data"",""notes"":""Explicit edition-specific alt text; no visual logo recognition or cash amount inferred."",""role"":""sponsor"",""source_url"":""https://us.pycon.org/2024/sponsorship/sponsors/index.html"",""status"":""listed_by_organizer"",""tier"":""Partner"",""website"":""https://brightdata.com/""}",{}
role_f3cd140cb0c57ce0,org_a6158572ac986721,evt_2f5a7f654cc3781d,sponsor,Partner,listed_by_organizer,src_602bb5d5f3210bb5,"{""domain"":""nostarch.com"",""locator"":""Partner > image alt No Starch Press Logo"",""name"":""No Starch Press"",""notes"":""Explicit edition-specific alt text; no visual logo recognition or cash amount inferred."",""role"":""sponsor"",""source_url"":""https://us.pycon.org/2024/sponsorship/sponsors/index.html"",""status"":""listed_by_organizer"",""tier"":""Partner"",""website"":""https://nostarch.com/""}",{}
role_2fc843088ce9c622,org_991785478cf242c1,evt_2f5a7f654cc3781d,sponsor,Partner,listed_by_organizer,src_602bb5d5f3210bb5,"{""domain"":""tecton.ai"",""locator"":""Partner > image alt Tecton Logo"",""name"":""Tecton"",""notes"":""Explicit edition-specific alt text; no visual logo recognition or cash amount inferred."",""role"":""sponsor"",""source_url"":""https://us.pycon.org/2024/sponsorship/sponsors/index.html"",""status"":""listed_by_organizer"",""tier"":""Partner"",""website"":""https://www.tecton.ai/""}",{}
role_a3096a9241c99861,org_da1f7df424253d20,evt_2f5a7f654cc3781d,sponsor,Government Participant,listed_by_organizer,src_602bb5d5f3210bb5,"{""domain"":""usds.gov"",""locator"":""Government Participant > image alt U.S. Digital Service Logo"",""name"":""U.S. Digital Service"",""notes"":""Explicit edition-specific alt text; no visual logo recognition or cash amount inferred."",""role"":""sponsor"",""source_url"":""https://us.pycon.org/2024/sponsorship/sponsors/index.html"",""status"":""listed_by_organizer"",""tier"":""Government Participant"",""website"":""https://www.usds.gov/""}",{}
role_68505e9f3f8b5ecf,org_13ed070478ef62c3,evt_2f5a7f654cc3781d,sponsor,Participating,listed_by_organizer,src_602bb5d5f3210bb5,"{""domain"":""about.netflix.com"",""locator"":""Participating > image alt Netflix Logo"",""name"":""Netflix"",""notes"":""Explicit edition-specific alt text; no visual logo recognition or cash amount inferred."",""role"":""sponsor"",""source_url"":""https://us.pycon.org/2024/sponsorship/sponsors/index.html"",""status"":""listed_by_organizer"",""tier"":""Participating"",""website"":""https://about.netflix.com/en""}",{}
role_a603260aef17f875,org_7ba99a119580a884,evt_2f5a7f654cc3781d,sponsor,Participating,listed_by_organizer,src_602bb5d5f3210bb5,"{""domain"":""openteams.com"",""locator"":""Participating > image alt OpenTeams Logo"",""name"":""OpenTeams"",""notes"":""Explicit edition-specific alt text; no visual logo recognition or cash amount inferred."",""role"":""sponsor"",""source_url"":""https://us.pycon.org/2024/sponsorship/sponsors/index.html"",""status"":""listed_by_organizer"",""tier"":""Participating"",""website"":""https://www.openteams.com/""}",{}
role_992c42a33edffbbd,org_c629c048fbb93653,evt_2f5a7f654cc3781d,sponsor,Participating,listed_by_organizer,src_602bb5d5f3210bb5,"{""domain"":""pythonic-exam.com"",""locator"":""Participating > image alt Python Engineer Development Association Logo"",""name"":""Python Engineer Development Association"",""notes"":""Explicit edition-specific alt text; no visual logo recognition or cash amount inferred."",""role"":""sponsor"",""source_url"":""https://us.pycon.org/2024/sponsorship/sponsors/index.html"",""status"":""listed_by_organizer"",""tier"":""Participating"",""website"":""https://www.pythonic-exam.com/en""}",{}
role_12cd74bea60e818a,org_bffa48eb238c593b,evt_2f5a7f654cc3781d,sponsor,Participating,listed_by_organizer,src_602bb5d5f3210bb5,"{""domain"":""sixfeetup.com"",""locator"":""Participating > image alt Six Feet Up Logo"",""name"":""Six Feet Up"",""notes"":""Explicit edition-specific alt text; no visual logo recognition or cash amount inferred."",""role"":""sponsor"",""source_url"":""https://us.pycon.org/2024/sponsorship/sponsors/index.html"",""status"":""listed_by_organizer"",""tier"":""Participating"",""website"":""https://www.sixfeetup.com/?utm_source=psf""}",{}
role_8b22656d4a477aa0,org_1e86eae524ed28f9,evt_2f5a7f654cc3781d,sponsor,Participating,listed_by_organizer,src_602bb5d5f3210bb5,"{""domain"":""quansight.com"",""locator"":""Participating > image alt Quansight Logo"",""name"":""Quansight"",""notes"":""Explicit edition-specific alt text; no visual logo recognition or cash amount inferred."",""role"":""sponsor"",""source_url"":""https://us.pycon.org/2024/sponsorship/sponsors/index.html"",""status"":""listed_by_organizer"",""tier"":""Participating"",""website"":""https://www.quansight.com/""}",{}
role_ed91ec43e8ef0e83,org_3cb882789f1a7e57,evt_2f5a7f654cc3781d,sponsor,Participating,listed_by_organizer,src_602bb5d5f3210bb5,"{""domain"":""asml.com"",""locator"":""Participating > image alt ASML Logo"",""name"":""ASML"",""notes"":""Explicit edition-specific alt text; no visual logo recognition or cash amount inferred."",""role"":""sponsor"",""source_url"":""https://us.pycon.org/2024/sponsorship/sponsors/index.html"",""status"":""listed_by_organizer"",""tier"":""Participating"",""website"":""https://www.asml.com/en""}",{}
role_e680a371a5122172,org_200beb22745b2048,evt_2f5a7f654cc3781d,sponsor,Participating,listed_by_organizer,src_602bb5d5f3210bb5,"{""domain"":""flet.dev"",""locator"":""Participating > image alt Flet Logo"",""name"":""Flet"",""notes"":""Explicit edition-specific alt text; no visual logo recognition or cash amount inferred."",""role"":""sponsor"",""source_url"":""https://us.pycon.org/2024/sponsorship/sponsors/index.html"",""status"":""listed_by_organizer"",""tier"":""Participating"",""website"":""https://flet.dev/""}",{}
role_64bb92c502de9259,org_19dd31ffd7bb951a,evt_2f5a7f654cc3781d,sponsor,Participating,listed_by_organizer,src_602bb5d5f3210bb5,"{""domain"":""twosigma.com"",""locator"":""Participating > image alt Two Sigma Logo"",""name"":""Two Sigma"",""notes"":""Explicit edition-specific alt text; no visual logo recognition or cash amount inferred."",""role"":""sponsor"",""source_url"":""https://us.pycon.org/2024/sponsorship/sponsors/index.html"",""status"":""listed_by_organizer"",""tier"":""Participating"",""website"":""https://www.twosigma.com/""}",{}
role_18e4a82de9331fc3,org_2e9f768344ff39ac,evt_2f5a7f654cc3781d,sponsor,Participating,listed_by_organizer,src_602bb5d5f3210bb5,"{""domain"":""astral.sh"",""locator"":""Participating > image alt Astral Logo"",""name"":""Astral"",""notes"":""Explicit edition-specific alt text; no visual logo recognition or cash amount inferred."",""role"":""sponsor"",""source_url"":""https://us.pycon.org/2024/sponsorship/sponsors/index.html"",""status"":""listed_by_organizer"",""tier"":""Participating"",""website"":""https://astral.sh/""}",{}
role_2a3fa296964aaa32,org_ce554bafb278bd40,evt_2f5a7f654cc3781d,sponsor,Participating,listed_by_organizer,src_602bb5d5f3210bb5,"{""domain"":""buttondown.email"",""locator"":""Participating > image alt Buttondown Logo"",""name"":""Buttondown"",""notes"":""Explicit edition-specific alt text; no visual logo recognition or cash amount inferred."",""role"":""sponsor"",""source_url"":""https://us.pycon.org/2024/sponsorship/sponsors/index.html"",""status"":""listed_by_organizer"",""tier"":""Participating"",""website"":""https://buttondown.email/""}",{}
role_e7c5dca524ad06b3,org_c25d8cc5b1ca791d,evt_2f5a7f654cc3781d,sponsor,Participating,listed_by_organizer,src_602bb5d5f3210bb5,"{""domain"":""stickerobot.com"",""locator"":""Participating > image alt Sticker Robot Logo"",""name"":""Sticker Robot"",""notes"":""Explicit edition-specific alt text; no visual logo recognition or cash amount inferred."",""role"":""sponsor"",""source_url"":""https://us.pycon.org/2024/sponsorship/sponsors/index.html"",""status"":""listed_by_organizer"",""tier"":""Participating"",""website"":""https://stickerobot.com/products/fast-vinyl-stickers/""}",{}
role_7824a890d520bbba,org_65a09602c00946f2,evt_2f5a7f654cc3781d,sponsor,Participating,listed_by_organizer,src_602bb5d5f3210bb5,"{""domain"":""lambdatest.com"",""locator"":""Participating > image alt LambdaTest Inc. Logo"",""name"":""LambdaTest Inc."",""notes"":""Explicit edition-specific alt text; no visual logo recognition or cash amount inferred."",""role"":""sponsor"",""source_url"":""https://us.pycon.org/2024/sponsorship/sponsors/index.html"",""status"":""listed_by_organizer"",""tier"":""Participating"",""website"":""https://www.lambdatest.com/""}",{}
role_209915d8872aa343,org_66943866c3d1464a,evt_2f5a7f654cc3781d,sponsor,Participating,listed_by_organizer,src_602bb5d5f3210bb5,"{""domain"":""zama.ai"",""locator"":""Participating > image alt Zama Logo"",""name"":""Zama"",""notes"":""Explicit edition-specific alt text; no visual logo recognition or cash amount inferred."",""role"":""sponsor"",""source_url"":""https://us.pycon.org/2024/sponsorship/sponsors/index.html"",""status"":""listed_by_organizer"",""tier"":""Participating"",""website"":""https://zama.ai/""}",{}
role_e711996b2f859617,org_b17a3bcc21f120a7,evt_2f5a7f654cc3781d,sponsor,Associate,listed_by_organizer,src_602bb5d5f3210bb5,"{""domain"":""devitjobs.com"",""locator"":""Associate > image alt DevITJobs Logo"",""name"":""DevITJobs"",""notes"":""Explicit edition-specific alt text; no visual logo recognition or cash amount inferred."",""role"":""sponsor"",""source_url"":""https://us.pycon.org/2024/sponsorship/sponsors/index.html"",""status"":""listed_by_organizer"",""tier"":""Associate"",""website"":""https://devitjobs.com/""}",{}
role_4ad9066ef2159081,org_bb3ff901cf098794,evt_2f5a7f654cc3781d,sponsor,Associate,listed_by_organizer,src_602bb5d5f3210bb5,"{""domain"":""beproud.jp"",""locator"":""Associate > image alt BeProud Logo"",""name"":""BeProud"",""notes"":""Explicit edition-specific alt text; no visual logo recognition or cash amount inferred."",""role"":""sponsor"",""source_url"":""https://us.pycon.org/2024/sponsorship/sponsors/index.html"",""status"":""listed_by_organizer"",""tier"":""Associate"",""website"":""https://www.beproud.jp/""}",{}
role_9d04f23c185a3c96,org_83504cbc492dffaf,evt_2f5a7f654cc3781d,exhibitor,PyCon US Startup Row,listed_by_organizer,src_602bb5d5f3210bb5,"{""domain"":""pixee.ai"",""locator"":""PyCon US Startup Row > image alt Pixee Logo"",""name"":""Pixee"",""notes"":""Explicit edition-specific alt text; no visual logo recognition or cash amount inferred."",""role"":""exhibitor"",""source_url"":""https://us.pycon.org/2024/sponsorship/sponsors/index.html"",""status"":""listed_by_organizer"",""tier"":""PyCon US Startup Row"",""website"":""https://www.pixee.ai/""}",{}
role_cdc6c73fd1d31e1e,org_996fc72ddada5862,evt_2f5a7f654cc3781d,exhibitor,PyCon US Startup Row,listed_by_organizer,src_602bb5d5f3210bb5,"{""domain"":""dlthub.com"",""locator"":""PyCon US Startup Row > image alt dltHub Logo"",""name"":""dltHub"",""notes"":""Explicit edition-specific alt text; no visual logo recognition or cash amount inferred."",""role"":""exhibitor"",""source_url"":""https://us.pycon.org/2024/sponsorship/sponsors/index.html"",""status"":""listed_by_organizer"",""tier"":""PyCon US Startup Row"",""website"":""https://dlthub.com/""}",{}
role_a515813e4023c14c,org_57e0b2387be546e2,evt_2f5a7f654cc3781d,exhibitor,PyCon US Startup Row,listed_by_organizer,src_602bb5d5f3210bb5,"{""domain"":""pandas-ai.com"",""locator"":""PyCon US Startup Row > image alt PandasAI Logo"",""name"":""PandasAI"",""notes"":""Explicit edition-specific alt text; no visual logo recognition or cash amount inferred."",""role"":""exhibitor"",""source_url"":""https://us.pycon.org/2024/sponsorship/sponsors/index.html"",""status"":""listed_by_organizer"",""tier"":""PyCon US Startup Row"",""website"":""https://pandas-ai.com/""}",{}
role_08fe29cc6e701b9b,org_02ce47da0b9aed8e,evt_2f5a7f654cc3781d,exhibitor,PyCon US Startup Row,listed_by_organizer,src_602bb5d5f3210bb5,"{""domain"":""exaloop.io"",""locator"":""PyCon US Startup Row > image alt Exaloop Logo"",""name"":""Exaloop"",""notes"":""Explicit edition-specific alt text; no visual logo recognition or cash amount inferred."",""role"":""exhibitor"",""source_url"":""https://us.pycon.org/2024/sponsorship/sponsors/index.html"",""status"":""listed_by_organizer"",""tier"":""PyCon US Startup Row"",""website"":""https://exaloop.io/""}",{}
role_1a77dafd038c4730,org_981e57f9981406a3,evt_2f5a7f654cc3781d,exhibitor,PyCon US Startup Row,listed_by_organizer,src_602bb5d5f3210bb5,"{""domain"":""dispatch.run"",""locator"":""PyCon US Startup Row > image alt dispatch.run Logo"",""name"":""dispatch.run"",""notes"":""Explicit edition-specific alt text; no visual logo recognition or cash amount inferred."",""role"":""exhibitor"",""source_url"":""https://us.pycon.org/2024/sponsorship/sponsors/index.html"",""status"":""listed_by_organizer"",""tier"":""PyCon US Startup Row"",""website"":""https://dispatch.run/""}",{}
role_76b327528e2ba99d,org_3a4ad37e305ff3bb,evt_2f5a7f654cc3781d,exhibitor,PyCon US Startup Row,listed_by_organizer,src_602bb5d5f3210bb5,"{""domain"":""runtrellis.com"",""locator"":""PyCon US Startup Row > image alt Trellis Logo"",""name"":""Trellis"",""notes"":""Explicit edition-specific alt text; no visual logo recognition or cash amount inferred."",""role"":""exhibitor"",""source_url"":""https://us.pycon.org/2024/sponsorship/sponsors/index.html"",""status"":""listed_by_organizer"",""tier"":""PyCon US Startup Row"",""website"":""https://runtrellis.com/""}",{}
role_9d2a37d0be864281,org_b2ac8229e084792b,evt_2f5a7f654cc3781d,exhibitor,PyCon US Startup Row,listed_by_organizer,src_602bb5d5f3210bb5,"{""domain"":""dagworks.io"",""locator"":""PyCon US Startup Row > image alt DAGWorks Inc. Logo"",""name"":""DAGWorks Inc."",""notes"":""Explicit edition-specific alt text; no visual logo recognition or cash amount inferred."",""role"":""exhibitor"",""source_url"":""https://us.pycon.org/2024/sponsorship/sponsors/index.html"",""status"":""listed_by_organizer"",""tier"":""PyCon US Startup Row"",""website"":""https://www.dagworks.io/""}",{}
role_b5e0d2e8584f686f,org_fbcb6e6044d117b0,evt_2f5a7f654cc3781d,exhibitor,PyCon US Startup Row,listed_by_organizer,src_602bb5d5f3210bb5,"{""domain"":""withmartian.com"",""locator"":""PyCon US Startup Row > image alt Martian Learning, Inc. Logo"",""name"":""Martian Learning, Inc."",""notes"":""Explicit edition-specific alt text; no visual logo recognition or cash amount inferred."",""role"":""exhibitor"",""source_url"":""https://us.pycon.org/2024/sponsorship/sponsors/index.html"",""status"":""listed_by_organizer"",""tier"":""PyCon US Startup Row"",""website"":""https://www.withmartian.com/""}",{}
role_e5085f6786948817,org_f414a277236480ec,evt_2f5a7f654cc3781d,community_partner,Community,listed_by_organizer,src_602bb5d5f3210bb5,"{""domain"":""github.com"",""locator"":""Community > image alt Turn the Tables Logo"",""name"":""Turn the Tables"",""notes"":""Explicit edition-specific alt text; no visual logo recognition or cash amount inferred."",""role"":""community_partner"",""source_url"":""https://us.pycon.org/2024/sponsorship/sponsors/index.html"",""status"":""listed_by_organizer"",""tier"":""Community"",""website"":""https://github.com/shaunagm/turn-the-tables""}",{}
role_f07003d71ac633b9,org_f270cf67ebde6e36,evt_2f5a7f654cc3781d,community_partner,Community,listed_by_organizer,src_602bb5d5f3210bb5,"{""domain"":""numfocus.org"",""locator"":""Community > image alt NumFOCUS Logo"",""name"":""NumFOCUS"",""notes"":""Explicit edition-specific alt text; no visual logo recognition or cash amount inferred."",""role"":""community_partner"",""source_url"":""https://us.pycon.org/2024/sponsorship/sponsors/index.html"",""status"":""listed_by_organizer"",""tier"":""Community"",""website"":""https://numfocus.org/""}",{}
role_30a723f664062aaf,org_9e7369079f0afaa9,evt_2f5a7f654cc3781d,community_partner,Community,listed_by_organizer,src_602bb5d5f3210bb5,"{""domain"":""blackpythondevs.com"",""locator"":""Community > image alt Black Python Devs Logo"",""name"":""Black Python Devs"",""notes"":""Explicit edition-specific alt text; no visual logo recognition or cash amount inferred."",""role"":""community_partner"",""source_url"":""https://us.pycon.org/2024/sponsorship/sponsors/index.html"",""status"":""listed_by_organizer"",""tier"":""Community"",""website"":""https://blackpythondevs.com/""}",{}
role_6ec3108bbe108f35,org_d78d9a6911dedbdf,evt_2f5a7f654cc3781d,community_partner,Community,listed_by_organizer,src_602bb5d5f3210bb5,"{""domain"":""opensource.org"",""locator"":""Community > image alt Open Source Initiative Logo"",""name"":""Open Source Initiative"",""notes"":""Explicit edition-specific alt text; no visual logo recognition or cash amount inferred."",""role"":""community_partner"",""source_url"":""https://us.pycon.org/2024/sponsorship/sponsors/index.html"",""status"":""listed_by_organizer"",""tier"":""Community"",""website"":""https://opensource.org/""}",{}
role_791f8214cae08cb5,org_0de7775d90dfeb81,evt_2f5a7f654cc3781d,community_partner,Community,listed_by_organizer,src_602bb5d5f3210bb5,"{""domain"":""pyladies.com"",""locator"":""Community > image alt PyLadies Logo"",""name"":""PyLadies"",""notes"":""Explicit edition-specific alt text; no visual logo recognition or cash amount inferred."",""role"":""community_partner"",""source_url"":""https://us.pycon.org/2024/sponsorship/sponsors/index.html"",""status"":""listed_by_organizer"",""tier"":""Community"",""website"":""https://pyladies.com/""}",{}
role_810dae568fc69a21,org_3ac39942387ec818,evt_2f5a7f654cc3781d,community_partner,Community,listed_by_organizer,src_602bb5d5f3210bb5,"{""domain"":""pypgh.org"",""locator"":""Community > image alt PyData Pittsburgh Logo"",""name"":""PyData Pittsburgh"",""notes"":""Explicit edition-specific alt text; no visual logo recognition or cash amount inferred."",""role"":""community_partner"",""source_url"":""https://us.pycon.org/2024/sponsorship/sponsors/index.html"",""status"":""listed_by_organizer"",""tier"":""Community"",""website"":""https://pypgh.org/""}",{}
role_543f84d50385cc32,org_86b7474c8a220dd4,evt_2f5a7f654cc3781d,community_partner,Community,listed_by_organizer,src_602bb5d5f3210bb5,"{""domain"":""hablemospython.dev"",""locator"":""Community > image alt Python en Español Logo"",""name"":""Python en Español"",""notes"":""Explicit edition-specific alt text; no visual logo recognition or cash amount inferred."",""role"":""community_partner"",""source_url"":""https://us.pycon.org/2024/sponsorship/sponsors/index.html"",""status"":""listed_by_organizer"",""tier"":""Community"",""website"":""https://hablemospython.dev/""}",{}
role_3ab4223d18d8a6c2,org_94189646941b7448,evt_2f5a7f654cc3781d,community_partner,Community,listed_by_organizer,src_602bb5d5f3210bb5,"{""domain"":""pycon.asia"",""locator"":""Community > image alt PyCon APAC Community Logo"",""name"":""PyCon APAC Community"",""notes"":""Explicit edition-specific alt text; no visual logo recognition or cash amount inferred."",""role"":""community_partner"",""source_url"":""https://us.pycon.org/2024/sponsorship/sponsors/index.html"",""status"":""listed_by_organizer"",""tier"":""Community"",""website"":""https://pycon.asia/""}",{}
role_675b8a2104816e46,org_cc23a96448fd7632,evt_2f5a7f654cc3781d,community_partner,Community,listed_by_organizer,src_602bb5d5f3210bb5,"{""domain"":""beeware.org"",""locator"":""Community > image alt BeeWare Project Logo"",""name"":""BeeWare Project"",""notes"":""Explicit edition-specific alt text; no visual logo recognition or cash amount inferred."",""role"":""community_partner"",""source_url"":""https://us.pycon.org/2024/sponsorship/sponsors/index.html"",""status"":""listed_by_organizer"",""tier"":""Community"",""website"":""https://beeware.org/""}",{}
role_f927945684254ed9,org_81815e3cad013bb9,evt_2f5a7f654cc3781d,community_partner,Community,listed_by_organizer,src_602bb5d5f3210bb5,"{""domain"":""codeday.org"",""locator"":""Community > image alt CodeDay Logo"",""name"":""CodeDay"",""notes"":""Explicit edition-specific alt text; no visual logo recognition or cash amount inferred."",""role"":""community_partner"",""source_url"":""https://us.pycon.org/2024/sponsorship/sponsors/index.html"",""status"":""listed_by_organizer"",""tier"":""Community"",""website"":""https://www.codeday.org/""}",{}
role_ea7fd6dc704148f1,org_8005db898448a804,evt_2f5a7f654cc3781d,community_partner,Community,listed_by_organizer,src_602bb5d5f3210bb5,"{""domain"":""python.org"",""locator"":""Community > image alt Python Software Foundation Logo"",""name"":""Python Software Foundation"",""notes"":""Explicit edition-specific alt text; no visual logo recognition or cash amount inferred."",""role"":""community_partner"",""source_url"":""https://us.pycon.org/2024/sponsorship/sponsors/index.html"",""status"":""listed_by_organizer"",""tier"":""Community"",""website"":""https://www.python.org/psf-landing/""}",{}
role_aa38c2efc2f1f3d3,org_a478b4566be5cb00,evt_2f5a7f654cc3781d,community_partner,Community,listed_by_organizer,src_602bb5d5f3210bb5,"{""domain"":""postgresql.org"",""locator"":""Community > image alt PostgreSQL Logo"",""name"":""PostgreSQL"",""notes"":""Explicit edition-specific alt text; no visual logo recognition or cash amount inferred."",""role"":""community_partner"",""source_url"":""https://us.pycon.org/2024/sponsorship/sponsors/index.html"",""status"":""listed_by_organizer"",""tier"":""Community"",""website"":""https://www.postgresql.org/""}",{}
role_1dba0116055210a4,org_dad9f18eb98b68a1,evt_2f5a7f654cc3781d,sponsor,Standalone Only,listed_by_organizer,src_602bb5d5f3210bb5,"{""domain"":""plotly.com"",""locator"":""Standalone Only > image alt Plotly Technologies Inc Logo"",""name"":""Plotly Technologies Inc"",""notes"":""Explicit edition-specific alt text; no visual logo recognition or cash amount inferred."",""role"":""sponsor"",""source_url"":""https://us.pycon.org/2024/sponsorship/sponsors/index.html"",""status"":""listed_by_organizer"",""tier"":""Standalone Only"",""website"":""https://plotly.com/""}",{}
role_f61a12425cac5376,org_36b4d5dc2f83e881,evt_2f5a7f654cc3781d,sponsor,Standalone Only,listed_by_organizer,src_602bb5d5f3210bb5,"{""domain"":"""",""locator"":""Standalone Only > image alt PJM Interconnection Logo"",""name"":""PJM Interconnection"",""notes"":""Explicit edition-specific alt text; no visual logo recognition or cash amount inferred."",""role"":""sponsor"",""source_url"":""https://us.pycon.org/2024/sponsorship/sponsors/index.html"",""status"":""listed_by_organizer"",""tier"":""Standalone Only"",""website"":""#""}",{}
role_0a404ac1952f5101,org_7adc0c04165eb258,evt_2f5a7f654cc3781d,sponsor,A la carte,listed_by_organizer,src_602bb5d5f3210bb5,"{""domain"":""codeandsupply.fund"",""locator"":""A la carte > image alt Code & Supply Scholarship Fund Logo"",""name"":""Code & Supply Scholarship Fund"",""notes"":""Explicit edition-specific alt text; no visual logo recognition or cash amount inferred."",""role"":""sponsor"",""source_url"":""https://us.pycon.org/2024/sponsorship/sponsors/index.html"",""status"":""listed_by_organizer"",""tier"":""A la carte"",""website"":""https://codeandsupply.fund/""}",{}
role_1c5adcd17df7f692,org_5a0732b8ea1c3aad,evt_2f5a7f654cc3781d,sponsor,Standalone Only,listed_by_organizer,src_602bb5d5f3210bb5,"{""domain"":""kumc.edu"",""locator"":""Standalone Only > image alt Department of Biostatistics and Data Science, University of Kansas Medical Center Logo"",""name"":""Department of Biostatistics and Data Science, University of Kansas Medical Center"",""notes"":""Explicit edition-specific alt text; no visual logo recognition or cash amount inferred."",""role"":""sponsor"",""source_url"":""https://us.pycon.org/2024/sponsorship/sponsors/index.html"",""status"":""listed_by_organizer"",""tier"":""Standalone Only"",""website"":""https://www.kumc.edu/school-of-medicine/academics/departments/biostatistics-and-data-science.html""}",{}
role_3f1c6c423b8a46c5,org_f68ae76006d5e2a5,evt_2f5a7f654cc3781d,sponsor,Standalone Only,listed_by_organizer,src_602bb5d5f3210bb5,"{""domain"":""researchaffiliates.com"",""locator"":""Standalone Only > image alt Research Affiliates LLC Logo"",""name"":""Research Affiliates LLC"",""notes"":""Explicit edition-specific alt text; no visual logo recognition or cash amount inferred."",""role"":""sponsor"",""source_url"":""https://us.pycon.org/2024/sponsorship/sponsors/index.html"",""status"":""listed_by_organizer"",""tier"":""Standalone Only"",""website"":""https://www.researchaffiliates.com/""}",{}
role_0298625bbec72618,org_32423eaa5cdf1bdd,evt_2f5a7f654cc3781d,sponsor,Standalone Only,listed_by_organizer,src_602bb5d5f3210bb5,"{""domain"":""thesummitgrp.com"",""locator"":""Standalone Only > image alt Summit Technology Group (STG) Logo"",""name"":""Summit Technology Group (STG)"",""notes"":""Explicit edition-specific alt text; no visual logo recognition or cash amount inferred."",""role"":""sponsor"",""source_url"":""https://us.pycon.org/2024/sponsorship/sponsors/index.html"",""status"":""listed_by_organizer"",""tier"":""Standalone Only"",""website"":""https://www.thesummitgrp.com/""}",{}
role_7231546592970788,org_0de9afdbd83c22a5,evt_2f5a7f654cc3781d,media_partner,Media,listed_by_organizer,src_602bb5d5f3210bb5,"{""domain"":""codeandsupply.co"",""locator"":""Media > image alt Code & Supply Logo"",""name"":""Code & Supply"",""notes"":""Explicit edition-specific alt text; no visual logo recognition or cash amount inferred."",""role"":""media_partner"",""source_url"":""https://us.pycon.org/2024/sponsorship/sponsors/index.html"",""status"":""listed_by_organizer"",""tier"":""Media"",""website"":""https://codeandsupply.co/""}",{}
role_9497fb52a909ef01,org_4987a1e2e36cd283,evt_2f5a7f654cc3781d,media_partner,Media,listed_by_organizer,src_602bb5d5f3210bb5,"{""domain"":""thenewstack.io"",""locator"":""Media > image alt The New Stack Logo"",""name"":""The New Stack"",""notes"":""Explicit edition-specific alt text; no visual logo recognition or cash amount inferred."",""role"":""media_partner"",""source_url"":""https://us.pycon.org/2024/sponsorship/sponsors/index.html"",""status"":""listed_by_organizer"",""tier"":""Media"",""website"":""https://thenewstack.io/""}",{}
role_773ed75f9a44cefb,org_8005db898448a804,evt_2f5a7f654cc3781d,organizer,,listed_by_organizer,src_3a10729f8ee2c406,"{""domain"":""python.org"",""name"":""Python Software Foundation"",""role"":""organizer"",""source_url"":""https://us.pycon.org/2024/"",""status"":""listed_by_organizer"",""tier"":null}","{""tier"":""not_found_in_consulted_sources""}"
role_757a952375c04217,org_ea3bd73e2b506e00,evt_084faf6811b39ff7,sponsor,Visionary,listed_by_organizer,src_b7abf127fce0b3ab,"{""domain"":""about.facebook.com"",""locator"":""Visionary > Meta"",""name"":""Meta"",""notes"":""Listing establishes published role, not paid amount, attendance, ROI or active demand."",""role"":""sponsor"",""source_url"":""https://us.pycon.org/2025/sponsorship/sponsors/"",""status"":""listed_by_organizer"",""tier"":""Visionary"",""website"":""https://about.facebook.com/meta/""}",{}
role_21402b8a9cbbaa90,org_8d4321d936320802,evt_084faf6811b39ff7,sponsor,Visionary,listed_by_organizer,src_b7abf127fce0b3ab,"{""domain"":""developer.nvidia.com"",""locator"":""Visionary > NVIDIA"",""name"":""NVIDIA"",""notes"":""Listing establishes published role, not paid amount, attendance, ROI or active demand."",""role"":""sponsor"",""source_url"":""https://us.pycon.org/2025/sponsorship/sponsors/"",""status"":""listed_by_organizer"",""tier"":""Visionary"",""website"":""https://developer.nvidia.com""}",{}
role_ae82c0b4ea7a87e4,org_0f214b80de91c060,evt_084faf6811b39ff7,sponsor,Visionary,listed_by_organizer,src_b7abf127fce0b3ab,"{""domain"":""fastly.com"",""locator"":""Visionary > Fastly"",""name"":""Fastly"",""notes"":""Listing establishes published role, not paid amount, attendance, ROI or active demand."",""role"":""sponsor"",""source_url"":""https://us.pycon.org/2025/sponsorship/sponsors/"",""status"":""listed_by_organizer"",""tier"":""Visionary"",""website"":""https://www.fastly.com/fast-forward""}",{}
role_e311421b9c0410c3,org_0fb9765e58d296e5,evt_084faf6811b39ff7,sponsor,Visionary,listed_by_organizer,src_b7abf127fce0b3ab,"{""domain"":""techatbloomberg.com"",""locator"":""Visionary > Bloomberg"",""name"":""Bloomberg"",""notes"":""Listing establishes published role, not paid amount, attendance, ROI or active demand."",""role"":""sponsor"",""source_url"":""https://us.pycon.org/2025/sponsorship/sponsors/"",""status"":""listed_by_organizer"",""tier"":""Visionary"",""website"":""https://www.techatbloomberg.com/""}",{}
role_eca8e40b8f79d8dd,org_bbdefa2950f49882,evt_084faf6811b39ff7,sponsor,Visionary,listed_by_organizer,src_b7abf127fce0b3ab,"{""domain"":""opensource.google"",""locator"":""Visionary > Google"",""name"":""Google"",""notes"":""Listing establishes published role, not paid amount, attendance, ROI or active demand."",""role"":""sponsor"",""source_url"":""https://us.pycon.org/2025/sponsorship/sponsors/"",""status"":""listed_by_organizer"",""tier"":""Visionary"",""website"":""https://opensource.google/""}",{}
role_bc039a1ec4b1512f,org_9fbf261b62c1d7c0,evt_084faf6811b39ff7,sponsor,Sustainability,listed_by_organizer,src_b7abf127fce0b3ab,"{""domain"":""microsoft.com"",""locator"":""Sustainability > Microsoft"",""name"":""Microsoft"",""notes"":""Listing establishes published role, not paid amount, attendance, ROI or active demand."",""role"":""sponsor"",""source_url"":""https://us.pycon.org/2025/sponsorship/sponsors/"",""status"":""listed_by_organizer"",""tier"":""Sustainability"",""website"":""https://www.microsoft.com/""}",{}
role_61fccfcd52d389e1,org_7d1507284a5757ca,evt_084faf6811b39ff7,sponsor,Maintaining,listed_by_organizer,src_b7abf127fce0b3ab,"{""domain"":""aws.amazon.com"",""locator"":""Maintaining > AWS"",""name"":""AWS"",""notes"":""Listing establishes published role, not paid amount, attendance, ROI or active demand."",""role"":""sponsor"",""source_url"":""https://us.pycon.org/2025/sponsorship/sponsors/"",""status"":""listed_by_organizer"",""tier"":""Maintaining"",""website"":""https://aws.amazon.com/opensource""}",{}
role_72bce2d816c765b9,org_6f348ef7bc564637,evt_084faf6811b39ff7,sponsor,Maintaining,listed_by_organizer,src_b7abf127fce0b3ab,"{""domain"":""qube-rt.com"",""locator"":""Maintaining > Qube Research & Technologies"",""name"":""Qube Research & Technologies"",""notes"":""Listing establishes published role, not paid amount, attendance, ROI or active demand."",""role"":""sponsor"",""source_url"":""https://us.pycon.org/2025/sponsorship/sponsors/"",""status"":""listed_by_organizer"",""tier"":""Maintaining"",""website"":""https://www.qube-rt.com/""}",{}
role_711156a5ff8a03f1,org_67b51232d90eef07,evt_084faf6811b39ff7,sponsor,Maintaining,listed_by_organizer,src_b7abf127fce0b3ab,"{""domain"":""capitalone.com"",""locator"":""Maintaining > Capital One"",""name"":""Capital One"",""notes"":""Listing establishes published role, not paid amount, attendance, ROI or active demand."",""role"":""sponsor"",""source_url"":""https://us.pycon.org/2025/sponsorship/sponsors/"",""status"":""listed_by_organizer"",""tier"":""Maintaining"",""website"":""https://www.capitalone.com/tech/""}",{}
role_012d85f4bd625565,org_8dfe5e6cf73b1d6b,evt_084faf6811b39ff7,sponsor,Maintaining,listed_by_organizer,src_b7abf127fce0b3ab,"{""domain"":""redhat.com"",""locator"":""Maintaining > Red Hat"",""name"":""Red Hat"",""notes"":""Listing establishes published role, not paid amount, attendance, ROI or active demand."",""role"":""sponsor"",""source_url"":""https://us.pycon.org/2025/sponsorship/sponsors/"",""status"":""listed_by_organizer"",""tier"":""Maintaining"",""website"":""https://www.redhat.com/en""}",{}
role_291b116a0699b8c5,org_1cc9a79bdaf09793,evt_084faf6811b39ff7,sponsor,Maintaining,listed_by_organizer,src_b7abf127fce0b3ab,"{""domain"":""mdb.link"",""locator"":""Maintaining > MongoDB"",""name"":""MongoDB"",""notes"":""Listing establishes published role, not paid amount, attendance, ROI or active demand."",""role"":""sponsor"",""source_url"":""https://us.pycon.org/2025/sponsorship/sponsors/"",""status"":""listed_by_organizer"",""tier"":""Maintaining"",""website"":""https://mdb.link/pycon""}",{}
role_57366ab48a697710,org_de5a1adf4fedcce1,evt_084faf6811b39ff7,sponsor,Maintaining,listed_by_organizer,src_b7abf127fce0b3ab,"{""domain"":""snowflake.com"",""locator"":""Maintaining > Snowflake"",""name"":""Snowflake"",""notes"":""Listing establishes published role, not paid amount, attendance, ROI or active demand."",""role"":""sponsor"",""source_url"":""https://us.pycon.org/2025/sponsorship/sponsors/"",""status"":""listed_by_organizer"",""tier"":""Maintaining"",""website"":""https://www.snowflake.com/en/""}",{}
role_7c770b464e9fa376,org_066b5b5ad80702e1,evt_084faf6811b39ff7,sponsor,Maintaining,listed_by_organizer,src_b7abf127fce0b3ab,"{""domain"":""americanexpress.com"",""locator"":""Maintaining > American Express"",""name"":""American Express"",""notes"":""Listing establishes published role, not paid amount, attendance, ROI or active demand."",""role"":""sponsor"",""source_url"":""https://us.pycon.org/2025/sponsorship/sponsors/"",""status"":""listed_by_organizer"",""tier"":""Maintaining"",""website"":""https://www.americanexpress.com/en-us/careers/career-areas/technology/""}",{}
role_0a2fd474121cc43a,org_54c6afbca1423913,evt_084faf6811b39ff7,sponsor,Contributing,listed_by_organizer,src_b7abf127fce0b3ab,"{""domain"":""wgu.edu"",""locator"":""Contributing > Western Governors University (WGU)"",""name"":""Western Governors University (WGU)"",""notes"":""Listing establishes published role, not paid amount, attendance, ROI or active demand."",""role"":""sponsor"",""source_url"":""https://us.pycon.org/2025/sponsorship/sponsors/"",""status"":""listed_by_organizer"",""tier"":""Contributing"",""website"":""https://www.wgu.edu/""}",{}
role_a532047b6721bd63,org_d888a3e4ea95d404,evt_084faf6811b39ff7,sponsor,Contributing,listed_by_organizer,src_b7abf127fce0b3ab,"{""domain"":""indeed.com"",""locator"":""Contributing > Indeed"",""name"":""Indeed"",""notes"":""Listing establishes published role, not paid amount, attendance, ROI or active demand."",""role"":""sponsor"",""source_url"":""https://us.pycon.org/2025/sponsorship/sponsors/"",""status"":""listed_by_organizer"",""tier"":""Contributing"",""website"":""https://www.indeed.com/about""}",{}
role_7cd324177fb15569,org_4202df23a0dc9b38,evt_084faf6811b39ff7,sponsor,Contributing,listed_by_organizer,src_b7abf127fce0b3ab,"{""domain"":""point72.com"",""locator"":""Contributing > Cubist Systematic Strategies"",""name"":""Cubist Systematic Strategies"",""notes"":""Listing establishes published role, not paid amount, attendance, ROI or active demand."",""role"":""sponsor"",""source_url"":""https://us.pycon.org/2025/sponsorship/sponsors/"",""status"":""listed_by_organizer"",""tier"":""Contributing"",""website"":""https://point72.com/cubist/""}",{}
role_ff7f05cd114a31f5,org_7606c4cbaae85d2d,evt_084faf6811b39ff7,sponsor,Contributing,listed_by_organizer,src_b7abf127fce0b3ab,"{""domain"":""anaconda.com"",""locator"":""Contributing > Anaconda, Inc"",""name"":""Anaconda, Inc"",""notes"":""Listing establishes published role, not paid amount, attendance, ROI or active demand."",""role"":""sponsor"",""source_url"":""https://us.pycon.org/2025/sponsorship/sponsors/"",""status"":""listed_by_organizer"",""tier"":""Contributing"",""website"":""https://www.anaconda.com/""}",{}
role_beaf1b6354fef98f,org_6c2949a5b9698d22,evt_084faf6811b39ff7,sponsor,Contributing,listed_by_organizer,src_b7abf127fce0b3ab,"{""domain"":""jetbrains.com"",""locator"":""Contributing > JetBrains"",""name"":""JetBrains"",""notes"":""Listing establishes published role, not paid amount, attendance, ROI or active demand."",""role"":""sponsor"",""source_url"":""https://us.pycon.org/2025/sponsorship/sponsors/"",""status"":""listed_by_organizer"",""tier"":""Contributing"",""website"":""https://www.jetbrains.com/pycharm/""}",{}
role_1bb929bb84bf8235,org_99c090636aa0f68a,evt_084faf6811b39ff7,sponsor,Contributing,listed_by_organizer,src_b7abf127fce0b3ab,"{""domain"":""pythoninstitute.org"",""locator"":""Contributing > OpenEDG Python Institute"",""name"":""OpenEDG Python Institute"",""notes"":""Listing establishes published role, not paid amount, attendance, ROI or active demand."",""role"":""sponsor"",""source_url"":""https://us.pycon.org/2025/sponsorship/sponsors/"",""status"":""listed_by_organizer"",""tier"":""Contributing"",""website"":""https://pythoninstitute.org/""}",{}
role_ad7c0497d3e0b481,org_0cf6855c1a3c323b,evt_084faf6811b39ff7,sponsor,Supporting,listed_by_organizer,src_b7abf127fce0b3ab,"{""domain"":""sentry.io"",""locator"":""Supporting > Sentry"",""name"":""Sentry"",""notes"":""Listing establishes published role, not paid amount, attendance, ROI or active demand."",""role"":""sponsor"",""source_url"":""https://us.pycon.org/2025/sponsorship/sponsors/"",""status"":""listed_by_organizer"",""tier"":""Supporting"",""website"":""https://sentry.io/for/python/?utm_source=pypi&utm_medium=paid-community&utm_campaign=python-na-evergreen&utm_content=static-ad-pypi-sponsor-learnmore""}",{}
role_c6d4aab8f214a130,org_e7d0134ab143cd58,evt_084faf6811b39ff7,sponsor,Supporting,listed_by_organizer,src_b7abf127fce0b3ab,"{""domain"":""autokitteh.com"",""locator"":""Supporting > AutoKitteh"",""name"":""AutoKitteh"",""notes"":""Listing establishes published role, not paid amount, attendance, ROI or active demand."",""role"":""sponsor"",""source_url"":""https://us.pycon.org/2025/sponsorship/sponsors/"",""status"":""listed_by_organizer"",""tier"":""Supporting"",""website"":""http://autokitteh.com""}",{}
role_ec9b15005d4a8db5,org_ab8a2c59b7a5aab0,evt_084faf6811b39ff7,sponsor,Supporting,listed_by_organizer,src_b7abf127fce0b3ab,"{""domain"":""oldmissioncapital.com"",""locator"":""Supporting > Old Mission"",""name"":""Old Mission"",""notes"":""Listing establishes published role, not paid amount, attendance, ROI or active demand."",""role"":""sponsor"",""source_url"":""https://us.pycon.org/2025/sponsorship/sponsors/"",""status"":""listed_by_organizer"",""tier"":""Supporting"",""website"":""https://www.oldmissioncapital.com/""}",{}
role_165454c34c12997c,org_8121beb55cfc4e78,evt_084faf6811b39ff7,sponsor,Supporting,listed_by_organizer,src_b7abf127fce0b3ab,"{""domain"":""heroku.com"",""locator"":""Supporting > Salesforce Heroku"",""name"":""Salesforce Heroku"",""notes"":""Listing establishes published role, not paid amount, attendance, ROI or active demand."",""role"":""sponsor"",""source_url"":""https://us.pycon.org/2025/sponsorship/sponsors/"",""status"":""listed_by_organizer"",""tier"":""Supporting"",""website"":""https://www.heroku.com/""}",{}
role_7638e171378b0e7f,org_fff54f474949593e,evt_084faf6811b39ff7,sponsor,Supporting,listed_by_organizer,src_b7abf127fce0b3ab,"{""domain"":""janestreet.com"",""locator"":""Supporting > Jane Street"",""name"":""Jane Street"",""notes"":""Listing establishes published role, not paid amount, attendance, ROI or active demand."",""role"":""sponsor"",""source_url"":""https://us.pycon.org/2025/sponsorship/sponsors/"",""status"":""listed_by_organizer"",""tier"":""Supporting"",""website"":""https://www.janestreet.com/""}",{}
role_b10d04c6f2004bff,org_264afbe0e67e4d6c,evt_084faf6811b39ff7,sponsor,Supporting,listed_by_organizer,src_b7abf127fce0b3ab,"{""domain"":""docs.pydantic.dev"",""locator"":""Supporting > PydanticAI"",""name"":""PydanticAI"",""notes"":""Listing establishes published role, not paid amount, attendance, ROI or active demand."",""role"":""sponsor"",""source_url"":""https://us.pycon.org/2025/sponsorship/sponsors/"",""status"":""listed_by_organizer"",""tier"":""Supporting"",""website"":""https://docs.pydantic.dev/latest/""}",{}
role_1bd9378365db80f5,org_df8e966c94469b23,evt_084faf6811b39ff7,sponsor,Supporting,listed_by_organizer,src_b7abf127fce0b3ab,"{""domain"":""developer.algorand.org"",""locator"":""Supporting > Algorand"",""name"":""Algorand"",""notes"":""Listing establishes published role, not paid amount, attendance, ROI or active demand."",""role"":""sponsor"",""source_url"":""https://us.pycon.org/2025/sponsorship/sponsors/"",""status"":""listed_by_organizer"",""tier"":""Supporting"",""website"":""https://developer.algorand.org""}",{}
role_9ca3a98d5d268ada,org_cdc00f6c62a542af,evt_084faf6811b39ff7,sponsor,Supporting,listed_by_organizer,src_b7abf127fce0b3ab,"{""domain"":""geldata.com"",""locator"":""Supporting > Gel"",""name"":""Gel"",""notes"":""Listing establishes published role, not paid amount, attendance, ROI or active demand."",""role"":""sponsor"",""source_url"":""https://us.pycon.org/2025/sponsorship/sponsors/"",""status"":""listed_by_organizer"",""tier"":""Supporting"",""website"":""https://www.geldata.com/""}",{}
role_2723a3e47f00e4c4,org_fee6fd0cc1707a18,evt_084faf6811b39ff7,sponsor,Supporting,listed_by_organizer,src_b7abf127fce0b3ab,"{""domain"":""ansys.com"",""locator"":""Supporting > Ansys"",""name"":""Ansys"",""notes"":""Listing establishes published role, not paid amount, attendance, ROI or active demand."",""role"":""sponsor"",""source_url"":""https://us.pycon.org/2025/sponsorship/sponsors/"",""status"":""listed_by_organizer"",""tier"":""Supporting"",""website"":""https://www.ansys.com/""}",{}
role_b10910e97161a0c4,org_ef847f180cddedc8,evt_084faf6811b39ff7,sponsor,Partner,listed_by_organizer,src_b7abf127fce0b3ab,"{""domain"":""kensho.com"",""locator"":""Partner > Kensho"",""name"":""Kensho"",""notes"":""Listing establishes published role, not paid amount, attendance, ROI or active demand."",""role"":""sponsor"",""source_url"":""https://us.pycon.org/2025/sponsorship/sponsors/"",""status"":""listed_by_organizer"",""tier"":""Partner"",""website"":""https://kensho.com/""}",{}
role_f95f187923e81f4e,org_f7c640a5d8ec7e07,evt_084faf6811b39ff7,sponsor,Partner,listed_by_organizer,src_b7abf127fce0b3ab,"{""domain"":""codeflash.ai"",""locator"":""Partner > Codeflash"",""name"":""Codeflash"",""notes"":""Listing establishes published role, not paid amount, attendance, ROI or active demand."",""role"":""sponsor"",""source_url"":""https://us.pycon.org/2025/sponsorship/sponsors/"",""status"":""listed_by_organizer"",""tier"":""Partner"",""website"":""http://codeflash.ai""}",{}
role_d299f14db0f5da75,org_9e6d67222e41669b,evt_084faf6811b39ff7,sponsor,Partner,listed_by_organizer,src_b7abf127fce0b3ab,"{""domain"":""chainguard.dev"",""locator"":""Partner > Chainguard"",""name"":""Chainguard"",""notes"":""Listing establishes published role, not paid amount, attendance, ROI or active demand."",""role"":""sponsor"",""source_url"":""https://us.pycon.org/2025/sponsorship/sponsors/"",""status"":""listed_by_organizer"",""tier"":""Partner"",""website"":""https://www.chainguard.dev/""}",{}
role_d43037b6b29a025c,org_efef66d3c8c24b75,evt_084faf6811b39ff7,sponsor,Partner,listed_by_organizer,src_b7abf127fce0b3ab,"{""domain"":""analog.com"",""locator"":""Partner > Analog Devices, Inc."",""name"":""Analog Devices, Inc."",""notes"":""Listing establishes published role, not paid amount, attendance, ROI or active demand."",""role"":""sponsor"",""source_url"":""https://us.pycon.org/2025/sponsorship/sponsors/"",""status"":""listed_by_organizer"",""tier"":""Partner"",""website"":""https://analog.com""}",{}
role_3bb2ffc3b1936fda,org_e4540a7c8404b1be,evt_084faf6811b39ff7,sponsor,Partner,listed_by_organizer,src_b7abf127fce0b3ab,"{""domain"":""temporal.io"",""locator"":""Partner > Temporal"",""name"":""Temporal"",""notes"":""Listing establishes published role, not paid amount, attendance, ROI or active demand."",""role"":""sponsor"",""source_url"":""https://us.pycon.org/2025/sponsorship/sponsors/"",""status"":""listed_by_organizer"",""tier"":""Partner"",""website"":""https://temporal.io""}",{}
role_2cc08cd20308cdc6,org_9f8230c43ce398d6,evt_084faf6811b39ff7,sponsor,Partner,listed_by_organizer,src_b7abf127fce0b3ab,"{""domain"":""motional.com"",""locator"":""Partner > Motional"",""name"":""Motional"",""notes"":""Listing establishes published role, not paid amount, attendance, ROI or active demand."",""role"":""sponsor"",""source_url"":""https://us.pycon.org/2025/sponsorship/sponsors/"",""status"":""listed_by_organizer"",""tier"":""Partner"",""website"":""https://motional.com/""}",{}
role_f5389a5075ad8d0d,org_4d8bd97f03109ac1,evt_084faf6811b39ff7,sponsor,Partner,listed_by_organizer,src_b7abf127fce0b3ab,"{""domain"":""datadoghq.com"",""locator"":""Partner > Datadog"",""name"":""Datadog"",""notes"":""Listing establishes published role, not paid amount, attendance, ROI or active demand."",""role"":""sponsor"",""source_url"":""https://us.pycon.org/2025/sponsorship/sponsors/"",""status"":""listed_by_organizer"",""tier"":""Partner"",""website"":""https://www.datadoghq.com/""}",{}
role_2e0a227791a8a2f2,org_50bc66d8aae5ae90,evt_084faf6811b39ff7,sponsor,Partner,listed_by_organizer,src_b7abf127fce0b3ab,"{""domain"":""anvil.works"",""locator"":""Partner > Anvil"",""name"":""Anvil"",""notes"":""Listing establishes published role, not paid amount, attendance, ROI or active demand."",""role"":""sponsor"",""source_url"":""https://us.pycon.org/2025/sponsorship/sponsors/"",""status"":""listed_by_organizer"",""tier"":""Partner"",""website"":""https://anvil.works/?utm_source=sponsorship:pycon-2025""}",{}
role_b049076bd2f4503f,org_5a1ad84a47ec210d,evt_084faf6811b39ff7,sponsor,Partner,listed_by_organizer,src_b7abf127fce0b3ab,"{""domain"":""hudsonrivertrading.com"",""locator"":""Partner > Hudson River Trading"",""name"":""Hudson River Trading"",""notes"":""Listing establishes published role, not paid amount, attendance, ROI or active demand."",""role"":""sponsor"",""source_url"":""https://us.pycon.org/2025/sponsorship/sponsors/"",""status"":""listed_by_organizer"",""tier"":""Partner"",""website"":""https://www.hudsonrivertrading.com/""}",{}
role_b3ff56d03936379e,org_ef2a33c946942c1a,evt_084faf6811b39ff7,sponsor,Partner,listed_by_organizer,src_b7abf127fce0b3ab,"{""domain"":""reversinglabs.com"",""locator"":""Partner > ReversingLabs"",""name"":""ReversingLabs"",""notes"":""Listing establishes published role, not paid amount, attendance, ROI or active demand."",""role"":""sponsor"",""source_url"":""https://us.pycon.org/2025/sponsorship/sponsors/"",""status"":""listed_by_organizer"",""tier"":""Partner"",""website"":""https://www.reversinglabs.com/""}",{}
role_88500156c45cfe97,org_be6a999624b589e8,evt_084faf6811b39ff7,sponsor,Partner,listed_by_organizer,src_b7abf127fce0b3ab,"{""domain"":""careers.duolingo.com"",""locator"":""Partner > Duolingo"",""name"":""Duolingo"",""notes"":""Listing establishes published role, not paid amount, attendance, ROI or active demand."",""role"":""sponsor"",""source_url"":""https://us.pycon.org/2025/sponsorship/sponsors/"",""status"":""listed_by_organizer"",""tier"":""Partner"",""website"":""https://careers.duolingo.com/""}",{}
role_34d9ef6591fa78d0,org_68323c1446f37e1a,evt_084faf6811b39ff7,sponsor,Partner,listed_by_organizer,src_b7abf127fce0b3ab,"{""domain"":""alpha-sense.com"",""locator"":""Partner > AlphaSense"",""name"":""AlphaSense"",""notes"":""Listing establishes published role, not paid amount, attendance, ROI or active demand."",""role"":""sponsor"",""source_url"":""https://us.pycon.org/2025/sponsorship/sponsors/"",""status"":""listed_by_organizer"",""tier"":""Partner"",""website"":""https://www.alpha-sense.com/""}",{}
role_b584464b913cbaa3,org_2f9bbb1bdf86d55d,evt_084faf6811b39ff7,sponsor,Partner,listed_by_organizer,src_b7abf127fce0b3ab,"{""domain"":""posit.co"",""locator"":""Partner > Posit, PBC"",""name"":""Posit, PBC"",""notes"":""Listing establishes published role, not paid amount, attendance, ROI or active demand."",""role"":""sponsor"",""source_url"":""https://us.pycon.org/2025/sponsorship/sponsors/"",""status"":""listed_by_organizer"",""tier"":""Partner"",""website"":""https://posit.co/""}",{}
role_1a0dff68033a4878,org_49bc63a939e3dc9d,evt_084faf6811b39ff7,sponsor,Partner,listed_by_organizer,src_b7abf127fce0b3ab,"{""domain"":""dagster.io"",""locator"":""Partner > Dagster Labs"",""name"":""Dagster Labs"",""notes"":""Listing establishes published role, not paid amount, attendance, ROI or active demand."",""role"":""sponsor"",""source_url"":""https://us.pycon.org/2025/sponsorship/sponsors/"",""status"":""listed_by_organizer"",""tier"":""Partner"",""website"":""https://dagster.io/""}",{}
role_8c83b1561da73858,org_c9a2dcb05123781d,evt_084faf6811b39ff7,sponsor,Partner,listed_by_organizer,src_b7abf127fce0b3ab,"{""domain"":""coiled.io"",""locator"":""Partner > Coiled"",""name"":""Coiled"",""notes"":""Listing establishes published role, not paid amount, attendance, ROI or active demand."",""role"":""sponsor"",""source_url"":""https://us.pycon.org/2025/sponsorship/sponsors/"",""status"":""listed_by_organizer"",""tier"":""Partner"",""website"":""https://coiled.io/""}",{}
role_79fc8e20eb86b3eb,org_34fb46c847bb9df9,evt_084faf6811b39ff7,sponsor,Partner,listed_by_organizer,src_b7abf127fce0b3ab,"{""domain"":""redis.io"",""locator"":""Partner > Redis"",""name"":""Redis"",""notes"":""Listing establishes published role, not paid amount, attendance, ROI or active demand."",""role"":""sponsor"",""source_url"":""https://us.pycon.org/2025/sponsorship/sponsors/"",""status"":""listed_by_organizer"",""tier"":""Partner"",""website"":""https://redis.io/""}",{}
role_27d5dda54e5e52be,org_b649d599b84fedef,evt_084faf6811b39ff7,sponsor,Partner,listed_by_organizer,src_b7abf127fce0b3ab,"{""domain"":""codspeed.io"",""locator"":""Partner > CodSpeed"",""name"":""CodSpeed"",""notes"":""Listing establishes published role, not paid amount, attendance, ROI or active demand."",""role"":""sponsor"",""source_url"":""https://us.pycon.org/2025/sponsorship/sponsors/"",""status"":""listed_by_organizer"",""tier"":""Partner"",""website"":""https://codspeed.io""}",{}
role_fb2b52cfcaab8c39,org_93d59962b06d8e0f,evt_084faf6811b39ff7,sponsor,Partner,listed_by_organizer,src_b7abf127fce0b3ab,"{""domain"":""lernerpython.com"",""locator"":""Partner > Reuven Lerner — Python training"",""name"":""Reuven Lerner — Python training"",""notes"":""Listing establishes published role, not paid amount, attendance, ROI or active demand."",""role"":""sponsor"",""source_url"":""https://us.pycon.org/2025/sponsorship/sponsors/"",""status"":""listed_by_organizer"",""tier"":""Partner"",""website"":""https://LernerPython.com""}",{}
role_e50529c4458d5ea8,org_2e9f768344ff39ac,evt_084faf6811b39ff7,sponsor,Participating,listed_by_organizer,src_b7abf127fce0b3ab,"{""domain"":""astral.sh"",""locator"":""Participating > Astral"",""name"":""Astral"",""notes"":""Listing establishes published role, not paid amount, attendance, ROI or active demand."",""role"":""sponsor"",""source_url"":""https://us.pycon.org/2025/sponsorship/sponsors/"",""status"":""listed_by_organizer"",""tier"":""Participating"",""website"":""https://astral.sh/""}",{}
role_783c41a0069b8162,org_551bb918d277a0b8,evt_084faf6811b39ff7,sponsor,Participating,listed_by_organizer,src_b7abf127fce0b3ab,"{""domain"":""packtpub.com"",""locator"":""Participating > Packt"",""name"":""Packt"",""notes"":""Listing establishes published role, not paid amount, attendance, ROI or active demand."",""role"":""sponsor"",""source_url"":""https://us.pycon.org/2025/sponsorship/sponsors/"",""status"":""listed_by_organizer"",""tier"":""Participating"",""website"":""https://www.packtpub.com/""}",{}
role_7704608d83d987f8,org_bffa48eb238c593b,evt_084faf6811b39ff7,sponsor,Participating,listed_by_organizer,src_b7abf127fce0b3ab,"{""domain"":""sixfeetup.com"",""locator"":""Participating > Six Feet Up"",""name"":""Six Feet Up"",""notes"":""Listing establishes published role, not paid amount, attendance, ROI or active demand."",""role"":""sponsor"",""source_url"":""https://us.pycon.org/2025/sponsorship/sponsors/"",""status"":""listed_by_organizer"",""tier"":""Participating"",""website"":""https://www.sixfeetup.com/?utm_source=psf""}",{}
role_e34e3d1152e82ef0,org_a6158572ac986721,evt_084faf6811b39ff7,sponsor,Participating,listed_by_organizer,src_b7abf127fce0b3ab,"{""domain"":""nostarch.com"",""locator"":""Participating > No Starch Press"",""name"":""No Starch Press"",""notes"":""Listing establishes published role, not paid amount, attendance, ROI or active demand."",""role"":""sponsor"",""source_url"":""https://us.pycon.org/2025/sponsorship/sponsors/"",""status"":""listed_by_organizer"",""tier"":""Participating"",""website"":""https://nostarch.com/""}",{}
role_bd16eeec723537af,org_c629c048fbb93653,evt_084faf6811b39ff7,sponsor,Participating,listed_by_organizer,src_b7abf127fce0b3ab,"{""domain"":""pythonic-exam.com"",""locator"":""Participating > Python Engineer Development Association"",""name"":""Python Engineer Development Association"",""notes"":""Listing establishes published role, not paid amount, attendance, ROI or active demand."",""role"":""sponsor"",""source_url"":""https://us.pycon.org/2025/sponsorship/sponsors/"",""status"":""listed_by_organizer"",""tier"":""Participating"",""website"":""https://www.pythonic-exam.com/en""}",{}
role_ca40a54f451dbb99,org_2e7f62e682871d45,evt_084faf6811b39ff7,sponsor,Participating,listed_by_organizer,src_b7abf127fce0b3ab,"{""domain"":""parafin.com"",""locator"":""Participating > Parafin"",""name"":""Parafin"",""notes"":""Listing establishes published role, not paid amount, attendance, ROI or active demand."",""role"":""sponsor"",""source_url"":""https://us.pycon.org/2025/sponsorship/sponsors/"",""status"":""listed_by_organizer"",""tier"":""Participating"",""website"":""https://www.parafin.com""}",{}
role_1c78b9337b7ce84f,org_2e1aeda295a4aa60,evt_084faf6811b39ff7,sponsor,Participating,listed_by_organizer,src_b7abf127fce0b3ab,"{""domain"":""litestar.dev"",""locator"":""Participating > Litestar"",""name"":""Litestar"",""notes"":""Listing establishes published role, not paid amount, attendance, ROI or active demand."",""role"":""sponsor"",""source_url"":""https://us.pycon.org/2025/sponsorship/sponsors/"",""status"":""listed_by_organizer"",""tier"":""Participating"",""website"":""https://litestar.dev/""}",{}
role_4c254193a052a691,org_9b7962c5e2194352,evt_084faf6811b39ff7,sponsor,Participating,listed_by_organizer,src_b7abf127fce0b3ab,"{""domain"":""hackersguildpgh.com"",""locator"":""Participating > Hackers Guild PGH"",""name"":""Hackers Guild PGH"",""notes"":""Listing establishes published role, not paid amount, attendance, ROI or active demand."",""role"":""sponsor"",""source_url"":""https://us.pycon.org/2025/sponsorship/sponsors/"",""status"":""listed_by_organizer"",""tier"":""Participating"",""website"":""https://hackersguildpgh.com/""}",{}
role_7328de6943ecdba0,org_dd71f579bce44b7d,evt_084faf6811b39ff7,sponsor,Participating,listed_by_organizer,src_b7abf127fce0b3ab,"{""domain"":""commbank.com.au"",""locator"":""Participating > Commonwealth Bank of Australia"",""name"":""Commonwealth Bank of Australia"",""notes"":""Listing establishes published role, not paid amount, attendance, ROI or active demand."",""role"":""sponsor"",""source_url"":""https://us.pycon.org/2025/sponsorship/sponsors/"",""status"":""listed_by_organizer"",""tier"":""Participating"",""website"":""https://www.commbank.com.au/""}",{}
role_7b87347bbae8b0bb,org_bb3ff901cf098794,evt_084faf6811b39ff7,sponsor,Associate,listed_by_organizer,src_b7abf127fce0b3ab,"{""domain"":""beproud.jp"",""locator"":""Associate > BeProud"",""name"":""BeProud"",""notes"":""Listing establishes published role, not paid amount, attendance, ROI or active demand."",""role"":""sponsor"",""source_url"":""https://us.pycon.org/2025/sponsorship/sponsors/"",""status"":""listed_by_organizer"",""tier"":""Associate"",""website"":""https://www.beproud.jp/""}",{}
role_b64a52c782d2d449,org_1e86eae524ed28f9,evt_084faf6811b39ff7,sponsor,Associate,listed_by_organizer,src_b7abf127fce0b3ab,"{""domain"":""quansight.com"",""locator"":""Associate > Quansight"",""name"":""Quansight"",""notes"":""Listing establishes published role, not paid amount, attendance, ROI or active demand."",""role"":""sponsor"",""source_url"":""https://us.pycon.org/2025/sponsorship/sponsors/"",""status"":""listed_by_organizer"",""tier"":""Associate"",""website"":""https://quansight.com/""}",{}
role_166a148d0370e41c,org_6463ddf3a85d484a,evt_084faf6811b39ff7,sponsor,Associate,listed_by_organizer,src_b7abf127fce0b3ab,"{""domain"":""feedzai.com"",""locator"":""Associate > Feedzai"",""name"":""Feedzai"",""notes"":""Listing establishes published role, not paid amount, attendance, ROI or active demand."",""role"":""sponsor"",""source_url"":""https://us.pycon.org/2025/sponsorship/sponsors/"",""status"":""listed_by_organizer"",""tier"":""Associate"",""website"":""https://www.feedzai.com""}",{}
role_6b6b9e93f8497d63,org_f0a5da17e0ffa3a2,evt_084faf6811b39ff7,sponsor,Standalone Only,listed_by_organizer,src_b7abf127fce0b3ab,"{""domain"":""link.buildwithfern.com"",""locator"":""Standalone Only > Fern"",""name"":""Fern"",""notes"":""Listing establishes published role, not paid amount, attendance, ROI or active demand."",""role"":""sponsor"",""source_url"":""https://us.pycon.org/2025/sponsorship/sponsors/"",""status"":""listed_by_organizer"",""tier"":""Standalone Only"",""website"":""https://link.buildwithfern.com/pycon""}",{}
role_a106d0eb067bc7ee,org_f68ae76006d5e2a5,evt_084faf6811b39ff7,sponsor,Standalone Only,listed_by_organizer,src_b7abf127fce0b3ab,"{""domain"":""researchaffiliates.com"",""locator"":""Standalone Only > Research Affiliates LLC"",""name"":""Research Affiliates LLC"",""notes"":""Listing establishes published role, not paid amount, attendance, ROI or active demand."",""role"":""sponsor"",""source_url"":""https://us.pycon.org/2025/sponsorship/sponsors/"",""status"":""listed_by_organizer"",""tier"":""Standalone Only"",""website"":""https://www.researchaffiliates.com/""}",{}
role_8bd9b2a98a6ef1c9,org_470cc0dbf4fe63a4,evt_084faf6811b39ff7,sponsor,Standalone Only,listed_by_organizer,src_b7abf127fce0b3ab,"{""domain"":""povera-lnl.com"",""locator"":""Standalone Only > Povera Loads & Logic"",""name"":""Povera Loads & Logic"",""notes"":""Listing establishes published role, not paid amount, attendance, ROI or active demand."",""role"":""sponsor"",""source_url"":""https://us.pycon.org/2025/sponsorship/sponsors/"",""status"":""listed_by_organizer"",""tier"":""Standalone Only"",""website"":""https://povera-lnl.com/""}",{}
role_63a46ce98c6340fa,org_dd41fdd48abbb792,evt_084faf6811b39ff7,production_partner,AV Partner,listed_by_organizer,src_b7abf127fce0b3ab,"{""domain"":""altitudec.com"",""locator"":""AV Partner > Altitude/C"",""name"":""Altitude/C"",""notes"":""Listing establishes published role, not paid amount, attendance, ROI or active demand."",""role"":""production_partner"",""source_url"":""https://us.pycon.org/2025/sponsorship/sponsors/"",""status"":""listed_by_organizer"",""tier"":""AV Partner"",""website"":""https://www.altitudec.com/en""}",{}
role_830649958b3f3ac2,org_4987a1e2e36cd283,evt_084faf6811b39ff7,media_partner,Media,listed_by_organizer,src_b7abf127fce0b3ab,"{""domain"":""thenewstack.io"",""locator"":""Media > The New Stack"",""name"":""The New Stack"",""notes"":""Listing establishes published role, not paid amount, attendance, ROI or active demand."",""role"":""media_partner"",""source_url"":""https://us.pycon.org/2025/sponsorship/sponsors/"",""status"":""listed_by_organizer"",""tier"":""Media"",""website"":""https://thenewstack.io""}",{}
role_791092788298b7e7,org_e6848cee8f1317af,evt_084faf6811b39ff7,media_partner,Media,listed_by_organizer,src_b7abf127fce0b3ab,"{""domain"":""lwn.net"",""locator"":""Media > LWN.net"",""name"":""LWN.net"",""notes"":""Listing establishes published role, not paid amount, attendance, ROI or active demand."",""role"":""media_partner"",""source_url"":""https://us.pycon.org/2025/sponsorship/sponsors/"",""status"":""listed_by_organizer"",""tier"":""Media"",""website"":""https://lwn.net""}",{}
role_0cc078376a24b7a6,org_e461c42c5b63638d,evt_084faf6811b39ff7,media_partner,Media,listed_by_organizer,src_b7abf127fce0b3ab,"{""domain"":""opensourcejobhub.com"",""locator"":""Media > Open Source JobHub"",""name"":""Open Source JobHub"",""notes"":""Listing establishes published role, not paid amount, attendance, ROI or active demand."",""role"":""media_partner"",""source_url"":""https://us.pycon.org/2025/sponsorship/sponsors/"",""status"":""listed_by_organizer"",""tier"":""Media"",""website"":""https://opensourcejobhub.com""}",{}
role_813fb99a2cb36943,org_1122599ca325f7cc,evt_084faf6811b39ff7,media_partner,Media,listed_by_organizer,src_b7abf127fce0b3ab,"{""domain"":""linux-magazine.com"",""locator"":""Media > Linux Magazine"",""name"":""Linux Magazine"",""notes"":""Listing establishes published role, not paid amount, attendance, ROI or active demand."",""role"":""media_partner"",""source_url"":""https://us.pycon.org/2025/sponsorship/sponsors/"",""status"":""listed_by_organizer"",""tier"":""Media"",""website"":""https://www.linux-magazine.com""}",{}
role_dbefbed6cee254ae,org_d1d51d9d49d832dc,evt_084faf6811b39ff7,media_partner,Media,listed_by_organizer,src_b7abf127fce0b3ab,"{""domain"":""cultrepo.com"",""locator"":""Media > Cult.Repo"",""name"":""Cult.Repo"",""notes"":""Listing establishes published role, not paid amount, attendance, ROI or active demand."",""role"":""media_partner"",""source_url"":""https://us.pycon.org/2025/sponsorship/sponsors/"",""status"":""listed_by_organizer"",""tier"":""Media"",""website"":""https://www.cultrepo.com/""}",{}
role_7f900d3447d73988,org_4e012a661d688be5,evt_084faf6811b39ff7,media_partner,Media,listed_by_organizer,src_b7abf127fce0b3ab,"{""domain"":""technical.ly"",""locator"":""Media > Technical.ly"",""name"":""Technical.ly"",""notes"":""Listing establishes published role, not paid amount, attendance, ROI or active demand."",""role"":""media_partner"",""source_url"":""https://us.pycon.org/2025/sponsorship/sponsors/"",""status"":""listed_by_organizer"",""tier"":""Media"",""website"":""https://technical.ly/subscribe/?utm_source=mediapartner&utm_medium=mediapartner&utm_campaign=1682conf""}",{}
role_b0a9bf75cf71b1a8,org_df30a48992da7fe8,evt_084faf6811b39ff7,exhibitor,PyCon US Startup Row,listed_by_organizer,src_b7abf127fce0b3ab,"{""domain"":""all-hands.dev"",""locator"":""PyCon US Startup Row > All Hands AI"",""name"":""All Hands AI"",""notes"":""Listing establishes published role, not paid amount, attendance, ROI or active demand."",""role"":""exhibitor"",""source_url"":""https://us.pycon.org/2025/sponsorship/sponsors/"",""status"":""listed_by_organizer"",""tier"":""PyCon US Startup Row"",""website"":""https://all-hands.dev""}",{}
role_0e976dc5616202a1,org_bb531fb3ff53bfc0,evt_084faf6811b39ff7,exhibitor,PyCon US Startup Row,listed_by_organizer,src_b7abf127fce0b3ab,"{""domain"":""mljar.com"",""locator"":""PyCon US Startup Row > MLJAR"",""name"":""MLJAR"",""notes"":""Listing establishes published role, not paid amount, attendance, ROI or active demand."",""role"":""exhibitor"",""source_url"":""https://us.pycon.org/2025/sponsorship/sponsors/"",""status"":""listed_by_organizer"",""tier"":""PyCon US Startup Row"",""website"":""https://mljar.com""}",{}
role_8f398baa38adcac1,org_9bb02c2376cbe857,evt_084faf6811b39ff7,exhibitor,PyCon US Startup Row,listed_by_organizer,src_b7abf127fce0b3ab,"{""domain"":""fabi.ai"",""locator"":""PyCon US Startup Row > Fabi.ai"",""name"":""Fabi.ai"",""notes"":""Listing establishes published role, not paid amount, attendance, ROI or active demand."",""role"":""exhibitor"",""source_url"":""https://us.pycon.org/2025/sponsorship/sponsors/"",""status"":""listed_by_organizer"",""tier"":""PyCon US Startup Row"",""website"":""https://www.fabi.ai/?isAgentOpen=false""}",{}
role_dd805afc8e477ebc,org_bdab02a27f174582,evt_084faf6811b39ff7,exhibitor,PyCon US Startup Row,listed_by_organizer,src_b7abf127fce0b3ab,"{""domain"":""diffstudio.co"",""locator"":""PyCon US Startup Row > DiffStudio Labs LLC"",""name"":""DiffStudio Labs LLC"",""notes"":""Listing establishes published role, not paid amount, attendance, ROI or active demand."",""role"":""exhibitor"",""source_url"":""https://us.pycon.org/2025/sponsorship/sponsors/"",""status"":""listed_by_organizer"",""tier"":""PyCon US Startup Row"",""website"":""https://diffstudio.co/""}",{}
role_f262defcf7677011,org_30bfadbaae53434b,evt_084faf6811b39ff7,exhibitor,PyCon US Startup Row,listed_by_organizer,src_b7abf127fce0b3ab,"{""domain"":""gooey.ai"",""locator"":""PyCon US Startup Row > Gooey.AI"",""name"":""Gooey.AI"",""notes"":""Listing establishes published role, not paid amount, attendance, ROI or active demand."",""role"":""exhibitor"",""source_url"":""https://us.pycon.org/2025/sponsorship/sponsors/"",""status"":""listed_by_organizer"",""tier"":""PyCon US Startup Row"",""website"":""https://gooey.ai/""}",{}
role_488042b9bdaf2f47,org_fc2fdb562fc2c3ab,evt_084faf6811b39ff7,exhibitor,PyCon US Startup Row,listed_by_organizer,src_b7abf127fce0b3ab,"{""domain"":""ragas.io"",""locator"":""PyCon US Startup Row > Ragas"",""name"":""Ragas"",""notes"":""Listing establishes published role, not paid amount, attendance, ROI or active demand."",""role"":""exhibitor"",""source_url"":""https://us.pycon.org/2025/sponsorship/sponsors/"",""status"":""listed_by_organizer"",""tier"":""PyCon US Startup Row"",""website"":""https://www.ragas.io/""}",{}
role_1335a9cb79d99feb,org_9842013434f2e089,evt_084faf6811b39ff7,exhibitor,PyCon US Startup Row,listed_by_organizer,src_b7abf127fce0b3ab,"{""domain"":""griptape.ai"",""locator"":""PyCon US Startup Row > Griptape"",""name"":""Griptape"",""notes"":""Listing establishes published role, not paid amount, attendance, ROI or active demand."",""role"":""exhibitor"",""source_url"":""https://us.pycon.org/2025/sponsorship/sponsors/"",""status"":""listed_by_organizer"",""tier"":""PyCon US Startup Row"",""website"":""https://griptape.ai/""}",{}
role_51d37c7125700723,org_0de7775d90dfeb81,evt_084faf6811b39ff7,community_partner,Community,listed_by_organizer,src_b7abf127fce0b3ab,"{""domain"":""pyladies.com"",""locator"":""Community > PyLadies"",""name"":""PyLadies"",""notes"":""Listing establishes published role, not paid amount, attendance, ROI or active demand."",""role"":""community_partner"",""source_url"":""https://us.pycon.org/2025/sponsorship/sponsors/"",""status"":""listed_by_organizer"",""tier"":""Community"",""website"":""https://pyladies.com""}",{}
role_697b43c96681be6d,org_eac4ef06e1f85dee,evt_084faf6811b39ff7,community_partner,Community,listed_by_organizer,src_b7abf127fce0b3ab,"{""domain"":""djangoproject.com"",""locator"":""Community > Django Software Foundation"",""name"":""Django Software Foundation"",""notes"":""Listing establishes published role, not paid amount, attendance, ROI or active demand."",""role"":""community_partner"",""source_url"":""https://us.pycon.org/2025/sponsorship/sponsors/"",""status"":""listed_by_organizer"",""tier"":""Community"",""website"":""https://www.djangoproject.com/foundation/""}",{}
role_4e0de3eb68d9744d,org_0de9afdbd83c22a5,evt_084faf6811b39ff7,community_partner,Community,listed_by_organizer,src_b7abf127fce0b3ab,"{""domain"":""codeandsupply.co"",""locator"":""Community > Code & Supply"",""name"":""Code & Supply"",""notes"":""Listing establishes published role, not paid amount, attendance, ROI or active demand."",""role"":""community_partner"",""source_url"":""https://us.pycon.org/2025/sponsorship/sponsors/"",""status"":""listed_by_organizer"",""tier"":""Community"",""website"":""https://codeandsupply.co""}",{}
role_10d406e80199b591,org_a478b4566be5cb00,evt_084faf6811b39ff7,community_partner,Community,listed_by_organizer,src_b7abf127fce0b3ab,"{""domain"":""postgresql.org"",""locator"":""Community > PostgreSQL"",""name"":""PostgreSQL"",""notes"":""Listing establishes published role, not paid amount, attendance, ROI or active demand."",""role"":""community_partner"",""source_url"":""https://us.pycon.org/2025/sponsorship/sponsors/"",""status"":""listed_by_organizer"",""tier"":""Community"",""website"":""https://www.postgresql.org/""}",{}
role_ff5959f43bd192a2,org_f270cf67ebde6e36,evt_084faf6811b39ff7,community_partner,Community,listed_by_organizer,src_b7abf127fce0b3ab,"{""domain"":""numfocus.org"",""locator"":""Community > NumFOCUS"",""name"":""NumFOCUS"",""notes"":""Listing establishes published role, not paid amount, attendance, ROI or active demand."",""role"":""community_partner"",""source_url"":""https://us.pycon.org/2025/sponsorship/sponsors/"",""status"":""listed_by_organizer"",""tier"":""Community"",""website"":""https://numfocus.org""}",{}
role_0cdd0e141c071dc5,org_97e2e60dd19e6057,evt_084faf6811b39ff7,community_partner,Community,listed_by_organizer,src_b7abf127fce0b3ab,"{""domain"":""eff.org"",""locator"":""Community > Electronic Frontier Foundation"",""name"":""Electronic Frontier Foundation"",""notes"":""Listing establishes published role, not paid amount, attendance, ROI or active demand."",""role"":""community_partner"",""source_url"":""https://us.pycon.org/2025/sponsorship/sponsors/"",""status"":""listed_by_organizer"",""tier"":""Community"",""website"":""https://eff.org""}",{}
role_0af5c9721e7e62d6,org_81815e3cad013bb9,evt_084faf6811b39ff7,community_partner,Community,listed_by_organizer,src_b7abf127fce0b3ab,"{""domain"":""codeday.org"",""locator"":""Community > CodeDay"",""name"":""CodeDay"",""notes"":""Listing establishes published role, not paid amount, attendance, ROI or active demand."",""role"":""community_partner"",""source_url"":""https://us.pycon.org/2025/sponsorship/sponsors/"",""status"":""listed_by_organizer"",""tier"":""Community"",""website"":""https://www.codeday.org/""}",{}
role_1a6ac199f9ebfde5,org_8a5d10d41874f633,evt_084faf6811b39ff7,community_partner,Community,listed_by_organizer,src_b7abf127fce0b3ab,"{""domain"":""pycon.asia"",""locator"":""Community > Python Asia Organization"",""name"":""Python Asia Organization"",""notes"":""Listing establishes published role, not paid amount, attendance, ROI or active demand."",""role"":""community_partner"",""source_url"":""https://us.pycon.org/2025/sponsorship/sponsors/"",""status"":""listed_by_organizer"",""tier"":""Community"",""website"":""https://pycon.asia/""}",{}
role_24641dceb3533003,org_5232b110b3de305c,evt_084faf6811b39ff7,community_partner,Community,listed_by_organizer,src_b7abf127fce0b3ab,"{""domain"":""carpentries.org"",""locator"":""Community > The Carpentries"",""name"":""The Carpentries"",""notes"":""Listing establishes published role, not paid amount, attendance, ROI or active demand."",""role"":""community_partner"",""source_url"":""https://us.pycon.org/2025/sponsorship/sponsors/"",""status"":""listed_by_organizer"",""tier"":""Community"",""website"":""https://carpentries.org/""}",{}
role_5429612ba31db803,org_9e7369079f0afaa9,evt_084faf6811b39ff7,community_partner,Community,listed_by_organizer,src_b7abf127fce0b3ab,"{""domain"":""blackpythondevs.com"",""locator"":""Community > Black Python Devs"",""name"":""Black Python Devs"",""notes"":""Listing establishes published role, not paid amount, attendance, ROI or active demand."",""role"":""community_partner"",""source_url"":""https://us.pycon.org/2025/sponsorship/sponsors/"",""status"":""listed_by_organizer"",""tier"":""Community"",""website"":""https://blackpythondevs.com""}",{}
role_2068d31256a737f8,org_86b7474c8a220dd4,evt_084faf6811b39ff7,community_partner,Community,listed_by_organizer,src_b7abf127fce0b3ab,"{""domain"":""hablemospython.dev"",""locator"":""Community > Python en Español"",""name"":""Python en Español"",""notes"":""Listing establishes published role, not paid amount, attendance, ROI or active demand."",""role"":""community_partner"",""source_url"":""https://us.pycon.org/2025/sponsorship/sponsors/"",""status"":""listed_by_organizer"",""tier"":""Community"",""website"":""https://hablemospython.dev""}",{}
role_507077f652d7be2f,org_3ac39942387ec818,evt_084faf6811b39ff7,community_partner,Community,listed_by_organizer,src_b7abf127fce0b3ab,"{""domain"":""pypgh.org"",""locator"":""Community > PyData Pittsburgh"",""name"":""PyData Pittsburgh"",""notes"":""Listing establishes published role, not paid amount, attendance, ROI or active demand."",""role"":""community_partner"",""source_url"":""https://us.pycon.org/2025/sponsorship/sponsors/"",""status"":""listed_by_organizer"",""tier"":""Community"",""website"":""https://pypgh.org""}",{}
role_38341f2fa73f8802,org_6cc54ee64ccd801f,evt_084faf6811b39ff7,community_partner,Community,listed_by_organizer,src_b7abf127fce0b3ab,"{""domain"":""pybeach.org"",""locator"":""Community > PyBeach"",""name"":""PyBeach"",""notes"":""Listing establishes published role, not paid amount, attendance, ROI or active demand."",""role"":""community_partner"",""source_url"":""https://us.pycon.org/2025/sponsorship/sponsors/"",""status"":""listed_by_organizer"",""tier"":""Community"",""website"":""https://pybeach.org/""}",{}
role_70c7f4af65b44cb9,org_2e5c845a2ddab02c,evt_084faf6811b39ff7,community_partner,Community,listed_by_organizer,src_b7abf127fce0b3ab,"{""domain"":""europython-society.org"",""locator"":""Community > EuroPython Society"",""name"":""EuroPython Society"",""notes"":""Listing establishes published role, not paid amount, attendance, ROI or active demand."",""role"":""community_partner"",""source_url"":""https://us.pycon.org/2025/sponsorship/sponsors/"",""status"":""listed_by_organizer"",""tier"":""Community"",""website"":""https://www.europython-society.org/""}",{}
role_f925d042d00bab9b,org_8005db898448a804,evt_084faf6811b39ff7,organizer,,listed_by_organizer,src_76d3990208dfce14,"{""domain"":""python.org"",""name"":""Python Software Foundation"",""role"":""organizer"",""source_url"":""https://us.pycon.org/2025/"",""status"":""listed_by_organizer"",""tier"":null}","{""tier"":""not_found_in_consulted_sources""}"
role_28204b00d7a01609,org_8d4321d936320802,evt_095fb499a803def2,sponsor,Visionary,listed_by_organizer,src_80ab5b26edd36d59,"{""domain"":""developer.nvidia.com"",""locator"":""Visionary > NVIDIA"",""name"":""NVIDIA"",""notes"":""Listing establishes published role, not paid amount, attendance, ROI or active demand."",""role"":""sponsor"",""source_url"":""https://us.pycon.org/2026/sponsorship/sponsors/"",""status"":""listed_by_organizer"",""tier"":""Visionary"",""website"":""https://developer.nvidia.com""}",{}
role_efbfdb42d5921b41,org_f967244e07c8f78c,evt_095fb499a803def2,sponsor,Visionary,listed_by_organizer,src_80ab5b26edd36d59,"{""domain"":""anthropic.com"",""locator"":""Visionary > Anthropic, PBC"",""name"":""Anthropic, PBC"",""notes"":""Listing establishes published role, not paid amount, attendance, ROI or active demand."",""role"":""sponsor"",""source_url"":""https://us.pycon.org/2026/sponsorship/sponsors/"",""status"":""listed_by_organizer"",""tier"":""Visionary"",""website"":""https://www.anthropic.com/""}",{}
role_35c0dd2f737e305c,org_0fb9765e58d296e5,evt_095fb499a803def2,sponsor,Visionary,listed_by_organizer,src_80ab5b26edd36d59,"{""domain"":""techatbloomberg.com"",""locator"":""Visionary > Bloomberg"",""name"":""Bloomberg"",""notes"":""Listing establishes published role, not paid amount, attendance, ROI or active demand."",""role"":""sponsor"",""source_url"":""https://us.pycon.org/2026/sponsorship/sponsors/"",""status"":""listed_by_organizer"",""tier"":""Visionary"",""website"":""https://www.techatbloomberg.com/""}",{}
role_9dfc22fe154a8e59,org_bbdefa2950f49882,evt_095fb499a803def2,sponsor,Visionary,listed_by_organizer,src_80ab5b26edd36d59,"{""domain"":""opensource.google"",""locator"":""Visionary > Google"",""name"":""Google"",""notes"":""Listing establishes published role, not paid amount, attendance, ROI or active demand."",""role"":""sponsor"",""source_url"":""https://us.pycon.org/2026/sponsorship/sponsors/"",""status"":""listed_by_organizer"",""tier"":""Visionary"",""website"":""https://opensource.google/""}",{}
role_d606de483fb05b5f,org_ea3bd73e2b506e00,evt_095fb499a803def2,sponsor,Visionary,listed_by_organizer,src_80ab5b26edd36d59,"{""domain"":""about.facebook.com"",""locator"":""Visionary > Meta"",""name"":""Meta"",""notes"":""Listing establishes published role, not paid amount, attendance, ROI or active demand."",""role"":""sponsor"",""source_url"":""https://us.pycon.org/2026/sponsorship/sponsors/"",""status"":""listed_by_organizer"",""tier"":""Visionary"",""website"":""https://about.facebook.com/meta/""}",{}
role_dd6dab632e40fb8d,org_0f214b80de91c060,evt_095fb499a803def2,sponsor,Visionary,listed_by_organizer,src_80ab5b26edd36d59,"{""domain"":""fastly.com"",""locator"":""Visionary > Fastly"",""name"":""Fastly"",""notes"":""Listing establishes published role, not paid amount, attendance, ROI or active demand."",""role"":""sponsor"",""source_url"":""https://us.pycon.org/2026/sponsorship/sponsors/"",""status"":""listed_by_organizer"",""tier"":""Visionary"",""website"":""https://www.fastly.com/fast-forward""}",{}
role_a2aae7b6f942f8de,org_5a1ad84a47ec210d,evt_095fb499a803def2,sponsor,Visionary,listed_by_organizer,src_80ab5b26edd36d59,"{""domain"":""hudsonrivertrading.com"",""locator"":""Visionary > Hudson River Trading"",""name"":""Hudson River Trading"",""notes"":""Listing establishes published role, not paid amount, attendance, ROI or active demand."",""role"":""sponsor"",""source_url"":""https://us.pycon.org/2026/sponsorship/sponsors/"",""status"":""listed_by_organizer"",""tier"":""Visionary"",""website"":""https://www.hudsonrivertrading.com/careers/""}",{}
role_c3f78c1db00120d9,org_9fbf261b62c1d7c0,evt_095fb499a803def2,sponsor,Sustainability,listed_by_organizer,src_80ab5b26edd36d59,"{""domain"":""aka.ms"",""locator"":""Sustainability > Microsoft"",""name"":""Microsoft"",""notes"":""Listing establishes published role, not paid amount, attendance, ROI or active demand."",""role"":""sponsor"",""source_url"":""https://us.pycon.org/2026/sponsorship/sponsors/"",""status"":""listed_by_organizer"",""tier"":""Sustainability"",""website"":""https://aka.ms/python""}",{}
role_d1903145e96098f8,org_7606c4cbaae85d2d,evt_095fb499a803def2,sponsor,Maintaining,listed_by_organizer,src_80ab5b26edd36d59,"{""domain"":""anaconda.com"",""locator"":""Maintaining > Anaconda, Inc"",""name"":""Anaconda, Inc"",""notes"":""Listing establishes published role, not paid amount, attendance, ROI or active demand."",""role"":""sponsor"",""source_url"":""https://us.pycon.org/2026/sponsorship/sponsors/"",""status"":""listed_by_organizer"",""tier"":""Maintaining"",""website"":""https://www.anaconda.com/""}",{}
role_4daa519400eb8a64,org_67b51232d90eef07,evt_095fb499a803def2,sponsor,Maintaining,listed_by_organizer,src_80ab5b26edd36d59,"{""domain"":""capitalone.com"",""locator"":""Maintaining > Capital One"",""name"":""Capital One"",""notes"":""Listing establishes published role, not paid amount, attendance, ROI or active demand."",""role"":""sponsor"",""source_url"":""https://us.pycon.org/2026/sponsorship/sponsors/"",""status"":""listed_by_organizer"",""tier"":""Maintaining"",""website"":""https://www.capitalone.com/tech/""}",{}
role_3e84a33ccbbe488e,org_9d3508a8484ee252,evt_095fb499a803def2,sponsor,Maintaining,listed_by_organizer,src_80ab5b26edd36d59,"{""domain"":""vercel.com"",""locator"":""Maintaining > Vercel"",""name"":""Vercel"",""notes"":""Listing establishes published role, not paid amount, attendance, ROI or active demand."",""role"":""sponsor"",""source_url"":""https://us.pycon.org/2026/sponsorship/sponsors/"",""status"":""listed_by_organizer"",""tier"":""Maintaining"",""website"":""https://vercel.com/""}",{}
role_63b8383bf5784a5f,org_8dfe5e6cf73b1d6b,evt_095fb499a803def2,sponsor,Maintaining,listed_by_organizer,src_80ab5b26edd36d59,"{""domain"":""redhat.com"",""locator"":""Maintaining > Red Hat"",""name"":""Red Hat"",""notes"":""Listing establishes published role, not paid amount, attendance, ROI or active demand."",""role"":""sponsor"",""source_url"":""https://us.pycon.org/2026/sponsorship/sponsors/"",""status"":""listed_by_organizer"",""tier"":""Maintaining"",""website"":""https://www.redhat.com/en""}",{}
role_d54b75654a3661be,org_817bb784ab833599,evt_095fb499a803def2,sponsor,Maintaining,listed_by_organizer,src_80ab5b26edd36d59,"{""domain"":""serpapi.com"",""locator"":""Maintaining > SerpApi"",""name"":""SerpApi"",""notes"":""Listing establishes published role, not paid amount, attendance, ROI or active demand."",""role"":""sponsor"",""source_url"":""https://us.pycon.org/2026/sponsorship/sponsors/"",""status"":""listed_by_organizer"",""tier"":""Maintaining"",""website"":""http://serpapi.com/?utm_source=pythonorg""}",{}
role_6cb699b94e3901af,org_7d1507284a5757ca,evt_095fb499a803def2,sponsor,Maintaining,listed_by_organizer,src_80ab5b26edd36d59,"{""domain"":""aws.amazon.com"",""locator"":""Maintaining > AWS"",""name"":""AWS"",""notes"":""Listing establishes published role, not paid amount, attendance, ROI or active demand."",""role"":""sponsor"",""source_url"":""https://us.pycon.org/2026/sponsorship/sponsors/"",""status"":""listed_by_organizer"",""tier"":""Maintaining"",""website"":""https://aws.amazon.com/opensource/""}",{}
role_8f02a1f97c206a05,org_4202df23a0dc9b38,evt_095fb499a803def2,sponsor,Contributing,listed_by_organizer,src_80ab5b26edd36d59,"{""domain"":""point72.com"",""locator"":""Contributing > Cubist Systematic Strategies"",""name"":""Cubist Systematic Strategies"",""notes"":""Listing establishes published role, not paid amount, attendance, ROI or active demand."",""role"":""sponsor"",""source_url"":""https://us.pycon.org/2026/sponsorship/sponsors/"",""status"":""listed_by_organizer"",""tier"":""Contributing"",""website"":""https://point72.com/cubist/""}",{}
role_f25455d5780de0e7,org_6c2949a5b9698d22,evt_095fb499a803def2,sponsor,Contributing,listed_by_organizer,src_80ab5b26edd36d59,"{""domain"":""jetbrains.com"",""locator"":""Contributing > JetBrains"",""name"":""JetBrains"",""notes"":""Listing establishes published role, not paid amount, attendance, ROI or active demand."",""role"":""sponsor"",""source_url"":""https://us.pycon.org/2026/sponsorship/sponsors/"",""status"":""listed_by_organizer"",""tier"":""Contributing"",""website"":""https://www.jetbrains.com/pycharm/""}",{}
role_fb41391c0659d4b5,org_99c090636aa0f68a,evt_095fb499a803def2,sponsor,Contributing,listed_by_organizer,src_80ab5b26edd36d59,"{""domain"":""pythoninstitute.org"",""locator"":""Contributing > OpenEDG Python Institute"",""name"":""OpenEDG Python Institute"",""notes"":""Listing establishes published role, not paid amount, attendance, ROI or active demand."",""role"":""sponsor"",""source_url"":""https://us.pycon.org/2026/sponsorship/sponsors/"",""status"":""listed_by_organizer"",""tier"":""Contributing"",""website"":""https://pythoninstitute.org/""}",{}
role_634acb7fd77be89f,org_de5a1adf4fedcce1,evt_095fb499a803def2,sponsor,Contributing,listed_by_organizer,src_80ab5b26edd36d59,"{""domain"":""snowflake.com"",""locator"":""Contributing > Snowflake"",""name"":""Snowflake"",""notes"":""Listing establishes published role, not paid amount, attendance, ROI or active demand."",""role"":""sponsor"",""source_url"":""https://us.pycon.org/2026/sponsorship/sponsors/"",""status"":""listed_by_organizer"",""tier"":""Contributing"",""website"":""https://www.snowflake.com/en/""}",{}
role_dd0a2e1e24d170b1,org_68323c1446f37e1a,evt_095fb499a803def2,sponsor,Supporting,listed_by_organizer,src_80ab5b26edd36d59,"{""domain"":""alpha-sense.com"",""locator"":""Supporting > AlphaSense"",""name"":""AlphaSense"",""notes"":""Listing establishes published role, not paid amount, attendance, ROI or active demand."",""role"":""sponsor"",""source_url"":""https://us.pycon.org/2026/sponsorship/sponsors/"",""status"":""listed_by_organizer"",""tier"":""Supporting"",""website"":""https://www.alpha-sense.com/""}",{}
role_b93325c4f045faa3,org_9e6d67222e41669b,evt_095fb499a803def2,sponsor,Supporting,listed_by_organizer,src_80ab5b26edd36d59,"{""domain"":""chainguard.dev"",""locator"":""Supporting > Chainguard"",""name"":""Chainguard"",""notes"":""Listing establishes published role, not paid amount, attendance, ROI or active demand."",""role"":""sponsor"",""source_url"":""https://us.pycon.org/2026/sponsorship/sponsors/"",""status"":""listed_by_organizer"",""tier"":""Supporting"",""website"":""https://www.chainguard.dev/""}",{}
role_d42b2f3d84db7f7e,org_b649d599b84fedef,evt_095fb499a803def2,sponsor,Supporting,listed_by_organizer,src_80ab5b26edd36d59,"{""domain"":""codspeed.io"",""locator"":""Supporting > CodSpeed"",""name"":""CodSpeed"",""notes"":""Listing establishes published role, not paid amount, attendance, ROI or active demand."",""role"":""sponsor"",""source_url"":""https://us.pycon.org/2026/sponsorship/sponsors/"",""status"":""listed_by_organizer"",""tier"":""Supporting"",""website"":""https://codspeed.io""}",{}
role_7e8dc2f5e0f02789,org_128df13c1e54ffaa,evt_095fb499a803def2,sponsor,Supporting,listed_by_organizer,src_80ab5b26edd36d59,"{""domain"":""hex.tech"",""locator"":""Supporting > Hex"",""name"":""Hex"",""notes"":""Listing establishes published role, not paid amount, attendance, ROI or active demand."",""role"":""sponsor"",""source_url"":""https://us.pycon.org/2026/sponsorship/sponsors/"",""status"":""listed_by_organizer"",""tier"":""Supporting"",""website"":""https://hex.tech/""}",{}
role_842c7d4b6f972dc7,org_d888a3e4ea95d404,evt_095fb499a803def2,sponsor,Supporting,listed_by_organizer,src_80ab5b26edd36d59,"{""domain"":""indeed.com"",""locator"":""Supporting > Indeed"",""name"":""Indeed"",""notes"":""Listing establishes published role, not paid amount, attendance, ROI or active demand."",""role"":""sponsor"",""source_url"":""https://us.pycon.org/2026/sponsorship/sponsors/"",""status"":""listed_by_organizer"",""tier"":""Supporting"",""website"":""https://www.indeed.com/about""}",{}
role_74be27e82e9bb70b,org_fff54f474949593e,evt_095fb499a803def2,sponsor,Supporting,listed_by_organizer,src_80ab5b26edd36d59,"{""domain"":""janestreet.com"",""locator"":""Supporting > Jane Street"",""name"":""Jane Street"",""notes"":""Listing establishes published role, not paid amount, attendance, ROI or active demand."",""role"":""sponsor"",""source_url"":""https://us.pycon.org/2026/sponsorship/sponsors/"",""status"":""listed_by_organizer"",""tier"":""Supporting"",""website"":""https://www.janestreet.com/""}",{}
role_f78a0d00de421ba8,org_6607ead115f73fd8,evt_095fb499a803def2,sponsor,Supporting,listed_by_organizer,src_80ab5b26edd36d59,"{""domain"":""kraken.tech"",""locator"":""Supporting > Kraken Tech"",""name"":""Kraken Tech"",""notes"":""Listing establishes published role, not paid amount, attendance, ROI or active demand."",""role"":""sponsor"",""source_url"":""https://us.pycon.org/2026/sponsorship/sponsors/"",""status"":""listed_by_organizer"",""tier"":""Supporting"",""website"":""https://kraken.tech/""}",{}
role_4993d35b817127b8,org_3e9dae7ad8981a38,evt_095fb499a803def2,sponsor,Supporting,listed_by_organizer,src_80ab5b26edd36d59,"{""domain"":""careers.manychat.com"",""locator"":""Supporting > Manychat"",""name"":""Manychat"",""notes"":""Listing establishes published role, not paid amount, attendance, ROI or active demand."",""role"":""sponsor"",""source_url"":""https://us.pycon.org/2026/sponsorship/sponsors/"",""status"":""listed_by_organizer"",""tier"":""Supporting"",""website"":""https://careers.manychat.com/""}",{}
role_1260da1a5f2502f5,org_2f9bbb1bdf86d55d,evt_095fb499a803def2,sponsor,Supporting,listed_by_organizer,src_80ab5b26edd36d59,"{""domain"":""posit.co"",""locator"":""Supporting > Posit, PBC"",""name"":""Posit, PBC"",""notes"":""Listing establishes published role, not paid amount, attendance, ROI or active demand."",""role"":""sponsor"",""source_url"":""https://us.pycon.org/2026/sponsorship/sponsors/"",""status"":""listed_by_organizer"",""tier"":""Supporting"",""website"":""https://posit.co/""}",{}
role_b106d9c9bb1a4c05,org_6366233f6ef38437,evt_095fb499a803def2,sponsor,Supporting,listed_by_organizer,src_80ab5b26edd36d59,"{""domain"":""pydantic.dev"",""locator"":""Supporting > Pydantic"",""name"":""Pydantic"",""notes"":""Listing establishes published role, not paid amount, attendance, ROI or active demand."",""role"":""sponsor"",""source_url"":""https://us.pycon.org/2026/sponsorship/sponsors/"",""status"":""listed_by_organizer"",""tier"":""Supporting"",""website"":""https://pydantic.dev/about""}",{}
role_e1ab33035faed5c2,org_6f348ef7bc564637,evt_095fb499a803def2,sponsor,Supporting,listed_by_organizer,src_80ab5b26edd36d59,"{""domain"":""qube-rt.com"",""locator"":""Supporting > Qube Research & Technologies"",""name"":""Qube Research & Technologies"",""notes"":""Listing establishes published role, not paid amount, attendance, ROI or active demand."",""role"":""sponsor"",""source_url"":""https://us.pycon.org/2026/sponsorship/sponsors/"",""status"":""listed_by_organizer"",""tier"":""Supporting"",""website"":""https://www.qube-rt.com/""}",{}
role_bebcb0b64cebe0f7,org_0cf6855c1a3c323b,evt_095fb499a803def2,sponsor,Supporting,listed_by_organizer,src_80ab5b26edd36d59,"{""domain"":""sentry.io"",""locator"":""Supporting > Sentry"",""name"":""Sentry"",""notes"":""Listing establishes published role, not paid amount, attendance, ROI or active demand."",""role"":""sponsor"",""source_url"":""https://us.pycon.org/2026/sponsorship/sponsors/"",""status"":""listed_by_organizer"",""tier"":""Supporting"",""website"":""https://sentry.io/for/python/?utm_source=pypi&utm_medium=paid-community&utm_campaign=python-na-evergreen&utm_content=static-ad-pypi-sponsor-learnmore""}",{}
role_4758f38cbfb5039a,org_738e22f0acab814c,evt_095fb499a803def2,sponsor,Supporting,listed_by_organizer,src_80ab5b26edd36d59,"{""domain"":""cloudflare.com"",""locator"":""Supporting > Cloudflare"",""name"":""Cloudflare"",""notes"":""Listing establishes published role, not paid amount, attendance, ROI or active demand."",""role"":""sponsor"",""source_url"":""https://us.pycon.org/2026/sponsorship/sponsors/"",""status"":""listed_by_organizer"",""tier"":""Supporting"",""website"":""https://www.cloudflare.com/""}",{}
role_9d0cca5fb674bd55,org_f7c640a5d8ec7e07,evt_095fb499a803def2,sponsor,Supporting,listed_by_organizer,src_80ab5b26edd36d59,"{""domain"":""codeflash.ai"",""locator"":""Supporting > Codeflash"",""name"":""Codeflash"",""notes"":""Listing establishes published role, not paid amount, attendance, ROI or active demand."",""role"":""sponsor"",""source_url"":""https://us.pycon.org/2026/sponsorship/sponsors/"",""status"":""listed_by_organizer"",""tier"":""Supporting"",""website"":""http://codeflash.ai""}",{}
role_49e125d8a5344cd7,org_9eefef2692f3f2ea,evt_095fb499a803def2,sponsor,Supporting,listed_by_organizer,src_80ab5b26edd36d59,"{""domain"":""malwarebytes.com"",""locator"":""Supporting > Malwarebytes"",""name"":""Malwarebytes"",""notes"":""Listing establishes published role, not paid amount, attendance, ROI or active demand."",""role"":""sponsor"",""source_url"":""https://us.pycon.org/2026/sponsorship/sponsors/"",""status"":""listed_by_organizer"",""tier"":""Supporting"",""website"":""https://www.malwarebytes.com""}",{}
role_545ec27a9d35ba99,org_efef66d3c8c24b75,evt_095fb499a803def2,sponsor,Partner,listed_by_organizer,src_80ab5b26edd36d59,"{""domain"":""analog.com"",""locator"":""Partner > Analog Devices, Inc."",""name"":""Analog Devices, Inc."",""notes"":""Listing establishes published role, not paid amount, attendance, ROI or active demand."",""role"":""sponsor"",""source_url"":""https://us.pycon.org/2026/sponsorship/sponsors/"",""status"":""listed_by_organizer"",""tier"":""Partner"",""website"":""https://analog.com""}",{}
role_eaf72b93ef5e68a4,org_954f775230679543,evt_095fb499a803def2,sponsor,Partner,listed_by_organizer,src_80ab5b26edd36d59,"{""domain"":""apify.com"",""locator"":""Partner > Apify"",""name"":""Apify"",""notes"":""Listing establishes published role, not paid amount, attendance, ROI or active demand."",""role"":""sponsor"",""source_url"":""https://us.pycon.org/2026/sponsorship/sponsors/"",""status"":""listed_by_organizer"",""tier"":""Partner"",""website"":""https://apify.com/""}",{}
role_0df2fd3cdd899893,org_2e9f768344ff39ac,evt_095fb499a803def2,sponsor,Partner,listed_by_organizer,src_80ab5b26edd36d59,"{""domain"":""astral.sh"",""locator"":""Partner > Astral"",""name"":""Astral"",""notes"":""Listing establishes published role, not paid amount, attendance, ROI or active demand."",""role"":""sponsor"",""source_url"":""https://us.pycon.org/2026/sponsorship/sponsors/"",""status"":""listed_by_organizer"",""tier"":""Partner"",""website"":""https://astral.sh/""}",{}
role_236b95b4a6fd718d,org_7e099f39b84ea795,evt_095fb499a803def2,sponsor,Partner,listed_by_organizer,src_80ab5b26edd36d59,"{""domain"":null,""locator"":""Partner > ClickHouse"",""name"":""ClickHouse"",""notes"":""Listing establishes published role, not paid amount, attendance, ROI or active demand."",""role"":""sponsor"",""source_url"":""https://us.pycon.org/2026/sponsorship/sponsors/"",""status"":""listed_by_organizer"",""tier"":""Partner"",""website"":null}",{}
role_20a518c257a6c968,org_986051385feae5b9,evt_095fb499a803def2,sponsor,Partner,listed_by_organizer,src_80ab5b26edd36d59,"{""domain"":""elastic.co"",""locator"":""Partner > Elastic"",""name"":""Elastic"",""notes"":""Listing establishes published role, not paid amount, attendance, ROI or active demand."",""role"":""sponsor"",""source_url"":""https://us.pycon.org/2026/sponsorship/sponsors/"",""status"":""listed_by_organizer"",""tier"":""Partner"",""website"":""https://www.elastic.co/""}",{}
role_7136a6f4f4e20248,org_668b967b349470ea,evt_095fb499a803def2,sponsor,Partner,listed_by_organizer,src_80ab5b26edd36d59,"{""domain"":""jinja.app"",""locator"":""Partner > Jinja.App"",""name"":""Jinja.App"",""notes"":""Listing establishes published role, not paid amount, attendance, ROI or active demand."",""role"":""sponsor"",""source_url"":""https://us.pycon.org/2026/sponsorship/sponsors/"",""status"":""listed_by_organizer"",""tier"":""Partner"",""website"":""https://jinja.app/python-developers""}",{}
role_de8534843599ae42,org_ef2a33c946942c1a,evt_095fb499a803def2,sponsor,Partner,listed_by_organizer,src_80ab5b26edd36d59,"{""domain"":""reversinglabs.com"",""locator"":""Partner > ReversingLabs"",""name"":""ReversingLabs"",""notes"":""Listing establishes published role, not paid amount, attendance, ROI or active demand."",""role"":""sponsor"",""source_url"":""https://us.pycon.org/2026/sponsorship/sponsors/"",""status"":""listed_by_organizer"",""tier"":""Partner"",""website"":""https://www.reversinglabs.com/""}",{}
role_09da44be9fc2338b,org_5478b3411c351e6a,evt_095fb499a803def2,sponsor,Partner,listed_by_organizer,src_80ab5b26edd36d59,"{""domain"":""tower-research.com"",""locator"":""Partner > Tower Research Capital"",""name"":""Tower Research Capital"",""notes"":""Listing establishes published role, not paid amount, attendance, ROI or active demand."",""role"":""sponsor"",""source_url"":""https://us.pycon.org/2026/sponsorship/sponsors/"",""status"":""listed_by_organizer"",""tier"":""Partner"",""website"":""https://tower-research.com/""}",{}
role_545d9aadf90d313d,org_0461dff431b29848,evt_095fb499a803def2,sponsor,Partner,listed_by_organizer,src_80ab5b26edd36d59,"{""domain"":""marimo.io"",""locator"":""Partner > marimo"",""name"":""marimo"",""notes"":""Listing establishes published role, not paid amount, attendance, ROI or active demand."",""role"":""sponsor"",""source_url"":""https://us.pycon.org/2026/sponsorship/sponsors/"",""status"":""listed_by_organizer"",""tier"":""Partner"",""website"":""https://marimo.io/""}",{}
role_0c99bf0baf16c2a9,org_71de54d15440755d,evt_095fb499a803def2,sponsor,Partner,listed_by_organizer,src_80ab5b26edd36d59,"{""domain"":""pretix.eu"",""locator"":""Partner > pretix"",""name"":""pretix"",""notes"":""Listing establishes published role, not paid amount, attendance, ROI or active demand."",""role"":""sponsor"",""source_url"":""https://us.pycon.org/2026/sponsorship/sponsors/"",""status"":""listed_by_organizer"",""tier"":""Partner"",""website"":""https://pretix.eu/about/en/company""}",{}
role_95eea0bc20d28a2b,org_7e4f23f210da3289,evt_095fb499a803def2,sponsor,Partner,listed_by_organizer,src_80ab5b26edd36d59,"{""domain"":""zyte.com"",""locator"":""Partner > Zyte"",""name"":""Zyte"",""notes"":""Listing establishes published role, not paid amount, attendance, ROI or active demand."",""role"":""sponsor"",""source_url"":""https://us.pycon.org/2026/sponsorship/sponsors/"",""status"":""listed_by_organizer"",""tier"":""Partner"",""website"":""https://www.zyte.com/""}",{}
role_7119592466cb2b07,org_ab8a2c59b7a5aab0,evt_095fb499a803def2,sponsor,Partner,listed_by_organizer,src_80ab5b26edd36d59,"{""domain"":""oldmissioncapital.com"",""locator"":""Partner > Old Mission"",""name"":""Old Mission"",""notes"":""Listing establishes published role, not paid amount, attendance, ROI or active demand."",""role"":""sponsor"",""source_url"":""https://us.pycon.org/2026/sponsorship/sponsors/"",""status"":""listed_by_organizer"",""tier"":""Partner"",""website"":""https://www.oldmissioncapital.com/""}",{}
role_749ef7290ad15123,org_759735aa6421b0de,evt_095fb499a803def2,sponsor,Partner,listed_by_organizer,src_80ab5b26edd36d59,"{""domain"":""minimus.io"",""locator"":""Partner > Minimus"",""name"":""Minimus"",""notes"":""Listing establishes published role, not paid amount, attendance, ROI or active demand."",""role"":""sponsor"",""source_url"":""https://us.pycon.org/2026/sponsorship/sponsors/"",""status"":""listed_by_organizer"",""tier"":""Partner"",""website"":""https://www.minimus.io/""}",{}
role_1632b89ef2403b55,org_9f8230c43ce398d6,evt_095fb499a803def2,sponsor,Partner,listed_by_organizer,src_80ab5b26edd36d59,"{""domain"":""motional.com"",""locator"":""Partner > Motional"",""name"":""Motional"",""notes"":""Listing establishes published role, not paid amount, attendance, ROI or active demand."",""role"":""sponsor"",""source_url"":""https://us.pycon.org/2026/sponsorship/sponsors/"",""status"":""listed_by_organizer"",""tier"":""Partner"",""website"":""https://motional.com/""}",{}
role_86d6357deff0894e,org_e4540a7c8404b1be,evt_095fb499a803def2,sponsor,Partner,listed_by_organizer,src_80ab5b26edd36d59,"{""domain"":""temporal.io"",""locator"":""Partner > Temporal"",""name"":""Temporal"",""notes"":""Listing establishes published role, not paid amount, attendance, ROI or active demand."",""role"":""sponsor"",""source_url"":""https://us.pycon.org/2026/sponsorship/sponsors/"",""status"":""listed_by_organizer"",""tier"":""Partner"",""website"":""https://temporal.io/community""}",{}
role_9e4cb3f1eb583334,org_d9082bdcf7eaf584,evt_095fb499a803def2,sponsor,Partner,listed_by_organizer,src_80ab5b26edd36d59,"{""domain"":""auth0.com"",""locator"":""Partner > Auth0"",""name"":""Auth0"",""notes"":""Listing establishes published role, not paid amount, attendance, ROI or active demand."",""role"":""sponsor"",""source_url"":""https://us.pycon.org/2026/sponsorship/sponsors/"",""status"":""listed_by_organizer"",""tier"":""Partner"",""website"":""https://www.auth0.com""}",{}
role_d5374fabd4d22650,org_fcc54d5b1690d131,evt_095fb499a803def2,sponsor,Partner,listed_by_organizer,src_80ab5b26edd36d59,"{""domain"":""reflex.dev"",""locator"":""Partner > Reflex"",""name"":""Reflex"",""notes"":""Listing establishes published role, not paid amount, attendance, ROI or active demand."",""role"":""sponsor"",""source_url"":""https://us.pycon.org/2026/sponsorship/sponsors/"",""status"":""listed_by_organizer"",""tier"":""Partner"",""website"":""https://reflex.dev/""}",{}
role_4293accd830f9114,org_93d59962b06d8e0f,evt_095fb499a803def2,sponsor,Partner,listed_by_organizer,src_80ab5b26edd36d59,"{""domain"":""lernerpython.com"",""locator"":""Partner > Reuven Lerner — Python training"",""name"":""Reuven Lerner — Python training"",""notes"":""Listing establishes published role, not paid amount, attendance, ROI or active demand."",""role"":""sponsor"",""source_url"":""https://us.pycon.org/2026/sponsorship/sponsors/"",""status"":""listed_by_organizer"",""tier"":""Partner"",""website"":""https://LernerPython.com""}",{}
role_eea6bcc35986a69c,org_eca1050ed1ddba1e,evt_095fb499a803def2,sponsor,Partner,listed_by_organizer,src_80ab5b26edd36d59,"{""domain"":""cesiumastro.com"",""locator"":""Partner > CesiumAstro"",""name"":""CesiumAstro"",""notes"":""Listing establishes published role, not paid amount, attendance, ROI or active demand."",""role"":""sponsor"",""source_url"":""https://us.pycon.org/2026/sponsorship/sponsors/"",""status"":""listed_by_organizer"",""tier"":""Partner"",""website"":""https://www.cesiumastro.com/""}",{}
role_5e1730b4e3456947,org_dd71f579bce44b7d,evt_095fb499a803def2,sponsor,Participating,listed_by_organizer,src_80ab5b26edd36d59,"{""domain"":""commbank.com.au"",""locator"":""Participating > Commonwealth Bank of Australia"",""name"":""Commonwealth Bank of Australia"",""notes"":""Listing establishes published role, not paid amount, attendance, ROI or active demand."",""role"":""sponsor"",""source_url"":""https://us.pycon.org/2026/sponsorship/sponsors/"",""status"":""listed_by_organizer"",""tier"":""Participating"",""website"":""https://www.commbank.com.au/""}",{}
role_7a68f158c6dd5f70,org_b48c6f284eb2807d,evt_095fb499a803def2,sponsor,Participating,listed_by_organizer,src_80ab5b26edd36d59,"{""domain"":""everlaw.com"",""locator"":""Participating > Everlaw"",""name"":""Everlaw"",""notes"":""Listing establishes published role, not paid amount, attendance, ROI or active demand."",""role"":""sponsor"",""source_url"":""https://us.pycon.org/2026/sponsorship/sponsors/"",""status"":""listed_by_organizer"",""tier"":""Participating"",""website"":""https://www.everlaw.com""}",{}
role_0ec7bd49b93bd4a2,org_10546d159c0c282e,evt_095fb499a803def2,sponsor,Participating,listed_by_organizer,src_80ab5b26edd36d59,"{""domain"":""lablup.com"",""locator"":""Participating > Lablup Inc."",""name"":""Lablup Inc."",""notes"":""Listing establishes published role, not paid amount, attendance, ROI or active demand."",""role"":""sponsor"",""source_url"":""https://us.pycon.org/2026/sponsorship/sponsors/"",""status"":""listed_by_organizer"",""tier"":""Participating"",""website"":""https://lablup.com""}",{}
role_110e1f3a24441bb2,org_1e86eae524ed28f9,evt_095fb499a803def2,sponsor,Participating,listed_by_organizer,src_80ab5b26edd36d59,"{""domain"":""quansight.com"",""locator"":""Participating > Quansight"",""name"":""Quansight"",""notes"":""Listing establishes published role, not paid amount, attendance, ROI or active demand."",""role"":""sponsor"",""source_url"":""https://us.pycon.org/2026/sponsorship/sponsors/"",""status"":""listed_by_organizer"",""tier"":""Participating"",""website"":""https://quansight.com/""}",{}
role_e4bd9975bd5a464b,org_bffa48eb238c593b,evt_095fb499a803def2,sponsor,Participating,listed_by_organizer,src_80ab5b26edd36d59,"{""domain"":""sixfeetup.com"",""locator"":""Participating > Six Feet Up"",""name"":""Six Feet Up"",""notes"":""Listing establishes published role, not paid amount, attendance, ROI or active demand."",""role"":""sponsor"",""source_url"":""https://us.pycon.org/2026/sponsorship/sponsors/"",""status"":""listed_by_organizer"",""tier"":""Participating"",""website"":""https://www.sixfeetup.com/?utm_source=psf""}",{}
role_3e24c880b6ea3e26,org_6e33780019f1c814,evt_095fb499a803def2,sponsor,Participating,listed_by_organizer,src_80ab5b26edd36d59,"{""domain"":""trailofbits.com"",""locator"":""Participating > Trail of Bits"",""name"":""Trail of Bits"",""notes"":""Listing establishes published role, not paid amount, attendance, ROI or active demand."",""role"":""sponsor"",""source_url"":""https://us.pycon.org/2026/sponsorship/sponsors/"",""status"":""listed_by_organizer"",""tier"":""Participating"",""website"":""https://www.trailofbits.com/""}",{}
role_7c4fcb1c035419ae,org_1a06b711d3315755,evt_095fb499a803def2,sponsor,Participating,listed_by_organizer,src_80ab5b26edd36d59,"{""domain"":""thrivent.com"",""locator"":""Participating > Thrivent"",""name"":""Thrivent"",""notes"":""Listing establishes published role, not paid amount, attendance, ROI or active demand."",""role"":""sponsor"",""source_url"":""https://us.pycon.org/2026/sponsorship/sponsors/"",""status"":""listed_by_organizer"",""tier"":""Participating"",""website"":""https://www.thrivent.com/about-us""}",{}
role_808eab56b4d0d4d0,org_6fbb619457f16b0b,evt_095fb499a803def2,sponsor,Participating,listed_by_organizer,src_80ab5b26edd36d59,"{""domain"":""lincolnloop.com"",""locator"":""Participating > Lincoln Loop LLC"",""name"":""Lincoln Loop LLC"",""notes"":""Listing establishes published role, not paid amount, attendance, ROI or active demand."",""role"":""sponsor"",""source_url"":""https://us.pycon.org/2026/sponsorship/sponsors/"",""status"":""listed_by_organizer"",""tier"":""Participating"",""website"":""https://lincolnloop.com/""}",{}
role_8079e69d65743517,org_b4fb39ac4e612fcc,evt_095fb499a803def2,sponsor,Participating,listed_by_organizer,src_80ab5b26edd36d59,"{""domain"":""engineering.backmarket.com"",""locator"":""Participating > Back Market"",""name"":""Back Market"",""notes"":""Listing establishes published role, not paid amount, attendance, ROI or active demand."",""role"":""sponsor"",""source_url"":""https://us.pycon.org/2026/sponsorship/sponsors/"",""status"":""listed_by_organizer"",""tier"":""Participating"",""website"":""https://engineering.backmarket.com/""}",{}
role_908641deb5b5fe74,org_039e65978ab36874,evt_095fb499a803def2,sponsor,Participating,listed_by_organizer,src_80ab5b26edd36d59,"{""domain"":""akasa.com"",""locator"":""Participating > AKASA"",""name"":""AKASA"",""notes"":""Listing establishes published role, not paid amount, attendance, ROI or active demand."",""role"":""sponsor"",""source_url"":""https://us.pycon.org/2026/sponsorship/sponsors/"",""status"":""listed_by_organizer"",""tier"":""Participating"",""website"":""https://akasa.com/""}",{}
role_d66846cde6e2085e,org_c629c048fbb93653,evt_095fb499a803def2,sponsor,Participating,listed_by_organizer,src_80ab5b26edd36d59,"{""domain"":""pythonic-exam.com"",""locator"":""Participating > Python Engineer Development Association"",""name"":""Python Engineer Development Association"",""notes"":""Listing establishes published role, not paid amount, attendance, ROI or active demand."",""role"":""sponsor"",""source_url"":""https://us.pycon.org/2026/sponsorship/sponsors/"",""status"":""listed_by_organizer"",""tier"":""Participating"",""website"":""https://www.pythonic-exam.com/en""}",{}
role_bd68508a6b446638,org_e31a2ce059556b6e,evt_095fb499a803def2,sponsor,Associate,listed_by_organizer,src_80ab5b26edd36d59,"{""domain"":""coursiv.io"",""locator"":""Associate > Coursiv"",""name"":""Coursiv"",""notes"":""Listing establishes published role, not paid amount, attendance, ROI or active demand."",""role"":""sponsor"",""source_url"":""https://us.pycon.org/2026/sponsorship/sponsors/"",""status"":""listed_by_organizer"",""tier"":""Associate"",""website"":""https://coursiv.io/""}",{}
role_f8b41d947f1bc096,org_99306e38ab95b661,evt_095fb499a803def2,sponsor,Associate,listed_by_organizer,src_80ab5b26edd36d59,"{""domain"":""entrouvert.com"",""locator"":""Associate > Entr'ouvert"",""name"":""Entr'ouvert"",""notes"":""Listing establishes published role, not paid amount, attendance, ROI or active demand."",""role"":""sponsor"",""source_url"":""https://us.pycon.org/2026/sponsorship/sponsors/"",""status"":""listed_by_organizer"",""tier"":""Associate"",""website"":""https://www.entrouvert.com/""}",{}
role_cc7b9cc0fcb359e8,org_4d5b4fe883a0af7a,evt_095fb499a803def2,sponsor,Associate,listed_by_organizer,src_80ab5b26edd36d59,"{""domain"":""isotoma.com"",""locator"":""Associate > Isotoma Limited"",""name"":""Isotoma Limited"",""notes"":""Listing establishes published role, not paid amount, attendance, ROI or active demand."",""role"":""sponsor"",""source_url"":""https://us.pycon.org/2026/sponsorship/sponsors/"",""status"":""listed_by_organizer"",""tier"":""Associate"",""website"":""https://isotoma.com/""}",{}
role_5e5ca3f1affc3219,org_f849438a5203aa58,evt_095fb499a803def2,sponsor,Associate,listed_by_organizer,src_80ab5b26edd36d59,"{""domain"":""manulife.ca"",""locator"":""Associate > Manulife Financial"",""name"":""Manulife Financial"",""notes"":""Listing establishes published role, not paid amount, attendance, ROI or active demand."",""role"":""sponsor"",""source_url"":""https://us.pycon.org/2026/sponsorship/sponsors/"",""status"":""listed_by_organizer"",""tier"":""Associate"",""website"":""https://www.manulife.ca/""}",{}
role_91c65c4c422e2ee8,org_8664591f2d4de0a3,evt_095fb499a803def2,sponsor,Associate,listed_by_organizer,src_80ab5b26edd36d59,"{""domain"":""oddbird.net"",""locator"":""Associate > OddBird"",""name"":""OddBird"",""notes"":""Listing establishes published role, not paid amount, attendance, ROI or active demand."",""role"":""sponsor"",""source_url"":""https://us.pycon.org/2026/sponsorship/sponsors/"",""status"":""listed_by_organizer"",""tier"":""Associate"",""website"":""https://www.oddbird.net/""}",{}
role_ede72fcbded98d33,org_5727e53d33b0ec65,evt_095fb499a803def2,sponsor,Associate,listed_by_organizer,src_80ab5b26edd36d59,"{""domain"":""privacy-solutions.org"",""locator"":""Associate > Privacy Solutions"",""name"":""Privacy Solutions"",""notes"":""Listing establishes published role, not paid amount, attendance, ROI or active demand."",""role"":""sponsor"",""source_url"":""https://us.pycon.org/2026/sponsorship/sponsors/"",""status"":""listed_by_organizer"",""tier"":""Associate"",""website"":""https://privacy-solutions.org""}",{}
role_e0f0a26e9e3b87f6,org_5687ad0cacd393a7,evt_095fb499a803def2,sponsor,Associate,listed_by_organizer,src_80ab5b26edd36d59,"{""domain"":""klim.co.nz"",""locator"":""Associate > The Letterheads Limited trading as Klim Type Foundry"",""name"":""The Letterheads Limited trading as Klim Type Foundry"",""notes"":""Listing establishes published role, not paid amount, attendance, ROI or active demand."",""role"":""sponsor"",""source_url"":""https://us.pycon.org/2026/sponsorship/sponsors/"",""status"":""listed_by_organizer"",""tier"":""Associate"",""website"":""https://klim.co.nz""}",{}
role_ee7f72321d13fd4d,org_ba28f730d5ca29e9,evt_095fb499a803def2,sponsor,Associate,listed_by_organizer,src_80ab5b26edd36d59,"{""domain"":""weehooey.com"",""locator"":""Associate > Weehooey Inc."",""name"":""Weehooey Inc."",""notes"":""Listing establishes published role, not paid amount, attendance, ROI or active demand."",""role"":""sponsor"",""source_url"":""https://us.pycon.org/2026/sponsorship/sponsors/"",""status"":""listed_by_organizer"",""tier"":""Associate"",""website"":""https://weehooey.com/""}",{}
role_1f740e9a374aec56,org_4ce6a5fc6714bba0,evt_095fb499a803def2,sponsor,Associate,listed_by_organizer,src_80ab5b26edd36d59,"{""domain"":""zb.uzh.ch"",""locator"":""Associate > Zentralbibliothek Zürich"",""name"":""Zentralbibliothek Zürich"",""notes"":""Listing establishes published role, not paid amount, attendance, ROI or active demand."",""role"":""sponsor"",""source_url"":""https://us.pycon.org/2026/sponsorship/sponsors/"",""status"":""listed_by_organizer"",""tier"":""Associate"",""website"":""https://www.zb.uzh.ch""}",{}
role_254cf6327f78089a,org_6171b6243aaf7ac8,evt_095fb499a803def2,sponsor,Standalone Only,listed_by_organizer,src_80ab5b26edd36d59,"{""domain"":""sentinelone.com"",""locator"":""Standalone Only > SentinelOne"",""name"":""SentinelOne"",""notes"":""Listing establishes published role, not paid amount, attendance, ROI or active demand."",""role"":""sponsor"",""source_url"":""https://us.pycon.org/2026/sponsorship/sponsors/"",""status"":""listed_by_organizer"",""tier"":""Standalone Only"",""website"":""https://www.sentinelone.com/""}",{}
role_7fe3d035501db19b,org_dd41fdd48abbb792,evt_095fb499a803def2,production_partner,AV Partner,listed_by_organizer,src_80ab5b26edd36d59,"{""domain"":""altitudec.com"",""locator"":""AV Partner > Altitude/C"",""name"":""Altitude/C"",""notes"":""Listing establishes published role, not paid amount, attendance, ROI or active demand."",""role"":""production_partner"",""source_url"":""https://us.pycon.org/2026/sponsorship/sponsors/"",""status"":""listed_by_organizer"",""tier"":""AV Partner"",""website"":""https://www.altitudec.com/en""}",{}
role_2dfca89a439dc935,org_e6848cee8f1317af,evt_095fb499a803def2,media_partner,Media,listed_by_organizer,src_80ab5b26edd36d59,"{""domain"":""lwn.net"",""locator"":""Media > LWN.net"",""name"":""LWN.net"",""notes"":""Listing establishes published role, not paid amount, attendance, ROI or active demand."",""role"":""media_partner"",""source_url"":""https://us.pycon.org/2026/sponsorship/sponsors/"",""status"":""listed_by_organizer"",""tier"":""Media"",""website"":""https://lwn.net""}",{}
role_418ad9dea5738db1,org_b17a3bcc21f120a7,evt_095fb499a803def2,media_partner,Media,listed_by_organizer,src_80ab5b26edd36d59,"{""domain"":""devitjobs.us"",""locator"":""Media > DevITjobs"",""name"":""DevITjobs"",""notes"":""Listing establishes published role, not paid amount, attendance, ROI or active demand."",""role"":""media_partner"",""source_url"":""https://us.pycon.org/2026/sponsorship/sponsors/"",""status"":""listed_by_organizer"",""tier"":""Media"",""website"":""https://devitjobs.us/jobs/Python/all/all""}",{}
role_1e89c10c409eb4a9,org_d84c9358fe39ec1f,evt_095fb499a803def2,exhibitor,Startup Row,listed_by_organizer,src_80ab5b26edd36d59,"{""domain"":""launch.arcjet.com"",""locator"":""Startup Row > Arcjet"",""name"":""Arcjet"",""notes"":""Listing establishes published role, not paid amount, attendance, ROI or active demand."",""role"":""exhibitor"",""source_url"":""https://us.pycon.org/2026/sponsorship/sponsors/"",""status"":""listed_by_organizer"",""tier"":""Startup Row"",""website"":""https://launch.arcjet.com/9o4rqvi""}",{}
role_871461caf9513e93,org_e77afd14cc5c11f4,evt_095fb499a803def2,exhibitor,Startup Row,listed_by_organizer,src_80ab5b26edd36d59,"{""domain"":""capisc.io"",""locator"":""Startup Row > CapiscIO"",""name"":""CapiscIO"",""notes"":""Listing establishes published role, not paid amount, attendance, ROI or active demand."",""role"":""exhibitor"",""source_url"":""https://us.pycon.org/2026/sponsorship/sponsors/"",""status"":""listed_by_organizer"",""tier"":""Startup Row"",""website"":""https://capisc.io""}",{}
role_f0fb4a73146315af,org_3cc5d090c95e8a13,evt_095fb499a803def2,exhibitor,Startup Row,listed_by_organizer,src_80ab5b26edd36d59,"{""domain"":""chonkie.ai"",""locator"":""Startup Row > Chonkie"",""name"":""Chonkie"",""notes"":""Listing establishes published role, not paid amount, attendance, ROI or active demand."",""role"":""exhibitor"",""source_url"":""https://us.pycon.org/2026/sponsorship/sponsors/"",""status"":""listed_by_organizer"",""tier"":""Startup Row"",""website"":""https://www.chonkie.ai""}",{}
role_8d3a8cf857575c5e,org_1e809a6634e969d3,evt_095fb499a803def2,exhibitor,Startup Row,listed_by_organizer,src_80ab5b26edd36d59,"{""domain"":""tetrix.co"",""locator"":""Startup Row > Tetrix"",""name"":""Tetrix"",""notes"":""Listing establishes published role, not paid amount, attendance, ROI or active demand."",""role"":""exhibitor"",""source_url"":""https://us.pycon.org/2026/sponsorship/sponsors/"",""status"":""listed_by_organizer"",""tier"":""Startup Row"",""website"":""https://www.tetrix.co""}",{}
role_19c8422a0d26b2b6,org_10e35a7b919d2fc6,evt_095fb499a803def2,exhibitor,Startup Row,listed_by_organizer,src_80ab5b26edd36d59,"{""domain"":""timecopilot.dev"",""locator"":""Startup Row > TimeCopilot"",""name"":""TimeCopilot"",""notes"":""Listing establishes published role, not paid amount, attendance, ROI or active demand."",""role"":""exhibitor"",""source_url"":""https://us.pycon.org/2026/sponsorship/sponsors/"",""status"":""listed_by_organizer"",""tier"":""Startup Row"",""website"":""https://timecopilot.dev/""}",{}
role_9808f8ea7a84f36c,org_cb06a56e573bc28e,evt_095fb499a803def2,exhibitor,Startup Row,listed_by_organizer,src_80ab5b26edd36d59,"{""domain"":""github.com"",""locator"":""Startup Row > Pixeltable"",""name"":""Pixeltable"",""notes"":""Listing establishes published role, not paid amount, attendance, ROI or active demand."",""role"":""exhibitor"",""source_url"":""https://us.pycon.org/2026/sponsorship/sponsors/"",""status"":""listed_by_organizer"",""tier"":""Startup Row"",""website"":""https://github.com/pixeltable/pixeltable""}",{}
role_5b32c651326ae0ee,org_9dd1b67828b57940,evt_095fb499a803def2,exhibitor,Startup Row,listed_by_organizer,src_80ab5b26edd36d59,"{""domain"":""subimage.io"",""locator"":""Startup Row > SubImage"",""name"":""SubImage"",""notes"":""Listing establishes published role, not paid amount, attendance, ROI or active demand."",""role"":""exhibitor"",""source_url"":""https://us.pycon.org/2026/sponsorship/sponsors/"",""status"":""listed_by_organizer"",""tier"":""Startup Row"",""website"":""https://subimage.io""}",{}
role_d7fe9dbb3675c2f1,org_32668ef549dcf0a2,evt_095fb499a803def2,exhibitor,Startup Row,listed_by_organizer,src_80ab5b26edd36d59,"{""domain"":""skyvern.com"",""locator"":""Startup Row > Skyvern"",""name"":""Skyvern"",""notes"":""Listing establishes published role, not paid amount, attendance, ROI or active demand."",""role"":""exhibitor"",""source_url"":""https://us.pycon.org/2026/sponsorship/sponsors/"",""status"":""listed_by_organizer"",""tier"":""Startup Row"",""website"":""https://www.skyvern.com""}",{}
role_7aef40ea5b24390d,org_ec082bcc67d6beb9,evt_095fb499a803def2,exhibitor,Startup Row,listed_by_organizer,src_80ab5b26edd36d59,"{""domain"":""phemeral.dev"",""locator"":""Startup Row > Phemeral"",""name"":""Phemeral"",""notes"":""Listing establishes published role, not paid amount, attendance, ROI or active demand."",""role"":""exhibitor"",""source_url"":""https://us.pycon.org/2026/sponsorship/sponsors/"",""status"":""listed_by_organizer"",""tier"":""Startup Row"",""website"":""https://phemeral.dev/""}",{}
role_ccdb195a222679c9,org_81815e3cad013bb9,evt_095fb499a803def2,community_partner,Community,listed_by_organizer,src_80ab5b26edd36d59,"{""domain"":""codeday.org"",""locator"":""Community > CodeDay"",""name"":""CodeDay"",""notes"":""Listing establishes published role, not paid amount, attendance, ROI or active demand."",""role"":""community_partner"",""source_url"":""https://us.pycon.org/2026/sponsorship/sponsors/"",""status"":""listed_by_organizer"",""tier"":""Community"",""website"":""https://www.codeday.org/""}",{}
role_709af2d39aa0bcac,org_f01071a45fd1e86b,evt_095fb499a803def2,community_partner,Community,listed_by_organizer,src_80ab5b26edd36d59,"{""domain"":""africa.pycon.org"",""locator"":""Community > PyCon Africa"",""name"":""PyCon Africa"",""notes"":""Listing establishes published role, not paid amount, attendance, ROI or active demand."",""role"":""community_partner"",""source_url"":""https://us.pycon.org/2026/sponsorship/sponsors/"",""status"":""listed_by_organizer"",""tier"":""Community"",""website"":""https://africa.pycon.org/""}",{}
role_0742a17e6d9465d8,org_bbb2923c9cac3023,evt_095fb499a803def2,community_partner,Community,listed_by_organizer,src_80ab5b26edd36d59,"{""domain"":""socalpython.org"",""locator"":""Community > SoCal Python"",""name"":""SoCal Python"",""notes"":""Listing establishes published role, not paid amount, attendance, ROI or active demand."",""role"":""community_partner"",""source_url"":""https://us.pycon.org/2026/sponsorship/sponsors/"",""status"":""listed_by_organizer"",""tier"":""Community"",""website"":""https://socalpython.org""}",{}
role_308d2af7db613465,org_eac4ef06e1f85dee,evt_095fb499a803def2,community_partner,Community,listed_by_organizer,src_80ab5b26edd36d59,"{""domain"":""djangoproject.com"",""locator"":""Community > Django Software Foundation"",""name"":""Django Software Foundation"",""notes"":""Listing establishes published role, not paid amount, attendance, ROI or active demand."",""role"":""community_partner"",""source_url"":""https://us.pycon.org/2026/sponsorship/sponsors/"",""status"":""listed_by_organizer"",""tier"":""Community"",""website"":""https://djangoproject.com/""}",{}
role_99e4592b01796c84,org_9e7369079f0afaa9,evt_095fb499a803def2,community_partner,Community,listed_by_organizer,src_80ab5b26edd36d59,"{""domain"":""blackpythondevs.com"",""locator"":""Community > Black Python Devs"",""name"":""Black Python Devs"",""notes"":""Listing establishes published role, not paid amount, attendance, ROI or active demand."",""role"":""community_partner"",""source_url"":""https://us.pycon.org/2026/sponsorship/sponsors/"",""status"":""listed_by_organizer"",""tier"":""Community"",""website"":""https://blackpythondevs.com""}",{}
role_732a4101a34c93a9,org_a268f2add1af9169,evt_095fb499a803def2,community_partner,Community,listed_by_organizer,src_80ab5b26edd36d59,"{""domain"":""dataconla.com"",""locator"":""Community > Data Con LA"",""name"":""Data Con LA"",""notes"":""Listing establishes published role, not paid amount, attendance, ROI or active demand."",""role"":""community_partner"",""source_url"":""https://us.pycon.org/2026/sponsorship/sponsors/"",""status"":""listed_by_organizer"",""tier"":""Community"",""website"":""https://www.dataconla.com/""}",{}
role_2ecd7eafa378537e,org_161d8831d4c14b90,evt_095fb499a803def2,community_partner,Community,listed_by_organizer,src_80ab5b26edd36d59,"{""domain"":""djangonaut.space"",""locator"":""Community > Djangonaut Space"",""name"":""Djangonaut Space"",""notes"":""Listing establishes published role, not paid amount, attendance, ROI or active demand."",""role"":""community_partner"",""source_url"":""https://us.pycon.org/2026/sponsorship/sponsors/"",""status"":""listed_by_organizer"",""tier"":""Community"",""website"":""https://djangonaut.space""}",{}
role_9a18c922708bec7e,org_829e9e08689bbbb8,evt_095fb499a803def2,community_partner,Community,listed_by_organizer,src_80ab5b26edd36d59,"{""domain"":""meetup.com"",""locator"":""Community > Inland Empire Python Users Group"",""name"":""Inland Empire Python Users Group"",""notes"":""Listing establishes published role, not paid amount, attendance, ROI or active demand."",""role"":""community_partner"",""source_url"":""https://us.pycon.org/2026/sponsorship/sponsors/"",""status"":""listed_by_organizer"",""tier"":""Community"",""website"":""https://www.meetup.com/iepython/""}",{}
role_f34c19565204d1e3,org_35b5771f92252fa3,evt_095fb499a803def2,community_partner,Community,listed_by_organizer,src_80ab5b26edd36d59,"{""domain"":""pyconsenegambia.org"",""locator"":""Community > PyCon Senegambia"",""name"":""PyCon Senegambia"",""notes"":""Listing establishes published role, not paid amount, attendance, ROI or active demand."",""role"":""community_partner"",""source_url"":""https://us.pycon.org/2026/sponsorship/sponsors/"",""status"":""listed_by_organizer"",""tier"":""Community"",""website"":""https://www.pyconsenegambia.org/en""}",{}
role_b9e0ea6f07adf5c5,org_0de7775d90dfeb81,evt_095fb499a803def2,community_partner,Community,listed_by_organizer,src_80ab5b26edd36d59,"{""domain"":""pyladies.com"",""locator"":""Community > PyLadies"",""name"":""PyLadies"",""notes"":""Listing establishes published role, not paid amount, attendance, ROI or active demand."",""role"":""community_partner"",""source_url"":""https://us.pycon.org/2026/sponsorship/sponsors/"",""status"":""listed_by_organizer"",""tier"":""Community"",""website"":""https://pyladies.com""}",{}
role_a268efb92f518cab,org_f469802a31447f90,evt_095fb499a803def2,community_partner,Community,listed_by_organizer,src_80ab5b26edd36d59,"{""domain"":""socallinuxexpo.org"",""locator"":""Community > SCaLE"",""name"":""SCaLE"",""notes"":""Listing establishes published role, not paid amount, attendance, ROI or active demand."",""role"":""community_partner"",""source_url"":""https://us.pycon.org/2026/sponsorship/sponsors/"",""status"":""listed_by_organizer"",""tier"":""Community"",""website"":""https://socallinuxexpo.org""}",{}
role_807d2f6b0b3d135c,org_7f06d956cefcac29,evt_095fb499a803def2,community_partner,Community,listed_by_organizer,src_80ab5b26edd36d59,"{""domain"":null,""locator"":""Community > Python Mozambique Community"",""name"":""Python Mozambique Community"",""notes"":""Listing establishes published role, not paid amount, attendance, ROI or active demand."",""role"":""community_partner"",""source_url"":""https://us.pycon.org/2026/sponsorship/sponsors/"",""status"":""listed_by_organizer"",""tier"":""Community"",""website"":null}",{}
role_c3d470d46e9555bb,org_6cc54ee64ccd801f,evt_095fb499a803def2,community_partner,Community,listed_by_organizer,src_80ab5b26edd36d59,"{""domain"":""pybeach.org"",""locator"":""Community > PyBeach"",""name"":""PyBeach"",""notes"":""Listing establishes published role, not paid amount, attendance, ROI or active demand."",""role"":""community_partner"",""source_url"":""https://us.pycon.org/2026/sponsorship/sponsors/"",""status"":""listed_by_organizer"",""tier"":""Community"",""website"":""https://pybeach.org""}",{}
role_65d07da1a9c10973,org_2e5c845a2ddab02c,evt_095fb499a803def2,community_partner,Community,listed_by_organizer,src_80ab5b26edd36d59,"{""domain"":null,""locator"":""Community > EuroPython Society"",""name"":""EuroPython Society"",""notes"":""Listing establishes published role, not paid amount, attendance, ROI or active demand."",""role"":""community_partner"",""source_url"":""https://us.pycon.org/2026/sponsorship/sponsors/"",""status"":""listed_by_organizer"",""tier"":""Community"",""website"":null}",{}
role_52798fb4816e9564,org_2fb64c9a9d8a6495,evt_095fb499a803def2,community_partner,Community,listed_by_organizer,src_80ab5b26edd36d59,"{""domain"":""sandiegopython.org"",""locator"":""Community > San Diego Python"",""name"":""San Diego Python"",""notes"":""Listing establishes published role, not paid amount, attendance, ROI or active demand."",""role"":""community_partner"",""source_url"":""https://us.pycon.org/2026/sponsorship/sponsors/"",""status"":""listed_by_organizer"",""tier"":""Community"",""website"":""https://www.sandiegopython.org/""}",{}
role_e97d6ff3fcf60b2f,org_8a5d10d41874f633,evt_095fb499a803def2,community_partner,Community,listed_by_organizer,src_80ab5b26edd36d59,"{""domain"":""pythonasia.org"",""locator"":""Community > Python Asia Organization"",""name"":""Python Asia Organization"",""notes"":""Listing establishes published role, not paid amount, attendance, ROI or active demand."",""role"":""community_partner"",""source_url"":""https://us.pycon.org/2026/sponsorship/sponsors/"",""status"":""listed_by_organizer"",""tier"":""Community"",""website"":""https://pythonasia.org/""}",{}
role_ce0a4f94e52f86e7,org_86b7474c8a220dd4,evt_095fb499a803def2,community_partner,Community,listed_by_organizer,src_80ab5b26edd36d59,"{""domain"":""hablemospython.dev"",""locator"":""Community > Python en Español"",""name"":""Python en Español"",""notes"":""Listing establishes published role, not paid amount, attendance, ROI or active demand."",""role"":""community_partner"",""source_url"":""https://us.pycon.org/2026/sponsorship/sponsors/"",""status"":""listed_by_organizer"",""tier"":""Community"",""website"":""https://hablemospython.dev/""}",{}
role_73a8c77ea8f9800a,org_8005db898448a804,evt_095fb499a803def2,organizer,,listed_by_organizer,src_607ad359514263be,"{""domain"":""python.org"",""name"":""Python Software Foundation"",""role"":""organizer"",""source_url"":""https://us.pycon.org/2026/"",""status"":""listed_by_organizer"",""tier"":null}","{""tier"":""not_found_in_consulted_sources""}"
