edition_id,edition_key,series_id,title,url,start_date,end_date,date_precision,timezone,modality,status,city,country,venue_id,geographic_precision,format,sector,themes_json,languages_json,checked_at,extra_json,missing_reasons_json
evt_42591655e3d34587,frankfurter-buchmesse-2021,series_c5482a6f7a14bd76,Frankfurter Buchmesse 2021,https://www.buchmesse.de/presse/pressemitteilungen/2021-10-24-73-frankfurter-buchmesse-neustart-der-buchbranche,2021-10-20,2021-10-24,day,,,held_reported,Frankfurt am Main,,,city,hybrid_trade_fair,publishing_and_literature,,,2026-09-28,"{""city"":""Frankfurt am Main"",""classification_origin"":""researcher_derived_from_description"",""costs"":[],""country"":null,""date_precision"":""day"",""derived"":{""country"":{""method"":""Normalización ciudad→país o corroboración de índice no abierta; no es campo observado."",""source_urls"":[""https://www.buchmesse.de/en/imprint""],""status"":""proposed"",""value"":""Germany""}},""end_date"":""2021-10-24"",""field_methods"":{""country"":""No confirmado en fuente geográfica efectivamente abierta; propuesta separada en derived.country."",""venue_name"":""Pendiente de captura de fuente específica por edición; no se hereda el recinto actual.""},""field_sources"":{""city"":[""https://www.buchmesse.de/presse/pressemitteilungen/2021-10-24-73-frankfurter-buchmesse-neustart-der-buchbranche"",""https://www.buchmesse.de/en/visit/arrival-accommodation""],""end_date"":[""https://www.buchmesse.de/presse/pressemitteilungen/2021-10-24-73-frankfurter-buchmesse-neustart-der-buchbranche""],""series_name"":[""https://www.buchmesse.de/presse/pressemitteilungen/2021-10-24-73-frankfurter-buchmesse-neustart-der-buchbranche""],""start_date"":[""https://www.buchmesse.de/presse/pressemitteilungen/2021-10-24-73-frankfurter-buchmesse-neustart-der-buchbranche""],""status"":[""https://www.buchmesse.de/presse/pressemitteilungen/2021-10-24-73-frankfurter-buchmesse-neustart-der-buchbranche""],""title"":[""https://www.buchmesse.de/presse/pressemitteilungen/2021-10-24-73-frankfurter-buchmesse-neustart-der-buchbranche""]},""format"":""hybrid_trade_fair"",""key"":""frankfurter-buchmesse-2021"",""metrics"":[{""denominator"":null,""locator"":""Chronik 2021: Besucher*innen auf dem Messegelände"",""method"":""Cifra publicada por el organizador; auditoría y deduplicación no documentadas."",""name"":""visitors_reported_total"",""source_url"":""https://www.buchmesse.de/chronik"",""status"":""reported"",""unit"":""reported_visitors"",""value"":73500},{""denominator"":null,""locator"":""36.000 Fachbesucher*innen"",""method"":""Cifra publicada por el organizador; auditoría y deduplicación no documentadas."",""name"":""trade_visitors_reported"",""source_url"":""https://www.buchmesse.de/presse/pressemitteilungen/2021-10-24-73-frankfurter-buchmesse-neustart-der-buchbranche"",""status"":""reported"",""unit"":""reported_visitors"",""value"":36000},{""denominator"":null,""locator"":""37.500 Leser*innen"",""method"":""Cifra publicada por el organizador; auditoría y deduplicación no documentadas."",""name"":""public_visitors_reported"",""source_url"":""https://www.buchmesse.de/presse/pressemitteilungen/2021-10-24-73-frankfurter-buchmesse-neustart-der-buchbranche"",""status"":""reported"",""unit"":""reported_visitors"",""value"":37500},{""denominator"":null,""locator"":""2.013 Unternehmen / Hallen, LitAg, Workstations oder digital"",""method"":""Incluye empresas físicas y digitales; no equivale a expositores presenciales."",""name"":""participating_companies_physical_or_digital"",""source_url"":""https://www.buchmesse.de/presse/pressemitteilungen/2021-10-24-73-frankfurter-buchmesse-neustart-der-buchbranche"",""status"":""reported"",""unit"":""companies"",""value"":2013},{""denominator"":null,""locator"":""2.500 Medienvertreter*innen"",""method"":""Cifra publicada por el organizador; auditoría y deduplicación no documentadas."",""name"":""accredited_media_representatives"",""source_url"":""https://www.buchmesse.de/presse/pressemitteilungen/2021-10-24-73-frankfurter-buchmesse-neustart-der-buchbranche"",""status"":""reported"",""unit"":""accreditations"",""value"":2500}],""organizations"":[{""domain"":""buchmesse.de"",""legal_entity"":""Frankfurter Buchmesse GmbH"",""legal_entity_source_url"":""https://www.buchmesse.de/en/imprint"",""name"":""Frankfurter Buchmesse"",""role"":""organizer"",""source_url"":""https://www.buchmesse.de/presse/pressemitteilungen/2021-10-24-73-frankfurter-buchmesse-neustart-der-buchbranche"",""status"":""reported"",""tier"":null}],""platform_urls"":[],""sector"":""publishing_and_literature"",""series_name"":""Frankfurter Buchmesse"",""source_urls"":[""https://www.buchmesse.de/presse/pressemitteilungen/2021-10-24-73-frankfurter-buchmesse-neustart-der-buchbranche"",""https://www.buchmesse.de/en/imprint"",""https://www.buchmesse.de/en/visit/arrival-accommodation"",""https://www.buchmesse.de/chronik""],""start_date"":""2021-10-20"",""status"":""held_reported"",""title"":""Frankfurter Buchmesse 2021"",""url"":""https://www.buchmesse.de/presse/pressemitteilungen/2021-10-24-73-frankfurter-buchmesse-neustart-der-buchbranche"",""venue_name"":null}","{""country"":""not_found_in_consulted_sources"",""languages_json"":""not_found_in_consulted_sources"",""modality"":""not_found_in_consulted_sources"",""themes_json"":""not_found_in_consulted_sources"",""timezone"":""not_found_in_consulted_sources"",""venue_id"":""not_found_in_consulted_sources""}"
evt_26f715d6bddd88e5,frankfurter-buchmesse-2022,series_c5482a6f7a14bd76,Frankfurter Buchmesse 2022,https://www.buchmesse.de/chronik,2022-10-19,2022-10-23,day,,,held_reported,Frankfurt am Main,,,city,trade_fair_and_literary_festival,publishing_and_literature,,,2026-09-28,"{""city"":""Frankfurt am Main"",""classification_origin"":""researcher_derived_from_description"",""costs"":[],""country"":null,""date_precision"":""day"",""derived"":{""country"":{""method"":""Normalización ciudad→país o corroboración de índice no abierta; no es campo observado."",""source_urls"":[""https://www.buchmesse.de/en/imprint""],""status"":""proposed"",""value"":""Germany""}},""end_date"":""2022-10-23"",""field_methods"":{""country"":""No confirmado en fuente geográfica efectivamente abierta; propuesta separada en derived.country."",""venue_name"":""Pendiente de captura de fuente específica por edición; no se hereda el recinto actual.""},""field_sources"":{""city"":[""https://www.buchmesse.de/chronik"",""https://www.buchmesse.de/en/visit/arrival-accommodation""],""end_date"":[""https://www.buchmesse.de/chronik""],""series_name"":[""https://www.buchmesse.de/chronik""],""start_date"":[""https://www.buchmesse.de/chronik""],""status"":[""https://www.buchmesse.de/chronik""],""title"":[""https://www.buchmesse.de/chronik""]},""format"":""trade_fair_and_literary_festival"",""key"":""frankfurter-buchmesse-2022"",""metrics"":[{""denominator"":null,""locator"":""Chronik 2022: Fachbesucher*innen"",""method"":""Cifra publicada por el organizador; auditoría y deduplicación no documentadas."",""name"":""trade_visitors_reported"",""source_url"":""https://www.buchmesse.de/chronik"",""status"":""reported"",""unit"":""reported_visitors"",""value"":93000},{""denominator"":null,""locator"":""Chronik 2022: Privatbesucher*innen"",""method"":""Cifra publicada por el organizador; auditoría y deduplicación no documentadas."",""name"":""public_visitors_reported"",""source_url"":""https://www.buchmesse.de/chronik"",""status"":""reported"",""unit"":""reported_visitors"",""value"":87000},{""denominator"":null,""locator"":""Chronik 2022: Aussteller"",""method"":""Cifra publicada por el organizador; auditoría y deduplicación no documentadas."",""name"":""exhibitors_reported"",""source_url"":""https://www.buchmesse.de/chronik"",""status"":""reported"",""unit"":""exhibitors"",""value"":4000}],""organizations"":[{""domain"":""buchmesse.de"",""legal_entity"":""Frankfurter Buchmesse GmbH"",""legal_entity_source_url"":""https://www.buchmesse.de/en/imprint"",""name"":""Frankfurter Buchmesse"",""role"":""organizer"",""source_url"":""https://www.buchmesse.de/chronik"",""status"":""reported"",""tier"":null}],""platform_urls"":[],""sector"":""publishing_and_literature"",""series_name"":""Frankfurter Buchmesse"",""source_urls"":[""https://www.buchmesse.de/chronik"",""https://www.buchmesse.de/en/imprint"",""https://www.buchmesse.de/en/visit/arrival-accommodation""],""start_date"":""2022-10-19"",""status"":""held_reported"",""title"":""Frankfurter Buchmesse 2022"",""url"":""https://www.buchmesse.de/chronik"",""venue_name"":null}","{""country"":""not_found_in_consulted_sources"",""languages_json"":""not_found_in_consulted_sources"",""modality"":""not_found_in_consulted_sources"",""themes_json"":""not_found_in_consulted_sources"",""timezone"":""not_found_in_consulted_sources"",""venue_id"":""not_found_in_consulted_sources""}"
evt_f166e8263b931260,frankfurter-buchmesse-2023,series_c5482a6f7a14bd76,Frankfurter Buchmesse 2023,https://www.buchmesse.de/presse/pressemitteilungen/2023-10-22-fbm23-der-internationale-branchentreff-beweist-seine,2023-10-18,2023-10-22,day,,,held_reported,Frankfurt am Main,,,city,trade_fair_and_literary_festival,publishing_and_literature,,,2026-09-28,"{""city"":""Frankfurt am Main"",""classification_origin"":""researcher_derived_from_description"",""costs"":[],""country"":null,""date_precision"":""day"",""derived"":{""country"":{""method"":""Normalización ciudad→país o corroboración de índice no abierta; no es campo observado."",""source_urls"":[""https://www.buchmesse.de/en/imprint""],""status"":""proposed"",""value"":""Germany""}},""end_date"":""2023-10-22"",""field_methods"":{""country"":""No confirmado en fuente geográfica efectivamente abierta; propuesta separada en derived.country."",""venue_name"":""Pendiente de captura de fuente específica por edición; no se hereda el recinto actual.""},""field_sources"":{""city"":[""https://www.buchmesse.de/presse/pressemitteilungen/2023-10-22-fbm23-der-internationale-branchentreff-beweist-seine"",""https://www.buchmesse.de/en/visit/arrival-accommodation""],""end_date"":[""https://www.buchmesse.de/presse/pressemitteilungen/2023-10-22-fbm23-der-internationale-branchentreff-beweist-seine""],""series_name"":[""https://www.buchmesse.de/presse/pressemitteilungen/2023-10-22-fbm23-der-internationale-branchentreff-beweist-seine""],""start_date"":[""https://www.buchmesse.de/presse/pressemitteilungen/2023-10-22-fbm23-der-internationale-branchentreff-beweist-seine""],""status"":[""https://www.buchmesse.de/presse/pressemitteilungen/2023-10-22-fbm23-der-internationale-branchentreff-beweist-seine""],""title"":[""https://www.buchmesse.de/presse/pressemitteilungen/2023-10-22-fbm23-der-internationale-branchentreff-beweist-seine""]},""format"":""trade_fair_and_literary_festival"",""key"":""frankfurter-buchmesse-2023"",""metrics"":[{""denominator"":null,""locator"":""Balance: visitantes totales"",""method"":""Cifra publicada por el organizador; auditoría y deduplicación no documentadas."",""name"":""visitors_reported_total"",""source_url"":""https://www.buchmesse.de/presse/pressemitteilungen/2023-10-22-fbm23-der-internationale-branchentreff-beweist-seine"",""status"":""reported"",""unit"":""reported_visitors"",""value"":215000},{""denominator"":null,""locator"":""Balance: Fachbesucher*innen"",""method"":""Cifra publicada por el organizador; auditoría y deduplicación no documentadas."",""name"":""trade_visitors_reported"",""source_url"":""https://www.buchmesse.de/presse/pressemitteilungen/2023-10-22-fbm23-der-internationale-branchentreff-beweist-seine"",""status"":""reported"",""unit"":""reported_visitors"",""value"":105000},{""denominator"":null,""locator"":""Balance: Privatbesucher*innen"",""method"":""Cifra publicada por el organizador; auditoría y deduplicación no documentadas."",""name"":""public_visitors_reported"",""source_url"":""https://www.buchmesse.de/presse/pressemitteilungen/2023-10-22-fbm23-der-internationale-branchentreff-beweist-seine"",""status"":""reported"",""unit"":""reported_visitors"",""value"":110000}],""organizations"":[{""domain"":""buchmesse.de"",""legal_entity"":""Frankfurter Buchmesse GmbH"",""legal_entity_source_url"":""https://www.buchmesse.de/en/imprint"",""name"":""Frankfurter Buchmesse"",""role"":""organizer"",""source_url"":""https://www.buchmesse.de/presse/pressemitteilungen/2023-10-22-fbm23-der-internationale-branchentreff-beweist-seine"",""status"":""reported"",""tier"":null}],""platform_urls"":[],""sector"":""publishing_and_literature"",""series_name"":""Frankfurter Buchmesse"",""source_urls"":[""https://www.buchmesse.de/presse/pressemitteilungen/2023-10-22-fbm23-der-internationale-branchentreff-beweist-seine"",""https://www.buchmesse.de/en/imprint"",""https://www.buchmesse.de/en/visit/arrival-accommodation""],""start_date"":""2023-10-18"",""status"":""held_reported"",""title"":""Frankfurter Buchmesse 2023"",""url"":""https://www.buchmesse.de/presse/pressemitteilungen/2023-10-22-fbm23-der-internationale-branchentreff-beweist-seine"",""venue_name"":null}","{""country"":""not_found_in_consulted_sources"",""languages_json"":""not_found_in_consulted_sources"",""modality"":""not_found_in_consulted_sources"",""themes_json"":""not_found_in_consulted_sources"",""timezone"":""not_found_in_consulted_sources"",""venue_id"":""not_found_in_consulted_sources""}"
evt_3f6c66c57cf7196d,frankfurter-buchmesse-2024,series_c5482a6f7a14bd76,Frankfurter Buchmesse 2024,https://www.buchmesse.de/presse/pressemitteilungen/2024-10-20-abschluss-pm-2024,2024-10-16,2024-10-20,day,,,held_reported,Frankfurt am Main,,,city,trade_fair_and_literary_festival,publishing_and_literature,,,2026-09-28,"{""city"":""Frankfurt am Main"",""classification_origin"":""researcher_derived_from_description"",""costs"":[],""country"":null,""date_precision"":""day"",""derived"":{""country"":{""method"":""Normalización ciudad→país o corroboración de índice no abierta; no es campo observado."",""source_urls"":[""https://www.buchmesse.de/en/imprint""],""status"":""proposed"",""value"":""Germany""}},""end_date"":""2024-10-20"",""field_methods"":{""country"":""No confirmado en fuente geográfica efectivamente abierta; propuesta separada en derived.country."",""venue_name"":""Pendiente de captura de fuente específica por edición; no se hereda el recinto actual.""},""field_sources"":{""city"":[""https://www.buchmesse.de/presse/pressemitteilungen/2024-10-20-abschluss-pm-2024"",""https://www.buchmesse.de/en/visit/arrival-accommodation""],""end_date"":[""https://www.buchmesse.de/presse/pressemitteilungen/2024-10-20-abschluss-pm-2024""],""series_name"":[""https://www.buchmesse.de/presse/pressemitteilungen/2024-10-20-abschluss-pm-2024""],""start_date"":[""https://www.buchmesse.de/presse/pressemitteilungen/2024-10-20-abschluss-pm-2024""],""status"":[""https://www.buchmesse.de/presse/pressemitteilungen/2024-10-20-abschluss-pm-2024""],""title"":[""https://www.buchmesse.de/presse/pressemitteilungen/2024-10-20-abschluss-pm-2024""]},""format"":""trade_fair_and_literary_festival"",""key"":""frankfurter-buchmesse-2024"",""metrics"":[{""denominator"":null,""locator"":""Balance: visitantes totales"",""method"":""Cifra publicada por el organizador; auditoría y deduplicación no documentadas."",""name"":""visitors_reported_total"",""source_url"":""https://www.buchmesse.de/presse/pressemitteilungen/2024-10-20-abschluss-pm-2024"",""status"":""reported"",""unit"":""reported_visitors"",""value"":230000},{""denominator"":null,""locator"":""Balance: Fachbesucher*innen"",""method"":""Cifra publicada por el organizador; auditoría y deduplicación no documentadas."",""name"":""trade_visitors_reported"",""source_url"":""https://www.buchmesse.de/presse/pressemitteilungen/2024-10-20-abschluss-pm-2024"",""status"":""reported"",""unit"":""reported_visitors"",""value"":115000},{""denominator"":null,""locator"":""Balance: Privatbesucher*innen"",""method"":""Cifra publicada por el organizador; auditoría y deduplicación no documentadas."",""name"":""public_visitors_reported"",""source_url"":""https://www.buchmesse.de/presse/pressemitteilungen/2024-10-20-abschluss-pm-2024"",""status"":""reported"",""unit"":""reported_visitors"",""value"":115000}],""organizations"":[{""domain"":""buchmesse.de"",""legal_entity"":""Frankfurter Buchmesse GmbH"",""legal_entity_source_url"":""https://www.buchmesse.de/en/imprint"",""name"":""Frankfurter Buchmesse"",""role"":""organizer"",""source_url"":""https://www.buchmesse.de/presse/pressemitteilungen/2024-10-20-abschluss-pm-2024"",""status"":""reported"",""tier"":null},{""domain"":null,""locator"":""Partner in der Programmgestaltung"",""name"":""Amnesty International"",""role"":""program_partner"",""scope"":""Frankfurt Calling"",""source_url"":""https://www.buchmesse.de/presse/pressemitteilungen/2024-10-20-abschluss-pm-2024"",""status"":""reported"",""tier"":null},{""domain"":null,""locator"":""Partner in der Programmgestaltung"",""name"":""CORRECTIV"",""role"":""program_partner"",""scope"":""Frankfurt Calling"",""source_url"":""https://www.buchmesse.de/presse/pressemitteilungen/2024-10-20-abschluss-pm-2024"",""status"":""reported"",""tier"":null},{""domain"":null,""locator"":""Partner in der Programmgestaltung"",""name"":""PEN Berlin"",""role"":""program_partner"",""scope"":""Frankfurt Calling"",""source_url"":""https://www.buchmesse.de/presse/pressemitteilungen/2024-10-20-abschluss-pm-2024"",""status"":""reported"",""tier"":null}],""platform_urls"":[],""sector"":""publishing_and_literature"",""series_name"":""Frankfurter Buchmesse"",""source_urls"":[""https://www.buchmesse.de/presse/pressemitteilungen/2024-10-20-abschluss-pm-2024"",""https://www.buchmesse.de/en/imprint"",""https://www.buchmesse.de/en/visit/arrival-accommodation""],""start_date"":""2024-10-16"",""status"":""held_reported"",""title"":""Frankfurter Buchmesse 2024"",""url"":""https://www.buchmesse.de/presse/pressemitteilungen/2024-10-20-abschluss-pm-2024"",""venue_name"":null}","{""country"":""not_found_in_consulted_sources"",""languages_json"":""not_found_in_consulted_sources"",""modality"":""not_found_in_consulted_sources"",""themes_json"":""not_found_in_consulted_sources"",""timezone"":""not_found_in_consulted_sources"",""venue_id"":""not_found_in_consulted_sources""}"
evt_a3ff92ede2c426e6,frankfurter-buchmesse-2025,series_c5482a6f7a14bd76,Frankfurter Buchmesse 2025,https://www.buchmesse.de/presse/pressemitteilungen/2025-10-19-frankfurter-buchmesse-waechst-und-verbindet-die-welt-der,2025-10-15,2025-10-19,day,,,held_reported,Frankfurt am Main,,,city,trade_fair_and_literary_festival,publishing_and_literature,,,2026-09-28,"{""city"":""Frankfurt am Main"",""classification_origin"":""researcher_derived_from_description"",""costs"":[],""country"":null,""date_precision"":""day"",""derived"":{""country"":{""method"":""Normalización ciudad→país o corroboración de índice no abierta; no es campo observado."",""source_urls"":[""https://www.buchmesse.de/en/imprint""],""status"":""proposed"",""value"":""Germany""}},""end_date"":""2025-10-19"",""field_methods"":{""country"":""No confirmado en fuente geográfica efectivamente abierta; propuesta separada en derived.country."",""venue_name"":""Pendiente de captura de fuente específica por edición; no se hereda el recinto actual.""},""field_sources"":{""city"":[""https://www.buchmesse.de/presse/pressemitteilungen/2025-10-19-frankfurter-buchmesse-waechst-und-verbindet-die-welt-der"",""https://www.buchmesse.de/en/visit/arrival-accommodation""],""end_date"":[""https://www.buchmesse.de/presse/pressemitteilungen/2025-10-19-frankfurter-buchmesse-waechst-und-verbindet-die-welt-der""],""series_name"":[""https://www.buchmesse.de/presse/pressemitteilungen/2025-10-19-frankfurter-buchmesse-waechst-und-verbindet-die-welt-der""],""start_date"":[""https://www.buchmesse.de/presse/pressemitteilungen/2025-10-19-frankfurter-buchmesse-waechst-und-verbindet-die-welt-der""],""status"":[""https://www.buchmesse.de/presse/pressemitteilungen/2025-10-19-frankfurter-buchmesse-waechst-und-verbindet-die-welt-der""],""title"":[""https://www.buchmesse.de/presse/pressemitteilungen/2025-10-19-frankfurter-buchmesse-waechst-und-verbindet-die-welt-der""]},""format"":""trade_fair_and_literary_festival"",""key"":""frankfurter-buchmesse-2025"",""metrics"":[{""denominator"":null,""locator"":""Balance: visitantes totales"",""method"":""Cifra publicada por el organizador; auditoría y deduplicación no documentadas."",""name"":""visitors_reported_total"",""source_url"":""https://www.buchmesse.de/presse/pressemitteilungen/2025-10-19-frankfurter-buchmesse-waechst-und-verbindet-die-welt-der"",""status"":""reported"",""unit"":""reported_visitors"",""value"":238000},{""denominator"":null,""locator"":""Balance: Fachbesucher*innen"",""method"":""Cifra publicada por el organizador; auditoría y deduplicación no documentadas."",""name"":""trade_visitors_reported"",""source_url"":""https://www.buchmesse.de/presse/pressemitteilungen/2025-10-19-frankfurter-buchmesse-waechst-und-verbindet-die-welt-der"",""status"":""reported"",""unit"":""reported_visitors"",""value"":118000},{""denominator"":null,""locator"":""Balance: Privatbesucher*innen"",""method"":""Cifra publicada por el organizador; auditoría y deduplicación no documentadas."",""name"":""public_visitors_reported"",""source_url"":""https://www.buchmesse.de/presse/pressemitteilungen/2025-10-19-frankfurter-buchmesse-waechst-und-verbindet-die-welt-der"",""status"":""reported"",""unit"":""reported_visitors"",""value"":120000},{""denominator"":null,""locator"":""4.350 Aussteller"",""method"":""Cifra publicada por el organizador; auditoría y deduplicación no documentadas."",""name"":""exhibitors_reported"",""source_url"":""https://www.buchmesse.de/presse/pressemitteilungen/2025-10-19-frankfurter-buchmesse-waechst-und-verbindet-die-welt-der"",""status"":""reported"",""unit"":""exhibitors"",""value"":4350},{""denominator"":null,""locator"":""7.800 Medienvertreter*innen registrierten sich"",""method"":""Cifra publicada por el organizador; auditoría y deduplicación no documentadas."",""name"":""media_registrations_reported"",""source_url"":""https://www.buchmesse.de/presse/pressemitteilungen/2025-10-19-frankfurter-buchmesse-waechst-und-verbindet-die-welt-der"",""status"":""reported"",""unit"":""registrations"",""value"":7800}],""notes"":[""El texto del cierre dice que el balance se perfila durante la última tarde: cifras reportadas, posiblemente provisionales."",""No se suma número de entradas a LitAg al total de visitantes; pueden solaparse.""],""organizations"":[{""domain"":""buchmesse.de"",""legal_entity"":""Frankfurter Buchmesse GmbH"",""legal_entity_source_url"":""https://www.buchmesse.de/en/imprint"",""name"":""Frankfurter Buchmesse"",""role"":""organizer"",""source_url"":""https://www.buchmesse.de/presse/pressemitteilungen/2025-10-19-frankfurter-buchmesse-waechst-und-verbindet-die-welt-der"",""status"":""reported"",""tier"":null},{""domain"":null,""locator"":""Sessions von Spotify und Audible"",""name"":""Spotify"",""notes"":""Sesión de programa; no se afirma pago de sponsorship."",""role"":""program_participant"",""scope"":""Frankfurt Audio"",""source_url"":""https://www.buchmesse.de/presse/pressemitteilungen/2025-10-19-frankfurter-buchmesse-waechst-und-verbindet-die-welt-der"",""status"":""reported"",""tier"":null},{""domain"":null,""locator"":""Sessions von Spotify und Audible"",""name"":""Audible"",""notes"":""Sesión de programa; no se afirma pago de sponsorship."",""role"":""program_participant"",""scope"":""Frankfurt Audio"",""source_url"":""https://www.buchmesse.de/presse/pressemitteilungen/2025-10-19-frankfurter-buchmesse-waechst-und-verbindet-die-welt-der"",""status"":""reported"",""tier"":null}],""platform_urls"":[],""sector"":""publishing_and_literature"",""series_name"":""Frankfurter Buchmesse"",""source_urls"":[""https://www.buchmesse.de/presse/pressemitteilungen/2025-10-19-frankfurter-buchmesse-waechst-und-verbindet-die-welt-der"",""https://www.buchmesse.de/en/imprint"",""https://www.buchmesse.de/en/visit/arrival-accommodation""],""start_date"":""2025-10-15"",""status"":""held_reported"",""title"":""Frankfurter Buchmesse 2025"",""url"":""https://www.buchmesse.de/presse/pressemitteilungen/2025-10-19-frankfurter-buchmesse-waechst-und-verbindet-die-welt-der"",""venue_name"":null}","{""country"":""not_found_in_consulted_sources"",""languages_json"":""not_found_in_consulted_sources"",""modality"":""not_found_in_consulted_sources"",""themes_json"":""not_found_in_consulted_sources"",""timezone"":""not_found_in_consulted_sources"",""venue_id"":""not_found_in_consulted_sources""}"
evt_ae94cffcb363bfbb,frankfurter-buchmesse-2026,series_c5482a6f7a14bd76,Frankfurter Buchmesse 2026,https://www.buchmesse.de/en,2026-10-07,2026-10-11,day,,,future_confirmed,Frankfurt am Main,,,city,trade_fair_and_literary_festival,publishing_and_literature,,,2026-09-28,"{""city"":""Frankfurt am Main"",""classification_origin"":""researcher_derived_from_description"",""costs"":[],""country"":null,""date_precision"":""day"",""derived"":{""country"":{""method"":""Normalización ciudad→país o corroboración de índice no abierta; no es campo observado."",""source_urls"":[""https://www.buchmesse.de/en/imprint""],""status"":""proposed"",""value"":""Germany""}},""end_date"":""2026-10-11"",""field_methods"":{""country"":""No confirmado en fuente geográfica efectivamente abierta; propuesta separada en derived.country."",""venue_name"":""Pendiente de captura de fuente específica por edición; no se hereda el recinto actual.""},""field_sources"":{""city"":[""https://www.buchmesse.de/en"",""https://www.buchmesse.de/en/visit/arrival-accommodation""],""end_date"":[""https://www.buchmesse.de/en""],""series_name"":[""https://www.buchmesse.de/en""],""start_date"":[""https://www.buchmesse.de/en""],""status"":[""https://www.buchmesse.de/en""],""title"":[""https://www.buchmesse.de/en""]},""format"":""trade_fair_and_literary_festival"",""key"":""frankfurter-buchmesse-2026"",""metrics"":[],""notes"":[""Futuro confirmado al corte; resultados 2025 de la portada no se asignan a 2026."",""Tarifas y sponsors de esta edición pendientes.""],""organizations"":[{""domain"":""buchmesse.de"",""legal_entity"":""Frankfurter Buchmesse GmbH"",""legal_entity_source_url"":""https://www.buchmesse.de/en/imprint"",""name"":""Frankfurter Buchmesse"",""role"":""organizer"",""source_url"":""https://www.buchmesse.de/en"",""status"":""announced"",""tier"":null}],""platform_urls"":[],""sector"":""publishing_and_literature"",""series_name"":""Frankfurter Buchmesse"",""source_urls"":[""https://www.buchmesse.de/en"",""https://www.buchmesse.de/en/imprint"",""https://www.buchmesse.de/en/visit/arrival-accommodation""],""start_date"":""2026-10-07"",""status"":""future_confirmed"",""title"":""Frankfurter Buchmesse 2026"",""url"":""https://www.buchmesse.de/en"",""venue_name"":null}","{""country"":""not_found_in_consulted_sources"",""languages_json"":""not_found_in_consulted_sources"",""modality"":""not_found_in_consulted_sources"",""themes_json"":""not_found_in_consulted_sources"",""timezone"":""not_found_in_consulted_sources"",""venue_id"":""not_found_in_consulted_sources""}"
evt_537b79cd799b7b5a,festival-de-cannes-2022,series_fe99193e6345e832,Festival de Cannes 2022,https://www.festival-cannes.com/en/press/press-releases/the-screenings-guide-2022/,2022-05-17,2022-05-28,day,,,held_reported,Cannes,,,city,film_festival,film_and_audiovisual,,,2026-09-28,"{""city"":""Cannes"",""classification_origin"":""researcher_derived_from_description"",""costs"":[],""country"":null,""date_precision"":""day"",""derived"":{""country"":{""method"":""Normalización ciudad→país o corroboración de índice no abierta; no es campo observado."",""source_urls"":[""https://www.festival-cannes.com/en/2026/the-festivals-official-selection-coming-to-a-screen-near-you/""],""status"":""proposed"",""value"":""France""}},""end_date"":""2022-05-28"",""field_methods"":{""country"":""No confirmado en fuente geográfica efectivamente abierta; propuesta separada en derived.country."",""status"":""Anuncio de 2023 declara retrospectivamente que 2022 terminó.""},""field_sources"":{""city"":[""https://www.festival-cannes.com/en/press/press-releases/the-screenings-guide-2022/""],""end_date"":[""https://www.festival-cannes.com/en/press/press-releases/the-screenings-guide-2022/""],""series_name"":[""https://www.festival-cannes.com/en/press/press-releases/the-screenings-guide-2022/""],""start_date"":[""https://www.festival-cannes.com/en/press/press-releases/the-screenings-guide-2022/""],""status"":[""https://www.festival-cannes.com/en/press/press-releases/the-76th-edition-of-the-festival-de-cannes-due-to-take-place-from-16-to-27-may-2023/""],""title"":[""https://www.festival-cannes.com/en/press/press-releases/the-screenings-guide-2022/""]},""format"":""film_festival"",""key"":""festival-de-cannes-2022"",""metrics"":[],""organizations"":[{""domain"":""festival-cannes.com"",""name"":""Festival de Cannes"",""role"":""organizer"",""source_url"":""https://www.festival-cannes.com/en/press/press-releases/the-screenings-guide-2022/"",""status"":""reported"",""tier"":null},{""domain"":null,""name"":""France Télévisions"",""notes"":""FAQ atribuye expresamente intervalo 2022–2026; no es una extrapolación de logos."",""role"":""media_coproducer"",""scope"":""TV Festival / ceremonias"",""source_url"":""https://www.festival-cannes.com/en/faq/"",""status"":""reported"",""tier"":null},{""domain"":null,""name"":""Brut."",""notes"":""FAQ atribuye expresamente intervalo 2022–2026; no es una extrapolación de logos."",""role"":""media_coproducer"",""scope"":""TV Festival / ceremonias"",""source_url"":""https://www.festival-cannes.com/en/faq/"",""status"":""reported"",""tier"":null},{""domain"":null,""name"":""BMW"",""role"":""official_automotive_partner"",""source_url"":""https://www.festival-cannes.com/en/press/press-releases/after-france-televisions-brut-the-festival-de-cannes-welcomes-bmw-and-campari-on-the-croisette/"",""status"":""reported"",""tier"":null},{""domain"":null,""name"":""Campari"",""role"":""partner"",""source_url"":""https://www.festival-cannes.com/en/press/press-releases/after-france-televisions-brut-the-festival-de-cannes-welcomes-bmw-and-campari-on-the-croisette/"",""status"":""reported"",""tier"":null},{""domain"":null,""name"":""Chopard"",""role"":""partner"",""source_url"":""https://www.festival-cannes.com/en/press/press-releases/after-france-televisions-brut-the-festival-de-cannes-welcomes-bmw-and-campari-on-the-croisette/"",""status"":""reported"",""tier"":null},{""domain"":null,""name"":""L’Oréal Paris"",""role"":""partner"",""source_url"":""https://www.festival-cannes.com/en/press/press-releases/after-france-televisions-brut-the-festival-de-cannes-welcomes-bmw-and-campari-on-the-croisette/"",""status"":""reported"",""tier"":null}],""platform_urls"":[],""sector"":""film_and_audiovisual"",""series_name"":""Festival de Cannes"",""source_urls"":[""https://www.festival-cannes.com/en/press/press-releases/the-screenings-guide-2022/"",""https://www.festival-cannes.com/en/2026/the-festivals-official-selection-coming-to-a-screen-near-you/"",""https://www.festival-cannes.com/en/faq/"",""https://www.festival-cannes.com/en/press/press-releases/after-france-televisions-brut-the-festival-de-cannes-welcomes-bmw-and-campari-on-the-croisette/"",""https://www.festival-cannes.com/en/press/press-releases/the-76th-edition-of-the-festival-de-cannes-due-to-take-place-from-16-to-27-may-2023/""],""start_date"":""2022-05-17"",""status"":""held_reported"",""title"":""Festival de Cannes 2022"",""url"":""https://www.festival-cannes.com/en/press/press-releases/the-screenings-guide-2022/"",""venue_name"":null}","{""country"":""not_found_in_consulted_sources"",""languages_json"":""not_found_in_consulted_sources"",""modality"":""not_found_in_consulted_sources"",""themes_json"":""not_found_in_consulted_sources"",""timezone"":""not_found_in_consulted_sources"",""venue_id"":""not_found_in_consulted_sources""}"
evt_3bde3e1c9c148055,festival-de-cannes-2023,series_fe99193e6345e832,Festival de Cannes 2023,https://www.festival-cannes.com/en/press/press-releases/the-76th-edition-of-the-festival-de-cannes-due-to-take-place-from-16-to-27-may-2023/,2023-05-16,2023-05-27,day,,,historical_listing,Cannes,,,city,film_festival,film_and_audiovisual,,,2026-09-28,"{""city"":""Cannes"",""classification_origin"":""researcher_derived_from_description"",""costs"":[],""country"":null,""date_precision"":""day"",""derived"":{""country"":{""method"":""Normalización ciudad→país o corroboración de índice no abierta; no es campo observado."",""source_urls"":[""https://www.festival-cannes.com/en/2026/the-festivals-official-selection-coming-to-a-screen-near-you/""],""status"":""proposed"",""value"":""France""}},""end_date"":""2023-05-27"",""field_methods"":{""country"":""No confirmado en fuente geográfica efectivamente abierta; propuesta separada en derived.country."",""status"":""Anuncio/programa histórico; fecha pasada por sí sola no demuestra ejecución.""},""field_sources"":{""city"":[""https://www.festival-cannes.com/en/press/press-releases/the-76th-edition-of-the-festival-de-cannes-due-to-take-place-from-16-to-27-may-2023/""],""end_date"":[""https://www.festival-cannes.com/en/press/press-releases/the-76th-edition-of-the-festival-de-cannes-due-to-take-place-from-16-to-27-may-2023/""],""series_name"":[""https://www.festival-cannes.com/en/press/press-releases/the-76th-edition-of-the-festival-de-cannes-due-to-take-place-from-16-to-27-may-2023/""],""start_date"":[""https://www.festival-cannes.com/en/press/press-releases/the-76th-edition-of-the-festival-de-cannes-due-to-take-place-from-16-to-27-may-2023/""],""status"":[""https://www.festival-cannes.com/en/press/press-releases/the-76th-edition-of-the-festival-de-cannes-due-to-take-place-from-16-to-27-may-2023/""],""title"":[""https://www.festival-cannes.com/en/press/press-releases/the-76th-edition-of-the-festival-de-cannes-due-to-take-place-from-16-to-27-may-2023/""]},""format"":""film_festival"",""key"":""festival-de-cannes-2023"",""metrics"":[],""organizations"":[{""domain"":""festival-cannes.com"",""name"":""Festival de Cannes"",""role"":""organizer"",""source_url"":""https://www.festival-cannes.com/en/press/press-releases/the-76th-edition-of-the-festival-de-cannes-due-to-take-place-from-16-to-27-may-2023/"",""status"":""reported"",""tier"":null},{""domain"":null,""name"":""France Télévisions"",""notes"":""FAQ atribuye expresamente intervalo 2022–2026; no es una extrapolación de logos."",""role"":""media_coproducer"",""scope"":""TV Festival / ceremonias"",""source_url"":""https://www.festival-cannes.com/en/faq/"",""status"":""reported"",""tier"":null},{""domain"":null,""name"":""Brut."",""notes"":""FAQ atribuye expresamente intervalo 2022–2026; no es una extrapolación de logos."",""role"":""media_coproducer"",""scope"":""TV Festival / ceremonias"",""source_url"":""https://www.festival-cannes.com/en/faq/"",""status"":""reported"",""tier"":null}],""platform_urls"":[],""sector"":""film_and_audiovisual"",""series_name"":""Festival de Cannes"",""source_urls"":[""https://www.festival-cannes.com/en/press/press-releases/the-76th-edition-of-the-festival-de-cannes-due-to-take-place-from-16-to-27-may-2023/"",""https://www.festival-cannes.com/en/2026/the-festivals-official-selection-coming-to-a-screen-near-you/"",""https://www.festival-cannes.com/en/faq/""],""start_date"":""2023-05-16"",""status"":""historical_listing"",""title"":""Festival de Cannes 2023"",""url"":""https://www.festival-cannes.com/en/press/press-releases/the-76th-edition-of-the-festival-de-cannes-due-to-take-place-from-16-to-27-may-2023/"",""venue_name"":null}","{""country"":""not_found_in_consulted_sources"",""languages_json"":""not_found_in_consulted_sources"",""modality"":""not_found_in_consulted_sources"",""themes_json"":""not_found_in_consulted_sources"",""timezone"":""not_found_in_consulted_sources"",""venue_id"":""not_found_in_consulted_sources""}"
evt_1c1e593329e65b57,festival-de-cannes-2024,series_fe99193e6345e832,Festival de Cannes 2024,https://www.festival-cannes.com/en/2024/the-screenings-guide-of-the-77th-festival-de-cannes/,2024-05-14,2024-05-25,day,,,historical_listing,Cannes,,,city,film_festival,film_and_audiovisual,,,2026-09-28,"{""city"":""Cannes"",""classification_origin"":""researcher_derived_from_description"",""costs"":[],""country"":null,""date_precision"":""day"",""derived"":{""country"":{""method"":""Normalización ciudad→país o corroboración de índice no abierta; no es campo observado."",""source_urls"":[""https://www.festival-cannes.com/en/2026/the-festivals-official-selection-coming-to-a-screen-near-you/""],""status"":""proposed"",""value"":""France""}},""end_date"":""2024-05-25"",""field_methods"":{""country"":""No confirmado en fuente geográfica efectivamente abierta; propuesta separada en derived.country."",""status"":""Anuncio/programa histórico; fecha pasada por sí sola no demuestra ejecución.""},""field_sources"":{""city"":[""https://www.festival-cannes.com/en/2024/the-screenings-guide-of-the-77th-festival-de-cannes/""],""end_date"":[""https://www.festival-cannes.com/en/2024/the-screenings-guide-of-the-77th-festival-de-cannes/""],""series_name"":[""https://www.festival-cannes.com/en/2024/the-screenings-guide-of-the-77th-festival-de-cannes/""],""start_date"":[""https://www.festival-cannes.com/en/2024/the-screenings-guide-of-the-77th-festival-de-cannes/""],""status"":[""https://www.festival-cannes.com/en/2024/the-screenings-guide-of-the-77th-festival-de-cannes/""],""title"":[""https://www.festival-cannes.com/en/2024/the-screenings-guide-of-the-77th-festival-de-cannes/""]},""format"":""film_festival"",""key"":""festival-de-cannes-2024"",""metrics"":[{""denominator"":null,""locator"":""FAQ online ticket office: 2024 last-minute queues"",""method"":""Asientos asignados, no personas únicas ni asistencia total."",""name"":""last_minute_seats_allocated"",""source_url"":""https://www.festival-cannes.com/en/faq/"",""status"":""reported"",""unit"":""seats"",""value"":15000}],""organizations"":[{""domain"":""festival-cannes.com"",""name"":""Festival de Cannes"",""role"":""organizer"",""source_url"":""https://www.festival-cannes.com/en/2024/the-screenings-guide-of-the-77th-festival-de-cannes/"",""status"":""reported"",""tier"":null},{""domain"":null,""name"":""France Télévisions"",""notes"":""FAQ atribuye expresamente intervalo 2022–2026; no es una extrapolación de logos."",""role"":""media_coproducer"",""scope"":""TV Festival / ceremonias"",""source_url"":""https://www.festival-cannes.com/en/faq/"",""status"":""reported"",""tier"":null},{""domain"":null,""name"":""Brut."",""notes"":""FAQ atribuye expresamente intervalo 2022–2026; no es una extrapolación de logos."",""role"":""media_coproducer"",""scope"":""TV Festival / ceremonias"",""source_url"":""https://www.festival-cannes.com/en/faq/"",""status"":""reported"",""tier"":null}],""platform_urls"":[],""sector"":""film_and_audiovisual"",""series_name"":""Festival de Cannes"",""source_urls"":[""https://www.festival-cannes.com/en/2024/the-screenings-guide-of-the-77th-festival-de-cannes/"",""https://www.festival-cannes.com/en/2026/the-festivals-official-selection-coming-to-a-screen-near-you/"",""https://www.festival-cannes.com/en/faq/""],""start_date"":""2024-05-14"",""status"":""historical_listing"",""title"":""Festival de Cannes 2024"",""url"":""https://www.festival-cannes.com/en/2024/the-screenings-guide-of-the-77th-festival-de-cannes/"",""venue_name"":null}","{""country"":""not_found_in_consulted_sources"",""languages_json"":""not_found_in_consulted_sources"",""modality"":""not_found_in_consulted_sources"",""themes_json"":""not_found_in_consulted_sources"",""timezone"":""not_found_in_consulted_sources"",""venue_id"":""not_found_in_consulted_sources""}"
evt_3c520dca1ba3c34c,festival-de-cannes-2025,series_fe99193e6345e832,Festival de Cannes 2025,https://www.festival-cannes.com/en/2024/submission-for-films-for-the-2025-official-selection-is-now-open/,2025-05-13,2025-05-24,day,,,historical_listing,Cannes,,,city,film_festival,film_and_audiovisual,,,2026-09-28,"{""city"":""Cannes"",""classification_origin"":""researcher_derived_from_description"",""costs"":[],""country"":null,""date_precision"":""day"",""derived"":{""country"":{""method"":""Normalización ciudad→país o corroboración de índice no abierta; no es campo observado."",""source_urls"":[""https://www.festival-cannes.com/en/2026/the-festivals-official-selection-coming-to-a-screen-near-you/""],""status"":""proposed"",""value"":""France""}},""end_date"":""2025-05-24"",""field_methods"":{""country"":""No confirmado en fuente geográfica efectivamente abierta; propuesta separada en derived.country."",""status"":""Anuncio/programa histórico; fecha pasada por sí sola no demuestra ejecución.""},""field_sources"":{""city"":[""https://www.festival-cannes.com/en/2024/submission-for-films-for-the-2025-official-selection-is-now-open/""],""end_date"":[""https://www.festival-cannes.com/en/2024/submission-for-films-for-the-2025-official-selection-is-now-open/""],""series_name"":[""https://www.festival-cannes.com/en/2024/submission-for-films-for-the-2025-official-selection-is-now-open/""],""start_date"":[""https://www.festival-cannes.com/en/2024/submission-for-films-for-the-2025-official-selection-is-now-open/""],""status"":[""https://www.festival-cannes.com/en/2024/submission-for-films-for-the-2025-official-selection-is-now-open/""],""title"":[""https://www.festival-cannes.com/en/2024/submission-for-films-for-the-2025-official-selection-is-now-open/""]},""format"":""film_festival"",""key"":""festival-de-cannes-2025"",""metrics"":[],""organizations"":[{""domain"":""festival-cannes.com"",""name"":""Festival de Cannes"",""role"":""organizer"",""source_url"":""https://www.festival-cannes.com/en/2024/submission-for-films-for-the-2025-official-selection-is-now-open/"",""status"":""reported"",""tier"":null},{""domain"":null,""name"":""France Télévisions"",""notes"":""FAQ atribuye expresamente intervalo 2022–2026; no es una extrapolación de logos."",""role"":""media_coproducer"",""scope"":""TV Festival / ceremonias"",""source_url"":""https://www.festival-cannes.com/en/faq/"",""status"":""reported"",""tier"":null},{""domain"":null,""name"":""Brut."",""notes"":""FAQ atribuye expresamente intervalo 2022–2026; no es una extrapolación de logos."",""role"":""media_coproducer"",""scope"":""TV Festival / ceremonias"",""source_url"":""https://www.festival-cannes.com/en/faq/"",""status"":""reported"",""tier"":null}],""platform_urls"":[],""sector"":""film_and_audiovisual"",""series_name"":""Festival de Cannes"",""source_urls"":[""https://www.festival-cannes.com/en/2024/submission-for-films-for-the-2025-official-selection-is-now-open/"",""https://www.festival-cannes.com/en/2026/the-festivals-official-selection-coming-to-a-screen-near-you/"",""https://www.festival-cannes.com/en/faq/""],""start_date"":""2025-05-13"",""status"":""historical_listing"",""title"":""Festival de Cannes 2025"",""url"":""https://www.festival-cannes.com/en/2024/submission-for-films-for-the-2025-official-selection-is-now-open/"",""venue_name"":null}","{""country"":""not_found_in_consulted_sources"",""languages_json"":""not_found_in_consulted_sources"",""modality"":""not_found_in_consulted_sources"",""themes_json"":""not_found_in_consulted_sources"",""timezone"":""not_found_in_consulted_sources"",""venue_id"":""not_found_in_consulted_sources""}"
evt_89645498ed7a7288,festival-de-cannes-2026,series_fe99193e6345e832,Festival de Cannes 2026,https://www.festival-cannes.com/en/2026/festival-de-cannes-2026-accreditation-is-now-open/,2026-05-12,2026-05-23,day,,,held_reported,Cannes,,venue_ad960e737c703a44,venue_named_no_coordinates,film_festival,film_and_audiovisual,,,2026-09-28,"{""city"":""Cannes"",""classification_origin"":""researcher_derived_from_description"",""costs"":[{""amount"":20,""basis"":""per_festivalgoer"",""currency"":""EUR"",""name"":""environmental_contribution"",""notes"":""Contribución ambiental; no equivale a tarifa total de acreditación, sponsorship ni costo total."",""source_url"":""https://www.festival-cannes.com/en/2026/festival-de-cannes-2026-accreditation-is-now-open/"",""status"":""reported"",""tax"":""excluding_VAT""},{""amount"":15,""basis"":""per_day"",""currency"":""EUR"",""name"":""palais_wifi_day"",""notes"":""WiFi opcional; Marché y prensa tienen acceso gratuito. No es entrada."",""source_url"":""https://www.festival-cannes.com/en/take-part/your-festival-experience/organise-your-time/"",""status"":""published"",""tax"":null},{""amount"":95,""basis"":""12_day_package"",""currency"":""EUR"",""name"":""palais_wifi_12_days"",""notes"":""Alternativa al precio diario; no sumar ambos."",""source_url"":""https://www.festival-cannes.com/en/take-part/your-festival-experience/organise-your-time/"",""status"":""published"",""tax"":null}],""country"":null,""date_precision"":""day"",""derived"":{""country"":{""method"":""Noticia oficial indexada dice Cannes, France para una proyección de 2026, pero web open devolvió 403; no se eleva a observado."",""source_urls"":[""https://www.festival-cannes.com/en/2026/the-festivals-official-selection-coming-to-a-screen-near-you/""],""status"":""proposed"",""value"":""France""}},""end_date"":""2026-05-23"",""field_methods"":{""country"":""No confirmado en fuente geográfica efectivamente abierta; propuesta separada en derived.country."",""status"":""El comunicado del 21 mayo reporta actividad efectuada durante la edición; no equivale a auditoría de todas las sesiones.""},""field_sources"":{""city"":[""https://www.festival-cannes.com/en/2026/festival-de-cannes-2026-accreditation-is-now-open/""],""end_date"":[""https://www.festival-cannes.com/en/2026/festival-de-cannes-2026-accreditation-is-now-open/""],""series_name"":[""https://www.festival-cannes.com/en/2026/festival-de-cannes-2026-accreditation-is-now-open/""],""start_date"":[""https://www.festival-cannes.com/en/2026/festival-de-cannes-2026-accreditation-is-now-open/""],""status"":[""https://www.festival-cannes.com/en/press/press-releases/cannes-2026-global-visibility-in-service-of-cinema/""],""title"":[""https://www.festival-cannes.com/en/2026/festival-de-cannes-2026-accreditation-is-now-open/""],""venue_name"":[""https://www.festival-cannes.com/en/take-part/your-festival-experience/organise-your-time/""]},""format"":""film_festival"",""key"":""festival-de-cannes-2026"",""metrics"":[{""denominator"":null,""locator"":""May 12 opening ceremony; cumulative audience France 2"",""method"":""Audiencia televisiva acumulada declarada; no presencial ni necesariamente personas únicas."",""name"":""opening_tv_cumulative_audience"",""source_url"":""https://www.festival-cannes.com/en/press/press-releases/cannes-2026-global-visibility-in-service-of-cinema/"",""status"":""reported"",""unit"":""reported_viewers"",""value"":4600000},{""denominator"":null,""locator"":""May 12 opening ceremony; peak France 2"",""method"":""Pico de audiencia; no sumar a audiencia acumulada."",""name"":""opening_tv_peak_audience"",""source_url"":""https://www.festival-cannes.com/en/press/press-releases/cannes-2026-global-visibility-in-service-of-cinema/"",""status"":""reported"",""unit"":""reported_viewers"",""value"":2200000},{""denominator"":null,""locator"":""Brut: ceremony and related platform content"",""method"":""Vistas de contenidos declaradas hasta 21 mayo; no asistencia ni ROI; ventanas/formas de deduplicar sin documentar."",""name"":""brut_opening_and_related_content_views"",""source_url"":""https://www.festival-cannes.com/en/press/press-releases/cannes-2026-global-visibility-in-service-of-cinema/"",""status"":""reported"",""unit"":""video_views"",""value"":113500000}],""notes"":[""No incorpora como cifra comparable el claim de 1,4285 trillion hashtag views: unidad/metodología pendientes de aclaración."",""Los partners no implican patrocinio monetario ni se atribuyen resultados comerciales individuales.""],""organizations"":[{""domain"":""festival-cannes.com"",""name"":""Festival de Cannes"",""role"":""organizer"",""source_url"":""https://www.festival-cannes.com/en/2026/festival-de-cannes-2026-accreditation-is-now-open/"",""status"":""reported"",""tier"":null},{""domain"":null,""name"":""France Télévisions"",""notes"":""FAQ atribuye expresamente intervalo 2022–2026; no es una extrapolación de logos."",""role"":""media_coproducer"",""scope"":""TV Festival / ceremonias"",""source_url"":""https://www.festival-cannes.com/en/faq/"",""status"":""reported"",""tier"":null},{""domain"":null,""name"":""Brut."",""notes"":""FAQ atribuye expresamente intervalo 2022–2026; no es una extrapolación de logos."",""role"":""media_coproducer"",""scope"":""TV Festival / ceremonias"",""source_url"":""https://www.festival-cannes.com/en/faq/"",""status"":""reported"",""tier"":null},{""domain"":""bmw.com"",""name"":""BMW"",""role"":""official_partner"",""source_url"":""https://www.festival-cannes.com/catalogueofficiel/en/61-PARTENAIRES-OFFICIELS-OFFICIAL-PARTNERS.html"",""status"":""reported"",""tier"":null},{""domain"":""angenieux.com"",""name"":""Angénieux"",""role"":""official_partner"",""source_url"":""https://www.festival-cannes.com/catalogueofficiel/en/61-PARTENAIRES-OFFICIELS-OFFICIAL-PARTNERS.html"",""status"":""reported"",""tier"":null},{""domain"":null,""name"":""Campari France"",""role"":""official_supplier"",""source_url"":""https://www.festival-cannes.com/catalogueofficiel/en/99-FOURNISSEURS-OFFICIELS-OFFICIAL-SUPPLIERS.html"",""status"":""reported"",""tier"":null},{""domain"":""chateaumargui.com"",""name"":""Château Margüi"",""role"":""official_supplier"",""source_url"":""https://www.festival-cannes.com/catalogueofficiel/en/99-FOURNISSEURS-OFFICIELS-OFFICIAL-SUPPLIERS.html"",""status"":""reported"",""tier"":null},{""domain"":null,""name"":""Meta"",""role"":""partner"",""scope"":""Distribución y alcance de contenidos"",""source_url"":""https://www.festival-cannes.com/en/press/press-releases/cannes-2026-global-visibility-in-service-of-cinema/"",""status"":""reported"",""tier"":null}],""platform_urls"":[],""sector"":""film_and_audiovisual"",""series_name"":""Festival de Cannes"",""source_urls"":[""https://www.festival-cannes.com/en/2026/festival-de-cannes-2026-accreditation-is-now-open/"",""https://www.festival-cannes.com/en/2026/the-festivals-official-selection-coming-to-a-screen-near-you/"",""https://www.festival-cannes.com/en/faq/"",""https://www.festival-cannes.com/en/take-part/your-festival-experience/organise-your-time/"",""https://www.festival-cannes.com/catalogueofficiel/en/61-PARTENAIRES-OFFICIELS-OFFICIAL-PARTNERS.html"",""https://www.festival-cannes.com/catalogueofficiel/en/99-FOURNISSEURS-OFFICIELS-OFFICIAL-SUPPLIERS.html"",""https://www.festival-cannes.com/en/press/press-releases/cannes-2026-global-visibility-in-service-of-cinema/""],""start_date"":""2026-05-12"",""status"":""held_reported"",""title"":""Festival de Cannes 2026"",""url"":""https://www.festival-cannes.com/en/2026/festival-de-cannes-2026-accreditation-is-now-open/"",""venue_name"":""Palais des Festivals""}","{""country"":""not_found_in_consulted_sources"",""languages_json"":""not_found_in_consulted_sources"",""modality"":""not_found_in_consulted_sources"",""themes_json"":""not_found_in_consulted_sources"",""timezone"":""not_found_in_consulted_sources""}"
evt_928d9b26ad74b89d,festival-de-cannes-2027,series_fe99193e6345e832,Festival de Cannes 2027,https://www.festival-cannes.com/en/,2027-05-11,2027-05-22,day,,,future_confirmed,Cannes,,,city,film_festival,film_and_audiovisual,,,2026-09-28,"{""city"":""Cannes"",""classification_origin"":""researcher_derived_from_description"",""costs"":[],""country"":null,""date_precision"":""day"",""derived"":{""country"":{""method"":""Normalización ciudad→país o corroboración de índice no abierta; no es campo observado."",""source_urls"":[""https://www.festival-cannes.com/en/2026/the-festivals-official-selection-coming-to-a-screen-near-you/""],""status"":""proposed"",""value"":""France""}},""end_date"":""2027-05-22"",""field_methods"":{""country"":""No confirmado en fuente geográfica efectivamente abierta; propuesta separada en derived.country."",""status"":""Fecha futura explícitamente anunciada por portada.""},""field_sources"":{""city"":[""https://www.festival-cannes.com/en/""],""end_date"":[""https://www.festival-cannes.com/en/""],""series_name"":[""https://www.festival-cannes.com/en/""],""start_date"":[""https://www.festival-cannes.com/en/""],""status"":[""https://www.festival-cannes.com/en/""],""title"":[""https://www.festival-cannes.com/en/""]},""format"":""film_festival"",""key"":""festival-de-cannes-2027"",""metrics"":[],""notes"":[""Solo fechas futuras confirmadas; recinto, partners, métricas y precios no heredados de 2026.""],""organizations"":[{""domain"":""festival-cannes.com"",""name"":""Festival de Cannes"",""role"":""organizer"",""source_url"":""https://www.festival-cannes.com/en/"",""status"":""announced"",""tier"":null}],""platform_urls"":[],""sector"":""film_and_audiovisual"",""series_name"":""Festival de Cannes"",""source_urls"":[""https://www.festival-cannes.com/en/"",""https://www.festival-cannes.com/en/2026/the-festivals-official-selection-coming-to-a-screen-near-you/""],""start_date"":""2027-05-11"",""status"":""future_confirmed"",""title"":""Festival de Cannes 2027"",""url"":""https://www.festival-cannes.com/en/"",""venue_name"":null}","{""country"":""not_found_in_consulted_sources"",""languages_json"":""not_found_in_consulted_sources"",""modality"":""not_found_in_consulted_sources"",""themes_json"":""not_found_in_consulted_sources"",""timezone"":""not_found_in_consulted_sources"",""venue_id"":""not_found_in_consulted_sources""}"
evt_c078cb6a5cfce95b,polkadot-nairobi-2025-01-18,,Polkadot Nairobi Meet-Up,https://luma.com/n392htif,2025-01-18,,day,,,historical_listing,Nairobi,Kenya,venue_2fd884a80ae0fc30,venue_named_no_coordinates,meetup,blockchain,,,2026-09-28,"{""city"":""Nairobi"",""classification_origin"":""researcher_derived_from_description"",""costs"":[],""country"":""Kenya"",""date_precision"":""day"",""end_date"":null,""field_sources"":{""city"":[""https://luma.com/n392htif""],""country"":[""https://luma.com/n392htif""],""start_date"":[""https://luma.com/n392htif""],""status"":[""https://luma.com/n392htif""],""title"":[""https://luma.com/n392htif""],""venue_address"":[""https://luma.com/n392htif""],""venue_name"":[""https://luma.com/n392htif""]},""format"":""meetup"",""key"":""polkadot-nairobi-2025-01-18"",""metrics"":[{""denominator"":null,""locator"":""Hosted By: 148 Went"",""method"":""Contador público de plataforma; no prueba de check-in."",""name"":""platform_went_label"",""source_url"":""https://luma.com/n392htif"",""status"":""reported"",""unit"":""platform_count"",""value"":148}],""organizations"":[{""domain"":null,""name"":""Polkadot Africa"",""role"":""organizer"",""source_url"":""https://luma.com/n392htif"",""status"":""announced"",""tier"":null}],""platform_access"":[{""notes"":""Lectura pública en este lote."",""source_url"":""https://luma.com/n392htif"",""status"":""opened_and_read"",""url"":""https://luma.com/n392htif""}],""platform_urls"":[""https://luma.com/n392htif""],""sector"":""blockchain"",""series_name"":null,""source_urls"":[""https://luma.com/n392htif""],""start_date"":""2025-01-18"",""status"":""historical_listing"",""title"":""Polkadot Nairobi Meet-Up"",""url"":""https://luma.com/n392htif"",""venue_address"":""Diamond Plaza, 6th Floor Pramukh Swami Ave, Nairobi, Kenya"",""venue_name"":""Nairobi Game Development Center""}","{""end_date"":""not_found_in_consulted_sources"",""languages_json"":""not_found_in_consulted_sources"",""modality"":""not_found_in_consulted_sources"",""series_id"":""not_found_in_consulted_sources"",""themes_json"":""not_found_in_consulted_sources"",""timezone"":""not_found_in_consulted_sources""}"
evt_0cb6c7d0ff466716,epoch-tour-sao-paulo-2025,,Epoch Tour Applied LLM Workshop,https://luma.com/epoch,2025-08-08,2025-08-10,day,,,historical_listing,São Paulo,Brazil,venue_f55a9de5f5595303,venue_named_no_coordinates,workshop,artificial_intelligence,,,2026-09-28,"{""city"":""São Paulo"",""classification_origin"":""researcher_derived_from_description"",""costs"":[{""amount"":3141.5,""category"":""admission"",""currency"":""BRL"",""includes"":""Sesiones, materiales, catering, networking y certificado HBASS."",""locator"":""Investment"",""source_url"":""https://luma.com/epoch"",""status"":""published_rate"",""taxes"":null,""unit"":""participant""}],""country"":""Brazil"",""date_precision"":""day"",""end_date"":""2025-08-10"",""field_sources"":{""city"":[""https://luma.com/epoch""],""country"":[""https://luma.com/epoch""],""end_date"":[""https://luma.com/epoch""],""start_date"":[""https://luma.com/epoch""],""status"":[""https://luma.com/epoch""],""title"":[""https://luma.com/epoch""],""venue_name"":[""https://luma.com/epoch""]},""format"":""workshop"",""key"":""epoch-tour-sao-paulo-2025"",""metrics"":[{""denominator"":null,""locator"":""When & Where; Capacity"",""name"":""capacity"",""source_url"":""https://luma.com/epoch"",""status"":""announced"",""unit"":""participants"",""value"":150}],""organizations"":[{""domain"":""aws.amazon.com"",""name"":""AWS Startups"",""role"":""sponsor"",""source_url"":""https://luma.com/epoch"",""status"":""announced"",""tier"":null},{""domain"":""tractian.com"",""name"":""Tractian"",""role"":""sponsor"",""source_url"":""https://luma.com/epoch"",""status"":""announced"",""tier"":null},{""domain"":""valorcapitalgroup.com"",""name"":""Valor Capital"",""role"":""sponsor"",""source_url"":""https://luma.com/epoch"",""status"":""announced"",""tier"":null},{""domain"":null,""name"":""Harvard Brazilian Students and Scholars Association (HBASS)"",""role"":""partner"",""source_url"":""https://luma.com/epoch"",""status"":""announced"",""tier"":null}],""organizer_missing_reason"":""La página identifica anfitriones individuales; no se adjudica personalidad organizativa sin verificar."",""platform_access"":[{""notes"":""Lectura pública en este lote."",""source_url"":""https://luma.com/epoch"",""status"":""opened_and_read"",""url"":""https://luma.com/epoch""}],""platform_urls"":[""https://luma.com/epoch""],""sector"":""artificial_intelligence"",""series_name"":null,""source_urls"":[""https://luma.com/epoch""],""start_date"":""2025-08-08"",""status"":""historical_listing"",""title"":""Epoch Tour Applied LLM Workshop"",""url"":""https://luma.com/epoch"",""venue_name"":""Unidade Ibmec""}","{""languages_json"":""not_found_in_consulted_sources"",""modality"":""not_found_in_consulted_sources"",""series_id"":""not_found_in_consulted_sources"",""themes_json"":""not_found_in_consulted_sources"",""timezone"":""not_found_in_consulted_sources""}"
evt_c2e6aefe4194efa9,retail-lab-stamina-2025-10-16,,Retail Lab by STAMINA.,https://luma.com/rw5es9nz?locale=pt,2025-10-16,,day,,,historical_listing,São Paulo,,,city,industry_networking,retail,,,2026-09-28,"{""city"":""São Paulo"",""classification_origin"":""researcher_derived_from_description"",""costs"":[{""amount"":1499,""category"":""admission"",""currency"":""BRL"",""locator"":""Preço do Bilhete"",""source_url"":""https://luma.com/rw5es9nz?locale=pt"",""status"":""published_rate"",""taxes"":null,""unit"":""ticket""}],""country"":null,""country_missing_reason"":""La ficha leída declara São Paulo e Itaim Bibi, pero no escribe el país. Se retiró Brazil en la revisión muestral."",""date_precision"":""day"",""end_date"":null,""field_sources"":{""city"":[""https://luma.com/rw5es9nz?locale=pt""],""country"":[],""neighborhood"":[""https://luma.com/rw5es9nz?locale=pt""],""start_date"":[""https://luma.com/rw5es9nz?locale=pt""],""status"":[""https://luma.com/rw5es9nz?locale=pt""],""title"":[""https://luma.com/rw5es9nz?locale=pt""]},""format"":""industry_networking"",""key"":""retail-lab-stamina-2025-10-16"",""metrics"":[{""comparison"":"">"",""denominator"":null,""locator"":""A experiência: mais de 200"",""method"":""Promesa de convocatoria, no asistentes medidos."",""name"":""promoted_networking_audience_lower_bound"",""source_url"":""https://luma.com/rw5es9nz?locale=pt"",""status"":""announced"",""unit"":""leaders"",""value"":200}],""neighborhood"":""Itaim Bibi"",""organizations"":[{""domain"":null,""name"":""Stamina"",""role"":""organizer"",""source_url"":""https://luma.com/rw5es9nz?locale=pt"",""status"":""announced"",""tier"":null},{""domain"":null,""name"":""BonifiQ"",""role"":""sponsor"",""source_url"":""https://luma.com/rw5es9nz?locale=pt"",""status"":""announced"",""tier"":null},{""domain"":null,""name"":""Comunitive"",""role"":""sponsor"",""source_url"":""https://luma.com/rw5es9nz?locale=pt"",""status"":""announced"",""tier"":null},{""domain"":null,""name"":""GoBots"",""role"":""sponsor"",""source_url"":""https://luma.com/rw5es9nz?locale=pt"",""status"":""announced"",""tier"":null},{""domain"":null,""name"":""Goomer"",""role"":""sponsor"",""source_url"":""https://luma.com/rw5es9nz?locale=pt"",""status"":""announced"",""tier"":null},{""domain"":null,""name"":""Inbazz"",""role"":""sponsor"",""source_url"":""https://luma.com/rw5es9nz?locale=pt"",""status"":""announced"",""tier"":null},{""domain"":null,""name"":""Pilar"",""role"":""sponsor"",""source_url"":""https://luma.com/rw5es9nz?locale=pt"",""status"":""announced"",""tier"":null},{""domain"":null,""name"":""Planne"",""role"":""sponsor"",""source_url"":""https://luma.com/rw5es9nz?locale=pt"",""status"":""announced"",""tier"":null},{""domain"":null,""name"":""Revi"",""role"":""sponsor"",""source_url"":""https://luma.com/rw5es9nz?locale=pt"",""status"":""announced"",""tier"":null},{""domain"":null,""name"":""Blessy"",""role"":""partner"",""source_url"":""https://luma.com/rw5es9nz?locale=pt"",""status"":""announced"",""tier"":null},{""domain"":null,""name"":""Heroica Natural"",""role"":""partner"",""source_url"":""https://luma.com/rw5es9nz?locale=pt"",""status"":""announced"",""tier"":null},{""domain"":null,""name"":""Zissou S.A"",""role"":""partner"",""source_url"":""https://luma.com/rw5es9nz?locale=pt"",""status"":""announced"",""tier"":null}],""platform_access"":[{""notes"":""Lectura pública en este lote."",""source_url"":""https://luma.com/rw5es9nz?locale=pt"",""status"":""opened_and_read"",""url"":""https://luma.com/rw5es9nz?locale=pt""}],""platform_urls"":[""https://luma.com/rw5es9nz?locale=pt""],""sector"":""retail"",""series_name"":null,""source_urls"":[""https://luma.com/rw5es9nz?locale=pt""],""start_date"":""2025-10-16"",""status"":""historical_listing"",""title"":""Retail Lab by STAMINA."",""url"":""https://luma.com/rw5es9nz?locale=pt"",""venue_missing_reason"":""Dirección reservada a inscritos; no accedida."",""venue_name"":null}","{""country"":""not_found_in_consulted_sources"",""end_date"":""not_found_in_consulted_sources"",""languages_json"":""not_found_in_consulted_sources"",""modality"":""not_found_in_consulted_sources"",""series_id"":""not_found_in_consulted_sources"",""themes_json"":""not_found_in_consulted_sources"",""timezone"":""not_found_in_consulted_sources"",""venue_id"":""not_found_in_consulted_sources""}"
evt_368f4c51b8b56af0,patrimonio-comum-sao-paulo-2025-10-24,,Workshop Internacional Um Patrimônio Comum: Arte no Espaço Público das Cidades Ibero-Americanas,https://prefeitura.sp.gov.br/web/cultura/w/s%C3%A3o-paulo-recebe-workshop-internacional-aberto-ao-p%C3%BAblico-na-biblioteca-m%C3%A1rio-de-andrade,2025-10-24,,day,,,historical_listing,São Paulo,Brazil,venue_af6aae01788199a4,venue_named_no_coordinates,workshop,culture,,,2026-09-28,"{""city"":""São Paulo"",""classification_origin"":""researcher_derived_from_description"",""costs"":[{""amount"":0,""category"":""admission"",""currency"":null,""locator"":""Serviço: Entrada gratuita"",""source_url"":""https://prefeitura.sp.gov.br/web/cultura/w/s%C3%A3o-paulo-recebe-workshop-internacional-aberto-ao-p%C3%BAblico-na-biblioteca-m%C3%A1rio-de-andrade"",""status"":""published_rate"",""taxes"":null,""unit"":""ticket""}],""country"":""Brazil"",""date_precision"":""day"",""end_date"":null,""field_sources"":{""city"":[""https://prefeitura.sp.gov.br/web/cultura/w/s%C3%A3o-paulo-recebe-workshop-internacional-aberto-ao-p%C3%BAblico-na-biblioteca-m%C3%A1rio-de-andrade""],""country"":[""https://prefeitura.sp.gov.br/web/cultura/w/s%C3%A3o-paulo-recebe-workshop-internacional-aberto-ao-p%C3%BAblico-na-biblioteca-m%C3%A1rio-de-andrade""],""start_date"":[""https://prefeitura.sp.gov.br/web/cultura/w/s%C3%A3o-paulo-recebe-workshop-internacional-aberto-ao-p%C3%BAblico-na-biblioteca-m%C3%A1rio-de-andrade""],""status"":[""https://prefeitura.sp.gov.br/web/cultura/w/s%C3%A3o-paulo-recebe-workshop-internacional-aberto-ao-p%C3%BAblico-na-biblioteca-m%C3%A1rio-de-andrade""],""title"":[""https://prefeitura.sp.gov.br/web/cultura/w/s%C3%A3o-paulo-recebe-workshop-internacional-aberto-ao-p%C3%BAblico-na-biblioteca-m%C3%A1rio-de-andrade""],""venue_name"":[""https://prefeitura.sp.gov.br/web/cultura/w/s%C3%A3o-paulo-recebe-workshop-internacional-aberto-ao-p%C3%BAblico-na-biblioteca-m%C3%A1rio-de-andrade""]},""format"":""workshop"",""key"":""patrimonio-comum-sao-paulo-2025-10-24"",""metrics"":[],""organizations"":[{""domain"":null,""name"":""Secretaria Municipal de Cultura e Economia Criativa de São Paulo"",""role"":""organizer"",""source_url"":""https://prefeitura.sp.gov.br/web/cultura/w/s%C3%A3o-paulo-recebe-workshop-internacional-aberto-ao-p%C3%BAblico-na-biblioteca-m%C3%A1rio-de-andrade"",""status"":""announced"",""tier"":null}],""platform_access"":[{""notes"":""Enlace observado en fuente primaria; destino no abierto ni contenido validado en este lote."",""source_url"":""https://prefeitura.sp.gov.br/web/cultura/w/s%C3%A3o-paulo-recebe-workshop-internacional-aberto-ao-p%C3%BAblico-na-biblioteca-m%C3%A1rio-de-andrade"",""status"":""linked_from_opened_primary_source"",""url"":""https://www.sympla.com.br/evento/linguagem-memoria-e-patrimonios-comuns/3176621""}],""platform_urls"":[""https://www.sympla.com.br/evento/linguagem-memoria-e-patrimonios-comuns/3176621""],""sector"":""culture"",""series_name"":null,""source_urls"":[""https://prefeitura.sp.gov.br/web/cultura/w/s%C3%A3o-paulo-recebe-workshop-internacional-aberto-ao-p%C3%BAblico-na-biblioteca-m%C3%A1rio-de-andrade""],""start_date"":""2025-10-24"",""status"":""historical_listing"",""title"":""Workshop Internacional Um Patrimônio Comum: Arte no Espaço Público das Cidades Ibero-Americanas"",""url"":""https://prefeitura.sp.gov.br/web/cultura/w/s%C3%A3o-paulo-recebe-workshop-internacional-aberto-ao-p%C3%BAblico-na-biblioteca-m%C3%A1rio-de-andrade"",""venue_name"":""Biblioteca Mário de Andrade""}","{""end_date"":""not_found_in_consulted_sources"",""languages_json"":""not_found_in_consulted_sources"",""modality"":""not_found_in_consulted_sources"",""series_id"":""not_found_in_consulted_sources"",""themes_json"":""not_found_in_consulted_sources"",""timezone"":""not_found_in_consulted_sources""}"
evt_0589d0e1d567dc8a,off-world-zero-2025-11-01,,Off World: Painting Workshop by ZERO,https://www.nationalgallery.sg/sg/en/workshops/Off-World--Painting-Workshop-by-ZERO.html,2025-11-01,,day,,,historical_listing,Singapore,Singapore,venue_c07a46122fe1fa2e,venue_named_no_coordinates,workshop,arts,,,2026-09-28,"{""city"":""Singapore"",""classification_origin"":""researcher_derived_from_description"",""costs"":[{""amount"":35,""category"":""admission"",""currency"":null,""currency_original"":""$"",""locator"":""Pricing"",""notes"":""No se convierte símbolo $ en código monetario sin comprobación adicional."",""source_url"":""https://www.nationalgallery.sg/sg/en/workshops/Off-World--Painting-Workshop-by-ZERO.html"",""status"":""published_rate"",""unit"":""parent_child_pair""}],""country"":""Singapore"",""date_precision"":""day"",""end_date"":null,""field_sources"":{""city"":[""https://www.nationalgallery.sg/sg/en/workshops/Off-World--Painting-Workshop-by-ZERO.html""],""country"":[""https://www.nationalgallery.sg/sg/en/workshops/Off-World--Painting-Workshop-by-ZERO.html""],""start_date"":[""https://www.nationalgallery.sg/sg/en/workshops/Off-World--Painting-Workshop-by-ZERO.html""],""status"":[""https://www.nationalgallery.sg/sg/en/workshops/Off-World--Painting-Workshop-by-ZERO.html""],""title"":[""https://www.nationalgallery.sg/sg/en/workshops/Off-World--Painting-Workshop-by-ZERO.html""],""venue_name"":[""https://www.nationalgallery.sg/sg/en/workshops/Off-World--Painting-Workshop-by-ZERO.html""]},""format"":""workshop"",""key"":""off-world-zero-2025-11-01"",""metrics"":[],""notes"":""Una edición diaria con dos horarios; no se duplica por horario. Logos generales del museo no atribuidos como sponsors del taller."",""organizations"":[{""domain"":null,""name"":""National Gallery Singapore"",""role"":""organizer"",""source_url"":""https://www.nationalgallery.sg/sg/en/workshops/Off-World--Painting-Workshop-by-ZERO.html"",""status"":""announced"",""tier"":null}],""platform_access"":[],""platform_urls"":[],""sector"":""arts"",""series_name"":null,""source_urls"":[""https://www.nationalgallery.sg/sg/en/workshops/Off-World--Painting-Workshop-by-ZERO.html""],""start_date"":""2025-11-01"",""status"":""historical_listing"",""title"":""Off World: Painting Workshop by ZERO"",""url"":""https://www.nationalgallery.sg/sg/en/workshops/Off-World--Painting-Workshop-by-ZERO.html"",""venue_name"":""City Hall Wing, Level 5, Rooftop Studios""}","{""end_date"":""not_found_in_consulted_sources"",""languages_json"":""not_found_in_consulted_sources"",""modality"":""not_found_in_consulted_sources"",""series_id"":""not_found_in_consulted_sources"",""themes_json"":""not_found_in_consulted_sources"",""timezone"":""not_found_in_consulted_sources""}"
evt_1d932cf000a48381,taller-cccb-barcelona-2024-11,,"Taller en el CCCB, Barcelona",https://www.cccb.org/es/w/actividades/taller-en-el-cccb-barcelona,2024-11-19,2024-11-23,day,,,historical_listing,Barcelona,,venue_b26bb7bfed5a74dd,venue_named_no_coordinates,workshop,culture,,,2026-09-28,"{""city"":""Barcelona"",""classification_origin"":""researcher_derived_from_description"",""costs"":[],""country"":null,""country_missing_reason"":""La página consultada indica Barcelona; no se añadió país por inferencia."",""date_precision"":""day"",""end_date"":""2024-11-23"",""field_sources"":{""city"":[""https://www.cccb.org/es/w/actividades/taller-en-el-cccb-barcelona""],""end_date"":[""https://www.cccb.org/es/w/actividades/taller-en-el-cccb-barcelona""],""start_date"":[""https://www.cccb.org/es/w/actividades/taller-en-el-cccb-barcelona""],""status"":[""https://www.cccb.org/es/w/actividades/taller-en-el-cccb-barcelona""],""title"":[""https://www.cccb.org/es/w/actividades/taller-en-el-cccb-barcelona""],""venue_name"":[""https://www.cccb.org/es/w/actividades/taller-en-el-cccb-barcelona""]},""format"":""workshop"",""key"":""taller-cccb-barcelona-2024-11"",""metrics"":[],""organizations"":[{""domain"":""cccb.org"",""name"":""Centre de Cultura Contemporània de Barcelona"",""role"":""host"",""source_url"":""https://www.cccb.org/es/w/actividades/taller-en-el-cccb-barcelona"",""status"":""announced"",""tier"":null}],""platform_access"":[],""platform_urls"":[],""sector"":""culture"",""series_name"":null,""source_urls"":[""https://www.cccb.org/es/w/actividades/taller-en-el-cccb-barcelona""],""start_date"":""2024-11-19"",""status"":""historical_listing"",""title"":""Taller en el CCCB, Barcelona"",""url"":""https://www.cccb.org/es/w/actividades/taller-en-el-cccb-barcelona"",""venue_name"":""CCCB, Aula 2""}","{""country"":""not_found_in_consulted_sources"",""languages_json"":""not_found_in_consulted_sources"",""modality"":""not_found_in_consulted_sources"",""series_id"":""not_found_in_consulted_sources"",""themes_json"":""not_found_in_consulted_sources"",""timezone"":""not_found_in_consulted_sources""}"
evt_b22864bf40fe3288,cccb-siglo-xviii-2026-2027,,El siglo XVIII,https://www.cccb.org/es/w/actividades/el-siglo-xviii,2026-09-29,2027-02-23,day,,,announced,Barcelona,,venue_a824971e6921c8f0,venue_named_no_coordinates,course,humanities,,,2026-09-28,"{""city"":""Barcelona"",""classification_origin"":""researcher_derived_from_description"",""costs"":[{""amount"":140,""category"":""admission"",""currency"":""EUR"",""locator"":""Precios"",""source_url"":""https://www.cccb.org/es/w/actividades/el-siglo-xviii"",""status"":""published_rate"",""unit"":""course""},{""amount"":120,""category"":""admission_reduced"",""conditions"":""Estudiantes, pensionistas, desempleo, mayores de 65, amigos CCCB y discapacidad."",""currency"":""EUR"",""locator"":""Precios"",""source_url"":""https://www.cccb.org/es/w/actividades/el-siglo-xviii"",""status"":""published_rate"",""unit"":""course""}],""country"":null,""date_precision"":""day"",""end_date"":""2027-02-23"",""field_sources"":{""city"":[""https://www.cccb.org/es/w/actividades/el-siglo-xviii""],""end_date"":[""https://www.cccb.org/es/w/actividades/el-siglo-xviii""],""start_date"":[""https://www.cccb.org/es/w/actividades/el-siglo-xviii""],""status"":[""https://www.cccb.org/es/w/actividades/el-siglo-xviii""],""title"":[""https://www.cccb.org/es/w/actividades/el-siglo-xviii""],""venue_name"":[""https://www.cccb.org/es/w/actividades/el-siglo-xviii""]},""format"":""course"",""key"":""cccb-siglo-xviii-2026-2027"",""metrics"":[],""mode"":""hybrid"",""notes"":""Se usa la fecha del programa completo. Una tarjeta de recomendaciones en otras páginas mostraba otro rango; requiere revisar cambios del programa antes de vender una oportunidad."",""organizations"":[{""domain"":""cccb.org"",""name"":""Centre de Cultura Contemporània de Barcelona"",""role"":""host"",""source_url"":""https://www.cccb.org/es/w/actividades/el-siglo-xviii"",""status"":""announced"",""tier"":null},{""domain"":""instituthumanitats.org"",""name"":""Institut d'Humanitats"",""role"":""organizer"",""source_url"":""https://www.cccb.org/es/w/actividades/el-siglo-xviii"",""status"":""announced"",""tier"":null}],""platform_access"":[],""platform_urls"":[],""sector"":""humanities"",""series_name"":null,""source_urls"":[""https://www.cccb.org/es/w/actividades/el-siglo-xviii""],""start_date"":""2026-09-29"",""status"":""announced"",""title"":""El siglo XVIII"",""url"":""https://www.cccb.org/es/w/actividades/el-siglo-xviii"",""venue_name"":""CCCB""}","{""country"":""not_found_in_consulted_sources"",""languages_json"":""not_found_in_consulted_sources"",""modality"":""not_found_in_consulted_sources"",""series_id"":""not_found_in_consulted_sources"",""themes_json"":""not_found_in_consulted_sources"",""timezone"":""not_found_in_consulted_sources""}"
evt_a4d1aadbf77df432,cccb-divina-comedia-paraiso-2026,,"La Divina comedia, III: «Paraíso»",https://www.cccb.org/es/w/actividades/la-divina-comedia-iii-paraiso,2026-04-13,2026-12-14,day,,,announced,Barcelona,,venue_aa6c1772be5b3719,venue_named_no_coordinates,course,humanities,,,2026-09-28,"{""city"":""Barcelona"",""classification_origin"":""researcher_derived_from_description"",""costs"":[{""amount"":70,""category"":""admission"",""currency"":""EUR"",""locator"":""Precios"",""source_url"":""https://www.cccb.org/es/w/actividades/la-divina-comedia-iii-paraiso"",""status"":""published_rate"",""unit"":""course""},{""amount"":55,""category"":""admission_reduced"",""currency"":""EUR"",""locator"":""Precios"",""source_url"":""https://www.cccb.org/es/w/actividades/la-divina-comedia-iii-paraiso"",""status"":""published_rate"",""unit"":""course""}],""country"":null,""date_precision"":""day"",""end_date"":""2026-12-14"",""field_sources"":{""city"":[""https://www.cccb.org/es/w/actividades/la-divina-comedia-iii-paraiso""],""end_date"":[""https://www.cccb.org/es/w/actividades/la-divina-comedia-iii-paraiso""],""start_date"":[""https://www.cccb.org/es/w/actividades/la-divina-comedia-iii-paraiso""],""status"":[""https://www.cccb.org/es/w/actividades/la-divina-comedia-iii-paraiso""],""title"":[""https://www.cccb.org/es/w/actividades/la-divina-comedia-iii-paraiso""],""venue_name"":[""https://www.cccb.org/es/w/actividades/la-divina-comedia-iii-paraiso""]},""format"":""course"",""key"":""cccb-divina-comedia-paraiso-2026"",""metrics"":[],""mode"":""hybrid"",""notes"":""Curso de múltiples sesiones cruza la fecha de corte; no se afirma que sesiones pasadas se celebraron."",""organizations"":[{""domain"":""cccb.org"",""name"":""Centre de Cultura Contemporània de Barcelona"",""role"":""host"",""source_url"":""https://www.cccb.org/es/w/actividades/la-divina-comedia-iii-paraiso"",""status"":""announced"",""tier"":null},{""domain"":""instituthumanitats.org"",""name"":""Institut d'Humanitats"",""role"":""organizer"",""source_url"":""https://www.cccb.org/es/w/actividades/la-divina-comedia-iii-paraiso"",""status"":""announced"",""tier"":null}],""platform_access"":[],""platform_urls"":[],""sector"":""humanities"",""series_name"":null,""source_urls"":[""https://www.cccb.org/es/w/actividades/la-divina-comedia-iii-paraiso""],""start_date"":""2026-04-13"",""status"":""announced"",""title"":""La Divina comedia, III: «Paraíso»"",""url"":""https://www.cccb.org/es/w/actividades/la-divina-comedia-iii-paraiso"",""venue_name"":""CCCB, Aula 1""}","{""country"":""not_found_in_consulted_sources"",""languages_json"":""not_found_in_consulted_sources"",""modality"":""not_found_in_consulted_sources"",""series_id"":""not_found_in_consulted_sources"",""themes_json"":""not_found_in_consulted_sources"",""timezone"":""not_found_in_consulted_sources""}"
evt_ecb00c62c32b35b5,cccb-leviatan-2026,,"Leviatán, de Thomas Hobbes",https://www.cccb.org/es/w/actividades/leviatan-de-thomas-hobbes,2026-09-17,2026-12-17,day,,,announced,Barcelona,,venue_aa6c1772be5b3719,venue_named_no_coordinates,course,humanities,,,2026-09-28,"{""city"":""Barcelona"",""classification_origin"":""researcher_derived_from_description"",""costs"":[{""amount"":45,""category"":""admission"",""currency"":""EUR"",""locator"":""Precios"",""source_url"":""https://www.cccb.org/es/w/actividades/leviatan-de-thomas-hobbes"",""status"":""published_rate"",""unit"":""course""},{""amount"":35,""category"":""admission_reduced"",""currency"":""EUR"",""locator"":""Precios"",""source_url"":""https://www.cccb.org/es/w/actividades/leviatan-de-thomas-hobbes"",""status"":""published_rate"",""unit"":""course""}],""country"":null,""date_precision"":""day"",""end_date"":""2026-12-17"",""field_sources"":{""city"":[""https://www.cccb.org/es/w/actividades/leviatan-de-thomas-hobbes""],""end_date"":[""https://www.cccb.org/es/w/actividades/leviatan-de-thomas-hobbes""],""start_date"":[""https://www.cccb.org/es/w/actividades/leviatan-de-thomas-hobbes""],""status"":[""https://www.cccb.org/es/w/actividades/leviatan-de-thomas-hobbes""],""title"":[""https://www.cccb.org/es/w/actividades/leviatan-de-thomas-hobbes""],""venue_name"":[""https://www.cccb.org/es/w/actividades/leviatan-de-thomas-hobbes""]},""format"":""course"",""key"":""cccb-leviatan-2026"",""metrics"":[],""mode"":""hybrid"",""organizations"":[{""domain"":""cccb.org"",""name"":""Centre de Cultura Contemporània de Barcelona"",""role"":""host"",""source_url"":""https://www.cccb.org/es/w/actividades/leviatan-de-thomas-hobbes"",""status"":""announced"",""tier"":null},{""domain"":""instituthumanitats.org"",""name"":""Institut d'Humanitats"",""role"":""organizer"",""source_url"":""https://www.cccb.org/es/w/actividades/leviatan-de-thomas-hobbes"",""status"":""announced"",""tier"":null}],""platform_access"":[],""platform_urls"":[],""sector"":""humanities"",""series_name"":null,""source_urls"":[""https://www.cccb.org/es/w/actividades/leviatan-de-thomas-hobbes""],""start_date"":""2026-09-17"",""status"":""announced"",""title"":""Leviatán, de Thomas Hobbes"",""url"":""https://www.cccb.org/es/w/actividades/leviatan-de-thomas-hobbes"",""venue_name"":""CCCB, Aula 1""}","{""country"":""not_found_in_consulted_sources"",""languages_json"":""not_found_in_consulted_sources"",""modality"":""not_found_in_consulted_sources"",""series_id"":""not_found_in_consulted_sources"",""themes_json"":""not_found_in_consulted_sources"",""timezone"":""not_found_in_consulted_sources""}"
evt_a3e852b24f4952fb,cape-town-marathon-2025,series_eb795cb6c653b04d,Sanlam Cape Town Marathon 2025,https://capetownmarathon.com/cancellation-timeline-of-the-2025-sanlam-cape-town-marathon/,2025-10-19,,day,,,cancelled,Cape Town,South Africa,venue_ecb28f20cdbed8b7,venue_named_no_coordinates,sports_race,sports,,,2026-09-28,"{""city"":""Cape Town"",""classification_origin"":""researcher_derived_from_description"",""costs"":[],""country"":""South Africa"",""date_precision"":""day"",""end_date"":null,""field_sources"":{""city"":[""https://capetownmarathon.com/cancellation-timeline-of-the-2025-sanlam-cape-town-marathon/""],""country"":[""https://capetownmarathon.com/africas1stmajor/""],""start_date"":[""https://capetownmarathon.com/cancellation-timeline-of-the-2025-sanlam-cape-town-marathon/""],""status"":[""https://capetownmarathon.com/cancellation-timeline-of-the-2025-sanlam-cape-town-marathon/""],""title"":[""https://capetownmarathon.com/cancellation-timeline-of-the-2025-sanlam-cape-town-marathon/""],""venue_name"":[""https://capetownmarathon.com/cancellation-timeline-of-the-2025-sanlam-cape-town-marathon/""]},""format"":""sports_race"",""key"":""cape-town-marathon-2025"",""metrics"":[{""denominator"":null,""locator"":""Introductory cancellation statement"",""method"":""Declaración del organizador; no asistencia ni finishers."",""name"":""registered_entrants"",""source_url"":""https://capetownmarathon.com/cancellation-timeline-of-the-2025-sanlam-cape-town-marathon/"",""status"":""reported"",""unit"":""entrants"",""value"":24000}],""organizations"":[{""domain"":null,""name"":""Sanlam Cape Town Marathon"",""role"":""organizer"",""source_url"":""https://capetownmarathon.com/cancellation-timeline-of-the-2025-sanlam-cape-town-marathon/"",""status"":""announced"",""tier"":null},{""domain"":null,""name"":""Sanlam"",""role"":""sponsor"",""source_url"":""https://capetownmarathon.com/cancellation-timeline-of-the-2025-sanlam-cape-town-marathon/"",""status"":""reported"",""tier"":""title""}],""platform_access"":[],""platform_urls"":[],""sector"":""sports"",""series_name"":""Sanlam Cape Town Marathon"",""source_urls"":[""https://capetownmarathon.com/cancellation-timeline-of-the-2025-sanlam-cape-town-marathon/"",""https://capetownmarathon.com/africas1stmajor/""],""start_date"":""2025-10-19"",""status"":""cancelled"",""title"":""Sanlam Cape Town Marathon 2025"",""url"":""https://capetownmarathon.com/cancellation-timeline-of-the-2025-sanlam-cape-town-marathon/"",""venue_name"":""Green Point race village""}","{""end_date"":""not_found_in_consulted_sources"",""languages_json"":""not_found_in_consulted_sources"",""modality"":""not_found_in_consulted_sources"",""themes_json"":""not_found_in_consulted_sources"",""timezone"":""not_found_in_consulted_sources""}"
evt_1cd1637de3a2db91,cape-town-marathon-2026,series_eb795cb6c653b04d,Sanlam Cape Town Marathon 2026,https://capetownmarathon.com/most-successful-sanlam-cape-town-marathon-sets-scene-for-majors-status/,2026-05-24,,day,,,reported_held,Cape Town,South Africa,,city,sports_race,sports,,,2026-09-28,"{""city"":""Cape Town"",""classification_origin"":""researcher_derived_from_description"",""costs"":[],""country"":""South Africa"",""date_precision"":""day"",""end_date"":null,""field_sources"":{""city"":[""https://capetownmarathon.com/most-successful-sanlam-cape-town-marathon-sets-scene-for-majors-status/""],""country"":[""https://capetownmarathon.com/africas1stmajor/""],""start_date"":[""https://capetownmarathon.com/most-successful-sanlam-cape-town-marathon-sets-scene-for-majors-status/""],""status"":[""https://capetownmarathon.com/most-successful-sanlam-cape-town-marathon-sets-scene-for-majors-status/""],""title"":[""https://capetownmarathon.com/most-successful-sanlam-cape-town-marathon-sets-scene-for-majors-status/""]},""format"":""sports_race"",""key"":""cape-town-marathon-2026"",""metrics"":[{""denominator"":null,""locator"":""projected 27 000 in 2026"",""name"":""projected_marathon_entries"",""source_url"":""https://capetownmarathon.com/sanlam-renews-title-sponsorship/"",""status"":""announced"",""unit"":""entries"",""value"":27000},{""denominator"":null,""locator"":""In 2026 ... welcoming 10,000 international runners"",""name"":""projected_international_runners"",""source_url"":""https://capetownmarathon.com/sanlam-renews-title-sponsorship/"",""status"":""announced"",""unit"":""runners"",""value"":10000}],""organizations"":[{""contract_scope"":""Renovación anunciada hasta 2030; no prueba desembolso ni resultado por edición."",""domain"":null,""name"":""Sanlam"",""role"":""sponsor"",""source_url"":""https://capetownmarathon.com/sanlam-renews-title-sponsorship/"",""status"":""reported"",""tier"":""title""},{""domain"":null,""name"":""Faces"",""role"":""organizer"",""source_url"":""https://capetownmarathon.com/sanlam-renews-title-sponsorship/"",""status"":""reported"",""tier"":null}],""platform_access"":[],""platform_urls"":[],""sector"":""sports"",""series_name"":""Sanlam Cape Town Marathon"",""source_urls"":[""https://capetownmarathon.com/most-successful-sanlam-cape-town-marathon-sets-scene-for-majors-status/"",""https://capetownmarathon.com/africas1stmajor/"",""https://capetownmarathon.com/sanlam-renews-title-sponsorship/""],""start_date"":""2026-05-24"",""status"":""reported_held"",""title"":""Sanlam Cape Town Marathon 2026"",""url"":""https://capetownmarathon.com/most-successful-sanlam-cape-town-marathon-sets-scene-for-majors-status/"",""venue_name"":null}","{""end_date"":""not_found_in_consulted_sources"",""languages_json"":""not_found_in_consulted_sources"",""modality"":""not_found_in_consulted_sources"",""themes_json"":""not_found_in_consulted_sources"",""timezone"":""not_found_in_consulted_sources"",""venue_id"":""not_found_in_consulted_sources""}"
evt_9e6150dee728fe68,cape-town-marathon-2027,series_eb795cb6c653b04d,Sanlam Cape Town Marathon 2027,https://capetownmarathon.com/africas1stmajor/,2027-05-23,,day,,,announced,Cape Town,South Africa,,city,sports_race,sports,,,2026-09-28,"{""city"":""Cape Town"",""classification_origin"":""researcher_derived_from_description"",""costs"":[],""country"":""South Africa"",""date_precision"":""day"",""end_date"":null,""field_sources"":{""city"":[""https://capetownmarathon.com/africas1stmajor/""],""country"":[""https://capetownmarathon.com/africas1stmajor/""],""start_date"":[""https://capetownmarathon.com/africas1stmajor/""],""status"":[""https://capetownmarathon.com/africas1stmajor/""],""title"":[""https://capetownmarathon.com/africas1stmajor/""]},""format"":""sports_race"",""key"":""cape-town-marathon-2027"",""metrics"":[],""organizations"":[{""contract_scope"":""Renovación anunciada hasta 2030; no prueba desembolso ni resultado por edición."",""domain"":null,""name"":""Sanlam"",""role"":""sponsor"",""source_url"":""https://capetownmarathon.com/sanlam-renews-title-sponsorship/"",""status"":""announced"",""tier"":""title""},{""domain"":null,""name"":""Faces"",""role"":""organizer"",""source_url"":""https://capetownmarathon.com/sanlam-renews-title-sponsorship/"",""status"":""announced"",""tier"":null}],""platform_access"":[],""platform_urls"":[],""sector"":""sports"",""series_name"":""Sanlam Cape Town Marathon"",""source_urls"":[""https://capetownmarathon.com/africas1stmajor/"",""https://capetownmarathon.com/FAQ/"",""https://capetownmarathon.com/sanlam-renews-title-sponsorship/""],""start_date"":""2027-05-23"",""status"":""announced"",""title"":""Sanlam Cape Town Marathon 2027"",""url"":""https://capetownmarathon.com/africas1stmajor/"",""venue_name"":null}","{""end_date"":""not_found_in_consulted_sources"",""languages_json"":""not_found_in_consulted_sources"",""modality"":""not_found_in_consulted_sources"",""themes_json"":""not_found_in_consulted_sources"",""timezone"":""not_found_in_consulted_sources"",""venue_id"":""not_found_in_consulted_sources""}"
evt_f06ed998fe0d915c,alliance-paris-cine-pierrot-2022,series_95ea9741e5cc6610,Ciné-club : Pierrot le fou,https://www.alliancefr.org/event/cine-club-pierrot-le-fou-20-01-2022-20-01-2022-272/register,2022-01-20,,day,,,historical_listing,Paris,France,venue_f6c4b3cbf04f4e61,venue_named_no_coordinates,film_screening,culture,,,2026-09-28,"{""city"":""Paris"",""classification_origin"":""researcher_derived_from_description"",""costs"":[{""amount"":0,""category"":""admission"",""currency"":null,""label"":""Entrée gratuite"",""locator"":""Entrée gratuite"",""notes"":null,""source_url"":""https://www.alliancefr.org/event/cine-club-pierrot-le-fou-20-01-2022-20-01-2022-272/register"",""status"":""published_rate"",""unit"":""ticket""}],""country"":""France"",""date_precision"":""day"",""end_date"":null,""field_sources"":{""city"":[""https://www.alliancefr.org/event/cine-club-pierrot-le-fou-20-01-2022-20-01-2022-272/register""],""country"":[""https://www.alliancefr.org/event/cine-club-pierrot-le-fou-20-01-2022-20-01-2022-272/register""],""start_date"":[""https://www.alliancefr.org/event/cine-club-pierrot-le-fou-20-01-2022-20-01-2022-272/register""],""status"":[""https://www.alliancefr.org/event/cine-club-pierrot-le-fou-20-01-2022-20-01-2022-272/register""],""title"":[""https://www.alliancefr.org/event/cine-club-pierrot-le-fou-20-01-2022-20-01-2022-272/register""],""venue_name"":[""https://www.alliancefr.org/event/cine-club-pierrot-le-fou-20-01-2022-20-01-2022-272/register""]},""format"":""film_screening"",""key"":""alliance-paris-cine-pierrot-2022"",""metrics"":[],""notes"":""Página de convocatoria histórica, sin prueba de asistencia efectiva."",""organizations"":[{""domain"":""alliancefr.org"",""name"":""Alliance française de Paris"",""role"":""organizer"",""source_url"":""https://www.alliancefr.org/event/cine-club-pierrot-le-fou-20-01-2022-20-01-2022-272/register"",""status"":""announced"",""tier"":null}],""platform_access"":[],""platform_urls"":[],""sector"":""culture"",""series_name"":""Ciné-club"",""source_urls"":[""https://www.alliancefr.org/event/cine-club-pierrot-le-fou-20-01-2022-20-01-2022-272/register""],""start_date"":""2022-01-20"",""status"":""historical_listing"",""title"":""Ciné-club : Pierrot le fou"",""url"":""https://www.alliancefr.org/event/cine-club-pierrot-le-fou-20-01-2022-20-01-2022-272/register"",""venue_name"":""Alliance française de Paris""}","{""end_date"":""not_found_in_consulted_sources"",""languages_json"":""not_found_in_consulted_sources"",""modality"":""not_found_in_consulted_sources"",""themes_json"":""not_found_in_consulted_sources"",""timezone"":""not_found_in_consulted_sources""}"
evt_11d7f1aa6ff2059c,alliance-paris-litteraire-hassaine-2022,series_d2f25d8bd60917b1,Rencontre littéraire : En français dans le texte - Lilia Hassaine,https://www.alliancefr.org/event/rencontre-litteraire-en-francais-dans-le-texte-lilia-hassaine-27-01-2022-27-01-2022-273/register,2022-01-27,,day,,,historical_listing,Paris,France,venue_f6c4b3cbf04f4e61,venue_named_no_coordinates,literary_meetup,culture,,,2026-09-28,"{""city"":""Paris"",""classification_origin"":""researcher_derived_from_description"",""costs"":[{""amount"":0,""category"":""admission"",""currency"":null,""label"":""Entrée gratuite"",""locator"":""Entrée gratuite"",""notes"":null,""source_url"":""https://www.alliancefr.org/event/rencontre-litteraire-en-francais-dans-le-texte-lilia-hassaine-27-01-2022-27-01-2022-273/register"",""status"":""published_rate"",""unit"":""ticket""}],""country"":""France"",""date_precision"":""day"",""end_date"":null,""field_sources"":{""city"":[""https://www.alliancefr.org/event/rencontre-litteraire-en-francais-dans-le-texte-lilia-hassaine-27-01-2022-27-01-2022-273/register""],""country"":[""https://www.alliancefr.org/event/rencontre-litteraire-en-francais-dans-le-texte-lilia-hassaine-27-01-2022-27-01-2022-273/register""],""start_date"":[""https://www.alliancefr.org/event/rencontre-litteraire-en-francais-dans-le-texte-lilia-hassaine-27-01-2022-27-01-2022-273/register""],""status"":[""https://www.alliancefr.org/event/rencontre-litteraire-en-francais-dans-le-texte-lilia-hassaine-27-01-2022-27-01-2022-273/register""],""title"":[""https://www.alliancefr.org/event/rencontre-litteraire-en-francais-dans-le-texte-lilia-hassaine-27-01-2022-27-01-2022-273/register""],""venue_name"":[""https://www.alliancefr.org/event/rencontre-litteraire-en-francais-dans-le-texte-lilia-hassaine-27-01-2022-27-01-2022-273/register""]},""format"":""literary_meetup"",""key"":""alliance-paris-litteraire-hassaine-2022"",""metrics"":[],""notes"":""Página de convocatoria histórica, sin prueba de asistencia efectiva."",""organizations"":[{""domain"":""alliancefr.org"",""name"":""Alliance française de Paris"",""role"":""organizer"",""source_url"":""https://www.alliancefr.org/event/rencontre-litteraire-en-francais-dans-le-texte-lilia-hassaine-27-01-2022-27-01-2022-273/register"",""status"":""announced"",""tier"":null}],""platform_access"":[],""platform_urls"":[],""sector"":""culture"",""series_name"":""En français dans le texte"",""source_urls"":[""https://www.alliancefr.org/event/rencontre-litteraire-en-francais-dans-le-texte-lilia-hassaine-27-01-2022-27-01-2022-273/register""],""start_date"":""2022-01-27"",""status"":""historical_listing"",""title"":""Rencontre littéraire : En français dans le texte - Lilia Hassaine"",""url"":""https://www.alliancefr.org/event/rencontre-litteraire-en-francais-dans-le-texte-lilia-hassaine-27-01-2022-27-01-2022-273/register"",""venue_name"":""Alliance française de Paris""}","{""end_date"":""not_found_in_consulted_sources"",""languages_json"":""not_found_in_consulted_sources"",""modality"":""not_found_in_consulted_sources"",""themes_json"":""not_found_in_consulted_sources"",""timezone"":""not_found_in_consulted_sources""}"
evt_93046f8a82d552c7,alliance-paris-cafe-2022-02-03,series_fd587afb1e984455,Alliance Café - Bienvenue à Paris !,https://www.alliancefr.org/event/alliance-cafe-bienvenue-a-paris-03-02-2022-03-02-2022-941/register,2022-02-03,,day,,,historical_listing,Paris,France,venue_f6c4b3cbf04f4e61,venue_named_no_coordinates,community_meetup,language_and_culture,,,2026-09-28,"{""city"":""Paris"",""classification_origin"":""researcher_derived_from_description"",""costs"":[{""amount"":0,""category"":""admission"",""currency"":""EUR"",""label"":""0.0 €"",""locator"":""Entrée gratuite"",""notes"":null,""source_url"":""https://www.alliancefr.org/event/alliance-cafe-bienvenue-a-paris-03-02-2022-03-02-2022-941/register"",""status"":""published_rate"",""unit"":""ticket""}],""country"":""France"",""date_precision"":""day"",""end_date"":null,""field_sources"":{""city"":[""https://www.alliancefr.org/event/alliance-cafe-bienvenue-a-paris-03-02-2022-03-02-2022-941/register""],""country"":[""https://www.alliancefr.org/event/alliance-cafe-bienvenue-a-paris-03-02-2022-03-02-2022-941/register""],""start_date"":[""https://www.alliancefr.org/event/alliance-cafe-bienvenue-a-paris-03-02-2022-03-02-2022-941/register""],""status"":[""https://www.alliancefr.org/event/alliance-cafe-bienvenue-a-paris-03-02-2022-03-02-2022-941/register""],""title"":[""https://www.alliancefr.org/event/alliance-cafe-bienvenue-a-paris-03-02-2022-03-02-2022-941/register""],""venue_address"":[""https://www.alliancefr.org/event/alliance-cafe-bienvenue-a-paris-03-02-2022-03-02-2022-941/register""],""venue_name"":[""https://www.alliancefr.org/event/alliance-cafe-bienvenue-a-paris-03-02-2022-03-02-2022-941/register""]},""format"":""community_meetup"",""key"":""alliance-paris-cafe-2022-02-03"",""metrics"":[],""notes"":""La entrada publicada es 0.0 €. Actividad reservada a estudiantes y alumni. El contador de 30 plazas restantes no mide capacidad inicial ni asistencia; no se incorpora como tal."",""organizations"":[{""domain"":""alliancefr.org"",""name"":""Alliance française de Paris"",""role"":""organizer"",""source_url"":""https://www.alliancefr.org/event/alliance-cafe-bienvenue-a-paris-03-02-2022-03-02-2022-941/register"",""status"":""announced"",""tier"":null}],""platform_access"":[],""platform_urls"":[],""sector"":""language_and_culture"",""series_name"":""Alliance Café"",""source_urls"":[""https://www.alliancefr.org/event/alliance-cafe-bienvenue-a-paris-03-02-2022-03-02-2022-941/register""],""start_date"":""2022-02-03"",""status"":""historical_listing"",""title"":""Alliance Café - Bienvenue à Paris !"",""url"":""https://www.alliancefr.org/event/alliance-cafe-bienvenue-a-paris-03-02-2022-03-02-2022-941/register"",""venue_address"":""101 boulevard Raspail, 75006 Paris, France"",""venue_name"":""Alliance française de Paris""}","{""end_date"":""not_found_in_consulted_sources"",""languages_json"":""not_found_in_consulted_sources"",""modality"":""not_found_in_consulted_sources"",""themes_json"":""not_found_in_consulted_sources"",""timezone"":""not_found_in_consulted_sources""}"
evt_db17b3f949710748,hst-graduation-reception-2023,,2023 HST Graduation Celebration and Reception,https://hst.mit.edu/news-events/twihst/volume-24-number-32,2023-05-24,,day,,,historical_listing,Cambridge,,venue_1ce2f2e14b637b84,venue_named_no_coordinates,academic_celebration,higher_education,,,2026-09-28,"{""city"":""Cambridge"",""classification_origin"":""researcher_derived_from_description"",""costs"":[],""country"":null,""date_precision"":""day"",""end_date"":null,""field_sources"":{""city"":[""https://hst.mit.edu/news-events/twihst/volume-24-number-32""],""country"":[],""start_date"":[""https://hst.mit.edu/news-events/twihst/volume-24-number-32""],""status"":[""https://hst.mit.edu/news-events/twihst/volume-24-number-32""],""title"":[""https://hst.mit.edu/news-events/twihst/volume-24-number-32""],""venue_address"":[""https://hst.mit.edu/news-events/twihst/volume-24-number-32""],""venue_name"":[""https://hst.mit.edu/news-events/twihst/volume-24-number-32""]},""format"":""academic_celebration"",""key"":""hst-graduation-reception-2023"",""metrics"":[],""notes"":""La dirección anunciada incluye 75 Amherst St, Cambridge, MA. No se completa el país por inferencia."",""organizations"":[{""domain"":""hst.mit.edu"",""name"":""Harvard-MIT Health Sciences and Technology"",""role"":""organizer"",""source_url"":""https://hst.mit.edu/news-events/twihst/volume-24-number-32"",""status"":""announced"",""tier"":null}],""platform_access"":[],""platform_urls"":[],""sector"":""higher_education"",""series_name"":null,""source_urls"":[""https://hst.mit.edu/news-events/twihst/volume-24-number-32""],""start_date"":""2023-05-24"",""status"":""historical_listing"",""title"":""2023 HST Graduation Celebration and Reception"",""url"":""https://hst.mit.edu/news-events/twihst/volume-24-number-32"",""venue_address"":""75 Amherst St, Cambridge, MA"",""venue_name"":""MIT Media Lab, E14, 6th Floor""}","{""country"":""not_found_in_consulted_sources"",""end_date"":""not_found_in_consulted_sources"",""languages_json"":""not_found_in_consulted_sources"",""modality"":""not_found_in_consulted_sources"",""series_id"":""not_found_in_consulted_sources"",""themes_json"":""not_found_in_consulted_sources"",""timezone"":""not_found_in_consulted_sources""}"
evt_be65aac73906f0c8,mit-tll-metacognition-2023,,Supporting Student Learning Through Metacognitive and Motivational Strategies,https://hst.mit.edu/news-events/twihst/volume-24-number-32,2023-05-10,,day,,,historical_listing,,,,unknown,online_workshop,education,,,2026-09-28,"{""city"":null,""classification_origin"":""researcher_derived_from_description"",""costs"":[],""country"":null,""date_precision"":""day"",""end_date"":null,""field_sources"":{""city"":[],""country"":[],""start_date"":[""https://hst.mit.edu/news-events/twihst/volume-24-number-32""],""status"":[""https://hst.mit.edu/news-events/twihst/volume-24-number-32""],""title"":[""https://hst.mit.edu/news-events/twihst/volume-24-number-32""],""venue_name"":[]},""format"":""online_workshop"",""key"":""mit-tll-metacognition-2023"",""metrics"":[],""mode"":""online"",""notes"":""Convocatoria virtual; no se asigna una ciudad por la sede de la institución."",""organizations"":[{""domain"":""tll.mit.edu"",""name"":""MIT Teaching + Learning Lab"",""role"":""organizer"",""source_url"":""https://hst.mit.edu/news-events/twihst/volume-24-number-32"",""status"":""announced"",""tier"":null}],""platform_access"":[],""platform_urls"":[],""sector"":""education"",""series_name"":null,""source_urls"":[""https://hst.mit.edu/news-events/twihst/volume-24-number-32""],""start_date"":""2023-05-10"",""status"":""historical_listing"",""title"":""Supporting Student Learning Through Metacognitive and Motivational Strategies"",""url"":""https://hst.mit.edu/news-events/twihst/volume-24-number-32"",""venue_name"":null}","{""city"":""not_found_in_consulted_sources"",""country"":""not_found_in_consulted_sources"",""end_date"":""not_found_in_consulted_sources"",""languages_json"":""not_found_in_consulted_sources"",""modality"":""not_found_in_consulted_sources"",""series_id"":""not_found_in_consulted_sources"",""themes_json"":""not_found_in_consulted_sources"",""timezone"":""not_found_in_consulted_sources"",""venue_id"":""not_found_in_consulted_sources""}"
evt_b7ba26b3823a131c,mit-solutions-algorithms-views-2023,,SOLUTIONS with/in/sight: Algorithms and Views,https://hst.mit.edu/news-events/twihst/volume-24-number-32,2023-05-04,,day,,,historical_listing,Cambridge,,venue_42ce3f9ff8e4926b,venue_named_no_coordinates,research_seminar,cancer_research,,,2026-09-28,"{""city"":""Cambridge"",""classification_origin"":""researcher_derived_from_description"",""costs"":[],""country"":null,""date_precision"":""day"",""end_date"":null,""field_sources"":{""city"":[""https://hst.mit.edu/news-events/twihst/volume-24-number-32""],""country"":[],""start_date"":[""https://hst.mit.edu/news-events/twihst/volume-24-number-32""],""status"":[""https://hst.mit.edu/news-events/twihst/volume-24-number-32""],""title"":[""https://hst.mit.edu/news-events/twihst/volume-24-number-32""],""venue_address"":[""https://hst.mit.edu/news-events/twihst/volume-24-number-32""],""venue_name"":[""https://hst.mit.edu/news-events/twihst/volume-24-number-32""]},""format"":""research_seminar"",""key"":""mit-solutions-algorithms-views-2023"",""metrics"":[],""mode"":""hybrid"",""notes"":""La dirección de la convocatoria es 500 Main Street, Cambridge, MA. Frontier Research Program y Bridge Project financian investigación; no se asignan como sponsors del evento."",""organizations"":[{""domain"":""ki.mit.edu"",""name"":""Koch Institute for Integrative Cancer Research at MIT"",""role"":""organizer"",""source_url"":""https://hst.mit.edu/news-events/twihst/volume-24-number-32"",""status"":""announced"",""tier"":null}],""platform_access"":[{""notes"":""Enlace observado en fuente primaria; destino no abierto ni contenido validado en este lote."",""source_url"":""https://hst.mit.edu/news-events/twihst/volume-24-number-32"",""status"":""linked_from_opened_primary_source"",""url"":""https://withinsight-may-2023.eventbrite.com""}],""platform_urls"":[""https://withinsight-may-2023.eventbrite.com""],""sector"":""cancer_research"",""series_name"":null,""source_urls"":[""https://hst.mit.edu/news-events/twihst/volume-24-number-32""],""start_date"":""2023-05-04"",""status"":""historical_listing"",""title"":""SOLUTIONS with/in/sight: Algorithms and Views"",""url"":""https://hst.mit.edu/news-events/twihst/volume-24-number-32"",""venue_address"":""500 Main Street, Cambridge, MA 02142"",""venue_name"":""Luria Auditorium, Koch Institute for Integrative Cancer Research""}","{""country"":""not_found_in_consulted_sources"",""end_date"":""not_found_in_consulted_sources"",""languages_json"":""not_found_in_consulted_sources"",""modality"":""not_found_in_consulted_sources"",""series_id"":""not_found_in_consulted_sources"",""themes_json"":""not_found_in_consulted_sources"",""timezone"":""not_found_in_consulted_sources""}"
evt_43ca644578f899b3,mit-patent-law-essentials-2023,,"Patent Law Essentials: What Scientists, Engineers & Entrepreneurs Need to Know",https://calendar.mit.edu/event/patent_law_essentials_what_scientists_engineers_entrepreneurs_need_to_know_1544,2023-01-27,,day,,,historical_listing,,,venue_13654d42fedd1844,venue_named_no_coordinates,seminar,intellectual_property,,,2026-09-28,"{""city"":null,""classification_origin"":""researcher_derived_from_description"",""costs"":[],""country"":null,""date_precision"":""day"",""end_date"":null,""field_sources"":{""city"":[],""country"":[],""start_date"":[""https://calendar.mit.edu/event/patent_law_essentials_what_scientists_engineers_entrepreneurs_need_to_know_1544""],""status"":[""https://calendar.mit.edu/event/patent_law_essentials_what_scientists_engineers_entrepreneurs_need_to_know_1544""],""title"":[""https://calendar.mit.edu/event/patent_law_essentials_what_scientists_engineers_entrepreneurs_need_to_know_1544""],""venue_name"":[""https://calendar.mit.edu/event/patent_law_essentials_what_scientists_engineers_entrepreneurs_need_to_know_1544""]},""format"":""seminar"",""key"":""mit-patent-law-essentials-2023"",""metrics"":[],""notes"":""Se conserva el rol Sponsor(s) publicado. La sede concreta consta; no se deriva ciudad o país de la dirección general del pie de página."",""organizations"":[{""domain"":""gsc.mit.edu"",""name"":""MIT Graduate Student Council"",""role"":""sponsor"",""source_url"":""https://calendar.mit.edu/event/patent_law_essentials_what_scientists_engineers_entrepreneurs_need_to_know_1544"",""status"":""announced"",""tier"":null}],""platform_access"":[],""platform_urls"":[],""sector"":""intellectual_property"",""series_name"":null,""source_urls"":[""https://calendar.mit.edu/event/patent_law_essentials_what_scientists_engineers_entrepreneurs_need_to_know_1544""],""start_date"":""2023-01-27"",""status"":""historical_listing"",""title"":""Patent Law Essentials: What Scientists, Engineers & Entrepreneurs Need to Know"",""url"":""https://calendar.mit.edu/event/patent_law_essentials_what_scientists_engineers_entrepreneurs_need_to_know_1544"",""venue_name"":""MIT Room W20-491""}","{""city"":""not_found_in_consulted_sources"",""country"":""not_found_in_consulted_sources"",""end_date"":""not_found_in_consulted_sources"",""languages_json"":""not_found_in_consulted_sources"",""modality"":""not_found_in_consulted_sources"",""series_id"":""not_found_in_consulted_sources"",""themes_json"":""not_found_in_consulted_sources"",""timezone"":""not_found_in_consulted_sources""}"
evt_07e3a7d5ae9630e6,redfoot-candy-land-2025,,Candy Land,https://www.redfoot.productions/events,2025-12-19,,day,,,historical_listing,Salt Lake City,,venue_cd84f07d5bf70af8,venue_named_no_coordinates,community_party,arts_and_community,,,2026-09-28,"{""city"":""Salt Lake City"",""classification_origin"":""researcher_derived_from_description"",""costs"":[],""country"":null,""date_precision"":""day"",""end_date"":null,""field_sources"":{""city"":[""https://www.redfoot.productions/events""],""country"":[],""start_date"":[""https://www.redfoot.productions/events""],""status"":[""https://www.redfoot.productions/events""],""title"":[""https://www.redfoot.productions/events""],""venue_address"":[""https://www.redfoot.productions/events""],""venue_name"":[""https://www.redfoot.productions/events""]},""format"":""community_party"",""key"":""redfoot-candy-land-2025"",""metrics"":[],""notes"":""Fin horario anunciado 01:00; no se inventa una fecha final no escrita. Actividad para mayores de 21 años, sin alcohol."",""organizations"":[{""domain"":""redfoot.productions"",""name"":""REDFOOT Productions"",""role"":""organizer"",""source_url"":""https://www.redfoot.productions/events"",""status"":""announced"",""tier"":null}],""platform_access"":[{""notes"":""Enlace observado en fuente primaria; destino no abierto ni contenido validado en este lote."",""source_url"":""https://www.redfoot.productions/events"",""status"":""linked_from_opened_primary_source"",""url"":""https://partiful.com/e/vQdEZ4uHPQmaOAYSBDZp""}],""platform_urls"":[""https://partiful.com/e/vQdEZ4uHPQmaOAYSBDZp""],""sector"":""arts_and_community"",""series_name"":null,""source_urls"":[""https://www.redfoot.productions/events""],""start_date"":""2025-12-19"",""status"":""historical_listing"",""title"":""Candy Land"",""url"":""https://www.redfoot.productions/events"",""venue_address"":""16 N Rio Grande St, Salt Lake City, UT 84101"",""venue_name"":""Dreamscapes SLC""}","{""country"":""not_found_in_consulted_sources"",""end_date"":""not_found_in_consulted_sources"",""languages_json"":""not_found_in_consulted_sources"",""modality"":""not_found_in_consulted_sources"",""series_id"":""not_found_in_consulted_sources"",""themes_json"":""not_found_in_consulted_sources"",""timezone"":""not_found_in_consulted_sources""}"
evt_e87a4888a41331bd,wharton-ncr-pub-outside-penn-2023,,"""Pub Outside Penn"" Happy Hour with Wharton MBA Interns",https://www.whartonclubncr.org/pub_outside_penn_20230727,2023-07-27,,day,,,historical_listing,Washington,United States,venue_b862e7b7f1dbda9f,venue_named_no_coordinates,alumni_networking,professional_community,,,2026-09-28,"{""city"":""Washington"",""classification_origin"":""researcher_derived_from_description"",""costs"":[],""country"":""United States"",""date_precision"":""day"",""end_date"":null,""field_sources"":{""city"":[""https://www.whartonclubncr.org/pub_outside_penn_20230727""],""country"":[""https://www.whartonclubncr.org/pub_outside_penn_20230727""],""start_date"":[""https://www.whartonclubncr.org/pub_outside_penn_20230727""],""status"":[""https://www.whartonclubncr.org/pub_outside_penn_20230727""],""title"":[""https://www.whartonclubncr.org/pub_outside_penn_20230727""],""venue_address"":[""https://www.whartonclubncr.org/pub_outside_penn_20230727""],""venue_name"":[""https://www.whartonclubncr.org/pub_outside_penn_20230727""]},""format"":""alumni_networking"",""key"":""wharton-ncr-pub-outside-penn-2023"",""metrics"":[],""organizations"":[{""domain"":""whartonclubncr.org"",""name"":""Wharton Club of the National Capital Region"",""role"":""organizer"",""source_url"":""https://www.whartonclubncr.org/pub_outside_penn_20230727"",""status"":""announced"",""tier"":null}],""platform_access"":[{""notes"":""Enlace observado en fuente primaria; destino no abierto ni contenido validado en este lote."",""source_url"":""https://www.whartonclubncr.org/pub_outside_penn_20230727"",""status"":""linked_from_opened_primary_source"",""url"":""https://partiful.com/e/YMto1O8nSh6w0IFrfoS3""}],""platform_urls"":[""https://partiful.com/e/YMto1O8nSh6w0IFrfoS3""],""sector"":""professional_community"",""series_name"":null,""source_urls"":[""https://www.whartonclubncr.org/pub_outside_penn_20230727""],""start_date"":""2023-07-27"",""status"":""historical_listing"",""title"":""\""Pub Outside Penn\"" Happy Hour with Wharton MBA Interns"",""url"":""https://www.whartonclubncr.org/pub_outside_penn_20230727"",""venue_address"":""1 Dupont Cir NW, Washington, DC 20001, United States"",""venue_name"":""The Admiral""}","{""end_date"":""not_found_in_consulted_sources"",""languages_json"":""not_found_in_consulted_sources"",""modality"":""not_found_in_consulted_sources"",""series_id"":""not_found_in_consulted_sources"",""themes_json"":""not_found_in_consulted_sources"",""timezone"":""not_found_in_consulted_sources""}"
evt_3c489ff25ffaa1e2,sau-business-plans-ai-2023,,Student Entrepreneurship Passport Program: Business Plans and the Wonders of AI,https://www.st-aug.edu/event/student-entrepreneurship-passport-program-business-plans-and-the-wonders-of-ai/,2023-03-30,,day,,,historical_listing,Raleigh,United States,venue_e418ba8e669ba853,venue_named_no_coordinates,entrepreneurship_workshop,entrepreneurship,,,2026-09-28,"{""city"":""Raleigh"",""classification_origin"":""researcher_derived_from_description"",""costs"":[],""country"":""United States"",""date_precision"":""day"",""end_date"":null,""field_sources"":{""city"":[""https://www.st-aug.edu/event/student-entrepreneurship-passport-program-business-plans-and-the-wonders-of-ai/""],""country"":[""https://www.st-aug.edu/event/student-entrepreneurship-passport-program-business-plans-and-the-wonders-of-ai/""],""start_date"":[""https://www.st-aug.edu/event/student-entrepreneurship-passport-program-business-plans-and-the-wonders-of-ai/""],""status"":[""https://www.st-aug.edu/event/student-entrepreneurship-passport-program-business-plans-and-the-wonders-of-ai/""],""title"":[""https://www.st-aug.edu/event/student-entrepreneurship-passport-program-business-plans-and-the-wonders-of-ai/""],""venue_address"":[""https://www.st-aug.edu/event/student-entrepreneurship-passport-program-business-plans-and-the-wonders-of-ai/""],""venue_name"":[""https://www.st-aug.edu/event/student-entrepreneurship-passport-program-business-plans-and-the-wonders-of-ai/""]},""format"":""entrepreneurship_workshop"",""key"":""sau-business-plans-ai-2023"",""metrics"":[],""notes"":""Se conserva la universidad como anfitrión. No se resuelve la diferencia entre códigos postales publicados porque no es necesaria para el registro."",""organizations"":[{""domain"":""st-aug.edu"",""name"":""Saint Augustine's University"",""role"":""host"",""source_url"":""https://www.st-aug.edu/event/student-entrepreneurship-passport-program-business-plans-and-the-wonders-of-ai/"",""status"":""announced"",""tier"":null}],""platform_access"":[{""notes"":""Enlace observado en fuente primaria; destino no abierto ni contenido validado en este lote."",""source_url"":""https://www.st-aug.edu/event/student-entrepreneurship-passport-program-business-plans-and-the-wonders-of-ai/"",""status"":""linked_from_opened_primary_source"",""url"":""https://partiful.com/e/ukFpgmlahnNC4IwkEy1e""}],""platform_urls"":[""https://partiful.com/e/ukFpgmlahnNC4IwkEy1e""],""sector"":""entrepreneurship"",""series_name"":null,""source_urls"":[""https://www.st-aug.edu/event/student-entrepreneurship-passport-program-business-plans-and-the-wonders-of-ai/""],""start_date"":""2023-03-30"",""status"":""historical_listing"",""title"":""Student Entrepreneurship Passport Program: Business Plans and the Wonders of AI"",""url"":""https://www.st-aug.edu/event/student-entrepreneurship-passport-program-business-plans-and-the-wonders-of-ai/"",""venue_address"":""1315 Oakwood Avenue, Raleigh, NC, United States"",""venue_name"":""The Prezell R. Robinson Library""}","{""end_date"":""not_found_in_consulted_sources"",""languages_json"":""not_found_in_consulted_sources"",""modality"":""not_found_in_consulted_sources"",""series_id"":""not_found_in_consulted_sources"",""themes_json"":""not_found_in_consulted_sources"",""timezone"":""not_found_in_consulted_sources""}"
evt_096b6bfc996e453a,circular-library-patchwork-2024-06-22,series_14ec330e5563a337,DIY Upcycling Workshop - Patchwork,https://circular-library.com/blogs/news/diy-upcycling-workshop,2024-06-22,,day,,,historical_listing,,,,unknown,workshop,fashion_and_reuse,,,2026-09-28,"{""city"":null,""classification_origin"":""researcher_derived_from_description"",""costs"":[{""amount"":50,""category"":""admission"",""currency"":null,""label"":""$50; materials included"",""locator"":""$50; materials included"",""notes"":""Símbolo $ sin código de moneda. No se infiere USD."",""source_url"":""https://circular-library.com/blogs/news/diy-upcycling-workshop"",""status"":""published_rate"",""unit"":""ticket""}],""country"":null,""date_basis"":{""month_day"":""explicit_in_event_description"",""publication_date"":""2024-06-11"",""source_url"":""https://circular-library.com/blogs/news/diy-upcycling-workshop"",""year"":""contextual_from_publication_date"",""year_is_inferred"":true},""date_precision"":""day"",""end_date"":null,""field_sources"":{""city"":[],""country"":[],""start_date"":[""https://circular-library.com/blogs/news/diy-upcycling-workshop""],""status"":[""https://circular-library.com/blogs/news/diy-upcycling-workshop""],""title"":[""https://circular-library.com/blogs/news/diy-upcycling-workshop""],""venue_name"":[]},""format"":""workshop"",""key"":""circular-library-patchwork-2024-06-22"",""metrics"":[],""notes"":""Dos fechas explícitas de sesiones; comparten el enlace de inscripción. La dirección comercial de Venice no confirma por sí sola que cada sesión ocurra allí; ciudad y sede pendientes. El año 2024 se asigna por contexto de publicación (11 de junio de 2024); la descripción de sesiones imprime mes y día, sin año. No se infiere desde periodicidad."",""organizations"":[{""domain"":""circular-library.com"",""name"":""Circular Library"",""role"":""organizer"",""source_url"":""https://circular-library.com/blogs/news/diy-upcycling-workshop"",""status"":""announced"",""tier"":null},{""domain"":null,""name"":""The Laughing Geisha"",""role"":""partner"",""source_url"":""https://circular-library.com/blogs/news/diy-upcycling-workshop"",""status"":""announced"",""tier"":null}],""organizer_location_context"":{""address"":""1221 Abbot Kinney Blvd, Venice, California"",""scope"":""store_address_not_verified_event_venue"",""source_url"":""https://circular-library.com/blogs/news/diy-upcycling-workshop""},""platform_access"":[{""notes"":""Enlace observado en fuente primaria; destino no abierto ni contenido validado en este lote."",""source_url"":""https://circular-library.com/blogs/news/diy-upcycling-workshop"",""status"":""linked_from_opened_primary_source"",""url"":""https://partiful.com/e/PMhSYKo12OPh0uqjLolb""}],""platform_urls"":[""https://partiful.com/e/PMhSYKo12OPh0uqjLolb""],""sector"":""fashion_and_reuse"",""series_name"":""DIY Upcycling Workshop"",""source_urls"":[""https://circular-library.com/blogs/news/diy-upcycling-workshop""],""start_date"":""2024-06-22"",""status"":""historical_listing"",""title"":""DIY Upcycling Workshop - Patchwork"",""url"":""https://circular-library.com/blogs/news/diy-upcycling-workshop"",""venue_name"":null}","{""city"":""not_found_in_consulted_sources"",""country"":""not_found_in_consulted_sources"",""end_date"":""not_found_in_consulted_sources"",""languages_json"":""not_found_in_consulted_sources"",""modality"":""not_found_in_consulted_sources"",""themes_json"":""not_found_in_consulted_sources"",""timezone"":""not_found_in_consulted_sources"",""venue_id"":""not_found_in_consulted_sources""}"
evt_6fcffac1537250da,circular-library-patchwork-2024-06-30,series_14ec330e5563a337,DIY Upcycling Workshop - Patchwork,https://circular-library.com/blogs/news/diy-upcycling-workshop,2024-06-30,,day,,,historical_listing,,,,unknown,workshop,fashion_and_reuse,,,2026-09-28,"{""city"":null,""classification_origin"":""researcher_derived_from_description"",""costs"":[{""amount"":50,""category"":""admission"",""currency"":null,""label"":""$50; materials included"",""locator"":""$50; materials included"",""notes"":""Símbolo $ sin código de moneda. No se infiere USD."",""source_url"":""https://circular-library.com/blogs/news/diy-upcycling-workshop"",""status"":""published_rate"",""unit"":""ticket""}],""country"":null,""date_basis"":{""month_day"":""explicit_in_event_description"",""publication_date"":""2024-06-11"",""source_url"":""https://circular-library.com/blogs/news/diy-upcycling-workshop"",""year"":""contextual_from_publication_date"",""year_is_inferred"":true},""date_precision"":""day"",""end_date"":null,""field_sources"":{""city"":[],""country"":[],""start_date"":[""https://circular-library.com/blogs/news/diy-upcycling-workshop""],""status"":[""https://circular-library.com/blogs/news/diy-upcycling-workshop""],""title"":[""https://circular-library.com/blogs/news/diy-upcycling-workshop""],""venue_name"":[]},""format"":""workshop"",""key"":""circular-library-patchwork-2024-06-30"",""metrics"":[],""notes"":""Dos fechas explícitas de sesiones; comparten el enlace de inscripción. La dirección comercial de Venice no confirma por sí sola que cada sesión ocurra allí; ciudad y sede pendientes. El año 2024 se asigna por contexto de publicación (11 de junio de 2024); la descripción de sesiones imprime mes y día, sin año. No se infiere desde periodicidad."",""organizations"":[{""domain"":""circular-library.com"",""name"":""Circular Library"",""role"":""organizer"",""source_url"":""https://circular-library.com/blogs/news/diy-upcycling-workshop"",""status"":""announced"",""tier"":null},{""domain"":null,""name"":""The Laughing Geisha"",""role"":""partner"",""source_url"":""https://circular-library.com/blogs/news/diy-upcycling-workshop"",""status"":""announced"",""tier"":null}],""organizer_location_context"":{""address"":""1221 Abbot Kinney Blvd, Venice, California"",""scope"":""store_address_not_verified_event_venue"",""source_url"":""https://circular-library.com/blogs/news/diy-upcycling-workshop""},""platform_access"":[{""notes"":""Enlace observado en fuente primaria; destino no abierto ni contenido validado en este lote."",""source_url"":""https://circular-library.com/blogs/news/diy-upcycling-workshop"",""status"":""linked_from_opened_primary_source"",""url"":""https://partiful.com/e/PMhSYKo12OPh0uqjLolb""}],""platform_urls"":[""https://partiful.com/e/PMhSYKo12OPh0uqjLolb""],""sector"":""fashion_and_reuse"",""series_name"":""DIY Upcycling Workshop"",""source_urls"":[""https://circular-library.com/blogs/news/diy-upcycling-workshop""],""start_date"":""2024-06-30"",""status"":""historical_listing"",""title"":""DIY Upcycling Workshop - Patchwork"",""url"":""https://circular-library.com/blogs/news/diy-upcycling-workshop"",""venue_name"":null}","{""city"":""not_found_in_consulted_sources"",""country"":""not_found_in_consulted_sources"",""end_date"":""not_found_in_consulted_sources"",""languages_json"":""not_found_in_consulted_sources"",""modality"":""not_found_in_consulted_sources"",""themes_json"":""not_found_in_consulted_sources"",""timezone"":""not_found_in_consulted_sources"",""venue_id"":""not_found_in_consulted_sources""}"
evt_67222706ad0bf68e,howl-camera-launch-2025,,HOWL.camera Launch Event,https://tezos.com/media-center/2025/howl-camera/,2025-02-19,,day,,,historical_listing,Los Angeles,,venue_f2a67ffa872ec636,venue_named_no_coordinates,art_launch,art_and_blockchain,,,2026-09-28,"{""city"":""Los Angeles"",""classification_origin"":""researcher_derived_from_description"",""costs"":[],""country"":null,""date_precision"":""day"",""end_date"":null,""field_sources"":{""city"":[""https://tezos.com/media-center/2025/howl-camera/""],""country"":[],""start_date"":[""https://tezos.com/media-center/2025/howl-camera/""],""status"":[""https://tezos.com/media-center/2025/howl-camera/""],""title"":[""https://tezos.com/media-center/2025/howl-camera/""],""venue_address"":[""https://tezos.com/media-center/2025/howl-camera/""],""venue_name"":[""https://tezos.com/media-center/2025/howl-camera/""]},""format"":""art_launch"",""key"":""howl-camera-launch-2025"",""metrics"":[],""notes"":""Tezos Foundation se conserva en hechos de la fuente como financiador del proyecto, sin convertirlo en sponsor del evento ni atribuirle un monto."",""organizations"":[{""domain"":""theverseverse.com"",""name"":""theVERSEverse"",""role"":""organizer"",""source_url"":""https://tezos.com/media-center/2025/howl-camera/"",""status"":""announced"",""tier"":null},{""domain"":""faheykleingallery.com"",""name"":""Fahey/Klein Gallery"",""role"":""host"",""source_url"":""https://tezos.com/media-center/2025/howl-camera/"",""status"":""announced"",""tier"":null}],""platform_access"":[{""notes"":""Enlace observado en fuente primaria; destino no abierto ni contenido validado en este lote."",""source_url"":""https://tezos.com/media-center/2025/howl-camera/"",""status"":""linked_from_opened_primary_source"",""url"":""https://partiful.com/e/uM8k02XeZRgsN5jEHyfR""}],""platform_urls"":[""https://partiful.com/e/uM8k02XeZRgsN5jEHyfR""],""sector"":""art_and_blockchain"",""series_name"":null,""source_urls"":[""https://tezos.com/media-center/2025/howl-camera/""],""start_date"":""2025-02-19"",""status"":""historical_listing"",""title"":""HOWL.camera Launch Event"",""url"":""https://tezos.com/media-center/2025/howl-camera/"",""venue_address"":""148 N La Brea Ave, Los Angeles"",""venue_name"":""Fahey/Klein Gallery""}","{""country"":""not_found_in_consulted_sources"",""end_date"":""not_found_in_consulted_sources"",""languages_json"":""not_found_in_consulted_sources"",""modality"":""not_found_in_consulted_sources"",""series_id"":""not_found_in_consulted_sources"",""themes_json"":""not_found_in_consulted_sources"",""timezone"":""not_found_in_consulted_sources""}"
evt_40ad8a1ac99418ac,acmi-young-filmmakers-2023,series_bcb8facc6d311194,LGBTQIA+ Young Filmmakers 2023,https://www.acmi.net.au/education/projects-partnerships/,2023,,year,,,reported_held,,,,unknown,filmmaking_workshop,arts_education,,,2026-09-28,"{""city"":null,""classification_origin"":""researcher_derived_from_description"",""costs"":[],""country"":null,""date_precision"":""year"",""end_date"":null,""field_sources"":{""city"":[],""country"":[],""start_date"":[""https://www.acmi.net.au/education/projects-partnerships/""],""status"":[""https://www.acmi.net.au/education/projects-partnerships/""],""title"":[""https://www.acmi.net.au/education/projects-partnerships/""],""venue_name"":[]},""format"":""filmmaking_workshop"",""key"":""acmi-young-filmmakers-2023"",""metrics"":[],""notes"":""Año explícito, sin día ni mes publicados en la fuente leída. No se deriva ubicación de la dirección institucional general, ni se guardan nombres o testimonios individuales de participantes."",""organizations"":[{""domain"":""acmi.net.au"",""name"":""ACMI"",""role"":""organizer"",""source_url"":""https://www.acmi.net.au/education/projects-partnerships/"",""status"":""reported"",""tier"":null}],""platform_access"":[],""platform_urls"":[],""sector"":""arts_education"",""series_name"":""LGBTQIA+ Young Filmmakers"",""source_urls"":[""https://www.acmi.net.au/education/projects-partnerships/""],""start_date"":""2023"",""status"":""reported_held"",""title"":""LGBTQIA+ Young Filmmakers 2023"",""url"":""https://www.acmi.net.au/education/projects-partnerships/"",""venue_name"":null}","{""city"":""not_found_in_consulted_sources"",""country"":""not_found_in_consulted_sources"",""end_date"":""not_found_in_consulted_sources"",""languages_json"":""not_found_in_consulted_sources"",""modality"":""not_found_in_consulted_sources"",""themes_json"":""not_found_in_consulted_sources"",""timezone"":""not_found_in_consulted_sources"",""venue_id"":""not_found_in_consulted_sources""}"
evt_3403f18c48759070,acmi-young-filmmakers-2024,series_bcb8facc6d311194,LGBTQIA+ Young Filmmakers 2024,https://www.acmi.net.au/education/projects-partnerships/lgbtqia-young-filmmakers/,2024,,year,,,reported_held,,,,unknown,filmmaking_workshop,arts_education,,,2026-09-28,"{""city"":null,""classification_origin"":""researcher_derived_from_description"",""costs"":[],""country"":null,""date_precision"":""year"",""end_date"":null,""field_sources"":{""city"":[],""country"":[],""start_date"":[""https://www.acmi.net.au/education/projects-partnerships/lgbtqia-young-filmmakers/""],""status"":[""https://www.acmi.net.au/education/projects-partnerships/lgbtqia-young-filmmakers/""],""title"":[""https://www.acmi.net.au/education/projects-partnerships/lgbtqia-young-filmmakers/""],""venue_name"":[]},""format"":""filmmaking_workshop"",""key"":""acmi-young-filmmakers-2024"",""metrics"":[],""notes"":""Año explícito, sin día ni mes publicados en la fuente leída. No se deriva ubicación de la dirección institucional general, ni se guardan nombres o testimonios individuales de participantes."",""organizations"":[{""domain"":""acmi.net.au"",""name"":""ACMI"",""role"":""organizer"",""source_url"":""https://www.acmi.net.au/education/projects-partnerships/lgbtqia-young-filmmakers/"",""status"":""reported"",""tier"":null}],""platform_access"":[],""platform_urls"":[],""sector"":""arts_education"",""series_name"":""LGBTQIA+ Young Filmmakers"",""source_urls"":[""https://www.acmi.net.au/education/projects-partnerships/lgbtqia-young-filmmakers/""],""start_date"":""2024"",""status"":""reported_held"",""title"":""LGBTQIA+ Young Filmmakers 2024"",""url"":""https://www.acmi.net.au/education/projects-partnerships/lgbtqia-young-filmmakers/"",""venue_name"":null}","{""city"":""not_found_in_consulted_sources"",""country"":""not_found_in_consulted_sources"",""end_date"":""not_found_in_consulted_sources"",""languages_json"":""not_found_in_consulted_sources"",""modality"":""not_found_in_consulted_sources"",""themes_json"":""not_found_in_consulted_sources"",""timezone"":""not_found_in_consulted_sources"",""venue_id"":""not_found_in_consulted_sources""}"
evt_69cc8c478f3dde8d,acmi-young-filmmakers-2025,series_bcb8facc6d311194,LGBTQIA+ Young Filmmakers 2025,https://www.acmi.net.au/education/projects-partnerships/lgbtqia-young-filmmakers/,2025,,year,,,historical_listing,,,,unknown,filmmaking_workshop,arts_education,,,2026-09-28,"{""city"":null,""classification_origin"":""researcher_derived_from_description"",""costs"":[],""country"":null,""date_precision"":""year"",""end_date"":null,""field_sources"":{""city"":[],""country"":[],""start_date"":[""https://www.acmi.net.au/education/projects-partnerships/lgbtqia-young-filmmakers/""],""status"":[""https://www.acmi.net.au/education/projects-partnerships/lgbtqia-young-filmmakers/""],""title"":[""https://www.acmi.net.au/education/projects-partnerships/lgbtqia-young-filmmakers/""],""venue_name"":[]},""format"":""filmmaking_workshop"",""key"":""acmi-young-filmmakers-2025"",""metrics"":[],""notes"":""Año explícito, sin día ni mes publicados en la fuente leída. No se deriva ubicación de la dirección institucional general, ni se guardan nombres o testimonios individuales de participantes."",""organizations"":[{""domain"":""acmi.net.au"",""name"":""ACMI"",""role"":""organizer"",""source_url"":""https://www.acmi.net.au/education/projects-partnerships/lgbtqia-young-filmmakers/"",""status"":""announced"",""tier"":null}],""platform_access"":[],""platform_urls"":[],""sector"":""arts_education"",""series_name"":""LGBTQIA+ Young Filmmakers"",""source_urls"":[""https://www.acmi.net.au/education/projects-partnerships/lgbtqia-young-filmmakers/""],""start_date"":""2025"",""status"":""historical_listing"",""title"":""LGBTQIA+ Young Filmmakers 2025"",""url"":""https://www.acmi.net.au/education/projects-partnerships/lgbtqia-young-filmmakers/"",""venue_name"":null}","{""city"":""not_found_in_consulted_sources"",""country"":""not_found_in_consulted_sources"",""end_date"":""not_found_in_consulted_sources"",""languages_json"":""not_found_in_consulted_sources"",""modality"":""not_found_in_consulted_sources"",""themes_json"":""not_found_in_consulted_sources"",""timezone"":""not_found_in_consulted_sources"",""venue_id"":""not_found_in_consulted_sources""}"
evt_a5f95984d0a3b3cf,acmi-wings-launch-2022,,We Will Slam You With Our Wings — launch,https://www.acmi.net.au/education/projects-partnerships/we-will-slam-you/,2022-10-11,,day,,,reported_held,Melbourne,,venue_c1f020e8d6a811d5,venue_named_no_coordinates,art_installation_launch,arts_education,,,2026-09-28,"{""city"":""Melbourne"",""classification_origin"":""researcher_derived_from_description"",""costs"":[],""country"":null,""date_precision"":""day"",""end_date"":null,""field_sources"":{""city"":[""https://www.acmi.net.au/education/projects-partnerships/we-will-slam-you/""],""country"":[],""start_date"":[""https://www.acmi.net.au/education/projects-partnerships/we-will-slam-you/""],""status"":[""https://www.acmi.net.au/education/projects-partnerships/we-will-slam-you/""],""title"":[""https://www.acmi.net.au/education/projects-partnerships/we-will-slam-you/""],""venue_name"":[""https://www.acmi.net.au/education/projects-partnerships/we-will-slam-you/""]},""format"":""art_installation_launch"",""key"":""acmi-wings-launch-2022"",""metrics"":[],""notes"":""Melbourne es explícito en el párrafo sobre los talleres y en el título del video de lanzamiento. Apoyo a la obra no equivale a patrocinio monetario del acto; monto y país no se completan."",""organizations"":[{""domain"":null,""name"":""Fed Square"",""role"":""host"",""source_url"":""https://www.acmi.net.au/education/projects-partnerships/we-will-slam-you/"",""status"":""reported"",""tier"":null},{""domain"":""acmi.net.au"",""name"":""ACMI"",""role"":""partner"",""source_url"":""https://www.acmi.net.au/education/projects-partnerships/we-will-slam-you/"",""status"":""reported"",""tier"":null},{""domain"":null,""name"":""Arts Projects Australia"",""role"":""partner"",""source_url"":""https://www.acmi.net.au/education/projects-partnerships/we-will-slam-you/"",""status"":""reported"",""tier"":null},{""domain"":null,""name"":""Naomi Milgrom Foundation"",""role"":""partner"",""source_url"":""https://www.acmi.net.au/education/projects-partnerships/we-will-slam-you/"",""status"":""reported"",""tier"":null}],""platform_access"":[],""platform_urls"":[],""sector"":""arts_education"",""series_name"":null,""source_urls"":[""https://www.acmi.net.au/education/projects-partnerships/we-will-slam-you/""],""start_date"":""2022-10-11"",""status"":""reported_held"",""title"":""We Will Slam You With Our Wings — launch"",""url"":""https://www.acmi.net.au/education/projects-partnerships/we-will-slam-you/"",""venue_name"":""Fed Square Atrium""}","{""country"":""not_found_in_consulted_sources"",""end_date"":""not_found_in_consulted_sources"",""languages_json"":""not_found_in_consulted_sources"",""modality"":""not_found_in_consulted_sources"",""series_id"":""not_found_in_consulted_sources"",""themes_json"":""not_found_in_consulted_sources"",""timezone"":""not_found_in_consulted_sources""}"
evt_0d53153aa7d0b70d,acmi-ai-game-design-2024,series_7dc9fdf12b8930eb,AI game design hackathon — pilot,https://www.acmi.net.au/education/projects-partnerships/ai-hackathon/,2024,,year,,,reported_held,,,,unknown,hackathon,games_and_education,,,2026-09-28,"{""city"":null,""classification_origin"":""researcher_derived_from_description"",""costs"":[],""country"":null,""date_precision"":""year"",""end_date"":null,""field_sources"":{""city"":[],""country"":[],""start_date"":[""https://www.acmi.net.au/education/projects-partnerships/ai-hackathon/""],""status"":[""https://www.acmi.net.au/education/projects-partnerships/ai-hackathon/""],""title"":[""https://www.acmi.net.au/education/projects-partnerships/ai-hackathon/""],""venue_name"":[]},""format"":""hackathon"",""key"":""acmi-ai-game-design-2024"",""metrics"":[],""notes"":""Fecha conocida solo al año. El piloto y su realización son explícitos; no se reconstruye una fecha por periodicidad."",""organizations"":[{""domain"":""acmi.net.au"",""name"":""ACMI"",""role"":""organizer"",""source_url"":""https://www.acmi.net.au/education/projects-partnerships/ai-hackathon/"",""status"":""reported"",""tier"":null}],""platform_access"":[],""platform_urls"":[],""sector"":""games_and_education"",""series_name"":""AI game design hackathon"",""source_urls"":[""https://www.acmi.net.au/education/projects-partnerships/ai-hackathon/""],""start_date"":""2024"",""status"":""reported_held"",""title"":""AI game design hackathon — pilot"",""url"":""https://www.acmi.net.au/education/projects-partnerships/ai-hackathon/"",""venue_name"":null}","{""city"":""not_found_in_consulted_sources"",""country"":""not_found_in_consulted_sources"",""end_date"":""not_found_in_consulted_sources"",""languages_json"":""not_found_in_consulted_sources"",""modality"":""not_found_in_consulted_sources"",""themes_json"":""not_found_in_consulted_sources"",""timezone"":""not_found_in_consulted_sources"",""venue_id"":""not_found_in_consulted_sources""}"
evt_43e6402d85757762,acmi-ai-game-design-2025,series_7dc9fdf12b8930eb,AI game design hackathon,https://www.acmi.net.au/education/projects-partnerships/ai-hackathon/,2025-11-10,,day,,,historical_listing,,,,unknown,hackathon,games_and_education,,,2026-09-28,"{""city"":null,""classification_origin"":""researcher_derived_from_description"",""costs"":[],""country"":null,""date_precision"":""day"",""end_date"":null,""field_sources"":{""city"":[],""country"":[],""start_date"":[""https://www.acmi.net.au/education/projects-partnerships/ai-hackathon/""],""status"":[""https://www.acmi.net.au/education/projects-partnerships/ai-hackathon/""],""title"":[""https://www.acmi.net.au/education/projects-partnerships/ai-hackathon/""],""venue_name"":[]},""format"":""hackathon"",""key"":""acmi-ai-game-design-2025"",""metrics"":[],""notes"":""La fuente anuncia la edición 2025; al consultar en 2026 la fecha pasada no demuestra que se haya celebrado."",""organizations"":[{""domain"":""acmi.net.au"",""name"":""ACMI"",""role"":""organizer"",""source_url"":""https://www.acmi.net.au/education/projects-partnerships/ai-hackathon/"",""status"":""announced"",""tier"":null}],""platform_access"":[],""platform_urls"":[],""sector"":""games_and_education"",""series_name"":""AI game design hackathon"",""source_urls"":[""https://www.acmi.net.au/education/projects-partnerships/ai-hackathon/""],""start_date"":""2025-11-10"",""status"":""historical_listing"",""title"":""AI game design hackathon"",""url"":""https://www.acmi.net.au/education/projects-partnerships/ai-hackathon/"",""venue_name"":null}","{""city"":""not_found_in_consulted_sources"",""country"":""not_found_in_consulted_sources"",""end_date"":""not_found_in_consulted_sources"",""languages_json"":""not_found_in_consulted_sources"",""modality"":""not_found_in_consulted_sources"",""themes_json"":""not_found_in_consulted_sources"",""timezone"":""not_found_in_consulted_sources"",""venue_id"":""not_found_in_consulted_sources""}"
evt_b10d7b624fc3d5dc,cape-town-marathon-2021,series_eb795cb6c653b04d,Sanlam Cape Town Marathon 2021,https://capetownmarathon.com/sanlam-cape-town-marathon-marks-return-to-mass-participation-events/,2021-10-17,,day,,,reported_held,Cape Town,South Africa,venue_af74107fd3e7388b,venue_named_no_coordinates,road_marathon,sports,,,2026-09-28,"{""city"":""Cape Town"",""classification_origin"":""researcher_derived_from_description"",""costs"":[],""country"":""South Africa"",""date_precision"":""day"",""end_date"":null,""field_sources"":{""city"":[""https://capetownmarathon.com/sanlam-cape-town-marathon-marks-return-to-mass-participation-events/""],""country"":[""https://capetownmarathon.com/africas1stmajor/""],""start_date"":[""https://capetownmarathon.com/sanlam-cape-town-marathon-marks-return-to-mass-participation-events/""],""status"":[""https://capetownmarathon.com/history-of-the-sanlam-cape-town-marathon/""],""title"":[""https://capetownmarathon.com/sanlam-cape-town-marathon-marks-return-to-mass-participation-events/""],""venue_name"":[""https://capetownmarathon.com/sanlam-cape-town-marathon-marks-return-to-mass-participation-events/""]},""format"":""road_marathon"",""key"":""cape-town-marathon-2021"",""metrics"":[{""denominator"":null,""locator"":""Limited field of 10,000 runners for the marathon"",""name"":""announced_runner_limit"",""source_url"":""https://capetownmarathon.com/sanlam-cape-town-marathon-marks-return-to-mass-participation-events/"",""status"":""announced"",""unit"":""runners"",""value"":10000}],""notes"":""La convocatoria es anterior al inicio de la ventana de publicación, pero la fecha del evento sí está dentro de la ventana de eventos. Realización respaldada por el historial oficial, no por la fecha pasada."",""organizations"":[{""domain"":""capetownmarathon.com"",""name"":""Sanlam Cape Town Marathon"",""role"":""organizer"",""source_url"":""https://capetownmarathon.com/sanlam-cape-town-marathon-marks-return-to-mass-participation-events/"",""status"":""announced"",""tier"":null},{""domain"":""sanlam.com"",""name"":""Sanlam"",""role"":""sponsor"",""source_url"":""https://capetownmarathon.com/history-of-the-sanlam-cape-town-marathon/"",""status"":""reported"",""tier"":""title""}],""platform_access"":[],""platform_urls"":[],""sector"":""sports"",""series_name"":""Sanlam Cape Town Marathon"",""source_urls"":[""https://capetownmarathon.com/sanlam-cape-town-marathon-marks-return-to-mass-participation-events/"",""https://capetownmarathon.com/history-of-the-sanlam-cape-town-marathon/"",""https://capetownmarathon.com/africas1stmajor/""],""start_date"":""2021-10-17"",""status"":""reported_held"",""title"":""Sanlam Cape Town Marathon 2021"",""url"":""https://capetownmarathon.com/sanlam-cape-town-marathon-marks-return-to-mass-participation-events/"",""venue_name"":""Fritz Sonnenberg Road (start)""}","{""end_date"":""not_found_in_consulted_sources"",""languages_json"":""not_found_in_consulted_sources"",""modality"":""not_found_in_consulted_sources"",""themes_json"":""not_found_in_consulted_sources"",""timezone"":""not_found_in_consulted_sources""}"
evt_85cedced82b14b2f,cape-town-marathon-2022,series_eb795cb6c653b04d,Sanlam Cape Town Marathon 2022,https://capetownmarathon.com/sanlam-cape-town-marathons-revised-route-gets-go-ahead/,2022-10-16,,day,,,reported_held,Cape Town,South Africa,venue_94df345452c2a418,venue_named_no_coordinates,road_marathon,sports,,,2026-09-28,"{""city"":""Cape Town"",""classification_origin"":""researcher_derived_from_description"",""costs"":[],""country"":""South Africa"",""date_precision"":""day"",""end_date"":null,""field_sources"":{""city"":[""https://capetownmarathon.com/sanlam-cape-town-marathons-revised-route-gets-go-ahead/""],""country"":[""https://capetownmarathon.com/africas1stmajor/""],""start_date"":[""https://capetownmarathon.com/sanlam-cape-town-marathons-revised-route-gets-go-ahead/""],""status"":[""https://capetownmarathon.com/history-of-the-sanlam-cape-town-marathon/""],""title"":[""https://capetownmarathon.com/sanlam-cape-town-marathons-revised-route-gets-go-ahead/""],""venue_name"":[""https://capetownmarathon.com/sanlam-cape-town-marathons-revised-route-gets-go-ahead/""]},""format"":""road_marathon"",""key"":""cape-town-marathon-2022"",""metrics"":[{""comparison"":""greater_than"",""denominator"":null,""locator"":""just over 13 000 in 2022"",""name"":""marathon_entries"",""notes"":""Cota inferior de inscripciones, no participantes efectivos."",""source_url"":""https://capetownmarathon.com/sanlam-renews-title-sponsorship/"",""status"":""reported"",""unit"":""entries"",""value"":13000}],""organizations"":[{""domain"":""capetownmarathon.com"",""name"":""Sanlam Cape Town Marathon"",""role"":""organizer"",""source_url"":""https://capetownmarathon.com/sanlam-cape-town-marathons-revised-route-gets-go-ahead/"",""status"":""announced"",""tier"":null},{""domain"":""sanlam.com"",""name"":""Sanlam"",""role"":""sponsor"",""source_url"":""https://capetownmarathon.com/sanlam-cape-town-marathons-revised-route-gets-go-ahead/"",""status"":""announced"",""tier"":""title""},{""domain"":""adidas.com"",""name"":""adidas"",""role"":""sponsor"",""source_url"":""https://capetownmarathon.com/sanlam-cape-town-marathons-revised-route-gets-go-ahead/"",""status"":""announced"",""tier"":""technical""},{""domain"":null,""name"":""City of Cape Town"",""role"":""partner"",""source_url"":""https://capetownmarathon.com/sanlam-cape-town-marathons-revised-route-gets-go-ahead/"",""status"":""announced"",""tier"":null}],""platform_access"":[],""platform_urls"":[],""sector"":""sports"",""series_name"":""Sanlam Cape Town Marathon"",""source_urls"":[""https://capetownmarathon.com/sanlam-cape-town-marathons-revised-route-gets-go-ahead/"",""https://capetownmarathon.com/history-of-the-sanlam-cape-town-marathon/"",""https://capetownmarathon.com/sanlam-renews-title-sponsorship/"",""https://capetownmarathon.com/africas1stmajor/""],""start_date"":""2022-10-16"",""status"":""reported_held"",""title"":""Sanlam Cape Town Marathon 2022"",""url"":""https://capetownmarathon.com/sanlam-cape-town-marathons-revised-route-gets-go-ahead/"",""venue_name"":""Helen Suzman Boulevard (start and finish)""}","{""end_date"":""not_found_in_consulted_sources"",""languages_json"":""not_found_in_consulted_sources"",""modality"":""not_found_in_consulted_sources"",""themes_json"":""not_found_in_consulted_sources"",""timezone"":""not_found_in_consulted_sources""}"
evt_7fafff6076c4c679,cape-town-wheelchair-marathon-2023,series_6500b0267275a550,Sanlam Cape Town Marathon wheelchair race 2023,https://capetownmarathon.com/schipper-and-rainbow-cooper-victorious-in-sanlam-cape-town-marathon-wheelchair-races/,2023-10-15,,day,,,reported_held,Cape Town,South Africa,venue_87d183716800a1aa,venue_named_no_coordinates,wheelchair_marathon,sports,,,2026-09-28,"{""city"":""Cape Town"",""classification_origin"":""researcher_derived_from_description"",""costs"":[],""country"":""South Africa"",""date_precision"":""day"",""end_date"":null,""field_sources"":{""city"":[""https://capetownmarathon.com/schipper-and-rainbow-cooper-victorious-in-sanlam-cape-town-marathon-wheelchair-races/""],""country"":[""https://capetownmarathon.com/africas1stmajor/""],""start_date"":[""https://capetownmarathon.com/schipper-and-rainbow-cooper-victorious-in-sanlam-cape-town-marathon-wheelchair-races/""],""status"":[""https://capetownmarathon.com/schipper-and-rainbow-cooper-victorious-in-sanlam-cape-town-marathon-wheelchair-races/""],""title"":[""https://capetownmarathon.com/schipper-and-rainbow-cooper-victorious-in-sanlam-cape-town-marathon-wheelchair-races/""],""venue_name"":[""https://capetownmarathon.com/schipper-and-rainbow-cooper-victorious-in-sanlam-cape-town-marathon-wheelchair-races/""]},""format"":""wheelchair_marathon"",""key"":""cape-town-wheelchair-marathon-2023"",""metrics"":[],""notes"":""Componente competitivo de la maratón: no sumar como asistentes independientes al total del festival. La crónica no declara patrocinio diferenciado para esta categoría."",""organizations"":[{""domain"":""capetownmarathon.com"",""name"":""Sanlam Cape Town Marathon"",""role"":""organizer"",""source_url"":""https://capetownmarathon.com/schipper-and-rainbow-cooper-victorious-in-sanlam-cape-town-marathon-wheelchair-races/"",""status"":""reported"",""tier"":null}],""platform_access"":[],""platform_urls"":[],""sector"":""sports"",""series_name"":""Sanlam Cape Town Marathon wheelchair race"",""source_urls"":[""https://capetownmarathon.com/schipper-and-rainbow-cooper-victorious-in-sanlam-cape-town-marathon-wheelchair-races/"",""https://capetownmarathon.com/africas1stmajor/""],""start_date"":""2023-10-15"",""status"":""reported_held"",""title"":""Sanlam Cape Town Marathon wheelchair race 2023"",""url"":""https://capetownmarathon.com/schipper-and-rainbow-cooper-victorious-in-sanlam-cape-town-marathon-wheelchair-races/"",""venue_name"":""Greenpoint (start)""}","{""end_date"":""not_found_in_consulted_sources"",""languages_json"":""not_found_in_consulted_sources"",""modality"":""not_found_in_consulted_sources"",""themes_json"":""not_found_in_consulted_sources"",""timezone"":""not_found_in_consulted_sources""}"
evt_b0c6e05d325163d2,cape-town-marathon-2024,series_eb795cb6c653b04d,Sanlam Cape Town Marathon 2024,https://capetownmarathon.com/glenrose-xaba-shatters-records/,2024-10-20,,day,,,reported_held,Cape Town,South Africa,venue_1d10ee64d09a3e7b,venue_named_no_coordinates,road_marathon,sports,,,2026-09-28,"{""city"":""Cape Town"",""classification_origin"":""researcher_derived_from_description"",""costs"":[],""country"":""South Africa"",""date_precision"":""day"",""end_date"":null,""field_sources"":{""city"":[""https://capetownmarathon.com/glenrose-xaba-shatters-records/""],""country"":[""https://capetownmarathon.com/africas1stmajor/""],""start_date"":[""https://capetownmarathon.com/glenrose-xaba-shatters-records/""],""status"":[""https://capetownmarathon.com/glenrose-xaba-shatters-records/""],""title"":[""https://capetownmarathon.com/glenrose-xaba-shatters-records/""],""venue_name"":[""https://capetownmarathon.com/glenrose-xaba-shatters-records/""]},""format"":""road_marathon"",""key"":""cape-town-marathon-2024"",""metrics"":[{""denominator"":null,""locator"":""16 800 fellow starters"",""name"":""fellow_starters_reported"",""notes"":""Cifra literal de acompañantes de la ganadora en la salida; no se calcula un total exacto de 16.801 ni se confunde con inscritos, finishers o espectadores."",""source_url"":""https://capetownmarathon.com/glenrose-xaba-shatters-records/"",""status"":""reported"",""unit"":""runners"",""value"":16800}],""organizations"":[{""domain"":""capetownmarathon.com"",""name"":""Sanlam Cape Town Marathon"",""role"":""organizer"",""source_url"":""https://capetownmarathon.com/glenrose-xaba-shatters-records/"",""status"":""reported"",""tier"":null},{""domain"":""sanlam.com"",""name"":""Sanlam"",""role"":""sponsor"",""source_url"":""https://capetownmarathon.com/history-of-the-sanlam-cape-town-marathon/"",""status"":""reported"",""tier"":""title""}],""platform_access"":[],""platform_urls"":[],""sector"":""sports"",""series_name"":""Sanlam Cape Town Marathon"",""source_urls"":[""https://capetownmarathon.com/glenrose-xaba-shatters-records/"",""https://capetownmarathon.com/history-of-the-sanlam-cape-town-marathon/"",""https://capetownmarathon.com/africas1stmajor/""],""start_date"":""2024-10-20"",""status"":""reported_held"",""title"":""Sanlam Cape Town Marathon 2024"",""url"":""https://capetownmarathon.com/glenrose-xaba-shatters-records/"",""venue_name"":""Green Point (finish)""}","{""end_date"":""not_found_in_consulted_sources"",""languages_json"":""not_found_in_consulted_sources"",""modality"":""not_found_in_consulted_sources"",""themes_json"":""not_found_in_consulted_sources"",""timezone"":""not_found_in_consulted_sources""}"
evt_9ccb4e5afc58d963,buenos-aires-semana-arte-2021,series_5db9e1dacf4c64eb,Semana del Arte 2021,https://buenosaires.gob.ar/semanadelarte/semana-del-arte-2021,2021-10-31,2021-11-07,day,,,reported_held,Buenos Aires,,,city,city_cultural_festival,arts,,,2026-09-28,"{""city"":""Buenos Aires"",""classification_origin"":""researcher_derived_from_description"",""costs"":[],""country"":null,""date_precision"":""day"",""end_date"":""2021-11-07"",""field_sources"":{""city"":[""https://buenosaires.gob.ar/semanadelarte/semana-del-arte-2021""],""country"":[],""end_date"":[""https://buenosaires.gob.ar/semanadelarte/semana-del-arte-2021""],""start_date"":[""https://buenosaires.gob.ar/semanadelarte/semana-del-arte-2021""],""status"":[""https://buenosaires.gob.ar/semanadelarte/semana-del-arte-2021""],""title"":[""https://buenosaires.gob.ar/semanadelarte/semana-del-arte-2021""],""venue_name"":[]},""format"":""city_cultural_festival"",""key"":""buenos-aires-semana-arte-2021"",""metrics"":[{""comparison"":""greater_than"",""denominator"":null,""locator"":""agenda con más de 60 muestras, visitas, conciertos, charlas y presentaciones"",""name"":""programme_activities"",""source_url"":""https://buenosaires.gob.ar/semanadelarte/semana-del-arte-2021"",""status"":""reported"",""unit"":""activities"",""value"":60},{""comparison"":""greater_than"",""denominator"":null,""locator"":""más de 35 instituciones culturales y fundaciones"",""name"":""participating_institutions"",""source_url"":""https://buenosaires.gob.ar/semanadelarte/semana-del-arte-2021"",""status"":""reported"",""unit"":""institutions"",""value"":35}],""notes"":""Edición paraguas con múltiples sedes. Sus actividades hijas no deben sumarse como festivales independientes ni sus instituciones como patrocinadores."",""organizations"":[{""domain"":""buenosaires.gob.ar"",""name"":""Gobierno de la Ciudad Autónoma de Buenos Aires"",""role"":""organizer"",""source_url"":""https://buenosaires.gob.ar/semanadelarte/semana-del-arte-2021"",""status"":""reported"",""tier"":null}],""platform_access"":[],""platform_urls"":[],""sector"":""arts"",""series_name"":""Semana del Arte"",""source_urls"":[""https://buenosaires.gob.ar/semanadelarte/semana-del-arte-2021""],""start_date"":""2021-10-31"",""status"":""reported_held"",""title"":""Semana del Arte 2021"",""url"":""https://buenosaires.gob.ar/semanadelarte/semana-del-arte-2021"",""venue_name"":null}","{""country"":""not_found_in_consulted_sources"",""languages_json"":""not_found_in_consulted_sources"",""modality"":""not_found_in_consulted_sources"",""themes_json"":""not_found_in_consulted_sources"",""timezone"":""not_found_in_consulted_sources"",""venue_id"":""not_found_in_consulted_sources""}"
evt_d8978ad15e6467ac,quincho-polar-2021,series_c146648519393e15,Polar — Residencias en residencia,https://buenosaires.gob.ar/sites/default/files/media/document/2022/08/17/694513bc7addb3de09142fe05a5f2d1783002955.pdf,2021-11-01,,day,,,historical_listing,Buenos Aires,,venue_469b734e6a1d5baa,venue_named_no_coordinates,performance,arts,,,2026-09-28,"{""city"":""Buenos Aires"",""classification_origin"":""researcher_derived_from_description"",""costs"":[],""country"":null,""date_precision"":""day"",""end_date"":null,""field_sources"":{""city"":[""https://buenosaires.gob.ar/sites/default/files/media/document/2022/08/17/694513bc7addb3de09142fe05a5f2d1783002955.pdf""],""country"":[],""start_date"":[""https://buenosaires.gob.ar/sites/default/files/media/document/2022/08/17/694513bc7addb3de09142fe05a5f2d1783002955.pdf""],""status"":[""https://buenosaires.gob.ar/sites/default/files/media/document/2022/08/17/694513bc7addb3de09142fe05a5f2d1783002955.pdf""],""title"":[""https://buenosaires.gob.ar/sites/default/files/media/document/2022/08/17/694513bc7addb3de09142fe05a5f2d1783002955.pdf""],""venue_name"":[""https://buenosaires.gob.ar/sites/default/files/media/document/2022/08/17/694513bc7addb3de09142fe05a5f2d1783002955.pdf""]},""format"":""performance"",""key"":""quincho-polar-2021"",""metrics"":[],""notes"":""Convocatoria del programa; no acredita asistencia ni celebración individual. No se extraen datos personales de artistas o públicos."",""organizations"":[{""domain"":""redquincho.ar"",""name"":""Red Quincho"",""role"":""organizer"",""source_url"":""https://buenosaires.gob.ar/sites/default/files/media/document/2022/08/17/694513bc7addb3de09142fe05a5f2d1783002955.pdf"",""status"":""announced"",""tier"":null}],""parent_edition_key"":""buenos-aires-semana-arte-2021"",""platform_access"":[],""platform_urls"":[],""sector"":""arts"",""series_name"":""Residencias en residencia"",""source_locator"":""PDF página 39 (índice 38)"",""source_urls"":[""https://buenosaires.gob.ar/sites/default/files/media/document/2022/08/17/694513bc7addb3de09142fe05a5f2d1783002955.pdf""],""start_date"":""2021-11-01"",""status"":""historical_listing"",""title"":""Polar — Residencias en residencia"",""url"":""https://buenosaires.gob.ar/sites/default/files/media/document/2022/08/17/694513bc7addb3de09142fe05a5f2d1783002955.pdf"",""venue_name"":""Casa Belgrado""}","{""country"":""not_found_in_consulted_sources"",""end_date"":""not_found_in_consulted_sources"",""languages_json"":""not_found_in_consulted_sources"",""modality"":""not_found_in_consulted_sources"",""themes_json"":""not_found_in_consulted_sources"",""timezone"":""not_found_in_consulted_sources""}"
evt_238c590059068dfc,quincho-residentes-2021,series_c146648519393e15,Muestra de artistas residentes — Residencias en residencia,https://buenosaires.gob.ar/sites/default/files/media/document/2022/08/17/694513bc7addb3de09142fe05a5f2d1783002955.pdf,2021-11-02,,day,,,historical_listing,Buenos Aires,,venue_dbdc24a69654118b,venue_named_no_coordinates,art_exhibition_opening,arts,,,2026-09-28,"{""city"":""Buenos Aires"",""classification_origin"":""researcher_derived_from_description"",""costs"":[],""country"":null,""date_precision"":""day"",""end_date"":null,""field_sources"":{""city"":[""https://buenosaires.gob.ar/sites/default/files/media/document/2022/08/17/694513bc7addb3de09142fe05a5f2d1783002955.pdf""],""country"":[],""start_date"":[""https://buenosaires.gob.ar/sites/default/files/media/document/2022/08/17/694513bc7addb3de09142fe05a5f2d1783002955.pdf""],""status"":[""https://buenosaires.gob.ar/sites/default/files/media/document/2022/08/17/694513bc7addb3de09142fe05a5f2d1783002955.pdf""],""title"":[""https://buenosaires.gob.ar/sites/default/files/media/document/2022/08/17/694513bc7addb3de09142fe05a5f2d1783002955.pdf""],""venue_name"":[""https://buenosaires.gob.ar/sites/default/files/media/document/2022/08/17/694513bc7addb3de09142fe05a5f2d1783002955.pdf""]},""format"":""art_exhibition_opening"",""key"":""quincho-residentes-2021"",""metrics"":[],""notes"":""Convocatoria del programa; no acredita asistencia ni celebración individual. No se extraen datos personales de artistas o públicos."",""organizations"":[{""domain"":""redquincho.ar"",""name"":""Red Quincho"",""role"":""organizer"",""source_url"":""https://buenosaires.gob.ar/sites/default/files/media/document/2022/08/17/694513bc7addb3de09142fe05a5f2d1783002955.pdf"",""status"":""announced"",""tier"":null}],""parent_edition_key"":""buenos-aires-semana-arte-2021"",""platform_access"":[],""platform_urls"":[],""sector"":""arts"",""series_name"":""Residencias en residencia"",""source_locator"":""PDF página 39 (índice 38)"",""source_urls"":[""https://buenosaires.gob.ar/sites/default/files/media/document/2022/08/17/694513bc7addb3de09142fe05a5f2d1783002955.pdf""],""start_date"":""2021-11-02"",""status"":""historical_listing"",""title"":""Muestra de artistas residentes — Residencias en residencia"",""url"":""https://buenosaires.gob.ar/sites/default/files/media/document/2022/08/17/694513bc7addb3de09142fe05a5f2d1783002955.pdf"",""venue_name"":""Casa Suiza""}","{""country"":""not_found_in_consulted_sources"",""end_date"":""not_found_in_consulted_sources"",""languages_json"":""not_found_in_consulted_sources"",""modality"":""not_found_in_consulted_sources"",""themes_json"":""not_found_in_consulted_sources"",""timezone"":""not_found_in_consulted_sources""}"
evt_d016107b86ad15fa,national-gallery-sunset-yoga-2026,series_87228fa8900c2da8,Sunset Yoga and Sound Bath,https://www.nationalgallery.sg/sg/en/festivals/Slow-Saturday/Sunset-Yoga-and-Sound-Bath.html,2026-10-03,,day,,,announced,Singapore,Singapore,venue_83022b0dc0cb2279,venue_named_no_coordinates,wellness_workshop,wellness_and_culture,,,2026-09-28,"{""activation_promises"":[{""description"":""Muestra Hydr-Aid para cada participante"",""organization"":""Moom Health"",""source_url"":""https://www.nationalgallery.sg/sg/en/festivals/Slow-Saturday/Sunset-Yoga-and-Sound-Bath.html"",""status"":""announced""}],""city"":""Singapore"",""classification_origin"":""researcher_derived_from_description"",""costs"":[{""amount"":25,""category"":""admission"",""currency"":null,""label"":""$25 Standard"",""locator"":""$25 Standard"",""source_url"":""https://www.nationalgallery.sg/sg/en/festivals/Slow-Saturday/Sunset-Yoga-and-Sound-Bath.html"",""status"":""published_rate"",""unit"":""ticket""},{""amount"":20,""category"":""admission"",""currency"":null,""label"":""$20 Gallery Insiders"",""locator"":""$20 Gallery Insiders"",""source_url"":""https://www.nationalgallery.sg/sg/en/festivals/Slow-Saturday/Sunset-Yoga-and-Sound-Bath.html"",""status"":""published_rate"",""unit"":""ticket""}],""country"":""Singapore"",""date_precision"":""day"",""end_date"":null,""field_sources"":{""city"":[""https://www.nationalgallery.sg/sg/en/festivals/Slow-Saturday/Sunset-Yoga-and-Sound-Bath.html""],""country"":[""https://www.nationalgallery.sg/sg/en/festivals/Slow-Saturday/Sunset-Yoga-and-Sound-Bath.html""],""start_date"":[""https://www.nationalgallery.sg/sg/en/festivals/Slow-Saturday/Sunset-Yoga-and-Sound-Bath.html""],""status"":[""https://www.nationalgallery.sg/sg/en/festivals/Slow-Saturday/Sunset-Yoga-and-Sound-Bath.html""],""title"":[""https://www.nationalgallery.sg/sg/en/festivals/Slow-Saturday/Sunset-Yoga-and-Sound-Bath.html""],""venue_address"":[""https://www.nationalgallery.sg/sg/en/festivals/Slow-Saturday/Sunset-Yoga-and-Sound-Bath.html""],""venue_name"":[""https://www.nationalgallery.sg/sg/en/festivals/Slow-Saturday/Sunset-Yoga-and-Sound-Bath.html""]},""format"":""wellness_workshop"",""key"":""national-gallery-sunset-yoga-2026"",""metrics"":[],""notes"":""Futuro explícitamente fechado. Moom Health no se presenta como patrocinador monetario; la promesa de muestras aún no acredita entrega. No se heredan los bancos del pie institucional."",""organizations"":[{""domain"":""nationalgallery.sg"",""name"":""National Gallery Singapore"",""role"":""organizer"",""source_url"":""https://www.nationalgallery.sg/sg/en/festivals/Slow-Saturday/Sunset-Yoga-and-Sound-Bath.html"",""status"":""announced"",""tier"":null},{""domain"":null,""name"":""Moom Health"",""role"":""partner"",""source_url"":""https://www.nationalgallery.sg/sg/en/festivals/Slow-Saturday/Sunset-Yoga-and-Sound-Bath.html"",""status"":""announced"",""tier"":null}],""platform_access"":[],""platform_urls"":[],""sector"":""wellness_and_culture"",""series_name"":""Slow Saturday"",""source_urls"":[""https://www.nationalgallery.sg/sg/en/festivals/Slow-Saturday/Sunset-Yoga-and-Sound-Bath.html""],""start_date"":""2026-10-03"",""status"":""announced"",""title"":""Sunset Yoga and Sound Bath"",""url"":""https://www.nationalgallery.sg/sg/en/festivals/Slow-Saturday/Sunset-Yoga-and-Sound-Bath.html"",""venue_address"":""1 St Andrew’s Road, Singapore 178957"",""venue_name"":""National Gallery Singapore, City Hall Wing, Level 5, Ng Teng Fong Roof Garden Gallery""}","{""end_date"":""not_found_in_consulted_sources"",""languages_json"":""not_found_in_consulted_sources"",""modality"":""not_found_in_consulted_sources"",""themes_json"":""not_found_in_consulted_sources"",""timezone"":""not_found_in_consulted_sources""}"
evt_86ccff2abc06f79c,cce-lima-ecodoc-2025,,ECODOC: taller de documentales,https://ccelima.aecid.es/-/ecodoc-taller-de-documentales,2025-11-10,2025-11-21,day,,,historical_listing,Lima,,venue_78c113beaf35caf1,venue_named_no_coordinates,filmmaking_workshop,environmental_documentary,,,2026-09-28,"{""city"":""Lima"",""classification_origin"":""researcher_derived_from_description"",""costs"":[{""amount"":0,""category"":""admission"",""currency"":null,""label"":""Gratuito"",""locator"":""Gratuito"",""source_url"":""https://ccelima.aecid.es/-/ecodoc-taller-de-documentales"",""status"":""published_rate"",""unit"":""ticket""}],""country"":null,""date_precision"":""day"",""end_date"":""2025-11-21"",""field_sources"":{""city"":[""https://ccelima.aecid.es/-/ecodoc-taller-de-documentales""],""country"":[],""end_date"":[""https://ccelima.aecid.es/-/ecodoc-taller-de-documentales""],""start_date"":[""https://ccelima.aecid.es/-/ecodoc-taller-de-documentales""],""status"":[""https://ccelima.aecid.es/-/ecodoc-taller-de-documentales""],""title"":[""https://ccelima.aecid.es/-/ecodoc-taller-de-documentales""],""venue_address"":[""https://ccelima.aecid.es/-/ecodoc-taller-de-documentales""],""venue_name"":[""https://ccelima.aecid.es/-/ecodoc-taller-de-documentales""]},""format"":""filmmaking_workshop"",""key"":""cce-lima-ecodoc-2025"",""metrics"":[{""denominator"":null,""locator"":""Cupo: 8"",""name"":""announced_capacity"",""source_url"":""https://ccelima.aecid.es/-/ecodoc-taller-de-documentales"",""status"":""announced"",""unit"":""places"",""value"":8}],""notes"":""Una edición de 10 sesiones; no se convierte en diez eventos. La lista de admisión no prueba asistencia y se excluye del dataset."",""organizations"":[{""domain"":""ccelima.aecid.es"",""name"":""CCE Lima"",""role"":""organizer"",""source_url"":""https://ccelima.aecid.es/-/ecodoc-taller-de-documentales"",""status"":""announced"",""tier"":null},{""domain"":null,""name"":""EUNIC Perú"",""role"":""organizer"",""source_url"":""https://ccelima.aecid.es/-/ecodoc-taller-de-documentales"",""status"":""announced"",""tier"":null}],""platform_access"":[],""platform_urls"":[],""sector"":""environmental_documentary"",""series_name"":null,""source_urls"":[""https://ccelima.aecid.es/-/ecodoc-taller-de-documentales""],""start_date"":""2025-11-10"",""status"":""historical_listing"",""title"":""ECODOC: taller de documentales"",""url"":""https://ccelima.aecid.es/-/ecodoc-taller-de-documentales"",""venue_address"":""Jorge Basadre 990, San Isidro, Lima"",""venue_name"":""Sala multiusos, sede temporal del CCE Lima, Jorge Basadre 990, San Isidro""}","{""country"":""not_found_in_consulted_sources"",""languages_json"":""not_found_in_consulted_sources"",""modality"":""not_found_in_consulted_sources"",""series_id"":""not_found_in_consulted_sources"",""themes_json"":""not_found_in_consulted_sources"",""timezone"":""not_found_in_consulted_sources""}"
evt_482ab23213906ea0,iberescena-tegucigalpa-2025,series_65742b7461c57cd2,Taller de formulación de proyectos para IBERESCENA — Tegucigalpa,https://ccetegucigalpa.aecid.es/-/taller-de-formulaci%C3%B3n-de-proyectos-para-iberescena,2025-06-23,2025-06-24,day,,,historical_listing,Tegucigalpa,Honduras,venue_e4968bf7e77304c7,venue_named_no_coordinates,workshop_and_public_conversation,performing_arts,,,2026-09-28,"{""city"":""Tegucigalpa"",""classification_origin"":""researcher_derived_from_description"",""costs"":[],""country"":""Honduras"",""date_precision"":""day"",""end_date"":""2025-06-24"",""field_sources"":{""city"":[""https://ccetegucigalpa.aecid.es/-/taller-de-formulaci%C3%B3n-de-proyectos-para-iberescena""],""country"":[""https://ccetegucigalpa.aecid.es/-/taller-de-formulaci%C3%B3n-de-proyectos-para-iberescena""],""end_date"":[""https://ccetegucigalpa.aecid.es/-/taller-de-formulaci%C3%B3n-de-proyectos-para-iberescena""],""start_date"":[""https://ccetegucigalpa.aecid.es/-/taller-de-formulaci%C3%B3n-de-proyectos-para-iberescena""],""status"":[""https://ccetegucigalpa.aecid.es/-/taller-de-formulaci%C3%B3n-de-proyectos-para-iberescena""],""title"":[""https://ccetegucigalpa.aecid.es/-/taller-de-formulaci%C3%B3n-de-proyectos-para-iberescena""],""venue_name"":[""https://ccetegucigalpa.aecid.es/-/taller-de-formulaci%C3%B3n-de-proyectos-para-iberescena""]},""format"":""workshop_and_public_conversation"",""key"":""iberescena-tegucigalpa-2025"",""metrics"":[],""notes"":""Se separan dos sedes con fechas explícitas. El cupo de 20 personas corresponde a la convocatoria global y no se duplica por ciudad. Se mantiene la contradicción de años de convocatoria sin alterar las fechas 2025 publicadas."",""organizations"":[{""domain"":""ccetegucigalpa.aecid.es"",""name"":""Centro Cultural de España en Tegucigalpa"",""role"":""organizer"",""source_url"":""https://ccetegucigalpa.aecid.es/-/taller-de-formulaci%C3%B3n-de-proyectos-para-iberescena"",""status"":""announced"",""tier"":null},{""domain"":null,""name"":""Programa ACERCA"",""role"":""organizer"",""source_url"":""https://ccetegucigalpa.aecid.es/-/taller-de-formulaci%C3%B3n-de-proyectos-para-iberescena"",""status"":""announced"",""tier"":null},{""domain"":null,""name"":""Programa IBERESCENA"",""role"":""organizer"",""source_url"":""https://ccetegucigalpa.aecid.es/-/taller-de-formulaci%C3%B3n-de-proyectos-para-iberescena"",""status"":""announced"",""tier"":null},{""domain"":null,""name"":""SECAPPH"",""role"":""organizer"",""source_url"":""https://ccetegucigalpa.aecid.es/-/taller-de-formulaci%C3%B3n-de-proyectos-para-iberescena"",""status"":""announced"",""tier"":null}],""platform_access"":[],""platform_urls"":[],""sector"":""performing_arts"",""series_name"":""Formación IBERESCENA junio 2025"",""source_urls"":[""https://ccetegucigalpa.aecid.es/-/taller-de-formulaci%C3%B3n-de-proyectos-para-iberescena""],""start_date"":""2025-06-23"",""status"":""historical_listing"",""title"":""Taller de formulación de proyectos para IBERESCENA — Tegucigalpa"",""url"":""https://ccetegucigalpa.aecid.es/-/taller-de-formulaci%C3%B3n-de-proyectos-para-iberescena"",""venue_name"":""Centro Cultural de España (CCET)""}","{""languages_json"":""not_found_in_consulted_sources"",""modality"":""not_found_in_consulted_sources"",""themes_json"":""not_found_in_consulted_sources"",""timezone"":""not_found_in_consulted_sources""}"
evt_33c264941211cfff,iberescena-san-pedro-sula-2025,series_65742b7461c57cd2,Taller de formulación de proyectos para IBERESCENA — San Pedro Sula,https://ccetegucigalpa.aecid.es/-/taller-de-formulaci%C3%B3n-de-proyectos-para-iberescena,2025-06-25,2025-06-26,day,,,historical_listing,San Pedro Sula,Honduras,venue_138f4c61b89fc018,venue_named_no_coordinates,workshop_and_public_conversation,performing_arts,,,2026-09-28,"{""city"":""San Pedro Sula"",""classification_origin"":""researcher_derived_from_description"",""costs"":[],""country"":""Honduras"",""date_precision"":""day"",""end_date"":""2025-06-26"",""field_sources"":{""city"":[""https://ccetegucigalpa.aecid.es/-/taller-de-formulaci%C3%B3n-de-proyectos-para-iberescena""],""country"":[""https://ccetegucigalpa.aecid.es/-/taller-de-formulaci%C3%B3n-de-proyectos-para-iberescena""],""end_date"":[""https://ccetegucigalpa.aecid.es/-/taller-de-formulaci%C3%B3n-de-proyectos-para-iberescena""],""start_date"":[""https://ccetegucigalpa.aecid.es/-/taller-de-formulaci%C3%B3n-de-proyectos-para-iberescena""],""status"":[""https://ccetegucigalpa.aecid.es/-/taller-de-formulaci%C3%B3n-de-proyectos-para-iberescena""],""title"":[""https://ccetegucigalpa.aecid.es/-/taller-de-formulaci%C3%B3n-de-proyectos-para-iberescena""],""venue_name"":[""https://ccetegucigalpa.aecid.es/-/taller-de-formulaci%C3%B3n-de-proyectos-para-iberescena""]},""format"":""workshop_and_public_conversation"",""key"":""iberescena-san-pedro-sula-2025"",""metrics"":[],""notes"":""Se separan dos sedes con fechas explícitas. El cupo de 20 personas corresponde a la convocatoria global y no se duplica por ciudad. Se mantiene la contradicción de años de convocatoria sin alterar las fechas 2025 publicadas."",""organizations"":[{""domain"":""ccetegucigalpa.aecid.es"",""name"":""Centro Cultural de España en Tegucigalpa"",""role"":""organizer"",""source_url"":""https://ccetegucigalpa.aecid.es/-/taller-de-formulaci%C3%B3n-de-proyectos-para-iberescena"",""status"":""announced"",""tier"":null},{""domain"":null,""name"":""Programa ACERCA"",""role"":""organizer"",""source_url"":""https://ccetegucigalpa.aecid.es/-/taller-de-formulaci%C3%B3n-de-proyectos-para-iberescena"",""status"":""announced"",""tier"":null},{""domain"":null,""name"":""Programa IBERESCENA"",""role"":""organizer"",""source_url"":""https://ccetegucigalpa.aecid.es/-/taller-de-formulaci%C3%B3n-de-proyectos-para-iberescena"",""status"":""announced"",""tier"":null},{""domain"":null,""name"":""SECAPPH"",""role"":""organizer"",""source_url"":""https://ccetegucigalpa.aecid.es/-/taller-de-formulaci%C3%B3n-de-proyectos-para-iberescena"",""status"":""announced"",""tier"":null}],""platform_access"":[],""platform_urls"":[],""sector"":""performing_arts"",""series_name"":""Formación IBERESCENA junio 2025"",""source_urls"":[""https://ccetegucigalpa.aecid.es/-/taller-de-formulaci%C3%B3n-de-proyectos-para-iberescena""],""start_date"":""2025-06-25"",""status"":""historical_listing"",""title"":""Taller de formulación de proyectos para IBERESCENA — San Pedro Sula"",""url"":""https://ccetegucigalpa.aecid.es/-/taller-de-formulaci%C3%B3n-de-proyectos-para-iberescena"",""venue_name"":""Casa de la Cultura""}","{""languages_json"":""not_found_in_consulted_sources"",""modality"":""not_found_in_consulted_sources"",""themes_json"":""not_found_in_consulted_sources"",""timezone"":""not_found_in_consulted_sources""}"
evt_4871448a539f5fb0,cemat-south-east-asia-2026,series_7f411072116c8db0,CeMAT South East Asia 2026,https://www.hannovermesse.de/files/files/001/media/globale-bilder-downloads/presse/auslandsveranstaltungen/industry-logistic-worldwide-flyer.pdf,2026-05-12,2026-05-14,day,,,historical_listing,Singapore,Singapore,venue_a0603ef6d5c3169b,venue_named_no_coordinates,trade_fair,logistics,,,2026-09-28,"{""city"":""Singapore"",""costs"":[],""country"":""Singapore"",""date_precision"":""day"",""end_date"":""2026-05-14"",""field_sources"":{""city"":[""https://www.hannovermesse.de/files/files/001/media/globale-bilder-downloads/presse/auslandsveranstaltungen/industry-logistic-worldwide-flyer.pdf""],""country"":[""https://www.hannovermesse.de/files/files/001/media/globale-bilder-downloads/presse/auslandsveranstaltungen/industry-logistic-worldwide-flyer.pdf""],""end_date"":[""https://www.hannovermesse.de/files/files/001/media/globale-bilder-downloads/presse/auslandsveranstaltungen/industry-logistic-worldwide-flyer.pdf""],""start_date"":[""https://www.hannovermesse.de/files/files/001/media/globale-bilder-downloads/presse/auslandsveranstaltungen/industry-logistic-worldwide-flyer.pdf""],""title"":[""https://www.hannovermesse.de/files/files/001/media/globale-bilder-downloads/presse/auslandsveranstaltungen/industry-logistic-worldwide-flyer.pdf""],""venue_name"":[""https://www.hannovermesse.de/files/files/001/media/globale-bilder-downloads/presse/auslandsveranstaltungen/industry-logistic-worldwide-flyer.pdf""]},""format"":""trade_fair"",""key"":""cemat-south-east-asia-2026"",""metrics"":[{""comparator"":""stated"",""denominator"":null,""locator"":""CeMAT South East Asia"",""name"":""exhibitors_expected"",""scope"":""edition"",""source_url"":""https://www.hannovermesse.de/files/files/001/media/globale-bilder-downloads/presse/auslandsveranstaltungen/industry-logistic-worldwide-flyer.pdf"",""status"":""announced"",""unit"":""organizations"",""value"":120},{""comparator"":""stated"",""denominator"":null,""locator"":""CeMAT South East Asia"",""name"":""visitors_expected"",""scope"":""edition"",""source_url"":""https://www.hannovermesse.de/files/files/001/media/globale-bilder-downloads/presse/auslandsveranstaltungen/industry-logistic-worldwide-flyer.pdf"",""status"":""announced"",""unit"":""visitors"",""value"":5000}],""notes"":""Calendario anunciado al 25-03-2026; verificar vigencia antes de recomendar. Publicación del portfolio no demuestra organizador legal único."",""organizations"":[{""domain"":""messe.de"",""name"":""Deutsche Messe"",""role"":""portfolio_publisher"",""source_url"":""https://www.hannovermesse.de/files/files/001/media/globale-bilder-downloads/presse/auslandsveranstaltungen/industry-logistic-worldwide-flyer.pdf"",""status"":""listed_by_publisher""}],""platform_urls"":[],""sector"":""logistics"",""series_name"":""CeMAT South East Asia"",""source_urls"":[""https://www.hannovermesse.de/files/files/001/media/globale-bilder-downloads/presse/auslandsveranstaltungen/industry-logistic-worldwide-flyer.pdf""],""start_date"":""2026-05-12"",""status"":""historical_listing"",""title"":""CeMAT South East Asia 2026"",""url"":""https://www.hannovermesse.de/files/files/001/media/globale-bilder-downloads/presse/auslandsveranstaltungen/industry-logistic-worldwide-flyer.pdf"",""venue_name"":""Singapore Expo""}","{""languages_json"":""not_found_in_consulted_sources"",""modality"":""not_found_in_consulted_sources"",""themes_json"":""not_found_in_consulted_sources"",""timezone"":""not_found_in_consulted_sources""}"
evt_6228196d8ad98785,let-2026,series_3281e03f27cf94cf,LET — A CeMAT ASIA EVENT 2026,https://www.hannovermesse.de/files/files/001/media/globale-bilder-downloads/presse/auslandsveranstaltungen/industry-logistic-worldwide-flyer.pdf,2026-06-03,2026-06-05,day,,,historical_listing,Guangzhou,China,venue_af57549531a0bbf3,venue_named_no_coordinates,trade_fair,logistics,,,2026-09-28,"{""city"":""Guangzhou"",""costs"":[],""country"":""China"",""date_precision"":""day"",""end_date"":""2026-06-05"",""field_sources"":{""city"":[""https://www.hannovermesse.de/files/files/001/media/globale-bilder-downloads/presse/auslandsveranstaltungen/industry-logistic-worldwide-flyer.pdf""],""country"":[""https://www.hannovermesse.de/files/files/001/media/globale-bilder-downloads/presse/auslandsveranstaltungen/industry-logistic-worldwide-flyer.pdf""],""end_date"":[""https://www.hannovermesse.de/files/files/001/media/globale-bilder-downloads/presse/auslandsveranstaltungen/industry-logistic-worldwide-flyer.pdf""],""start_date"":[""https://www.hannovermesse.de/files/files/001/media/globale-bilder-downloads/presse/auslandsveranstaltungen/industry-logistic-worldwide-flyer.pdf""],""title"":[""https://www.hannovermesse.de/files/files/001/media/globale-bilder-downloads/presse/auslandsveranstaltungen/industry-logistic-worldwide-flyer.pdf""],""venue_name"":[""https://www.hannovermesse.de/files/files/001/media/globale-bilder-downloads/presse/auslandsveranstaltungen/industry-logistic-worldwide-flyer.pdf""]},""format"":""trade_fair"",""key"":""let-2026"",""metrics"":[{""comparator"":""over"",""denominator"":null,""locator"":""LET — A CeMAT ASIA EVENT"",""name"":""exhibitors_expected"",""scope"":""edition"",""source_url"":""https://www.hannovermesse.de/files/files/001/media/globale-bilder-downloads/presse/auslandsveranstaltungen/industry-logistic-worldwide-flyer.pdf"",""status"":""announced"",""unit"":""organizations"",""value"":1000},{""comparator"":""over"",""denominator"":null,""locator"":""LET — A CeMAT ASIA EVENT"",""name"":""visitors_expected"",""scope"":""edition"",""source_url"":""https://www.hannovermesse.de/files/files/001/media/globale-bilder-downloads/presse/auslandsveranstaltungen/industry-logistic-worldwide-flyer.pdf"",""status"":""announced"",""unit"":""visitors"",""value"":50000}],""notes"":""Calendario anunciado al 25-03-2026; verificar vigencia antes de recomendar. Publicación del portfolio no demuestra organizador legal único."",""organizations"":[{""domain"":""messe.de"",""name"":""Deutsche Messe"",""role"":""portfolio_publisher"",""source_url"":""https://www.hannovermesse.de/files/files/001/media/globale-bilder-downloads/presse/auslandsveranstaltungen/industry-logistic-worldwide-flyer.pdf"",""status"":""listed_by_publisher""}],""platform_urls"":[],""sector"":""logistics"",""series_name"":""LET — A CeMAT ASIA EVENT"",""source_urls"":[""https://www.hannovermesse.de/files/files/001/media/globale-bilder-downloads/presse/auslandsveranstaltungen/industry-logistic-worldwide-flyer.pdf""],""start_date"":""2026-06-03"",""status"":""historical_listing"",""title"":""LET — A CeMAT ASIA EVENT 2026"",""url"":""https://www.hannovermesse.de/files/files/001/media/globale-bilder-downloads/presse/auslandsveranstaltungen/industry-logistic-worldwide-flyer.pdf"",""venue_name"":""China Import Export Fair Complex""}","{""languages_json"":""not_found_in_consulted_sources"",""modality"":""not_found_in_consulted_sources"",""themes_json"":""not_found_in_consulted_sources"",""timezone"":""not_found_in_consulted_sources""}"
evt_e41bc37a43b4420d,cemat-australia-2026,series_00d12845dd613220,CeMAT Australia 2026,https://www.hannovermesse.de/files/files/001/media/globale-bilder-downloads/presse/auslandsveranstaltungen/industry-logistic-worldwide-flyer.pdf,2026-06-23,2026-06-25,day,,,historical_listing,Melbourne,Australia,venue_093eb28049a7b3f3,venue_named_no_coordinates,trade_fair,logistics,,,2026-09-28,"{""city"":""Melbourne"",""costs"":[],""country"":""Australia"",""date_precision"":""day"",""end_date"":""2026-06-25"",""field_sources"":{""city"":[""https://www.hannovermesse.de/files/files/001/media/globale-bilder-downloads/presse/auslandsveranstaltungen/industry-logistic-worldwide-flyer.pdf""],""country"":[""https://www.hannovermesse.de/files/files/001/media/globale-bilder-downloads/presse/auslandsveranstaltungen/industry-logistic-worldwide-flyer.pdf""],""end_date"":[""https://www.hannovermesse.de/files/files/001/media/globale-bilder-downloads/presse/auslandsveranstaltungen/industry-logistic-worldwide-flyer.pdf""],""start_date"":[""https://www.hannovermesse.de/files/files/001/media/globale-bilder-downloads/presse/auslandsveranstaltungen/industry-logistic-worldwide-flyer.pdf""],""title"":[""https://www.hannovermesse.de/files/files/001/media/globale-bilder-downloads/presse/auslandsveranstaltungen/industry-logistic-worldwide-flyer.pdf""],""venue_name"":[""https://www.hannovermesse.de/files/files/001/media/globale-bilder-downloads/presse/auslandsveranstaltungen/industry-logistic-worldwide-flyer.pdf""]},""format"":""trade_fair"",""key"":""cemat-australia-2026"",""metrics"":[{""comparator"":""stated"",""denominator"":null,""locator"":""CeMAT Australia"",""name"":""exhibitors_expected"",""scope"":""edition"",""source_url"":""https://www.hannovermesse.de/files/files/001/media/globale-bilder-downloads/presse/auslandsveranstaltungen/industry-logistic-worldwide-flyer.pdf"",""status"":""announced"",""unit"":""organizations"",""value"":131},{""comparator"":""stated"",""denominator"":null,""locator"":""CeMAT Australia"",""name"":""visitors_expected"",""scope"":""edition"",""source_url"":""https://www.hannovermesse.de/files/files/001/media/globale-bilder-downloads/presse/auslandsveranstaltungen/industry-logistic-worldwide-flyer.pdf"",""status"":""announced"",""unit"":""visitors"",""value"":4577}],""notes"":""Calendario anunciado al 25-03-2026; verificar vigencia antes de recomendar. Publicación del portfolio no demuestra organizador legal único."",""organizations"":[{""domain"":""messe.de"",""name"":""Deutsche Messe"",""role"":""portfolio_publisher"",""source_url"":""https://www.hannovermesse.de/files/files/001/media/globale-bilder-downloads/presse/auslandsveranstaltungen/industry-logistic-worldwide-flyer.pdf"",""status"":""listed_by_publisher""}],""platform_urls"":[],""sector"":""logistics"",""series_name"":""CeMAT Australia"",""source_urls"":[""https://www.hannovermesse.de/files/files/001/media/globale-bilder-downloads/presse/auslandsveranstaltungen/industry-logistic-worldwide-flyer.pdf""],""start_date"":""2026-06-23"",""status"":""historical_listing"",""title"":""CeMAT Australia 2026"",""url"":""https://www.hannovermesse.de/files/files/001/media/globale-bilder-downloads/presse/auslandsveranstaltungen/industry-logistic-worldwide-flyer.pdf"",""venue_name"":""Melbourne Convention & Exhibition Centre""}","{""languages_json"":""not_found_in_consulted_sources"",""modality"":""not_found_in_consulted_sources"",""themes_json"":""not_found_in_consulted_sources"",""timezone"":""not_found_in_consulted_sources""}"
evt_a335dad57b86fbf5,cemat-asia-2026,series_60511d2bdaa9d081,CeMAT Asia 2026,https://www.hannovermesse.de/files/files/001/media/globale-bilder-downloads/presse/auslandsveranstaltungen/industry-logistic-worldwide-flyer.pdf,2026-11-03,2026-11-06,day,,,announced,Shanghai,China,venue_b12b13fb7a82a888,venue_named_no_coordinates,trade_fair,logistics,,,2026-09-28,"{""city"":""Shanghai"",""costs"":[],""country"":""China"",""date_precision"":""day"",""end_date"":""2026-11-06"",""field_sources"":{""city"":[""https://www.hannovermesse.de/files/files/001/media/globale-bilder-downloads/presse/auslandsveranstaltungen/industry-logistic-worldwide-flyer.pdf""],""country"":[""https://www.hannovermesse.de/files/files/001/media/globale-bilder-downloads/presse/auslandsveranstaltungen/industry-logistic-worldwide-flyer.pdf""],""end_date"":[""https://www.hannovermesse.de/files/files/001/media/globale-bilder-downloads/presse/auslandsveranstaltungen/industry-logistic-worldwide-flyer.pdf""],""start_date"":[""https://www.hannovermesse.de/files/files/001/media/globale-bilder-downloads/presse/auslandsveranstaltungen/industry-logistic-worldwide-flyer.pdf""],""title"":[""https://www.hannovermesse.de/files/files/001/media/globale-bilder-downloads/presse/auslandsveranstaltungen/industry-logistic-worldwide-flyer.pdf""],""venue_name"":[""https://www.hannovermesse.de/files/files/001/media/globale-bilder-downloads/presse/auslandsveranstaltungen/industry-logistic-worldwide-flyer.pdf""]},""format"":""trade_fair"",""key"":""cemat-asia-2026"",""metrics"":[{""comparator"":""stated"",""denominator"":null,""locator"":""CeMAT Asia"",""name"":""exhibitors_expected"",""scope"":""edition"",""source_url"":""https://www.hannovermesse.de/files/files/001/media/globale-bilder-downloads/presse/auslandsveranstaltungen/industry-logistic-worldwide-flyer.pdf"",""status"":""announced"",""unit"":""organizations"",""value"":900},{""comparator"":""stated"",""denominator"":null,""locator"":""CeMAT Asia"",""name"":""visitors_expected"",""scope"":""TIFN combined; do not sum across co-located events"",""source_url"":""https://www.hannovermesse.de/files/files/001/media/globale-bilder-downloads/presse/auslandsveranstaltungen/industry-logistic-worldwide-flyer.pdf"",""status"":""announced"",""unit"":""visitors"",""value"":140000}],""notes"":""Calendario anunciado al 25-03-2026; verificar vigencia antes de recomendar. Publicación del portfolio no demuestra organizador legal único."",""organizations"":[{""domain"":""messe.de"",""name"":""Deutsche Messe"",""role"":""portfolio_publisher"",""source_url"":""https://www.hannovermesse.de/files/files/001/media/globale-bilder-downloads/presse/auslandsveranstaltungen/industry-logistic-worldwide-flyer.pdf"",""status"":""listed_by_publisher""}],""platform_urls"":[],""sector"":""logistics"",""series_name"":""CeMAT Asia"",""source_urls"":[""https://www.hannovermesse.de/files/files/001/media/globale-bilder-downloads/presse/auslandsveranstaltungen/industry-logistic-worldwide-flyer.pdf""],""start_date"":""2026-11-03"",""status"":""announced"",""title"":""CeMAT Asia 2026"",""url"":""https://www.hannovermesse.de/files/files/001/media/globale-bilder-downloads/presse/auslandsveranstaltungen/industry-logistic-worldwide-flyer.pdf"",""venue_name"":""Shanghai New International Expo Centre""}","{""languages_json"":""not_found_in_consulted_sources"",""modality"":""not_found_in_consulted_sources"",""themes_json"":""not_found_in_consulted_sources"",""timezone"":""not_found_in_consulted_sources""}"
evt_f5229c036ed7d706,logistics-automation-nz-2026,series_01e51a9a17379a9d,Logistics Automation New Zealand 2026,https://www.hannovermesse.de/files/files/001/media/globale-bilder-downloads/presse/auslandsveranstaltungen/industry-logistic-worldwide-flyer.pdf,2026-11-10,2026-11-11,day,,,announced,Auckland,New Zealand,venue_0db8b5a6476ad57a,venue_named_no_coordinates,trade_fair,logistics,,,2026-09-28,"{""city"":""Auckland"",""costs"":[],""country"":""New Zealand"",""date_precision"":""day"",""end_date"":""2026-11-11"",""field_sources"":{""city"":[""https://www.hannovermesse.de/files/files/001/media/globale-bilder-downloads/presse/auslandsveranstaltungen/industry-logistic-worldwide-flyer.pdf""],""country"":[""https://www.hannovermesse.de/files/files/001/media/globale-bilder-downloads/presse/auslandsveranstaltungen/industry-logistic-worldwide-flyer.pdf""],""end_date"":[""https://www.hannovermesse.de/files/files/001/media/globale-bilder-downloads/presse/auslandsveranstaltungen/industry-logistic-worldwide-flyer.pdf""],""start_date"":[""https://www.hannovermesse.de/files/files/001/media/globale-bilder-downloads/presse/auslandsveranstaltungen/industry-logistic-worldwide-flyer.pdf""],""title"":[""https://www.hannovermesse.de/files/files/001/media/globale-bilder-downloads/presse/auslandsveranstaltungen/industry-logistic-worldwide-flyer.pdf""],""venue_name"":[""https://www.hannovermesse.de/files/files/001/media/globale-bilder-downloads/presse/auslandsveranstaltungen/industry-logistic-worldwide-flyer.pdf""]},""format"":""trade_fair"",""key"":""logistics-automation-nz-2026"",""metrics"":[{""comparator"":""stated"",""denominator"":null,""locator"":""Logistics Automation New Zealand"",""name"":""exhibitors_expected"",""scope"":""edition"",""source_url"":""https://www.hannovermesse.de/files/files/001/media/globale-bilder-downloads/presse/auslandsveranstaltungen/industry-logistic-worldwide-flyer.pdf"",""status"":""announced"",""unit"":""organizations"",""value"":130},{""comparator"":""stated"",""denominator"":null,""locator"":""Logistics Automation New Zealand"",""name"":""visitors_expected"",""scope"":""edition"",""source_url"":""https://www.hannovermesse.de/files/files/001/media/globale-bilder-downloads/presse/auslandsveranstaltungen/industry-logistic-worldwide-flyer.pdf"",""status"":""announced"",""unit"":""visitors"",""value"":4000}],""notes"":""Calendario anunciado al 25-03-2026; verificar vigencia antes de recomendar. Publicación del portfolio no demuestra organizador legal único."",""organizations"":[{""domain"":""messe.de"",""name"":""Deutsche Messe"",""role"":""portfolio_publisher"",""source_url"":""https://www.hannovermesse.de/files/files/001/media/globale-bilder-downloads/presse/auslandsveranstaltungen/industry-logistic-worldwide-flyer.pdf"",""status"":""listed_by_publisher""}],""platform_urls"":[],""sector"":""logistics"",""series_name"":""Logistics Automation New Zealand"",""source_urls"":[""https://www.hannovermesse.de/files/files/001/media/globale-bilder-downloads/presse/auslandsveranstaltungen/industry-logistic-worldwide-flyer.pdf""],""start_date"":""2026-11-10"",""status"":""announced"",""title"":""Logistics Automation New Zealand 2026"",""url"":""https://www.hannovermesse.de/files/files/001/media/globale-bilder-downloads/presse/auslandsveranstaltungen/industry-logistic-worldwide-flyer.pdf"",""venue_name"":""Auckland Showgrounds""}","{""languages_json"":""not_found_in_consulted_sources"",""modality"":""not_found_in_consulted_sources"",""themes_json"":""not_found_in_consulted_sources"",""timezone"":""not_found_in_consulted_sources""}"
evt_14059a01a933c5a3,supply-chain-indonesia-2026,series_133e0658c73e4350,Supply Chain Indonesia 2026,https://www.hannovermesse.de/files/files/001/media/globale-bilder-downloads/presse/auslandsveranstaltungen/industry-logistic-worldwide-flyer.pdf,2026-11-25,2026-11-27,day,,,announced,Jakarta,Indonesia,venue_736a73b8c637ab6e,venue_named_no_coordinates,trade_fair,logistics,,,2026-09-28,"{""city"":""Jakarta"",""costs"":[],""country"":""Indonesia"",""date_precision"":""day"",""end_date"":""2026-11-27"",""field_sources"":{""city"":[""https://www.hannovermesse.de/files/files/001/media/globale-bilder-downloads/presse/auslandsveranstaltungen/industry-logistic-worldwide-flyer.pdf""],""country"":[""https://www.hannovermesse.de/files/files/001/media/globale-bilder-downloads/presse/auslandsveranstaltungen/industry-logistic-worldwide-flyer.pdf""],""end_date"":[""https://www.hannovermesse.de/files/files/001/media/globale-bilder-downloads/presse/auslandsveranstaltungen/industry-logistic-worldwide-flyer.pdf""],""start_date"":[""https://www.hannovermesse.de/files/files/001/media/globale-bilder-downloads/presse/auslandsveranstaltungen/industry-logistic-worldwide-flyer.pdf""],""title"":[""https://www.hannovermesse.de/files/files/001/media/globale-bilder-downloads/presse/auslandsveranstaltungen/industry-logistic-worldwide-flyer.pdf""],""venue_name"":[""https://www.hannovermesse.de/files/files/001/media/globale-bilder-downloads/presse/auslandsveranstaltungen/industry-logistic-worldwide-flyer.pdf""]},""format"":""trade_fair"",""key"":""supply-chain-indonesia-2026"",""metrics"":[{""comparator"":""stated"",""denominator"":null,""locator"":""Supply Chain Indonesia"",""name"":""exhibitors_expected"",""scope"":""edition"",""source_url"":""https://www.hannovermesse.de/files/files/001/media/globale-bilder-downloads/presse/auslandsveranstaltungen/industry-logistic-worldwide-flyer.pdf"",""status"":""announced"",""unit"":""organizations"",""value"":190},{""comparator"":""stated"",""denominator"":null,""locator"":""Supply Chain Indonesia"",""name"":""visitors_expected"",""scope"":""edition"",""source_url"":""https://www.hannovermesse.de/files/files/001/media/globale-bilder-downloads/presse/auslandsveranstaltungen/industry-logistic-worldwide-flyer.pdf"",""status"":""announced"",""unit"":""visitors"",""value"":5000}],""notes"":""Calendario anunciado al 25-03-2026; verificar vigencia antes de recomendar. Publicación del portfolio no demuestra organizador legal único."",""organizations"":[{""domain"":""messe.de"",""name"":""Deutsche Messe"",""role"":""portfolio_publisher"",""source_url"":""https://www.hannovermesse.de/files/files/001/media/globale-bilder-downloads/presse/auslandsveranstaltungen/industry-logistic-worldwide-flyer.pdf"",""status"":""listed_by_publisher""}],""platform_urls"":[],""sector"":""logistics"",""series_name"":""Supply Chain Indonesia"",""source_urls"":[""https://www.hannovermesse.de/files/files/001/media/globale-bilder-downloads/presse/auslandsveranstaltungen/industry-logistic-worldwide-flyer.pdf""],""start_date"":""2026-11-25"",""status"":""announced"",""title"":""Supply Chain Indonesia 2026"",""url"":""https://www.hannovermesse.de/files/files/001/media/globale-bilder-downloads/presse/auslandsveranstaltungen/industry-logistic-worldwide-flyer.pdf"",""venue_name"":""Nusantara International Convention & Exhibition""}","{""languages_json"":""not_found_in_consulted_sources"",""modality"":""not_found_in_consulted_sources"",""themes_json"":""not_found_in_consulted_sources"",""timezone"":""not_found_in_consulted_sources""}"
evt_bf31a6d2618ec973,hub-of-warehouse-2027,series_db5eafb213e24a28,HOW — Hub of Warehouse 2027,https://www.hannovermesse.de/files/files/001/media/globale-bilder-downloads/presse/auslandsveranstaltungen/industry-logistic-worldwide-flyer.pdf,2027-09-23,2027-09-25,day,,,announced,Istanbul,Türkiye,venue_a1c3f31c8cbb873b,venue_named_no_coordinates,trade_fair,logistics,,,2026-09-28,"{""city"":""Istanbul"",""costs"":[],""country"":""Türkiye"",""date_precision"":""day"",""end_date"":""2027-09-25"",""field_sources"":{""city"":[""https://www.hannovermesse.de/files/files/001/media/globale-bilder-downloads/presse/auslandsveranstaltungen/industry-logistic-worldwide-flyer.pdf""],""country"":[""https://www.hannovermesse.de/files/files/001/media/globale-bilder-downloads/presse/auslandsveranstaltungen/industry-logistic-worldwide-flyer.pdf""],""end_date"":[""https://www.hannovermesse.de/files/files/001/media/globale-bilder-downloads/presse/auslandsveranstaltungen/industry-logistic-worldwide-flyer.pdf""],""start_date"":[""https://www.hannovermesse.de/files/files/001/media/globale-bilder-downloads/presse/auslandsveranstaltungen/industry-logistic-worldwide-flyer.pdf""],""title"":[""https://www.hannovermesse.de/files/files/001/media/globale-bilder-downloads/presse/auslandsveranstaltungen/industry-logistic-worldwide-flyer.pdf""],""venue_name"":[""https://www.hannovermesse.de/files/files/001/media/globale-bilder-downloads/presse/auslandsveranstaltungen/industry-logistic-worldwide-flyer.pdf""]},""format"":""trade_fair"",""key"":""hub-of-warehouse-2027"",""metrics"":[{""comparator"":""stated"",""denominator"":null,""locator"":""HOW — Hub of Warehouse"",""name"":""exhibitors_expected"",""scope"":""edition"",""source_url"":""https://www.hannovermesse.de/files/files/001/media/globale-bilder-downloads/presse/auslandsveranstaltungen/industry-logistic-worldwide-flyer.pdf"",""status"":""announced"",""unit"":""organizations"",""value"":150},{""comparator"":""stated"",""denominator"":null,""locator"":""HOW — Hub of Warehouse"",""name"":""visitors_expected"",""scope"":""edition"",""source_url"":""https://www.hannovermesse.de/files/files/001/media/globale-bilder-downloads/presse/auslandsveranstaltungen/industry-logistic-worldwide-flyer.pdf"",""status"":""announced"",""unit"":""visitors"",""value"":15000}],""notes"":""Calendario anunciado al 25-03-2026; verificar vigencia antes de recomendar. Publicación del portfolio no demuestra organizador legal único."",""organizations"":[{""domain"":""messe.de"",""name"":""Deutsche Messe"",""role"":""portfolio_publisher"",""source_url"":""https://www.hannovermesse.de/files/files/001/media/globale-bilder-downloads/presse/auslandsveranstaltungen/industry-logistic-worldwide-flyer.pdf"",""status"":""listed_by_publisher""}],""platform_urls"":[],""sector"":""logistics"",""series_name"":""HOW — Hub of Warehouse"",""source_urls"":[""https://www.hannovermesse.de/files/files/001/media/globale-bilder-downloads/presse/auslandsveranstaltungen/industry-logistic-worldwide-flyer.pdf""],""start_date"":""2027-09-23"",""status"":""announced"",""title"":""HOW — Hub of Warehouse 2027"",""url"":""https://www.hannovermesse.de/files/files/001/media/globale-bilder-downloads/presse/auslandsveranstaltungen/industry-logistic-worldwide-flyer.pdf"",""venue_name"":""Istanbul Expo Center""}","{""languages_json"":""not_found_in_consulted_sources"",""modality"":""not_found_in_consulted_sources"",""themes_json"":""not_found_in_consulted_sources"",""timezone"":""not_found_in_consulted_sources""}"
evt_9cf09f3a61421893,intralogistica-italia-2028,series_a62483d68761a84a,Intralogistica Italia 2028,https://www.hannovermesse.de/files/files/001/media/globale-bilder-downloads/presse/auslandsveranstaltungen/industry-logistic-worldwide-flyer.pdf,2028-05-29,2028-06-01,day,,,announced,Milano,Italy,venue_8ff96830464cec11,venue_named_no_coordinates,trade_fair,logistics,,,2026-09-28,"{""city"":""Milano"",""costs"":[],""country"":""Italy"",""date_precision"":""day"",""end_date"":""2028-06-01"",""field_sources"":{""city"":[""https://www.hannovermesse.de/files/files/001/media/globale-bilder-downloads/presse/auslandsveranstaltungen/industry-logistic-worldwide-flyer.pdf""],""country"":[""https://www.hannovermesse.de/files/files/001/media/globale-bilder-downloads/presse/auslandsveranstaltungen/industry-logistic-worldwide-flyer.pdf""],""end_date"":[""https://www.hannovermesse.de/files/files/001/media/globale-bilder-downloads/presse/auslandsveranstaltungen/industry-logistic-worldwide-flyer.pdf""],""start_date"":[""https://www.hannovermesse.de/files/files/001/media/globale-bilder-downloads/presse/auslandsveranstaltungen/industry-logistic-worldwide-flyer.pdf""],""title"":[""https://www.hannovermesse.de/files/files/001/media/globale-bilder-downloads/presse/auslandsveranstaltungen/industry-logistic-worldwide-flyer.pdf""],""venue_name"":[""https://www.hannovermesse.de/files/files/001/media/globale-bilder-downloads/presse/auslandsveranstaltungen/industry-logistic-worldwide-flyer.pdf""]},""format"":""trade_fair"",""key"":""intralogistica-italia-2028"",""metrics"":[{""comparator"":""stated"",""denominator"":null,""locator"":""Intralogistica Italia"",""name"":""exhibitors_expected"",""scope"":""edition"",""source_url"":""https://www.hannovermesse.de/files/files/001/media/globale-bilder-downloads/presse/auslandsveranstaltungen/industry-logistic-worldwide-flyer.pdf"",""status"":""announced"",""unit"":""organizations"",""value"":120},{""comparator"":""stated"",""denominator"":null,""locator"":""Intralogistica Italia"",""name"":""visitors_expected"",""scope"":""edition"",""source_url"":""https://www.hannovermesse.de/files/files/001/media/globale-bilder-downloads/presse/auslandsveranstaltungen/industry-logistic-worldwide-flyer.pdf"",""status"":""announced"",""unit"":""visitors"",""value"":25000}],""notes"":""Calendario anunciado al 25-03-2026; verificar vigencia antes de recomendar. Publicación del portfolio no demuestra organizador legal único."",""organizations"":[{""domain"":""messe.de"",""name"":""Deutsche Messe"",""role"":""portfolio_publisher"",""source_url"":""https://www.hannovermesse.de/files/files/001/media/globale-bilder-downloads/presse/auslandsveranstaltungen/industry-logistic-worldwide-flyer.pdf"",""status"":""listed_by_publisher""}],""platform_urls"":[],""sector"":""logistics"",""series_name"":""Intralogistica Italia"",""source_urls"":[""https://www.hannovermesse.de/files/files/001/media/globale-bilder-downloads/presse/auslandsveranstaltungen/industry-logistic-worldwide-flyer.pdf""],""start_date"":""2028-05-29"",""status"":""announced"",""title"":""Intralogistica Italia 2028"",""url"":""https://www.hannovermesse.de/files/files/001/media/globale-bilder-downloads/presse/auslandsveranstaltungen/industry-logistic-worldwide-flyer.pdf"",""venue_name"":""Fieramilano""}","{""languages_json"":""not_found_in_consulted_sources"",""modality"":""not_found_in_consulted_sources"",""themes_json"":""not_found_in_consulted_sources"",""timezone"":""not_found_in_consulted_sources""}"
evt_86c34a5441a9734d,win-eurasia-2026,series_213ae0d2cb2c7517,WIN EURASIA 2026,https://www.hannovermesse.de/files/files/001/media/globale-bilder-downloads/presse/auslandsveranstaltungen/industry-logistic-worldwide-flyer.pdf,2026-06-10,2026-06-13,day,,,historical_listing,Istanbul,Türkiye,venue_a1c3f31c8cbb873b,venue_named_no_coordinates,trade_fair,industrial_automation,,,2026-09-28,"{""city"":""Istanbul"",""costs"":[],""country"":""Türkiye"",""date_precision"":""day"",""end_date"":""2026-06-13"",""field_sources"":{""city"":[""https://www.hannovermesse.de/files/files/001/media/globale-bilder-downloads/presse/auslandsveranstaltungen/industry-logistic-worldwide-flyer.pdf""],""country"":[""https://www.hannovermesse.de/files/files/001/media/globale-bilder-downloads/presse/auslandsveranstaltungen/industry-logistic-worldwide-flyer.pdf""],""end_date"":[""https://www.hannovermesse.de/files/files/001/media/globale-bilder-downloads/presse/auslandsveranstaltungen/industry-logistic-worldwide-flyer.pdf""],""start_date"":[""https://www.hannovermesse.de/files/files/001/media/globale-bilder-downloads/presse/auslandsveranstaltungen/industry-logistic-worldwide-flyer.pdf""],""title"":[""https://www.hannovermesse.de/files/files/001/media/globale-bilder-downloads/presse/auslandsveranstaltungen/industry-logistic-worldwide-flyer.pdf""],""venue_name"":[""https://www.hannovermesse.de/files/files/001/media/globale-bilder-downloads/presse/auslandsveranstaltungen/industry-logistic-worldwide-flyer.pdf""]},""format"":""trade_fair"",""key"":""win-eurasia-2026"",""metrics"":[],""notes"":""Calendario anunciado al 25-03-2026; verificar vigencia antes de recomendar. Publicación del portfolio no demuestra organizador legal único."",""organizations"":[{""domain"":""messe.de"",""name"":""Deutsche Messe"",""role"":""portfolio_publisher"",""source_url"":""https://www.hannovermesse.de/files/files/001/media/globale-bilder-downloads/presse/auslandsveranstaltungen/industry-logistic-worldwide-flyer.pdf"",""status"":""listed_by_publisher""}],""platform_urls"":[],""sector"":""industrial_automation"",""series_name"":""WIN EURASIA"",""source_urls"":[""https://www.hannovermesse.de/files/files/001/media/globale-bilder-downloads/presse/auslandsveranstaltungen/industry-logistic-worldwide-flyer.pdf""],""start_date"":""2026-06-10"",""status"":""historical_listing"",""title"":""WIN EURASIA 2026"",""url"":""https://www.hannovermesse.de/files/files/001/media/globale-bilder-downloads/presse/auslandsveranstaltungen/industry-logistic-worldwide-flyer.pdf"",""venue_name"":""Istanbul Expo Center""}","{""languages_json"":""not_found_in_consulted_sources"",""modality"":""not_found_in_consulted_sources"",""themes_json"":""not_found_in_consulted_sources"",""timezone"":""not_found_in_consulted_sources""}"
evt_1400433405edda61,win-eurasia-2025,series_213ae0d2cb2c7517,WIN EURASIA 2025,https://www.hannovermesse.de/files/files/001/media/globale-bilder-downloads/presse/auslandsveranstaltungen/industry-logistic-worldwide-flyer.pdf,2025,,year,,,reported_held,,,,unknown,trade_fair,industrial_automation,,,2026-09-28,"{""city"":null,""costs"":[],""country"":null,""date_precision"":""year"",""end_date"":null,""field_sources"":{""start_date"":[""https://www.hannovermesse.de/files/files/001/media/globale-bilder-downloads/presse/auslandsveranstaltungen/industry-logistic-worldwide-flyer.pdf""],""title"":[""https://www.hannovermesse.de/files/files/001/media/globale-bilder-downloads/presse/auslandsveranstaltungen/industry-logistic-worldwide-flyer.pdf""]},""format"":""trade_fair"",""key"":""win-eurasia-2025"",""metrics"":[{""comparator"":""stated"",""denominator"":null,""locator"":""WIN EURASIA — 2025 figures"",""name"":""exhibitors_reported"",""source_url"":""https://www.hannovermesse.de/files/files/001/media/globale-bilder-downloads/presse/auslandsveranstaltungen/industry-logistic-worldwide-flyer.pdf"",""status"":""reported"",""unit"":""organizations"",""value"":702},{""comparator"":""stated"",""denominator"":null,""locator"":""WIN EURASIA — 2025 figures"",""name"":""visitors_reported"",""source_url"":""https://www.hannovermesse.de/files/files/001/media/globale-bilder-downloads/presse/auslandsveranstaltungen/industry-logistic-worldwide-flyer.pdf"",""status"":""reported"",""unit"":""visitors"",""value"":40243}],""notes"":""La ficha cita resultados 2025; fecha exacta y sede histórica no acreditadas por la sede 2026. No transportar ubicación entre ediciones."",""organizations"":[{""domain"":""messe.de"",""name"":""Deutsche Messe"",""role"":""portfolio_publisher"",""source_url"":""https://www.hannovermesse.de/files/files/001/media/globale-bilder-downloads/presse/auslandsveranstaltungen/industry-logistic-worldwide-flyer.pdf"",""status"":""listed_by_publisher""}],""platform_urls"":[],""sector"":""industrial_automation"",""series_name"":""WIN EURASIA"",""source_urls"":[""https://www.hannovermesse.de/files/files/001/media/globale-bilder-downloads/presse/auslandsveranstaltungen/industry-logistic-worldwide-flyer.pdf""],""start_date"":""2025"",""status"":""reported_held"",""title"":""WIN EURASIA 2025"",""url"":""https://www.hannovermesse.de/files/files/001/media/globale-bilder-downloads/presse/auslandsveranstaltungen/industry-logistic-worldwide-flyer.pdf"",""venue_name"":null}","{""city"":""not_found_in_consulted_sources"",""country"":""not_found_in_consulted_sources"",""end_date"":""not_found_in_consulted_sources"",""languages_json"":""not_found_in_consulted_sources"",""modality"":""not_found_in_consulted_sources"",""themes_json"":""not_found_in_consulted_sources"",""timezone"":""not_found_in_consulted_sources"",""venue_id"":""not_found_in_consulted_sources""}"
evt_972df455e0b3f068,industrial-transformation-australia-2026,series_de6d87c582dc4b07,Industrial Transformation Australia 2026,https://www.hannovermesse.de/files/files/001/media/globale-bilder-downloads/presse/auslandsveranstaltungen/industry-logistic-worldwide-flyer.pdf,2026-06-23,2026-06-25,day,,,historical_listing,Melbourne,Australia,venue_093eb28049a7b3f3,venue_named_no_coordinates,trade_fair,industrial_automation,,,2026-09-28,"{""city"":""Melbourne"",""costs"":[],""country"":""Australia"",""date_precision"":""day"",""end_date"":""2026-06-25"",""field_sources"":{""city"":[""https://www.hannovermesse.de/files/files/001/media/globale-bilder-downloads/presse/auslandsveranstaltungen/industry-logistic-worldwide-flyer.pdf""],""country"":[""https://www.hannovermesse.de/files/files/001/media/globale-bilder-downloads/presse/auslandsveranstaltungen/industry-logistic-worldwide-flyer.pdf""],""end_date"":[""https://www.hannovermesse.de/files/files/001/media/globale-bilder-downloads/presse/auslandsveranstaltungen/industry-logistic-worldwide-flyer.pdf""],""start_date"":[""https://www.hannovermesse.de/files/files/001/media/globale-bilder-downloads/presse/auslandsveranstaltungen/industry-logistic-worldwide-flyer.pdf""],""title"":[""https://www.hannovermesse.de/files/files/001/media/globale-bilder-downloads/presse/auslandsveranstaltungen/industry-logistic-worldwide-flyer.pdf""],""venue_name"":[""https://www.hannovermesse.de/files/files/001/media/globale-bilder-downloads/presse/auslandsveranstaltungen/industry-logistic-worldwide-flyer.pdf""]},""format"":""trade_fair"",""key"":""industrial-transformation-australia-2026"",""metrics"":[],""notes"":""Calendario anunciado al 25-03-2026; verificar vigencia antes de recomendar. Publicación del portfolio no demuestra organizador legal único."",""organizations"":[{""domain"":""messe.de"",""name"":""Deutsche Messe"",""role"":""portfolio_publisher"",""source_url"":""https://www.hannovermesse.de/files/files/001/media/globale-bilder-downloads/presse/auslandsveranstaltungen/industry-logistic-worldwide-flyer.pdf"",""status"":""listed_by_publisher""}],""platform_urls"":[],""sector"":""industrial_automation"",""series_name"":""Industrial Transformation Australia"",""source_urls"":[""https://www.hannovermesse.de/files/files/001/media/globale-bilder-downloads/presse/auslandsveranstaltungen/industry-logistic-worldwide-flyer.pdf""],""start_date"":""2026-06-23"",""status"":""historical_listing"",""title"":""Industrial Transformation Australia 2026"",""url"":""https://www.hannovermesse.de/files/files/001/media/globale-bilder-downloads/presse/auslandsveranstaltungen/industry-logistic-worldwide-flyer.pdf"",""venue_name"":""Melbourne Convention & Exhibition Centre""}","{""languages_json"":""not_found_in_consulted_sources"",""modality"":""not_found_in_consulted_sources"",""themes_json"":""not_found_in_consulted_sources"",""timezone"":""not_found_in_consulted_sources""}"
evt_1bdcd83d45bdfcef,ime-sea-2026,series_48f5fc4bbed7b12b,Intelligent Manufacturing Expo Southeast Asia 2026,https://www.hannovermesse.de/files/files/001/media/globale-bilder-downloads/presse/auslandsveranstaltungen/industry-logistic-worldwide-flyer.pdf,2026-07-22,2026-07-24,day,,,historical_listing,Bangkok,Thailand,venue_d39df38ae327d48a,venue_named_no_coordinates,trade_fair,industrial_automation,,,2026-09-28,"{""city"":""Bangkok"",""costs"":[],""country"":""Thailand"",""date_precision"":""day"",""end_date"":""2026-07-24"",""field_sources"":{""city"":[""https://www.hannovermesse.de/files/files/001/media/globale-bilder-downloads/presse/auslandsveranstaltungen/industry-logistic-worldwide-flyer.pdf""],""country"":[""https://www.hannovermesse.de/files/files/001/media/globale-bilder-downloads/presse/auslandsveranstaltungen/industry-logistic-worldwide-flyer.pdf""],""end_date"":[""https://www.hannovermesse.de/files/files/001/media/globale-bilder-downloads/presse/auslandsveranstaltungen/industry-logistic-worldwide-flyer.pdf""],""start_date"":[""https://www.hannovermesse.de/files/files/001/media/globale-bilder-downloads/presse/auslandsveranstaltungen/industry-logistic-worldwide-flyer.pdf""],""title"":[""https://www.hannovermesse.de/files/files/001/media/globale-bilder-downloads/presse/auslandsveranstaltungen/industry-logistic-worldwide-flyer.pdf""],""venue_name"":[""https://www.hannovermesse.de/files/files/001/media/globale-bilder-downloads/presse/auslandsveranstaltungen/industry-logistic-worldwide-flyer.pdf""]},""format"":""trade_fair"",""key"":""ime-sea-2026"",""metrics"":[],""notes"":""Calendario anunciado al 25-03-2026; verificar vigencia antes de recomendar. Publicación del portfolio no demuestra organizador legal único."",""organizations"":[{""domain"":""messe.de"",""name"":""Deutsche Messe"",""role"":""portfolio_publisher"",""source_url"":""https://www.hannovermesse.de/files/files/001/media/globale-bilder-downloads/presse/auslandsveranstaltungen/industry-logistic-worldwide-flyer.pdf"",""status"":""listed_by_publisher""}],""platform_urls"":[],""sector"":""industrial_automation"",""series_name"":""Intelligent Manufacturing Expo Southeast Asia"",""source_urls"":[""https://www.hannovermesse.de/files/files/001/media/globale-bilder-downloads/presse/auslandsveranstaltungen/industry-logistic-worldwide-flyer.pdf""],""start_date"":""2026-07-22"",""status"":""historical_listing"",""title"":""Intelligent Manufacturing Expo Southeast Asia 2026"",""url"":""https://www.hannovermesse.de/files/files/001/media/globale-bilder-downloads/presse/auslandsveranstaltungen/industry-logistic-worldwide-flyer.pdf"",""venue_name"":""IMPACT Exhibition Center""}","{""languages_json"":""not_found_in_consulted_sources"",""modality"":""not_found_in_consulted_sources"",""themes_json"":""not_found_in_consulted_sources"",""timezone"":""not_found_in_consulted_sources""}"
evt_658afaa5d4547d12,industrial-transformation-africa-2026,series_5e310da2b17d977c,Industrial Transformation Africa 2026,https://www.hannovermesse.de/files/files/001/media/globale-bilder-downloads/presse/auslandsveranstaltungen/industry-logistic-worldwide-flyer.pdf,2026-09-29,2026-10-01,day,,,announced,Casablanca,Morocco,venue_a7565fdab1cd34ec,venue_named_no_coordinates,trade_fair,industrial_automation,,,2026-09-28,"{""city"":""Casablanca"",""costs"":[],""country"":""Morocco"",""date_precision"":""day"",""end_date"":""2026-10-01"",""field_sources"":{""city"":[""https://www.hannovermesse.de/files/files/001/media/globale-bilder-downloads/presse/auslandsveranstaltungen/industry-logistic-worldwide-flyer.pdf""],""country"":[""https://www.hannovermesse.de/files/files/001/media/globale-bilder-downloads/presse/auslandsveranstaltungen/industry-logistic-worldwide-flyer.pdf""],""end_date"":[""https://www.hannovermesse.de/files/files/001/media/globale-bilder-downloads/presse/auslandsveranstaltungen/industry-logistic-worldwide-flyer.pdf""],""start_date"":[""https://www.hannovermesse.de/files/files/001/media/globale-bilder-downloads/presse/auslandsveranstaltungen/industry-logistic-worldwide-flyer.pdf""],""title"":[""https://www.hannovermesse.de/files/files/001/media/globale-bilder-downloads/presse/auslandsveranstaltungen/industry-logistic-worldwide-flyer.pdf""],""venue_name"":[""https://www.hannovermesse.de/files/files/001/media/globale-bilder-downloads/presse/auslandsveranstaltungen/industry-logistic-worldwide-flyer.pdf""]},""format"":""trade_fair"",""key"":""industrial-transformation-africa-2026"",""metrics"":[{""comparator"":""at_least"",""denominator"":null,""locator"":""Industrial Transformation Africa"",""name"":""exhibitors_expected"",""scope"":""edition"",""source_url"":""https://www.hannovermesse.de/files/files/001/media/globale-bilder-downloads/presse/auslandsveranstaltungen/industry-logistic-worldwide-flyer.pdf"",""status"":""announced"",""unit"":""organizations"",""value"":100},{""comparator"":""stated"",""denominator"":null,""locator"":""Industrial Transformation Africa"",""name"":""visitors_expected"",""scope"":""edition"",""source_url"":""https://www.hannovermesse.de/files/files/001/media/globale-bilder-downloads/presse/auslandsveranstaltungen/industry-logistic-worldwide-flyer.pdf"",""status"":""announced"",""unit"":""visitors"",""value"":8000}],""notes"":""Calendario anunciado al 25-03-2026; verificar vigencia antes de recomendar. Publicación del portfolio no demuestra organizador legal único."",""organizations"":[{""domain"":""messe.de"",""name"":""Deutsche Messe"",""role"":""portfolio_publisher"",""source_url"":""https://www.hannovermesse.de/files/files/001/media/globale-bilder-downloads/presse/auslandsveranstaltungen/industry-logistic-worldwide-flyer.pdf"",""status"":""listed_by_publisher""}],""platform_urls"":[],""sector"":""industrial_automation"",""series_name"":""Industrial Transformation Africa"",""source_urls"":[""https://www.hannovermesse.de/files/files/001/media/globale-bilder-downloads/presse/auslandsveranstaltungen/industry-logistic-worldwide-flyer.pdf""],""start_date"":""2026-09-29"",""status"":""announced"",""title"":""Industrial Transformation Africa 2026"",""url"":""https://www.hannovermesse.de/files/files/001/media/globale-bilder-downloads/presse/auslandsveranstaltungen/industry-logistic-worldwide-flyer.pdf"",""venue_name"":""OFEC Exhibition Center""}","{""languages_json"":""not_found_in_consulted_sources"",""modality"":""not_found_in_consulted_sources"",""themes_json"":""not_found_in_consulted_sources"",""timezone"":""not_found_in_consulted_sources""}"
evt_077e47bbad9e3ed7,selangor-techsphere-2026,series_8100dfab3b2acf70,Selangor Techsphere Summit 2026,https://www.hannovermesse.de/files/files/001/media/globale-bilder-downloads/presse/auslandsveranstaltungen/industry-logistic-worldwide-flyer.pdf,2026-10-14,2026-10-17,day,,,announced,Kuala Lumpur,Malaysia,venue_02143770a92abd9c,venue_named_no_coordinates,trade_fair,industrial_automation,,,2026-09-28,"{""city"":""Kuala Lumpur"",""costs"":[],""country"":""Malaysia"",""date_precision"":""day"",""end_date"":""2026-10-17"",""field_sources"":{""city"":[""https://www.hannovermesse.de/files/files/001/media/globale-bilder-downloads/presse/auslandsveranstaltungen/industry-logistic-worldwide-flyer.pdf""],""country"":[""https://www.hannovermesse.de/files/files/001/media/globale-bilder-downloads/presse/auslandsveranstaltungen/industry-logistic-worldwide-flyer.pdf""],""end_date"":[""https://www.hannovermesse.de/files/files/001/media/globale-bilder-downloads/presse/auslandsveranstaltungen/industry-logistic-worldwide-flyer.pdf""],""start_date"":[""https://www.hannovermesse.de/files/files/001/media/globale-bilder-downloads/presse/auslandsveranstaltungen/industry-logistic-worldwide-flyer.pdf""],""title"":[""https://www.hannovermesse.de/files/files/001/media/globale-bilder-downloads/presse/auslandsveranstaltungen/industry-logistic-worldwide-flyer.pdf""],""venue_name"":[""https://www.hannovermesse.de/files/files/001/media/globale-bilder-downloads/presse/auslandsveranstaltungen/industry-logistic-worldwide-flyer.pdf""]},""format"":""trade_fair"",""key"":""selangor-techsphere-2026"",""metrics"":[],""notes"":""Calendario anunciado al 25-03-2026; verificar vigencia antes de recomendar. Publicación del portfolio no demuestra organizador legal único."",""organizations"":[{""domain"":""messe.de"",""name"":""Deutsche Messe"",""role"":""portfolio_publisher"",""source_url"":""https://www.hannovermesse.de/files/files/001/media/globale-bilder-downloads/presse/auslandsveranstaltungen/industry-logistic-worldwide-flyer.pdf"",""status"":""listed_by_publisher""}],""platform_urls"":[],""sector"":""industrial_automation"",""series_name"":""Selangor Techsphere Summit"",""source_urls"":[""https://www.hannovermesse.de/files/files/001/media/globale-bilder-downloads/presse/auslandsveranstaltungen/industry-logistic-worldwide-flyer.pdf""],""start_date"":""2026-10-14"",""status"":""announced"",""title"":""Selangor Techsphere Summit 2026"",""url"":""https://www.hannovermesse.de/files/files/001/media/globale-bilder-downloads/presse/auslandsveranstaltungen/industry-logistic-worldwide-flyer.pdf"",""venue_name"":""Kuala Lumpur Convention Centre""}","{""languages_json"":""not_found_in_consulted_sources"",""modality"":""not_found_in_consulted_sources"",""themes_json"":""not_found_in_consulted_sources"",""timezone"":""not_found_in_consulted_sources""}"
evt_46e9363c553d3d68,selangor-techsphere-2025,series_8100dfab3b2acf70,Selangor Techsphere Summit 2025,https://www.hannovermesse.de/files/files/001/media/globale-bilder-downloads/presse/auslandsveranstaltungen/industry-logistic-worldwide-flyer.pdf,2025,,year,,,reported_held,,,,unknown,trade_fair,industrial_automation,,,2026-09-28,"{""city"":null,""costs"":[],""country"":null,""date_precision"":""year"",""end_date"":null,""field_sources"":{""start_date"":[""https://www.hannovermesse.de/files/files/001/media/globale-bilder-downloads/presse/auslandsveranstaltungen/industry-logistic-worldwide-flyer.pdf""],""title"":[""https://www.hannovermesse.de/files/files/001/media/globale-bilder-downloads/presse/auslandsveranstaltungen/industry-logistic-worldwide-flyer.pdf""]},""format"":""trade_fair"",""key"":""selangor-techsphere-2025"",""metrics"":[{""comparator"":""stated"",""denominator"":null,""locator"":""Selangor Techsphere Summit — 2025 figures"",""name"":""visitors_reported"",""source_url"":""https://www.hannovermesse.de/files/files/001/media/globale-bilder-downloads/presse/auslandsveranstaltungen/industry-logistic-worldwide-flyer.pdf"",""status"":""reported"",""unit"":""visitors"",""value"":1535}],""notes"":""La ficha cita resultados 2025; fecha exacta y sede histórica no acreditadas por la sede 2026. No transportar ubicación entre ediciones."",""organizations"":[{""domain"":""messe.de"",""name"":""Deutsche Messe"",""role"":""portfolio_publisher"",""source_url"":""https://www.hannovermesse.de/files/files/001/media/globale-bilder-downloads/presse/auslandsveranstaltungen/industry-logistic-worldwide-flyer.pdf"",""status"":""listed_by_publisher""}],""platform_urls"":[],""sector"":""industrial_automation"",""series_name"":""Selangor Techsphere Summit"",""source_urls"":[""https://www.hannovermesse.de/files/files/001/media/globale-bilder-downloads/presse/auslandsveranstaltungen/industry-logistic-worldwide-flyer.pdf""],""start_date"":""2025"",""status"":""reported_held"",""title"":""Selangor Techsphere Summit 2025"",""url"":""https://www.hannovermesse.de/files/files/001/media/globale-bilder-downloads/presse/auslandsveranstaltungen/industry-logistic-worldwide-flyer.pdf"",""venue_name"":null}","{""city"":""not_found_in_consulted_sources"",""country"":""not_found_in_consulted_sources"",""end_date"":""not_found_in_consulted_sources"",""languages_json"":""not_found_in_consulted_sources"",""modality"":""not_found_in_consulted_sources"",""themes_json"":""not_found_in_consulted_sources"",""timezone"":""not_found_in_consulted_sources"",""venue_id"":""not_found_in_consulted_sources""}"
evt_54632c21b0daa275,ias-2026,series_3342507080044b6f,Industrial Automation Show 2026,https://www.hannovermesse.de/files/files/001/media/globale-bilder-downloads/presse/auslandsveranstaltungen/industry-logistic-worldwide-flyer.pdf,2026-10-12,2026-10-16,day,,,announced,Shanghai,China,venue_4e9a356640c6b913,venue_named_no_coordinates,trade_fair,industrial_automation,,,2026-09-28,"{""city"":""Shanghai"",""costs"":[],""country"":""China"",""date_precision"":""day"",""end_date"":""2026-10-16"",""field_sources"":{""city"":[""https://www.hannovermesse.de/files/files/001/media/globale-bilder-downloads/presse/auslandsveranstaltungen/industry-logistic-worldwide-flyer.pdf""],""country"":[""https://www.hannovermesse.de/files/files/001/media/globale-bilder-downloads/presse/auslandsveranstaltungen/industry-logistic-worldwide-flyer.pdf""],""end_date"":[""https://www.hannovermesse.de/files/files/001/media/globale-bilder-downloads/presse/auslandsveranstaltungen/industry-logistic-worldwide-flyer.pdf""],""start_date"":[""https://www.hannovermesse.de/files/files/001/media/globale-bilder-downloads/presse/auslandsveranstaltungen/industry-logistic-worldwide-flyer.pdf""],""title"":[""https://www.hannovermesse.de/files/files/001/media/globale-bilder-downloads/presse/auslandsveranstaltungen/industry-logistic-worldwide-flyer.pdf""],""venue_name"":[""https://www.hannovermesse.de/files/files/001/media/globale-bilder-downloads/presse/auslandsveranstaltungen/industry-logistic-worldwide-flyer.pdf""]},""format"":""trade_fair"",""key"":""ias-2026"",""metrics"":[],""notes"":""Calendario anunciado al 25-03-2026; verificar vigencia antes de recomendar. Publicación del portfolio no demuestra organizador legal único."",""organizations"":[{""domain"":""messe.de"",""name"":""Deutsche Messe"",""role"":""portfolio_publisher"",""source_url"":""https://www.hannovermesse.de/files/files/001/media/globale-bilder-downloads/presse/auslandsveranstaltungen/industry-logistic-worldwide-flyer.pdf"",""status"":""listed_by_publisher""}],""platform_urls"":[],""sector"":""industrial_automation"",""series_name"":""Industrial Automation Show"",""source_urls"":[""https://www.hannovermesse.de/files/files/001/media/globale-bilder-downloads/presse/auslandsveranstaltungen/industry-logistic-worldwide-flyer.pdf""],""start_date"":""2026-10-12"",""status"":""announced"",""title"":""Industrial Automation Show 2026"",""url"":""https://www.hannovermesse.de/files/files/001/media/globale-bilder-downloads/presse/auslandsveranstaltungen/industry-logistic-worldwide-flyer.pdf"",""venue_name"":""National Exhibition and Convention Center""}","{""languages_json"":""not_found_in_consulted_sources"",""modality"":""not_found_in_consulted_sources"",""themes_json"":""not_found_in_consulted_sources"",""timezone"":""not_found_in_consulted_sources""}"
evt_84ae700b0a2e8277,itap-2026,series_80c6c30a3bf18450,Industrial Transformation Asia-Pacific 2026,https://www.hannovermesse.de/files/files/001/media/globale-bilder-downloads/presse/auslandsveranstaltungen/industry-logistic-worldwide-flyer.pdf,2026-10-21,2026-10-22,day,,,announced,Singapore,Singapore,venue_a0603ef6d5c3169b,venue_named_no_coordinates,trade_fair,industrial_automation,,,2026-09-28,"{""city"":""Singapore"",""costs"":[],""country"":""Singapore"",""date_precision"":""day"",""end_date"":""2026-10-22"",""field_sources"":{""city"":[""https://www.hannovermesse.de/files/files/001/media/globale-bilder-downloads/presse/auslandsveranstaltungen/industry-logistic-worldwide-flyer.pdf""],""country"":[""https://www.hannovermesse.de/files/files/001/media/globale-bilder-downloads/presse/auslandsveranstaltungen/industry-logistic-worldwide-flyer.pdf""],""end_date"":[""https://industrial-transformation.com/itap-2026-home/"",""https://www.suntecsingapore.com/event/itap-2026""],""start_date"":[""https://www.hannovermesse.de/files/files/001/media/globale-bilder-downloads/presse/auslandsveranstaltungen/industry-logistic-worldwide-flyer.pdf""],""title"":[""https://www.hannovermesse.de/files/files/001/media/globale-bilder-downloads/presse/auslandsveranstaltungen/industry-logistic-worldwide-flyer.pdf""],""venue_name"":[""https://www.hannovermesse.de/files/files/001/media/globale-bilder-downloads/presse/auslandsveranstaltungen/industry-logistic-worldwide-flyer.pdf""]},""format"":""trade_fair"",""key"":""itap-2026"",""metrics"":[],""notes"":""Calendario anunciado al 25-03-2026; verificar vigencia antes de recomendar. Publicación del portfolio no demuestra organizador legal único."",""organizations"":[{""domain"":""messe.de"",""name"":""Deutsche Messe"",""role"":""portfolio_publisher"",""source_url"":""https://www.hannovermesse.de/files/files/001/media/globale-bilder-downloads/presse/auslandsveranstaltungen/industry-logistic-worldwide-flyer.pdf"",""status"":""listed_by_publisher""}],""platform_urls"":[],""sector"":""industrial_automation"",""series_name"":""Industrial Transformation Asia-Pacific"",""source_urls"":[""https://www.hannovermesse.de/files/files/001/media/globale-bilder-downloads/presse/auslandsveranstaltungen/industry-logistic-worldwide-flyer.pdf"",""https://industrial-transformation.com/itap-2026-home/"",""https://www.suntecsingapore.com/event/itap-2026""],""start_date"":""2026-10-21"",""status"":""announced"",""title"":""Industrial Transformation Asia-Pacific 2026"",""url"":""https://www.hannovermesse.de/files/files/001/media/globale-bilder-downloads/presse/auslandsveranstaltungen/industry-logistic-worldwide-flyer.pdf"",""venue_name"":""Singapore Expo"",""verified_conflicts"":[{""field"":""date_range"",""resolution"":""Use current organizer event page and venue page dates for display; reconfirm directly before any spend. No direct outreach made."",""status"":""preserved_official_source_disagreement"",""values"":[{""source_urls"":[""https://industrial-transformation.com/itap-2026-home/"",""https://www.suntecsingapore.com/event/itap-2026""],""status"":""current event page and venue listing checked 2026-09-28"",""value"":""2026-10-21/2026-10-22""},{""source_urls"":[""https://www.hannovermesse.de/en/press/press-releases/hannover-messe/itap-to-return-in-october-2026-ahead-of-full-scale-2027-edition""],""status"":""earlier official press release 2026-08-18"",""value"":""2026-10-20/2026-10-21""}]}]}","{""languages_json"":""not_found_in_consulted_sources"",""modality"":""not_found_in_consulted_sources"",""themes_json"":""not_found_in_consulted_sources"",""timezone"":""not_found_in_consulted_sources""}"
evt_e7f62488a5ffe3c3,itap-2025,series_80c6c30a3bf18450,Industrial Transformation Asia-Pacific 2025,https://www.hannovermesse.de/files/files/001/media/globale-bilder-downloads/presse/auslandsveranstaltungen/industry-logistic-worldwide-flyer.pdf,2025,,year,,,reported_held,,,,unknown,trade_fair,industrial_automation,,,2026-09-28,"{""city"":null,""costs"":[],""country"":null,""date_precision"":""year"",""end_date"":null,""field_sources"":{""start_date"":[""https://www.hannovermesse.de/files/files/001/media/globale-bilder-downloads/presse/auslandsveranstaltungen/industry-logistic-worldwide-flyer.pdf""],""title"":[""https://www.hannovermesse.de/files/files/001/media/globale-bilder-downloads/presse/auslandsveranstaltungen/industry-logistic-worldwide-flyer.pdf""]},""format"":""trade_fair"",""key"":""itap-2025"",""metrics"":[{""comparator"":""stated"",""denominator"":null,""locator"":""Industrial Transformation Asia-Pacific — 2025 figures"",""name"":""exhibitors_reported"",""source_url"":""https://www.hannovermesse.de/files/files/001/media/globale-bilder-downloads/presse/auslandsveranstaltungen/industry-logistic-worldwide-flyer.pdf"",""status"":""reported"",""unit"":""organizations"",""value"":152},{""comparator"":""stated"",""denominator"":null,""locator"":""Industrial Transformation Asia-Pacific — 2025 figures"",""name"":""visitors_reported"",""source_url"":""https://www.hannovermesse.de/files/files/001/media/globale-bilder-downloads/presse/auslandsveranstaltungen/industry-logistic-worldwide-flyer.pdf"",""status"":""reported"",""unit"":""visitors"",""value"":13328}],""notes"":""La ficha cita resultados 2025; fecha exacta y sede histórica no acreditadas por la sede 2026. No transportar ubicación entre ediciones."",""organizations"":[{""domain"":""messe.de"",""name"":""Deutsche Messe"",""role"":""portfolio_publisher"",""source_url"":""https://www.hannovermesse.de/files/files/001/media/globale-bilder-downloads/presse/auslandsveranstaltungen/industry-logistic-worldwide-flyer.pdf"",""status"":""listed_by_publisher""}],""platform_urls"":[],""sector"":""industrial_automation"",""series_name"":""Industrial Transformation Asia-Pacific"",""source_urls"":[""https://www.hannovermesse.de/files/files/001/media/globale-bilder-downloads/presse/auslandsveranstaltungen/industry-logistic-worldwide-flyer.pdf""],""start_date"":""2025"",""status"":""reported_held"",""title"":""Industrial Transformation Asia-Pacific 2025"",""url"":""https://www.hannovermesse.de/files/files/001/media/globale-bilder-downloads/presse/auslandsveranstaltungen/industry-logistic-worldwide-flyer.pdf"",""venue_name"":null}","{""city"":""not_found_in_consulted_sources"",""country"":""not_found_in_consulted_sources"",""end_date"":""not_found_in_consulted_sources"",""languages_json"":""not_found_in_consulted_sources"",""modality"":""not_found_in_consulted_sources"",""themes_json"":""not_found_in_consulted_sources"",""timezone"":""not_found_in_consulted_sources"",""venue_id"":""not_found_in_consulted_sources""}"
evt_369b38c5bd632088,ptc-asia-2026,series_023c59ef02212db2,PTC Asia 2026,https://www.hannovermesse.de/files/files/001/media/globale-bilder-downloads/presse/auslandsveranstaltungen/industry-logistic-worldwide-flyer.pdf,2026-11-03,2026-11-06,day,,,announced,Shanghai,China,venue_b12b13fb7a82a888,venue_named_no_coordinates,trade_fair,industrial_automation,,,2026-09-28,"{""city"":""Shanghai"",""costs"":[],""country"":""China"",""date_precision"":""day"",""end_date"":""2026-11-06"",""field_sources"":{""city"":[""https://www.hannovermesse.de/files/files/001/media/globale-bilder-downloads/presse/auslandsveranstaltungen/industry-logistic-worldwide-flyer.pdf""],""country"":[""https://www.hannovermesse.de/files/files/001/media/globale-bilder-downloads/presse/auslandsveranstaltungen/industry-logistic-worldwide-flyer.pdf""],""end_date"":[""https://www.ptc-asia.com/index-en.html""],""start_date"":[""https://www.ptc-asia.com/index-en.html""],""title"":[""https://www.hannovermesse.de/files/files/001/media/globale-bilder-downloads/presse/auslandsveranstaltungen/industry-logistic-worldwide-flyer.pdf""],""venue_name"":[""https://www.hannovermesse.de/files/files/001/media/globale-bilder-downloads/presse/auslandsveranstaltungen/industry-logistic-worldwide-flyer.pdf""]},""format"":""trade_fair"",""key"":""ptc-asia-2026"",""metrics"":[{""comparator"":""stated"",""denominator"":null,""locator"":""PTC Asia"",""name"":""exhibitors_expected"",""scope"":""edition"",""source_url"":""https://www.hannovermesse.de/files/files/001/media/globale-bilder-downloads/presse/auslandsveranstaltungen/industry-logistic-worldwide-flyer.pdf"",""status"":""announced"",""unit"":""organizations"",""value"":1600},{""comparator"":""stated"",""denominator"":null,""locator"":""PTC Asia"",""name"":""visitors_expected"",""scope"":""TIFN combined; do not sum across co-located events"",""source_url"":""https://www.hannovermesse.de/files/files/001/media/globale-bilder-downloads/presse/auslandsveranstaltungen/industry-logistic-worldwide-flyer.pdf"",""status"":""announced"",""unit"":""visitors"",""value"":140000}],""notes"":""Calendario anunciado al 25-03-2026; verificar vigencia antes de recomendar. Publicación del portfolio no demuestra organizador legal único."",""organizations"":[{""domain"":""messe.de"",""name"":""Deutsche Messe"",""role"":""portfolio_publisher"",""source_url"":""https://www.hannovermesse.de/files/files/001/media/globale-bilder-downloads/presse/auslandsveranstaltungen/industry-logistic-worldwide-flyer.pdf"",""status"":""listed_by_publisher""}],""platform_urls"":[],""sector"":""industrial_automation"",""series_name"":""PTC Asia"",""source_urls"":[""https://www.hannovermesse.de/files/files/001/media/globale-bilder-downloads/presse/auslandsveranstaltungen/industry-logistic-worldwide-flyer.pdf"",""https://www.ptc-asia.com/index-en.html"",""https://www.ptc-asia.com/about_us/show-en_509.html""],""start_date"":""2026-11-03"",""status"":""announced"",""title"":""PTC Asia 2026"",""url"":""https://www.hannovermesse.de/files/files/001/media/globale-bilder-downloads/presse/auslandsveranstaltungen/industry-logistic-worldwide-flyer.pdf"",""venue_name"":""Shanghai New International Expo Centre"",""verified_conflicts"":[{""field"":""date_range_end"",""resolution"":""Display current homepage range; flag date detail as conditional and reconfirm before spend."",""status"":""preserved_official_source_disagreement"",""values"":[{""source_urls"":[""https://www.ptc-asia.com/index-en.html""],""status"":""current homepage"",""value"":""2026-11-03/2026-11-06""},{""source_urls"":[""https://www.ptc-asia.com/about_us/show-en_509.html""],""status"":""show facts table; separately lists Nov 6 line"",""value"":""2026-11-03/2026-11-05""}]}]}","{""languages_json"":""not_found_in_consulted_sources"",""modality"":""not_found_in_consulted_sources"",""themes_json"":""not_found_in_consulted_sources"",""timezone"":""not_found_in_consulted_sources""}"
evt_13f43c19bf8fc644,comvac-asia-2026,series_a8133098d01ece38,ComVac Asia 2026,https://www.hannovermesse.de/files/files/001/media/globale-bilder-downloads/presse/auslandsveranstaltungen/industry-logistic-worldwide-flyer.pdf,2026-11-03,2026-11-06,day,,,announced,Shanghai,China,venue_b12b13fb7a82a888,venue_named_no_coordinates,trade_fair,industrial_automation,,,2026-09-28,"{""city"":""Shanghai"",""costs"":[],""country"":""China"",""date_precision"":""day"",""end_date"":""2026-11-06"",""field_sources"":{""city"":[""https://www.hannovermesse.de/files/files/001/media/globale-bilder-downloads/presse/auslandsveranstaltungen/industry-logistic-worldwide-flyer.pdf""],""country"":[""https://www.hannovermesse.de/files/files/001/media/globale-bilder-downloads/presse/auslandsveranstaltungen/industry-logistic-worldwide-flyer.pdf""],""end_date"":[""https://www.hannovermesse.de/files/files/001/media/globale-bilder-downloads/presse/auslandsveranstaltungen/industry-logistic-worldwide-flyer.pdf""],""start_date"":[""https://www.hannovermesse.de/files/files/001/media/globale-bilder-downloads/presse/auslandsveranstaltungen/industry-logistic-worldwide-flyer.pdf""],""title"":[""https://www.hannovermesse.de/files/files/001/media/globale-bilder-downloads/presse/auslandsveranstaltungen/industry-logistic-worldwide-flyer.pdf""],""venue_name"":[""https://www.hannovermesse.de/files/files/001/media/globale-bilder-downloads/presse/auslandsveranstaltungen/industry-logistic-worldwide-flyer.pdf""]},""format"":""trade_fair"",""key"":""comvac-asia-2026"",""metrics"":[{""comparator"":""stated"",""denominator"":null,""locator"":""ComVac Asia"",""name"":""exhibitors_expected"",""scope"":""edition"",""source_url"":""https://www.hannovermesse.de/files/files/001/media/globale-bilder-downloads/presse/auslandsveranstaltungen/industry-logistic-worldwide-flyer.pdf"",""status"":""announced"",""unit"":""organizations"",""value"":300},{""comparator"":""stated"",""denominator"":null,""locator"":""ComVac Asia"",""name"":""visitors_expected"",""scope"":""TIFN combined; do not sum across co-located events"",""source_url"":""https://www.hannovermesse.de/files/files/001/media/globale-bilder-downloads/presse/auslandsveranstaltungen/industry-logistic-worldwide-flyer.pdf"",""status"":""announced"",""unit"":""visitors"",""value"":140000}],""notes"":""Calendario anunciado al 25-03-2026; verificar vigencia antes de recomendar. Publicación del portfolio no demuestra organizador legal único."",""organizations"":[{""domain"":""messe.de"",""name"":""Deutsche Messe"",""role"":""portfolio_publisher"",""source_url"":""https://www.hannovermesse.de/files/files/001/media/globale-bilder-downloads/presse/auslandsveranstaltungen/industry-logistic-worldwide-flyer.pdf"",""status"":""listed_by_publisher""}],""platform_urls"":[],""sector"":""industrial_automation"",""series_name"":""ComVac Asia"",""source_urls"":[""https://www.hannovermesse.de/files/files/001/media/globale-bilder-downloads/presse/auslandsveranstaltungen/industry-logistic-worldwide-flyer.pdf""],""start_date"":""2026-11-03"",""status"":""announced"",""title"":""ComVac Asia 2026"",""url"":""https://www.hannovermesse.de/files/files/001/media/globale-bilder-downloads/presse/auslandsveranstaltungen/industry-logistic-worldwide-flyer.pdf"",""venue_name"":""Shanghai New International Expo Centre""}","{""languages_json"":""not_found_in_consulted_sources"",""modality"":""not_found_in_consulted_sources"",""themes_json"":""not_found_in_consulted_sources"",""timezone"":""not_found_in_consulted_sources""}"
evt_1156bbc52167727b,smart-technology-expo-2026,series_21d9c32a2d83e9be,Smart Technology Expo 2026,https://www.hannovermesse.de/files/files/001/media/globale-bilder-downloads/presse/auslandsveranstaltungen/industry-logistic-worldwide-flyer.pdf,2026-11-18,2026-11-20,day,,,announced,Guadalajara,Mexico,venue_8ffa683285983b10,venue_named_no_coordinates,trade_fair,industrial_automation,,,2026-09-28,"{""city"":""Guadalajara"",""costs"":[],""country"":""Mexico"",""date_precision"":""day"",""end_date"":""2026-11-20"",""field_sources"":{""city"":[""https://www.hannovermesse.de/files/files/001/media/globale-bilder-downloads/presse/auslandsveranstaltungen/industry-logistic-worldwide-flyer.pdf""],""country"":[""https://www.hannovermesse.de/files/files/001/media/globale-bilder-downloads/presse/auslandsveranstaltungen/industry-logistic-worldwide-flyer.pdf""],""end_date"":[""https://www.hannovermesse.de/files/files/001/media/globale-bilder-downloads/presse/auslandsveranstaltungen/industry-logistic-worldwide-flyer.pdf""],""start_date"":[""https://www.hannovermesse.de/files/files/001/media/globale-bilder-downloads/presse/auslandsveranstaltungen/industry-logistic-worldwide-flyer.pdf""],""title"":[""https://www.hannovermesse.de/files/files/001/media/globale-bilder-downloads/presse/auslandsveranstaltungen/industry-logistic-worldwide-flyer.pdf""],""venue_name"":[""https://www.hannovermesse.de/files/files/001/media/globale-bilder-downloads/presse/auslandsveranstaltungen/industry-logistic-worldwide-flyer.pdf""]},""format"":""trade_fair"",""key"":""smart-technology-expo-2026"",""metrics"":[],""notes"":""Calendario anunciado al 25-03-2026; verificar vigencia antes de recomendar. Publicación del portfolio no demuestra organizador legal único."",""organizations"":[{""domain"":""messe.de"",""name"":""Deutsche Messe"",""role"":""portfolio_publisher"",""source_url"":""https://www.hannovermesse.de/files/files/001/media/globale-bilder-downloads/presse/auslandsveranstaltungen/industry-logistic-worldwide-flyer.pdf"",""status"":""listed_by_publisher""}],""platform_urls"":[],""sector"":""industrial_automation"",""series_name"":""Smart Technology Expo"",""source_urls"":[""https://www.hannovermesse.de/files/files/001/media/globale-bilder-downloads/presse/auslandsveranstaltungen/industry-logistic-worldwide-flyer.pdf""],""start_date"":""2026-11-18"",""status"":""announced"",""title"":""Smart Technology Expo 2026"",""url"":""https://www.hannovermesse.de/files/files/001/media/globale-bilder-downloads/presse/auslandsveranstaltungen/industry-logistic-worldwide-flyer.pdf"",""venue_name"":""Expo Guadalajara""}","{""languages_json"":""not_found_in_consulted_sources"",""modality"":""not_found_in_consulted_sources"",""themes_json"":""not_found_in_consulted_sources"",""timezone"":""not_found_in_consulted_sources""}"
evt_eb111a081b035c1d,smart-technology-expo-2025,series_21d9c32a2d83e9be,Smart Technology Expo 2025,https://www.hannovermesse.de/files/files/001/media/globale-bilder-downloads/presse/auslandsveranstaltungen/industry-logistic-worldwide-flyer.pdf,2025,,year,,,reported_held,,,,unknown,trade_fair,industrial_automation,,,2026-09-28,"{""city"":null,""costs"":[],""country"":null,""date_precision"":""year"",""end_date"":null,""field_sources"":{""start_date"":[""https://www.hannovermesse.de/files/files/001/media/globale-bilder-downloads/presse/auslandsveranstaltungen/industry-logistic-worldwide-flyer.pdf""],""title"":[""https://www.hannovermesse.de/files/files/001/media/globale-bilder-downloads/presse/auslandsveranstaltungen/industry-logistic-worldwide-flyer.pdf""]},""format"":""trade_fair"",""key"":""smart-technology-expo-2025"",""metrics"":[{""comparator"":""stated"",""denominator"":null,""locator"":""Smart Technology Expo — 2025 figures"",""name"":""exhibitors_reported"",""source_url"":""https://www.hannovermesse.de/files/files/001/media/globale-bilder-downloads/presse/auslandsveranstaltungen/industry-logistic-worldwide-flyer.pdf"",""status"":""reported"",""unit"":""organizations"",""value"":220},{""comparator"":""stated"",""denominator"":null,""locator"":""Smart Technology Expo — 2025 figures"",""name"":""visitors_reported"",""source_url"":""https://www.hannovermesse.de/files/files/001/media/globale-bilder-downloads/presse/auslandsveranstaltungen/industry-logistic-worldwide-flyer.pdf"",""status"":""reported"",""unit"":""visitors"",""value"":8000}],""notes"":""La ficha cita resultados 2025; fecha exacta y sede histórica no acreditadas por la sede 2026. No transportar ubicación entre ediciones."",""organizations"":[{""domain"":""messe.de"",""name"":""Deutsche Messe"",""role"":""portfolio_publisher"",""source_url"":""https://www.hannovermesse.de/files/files/001/media/globale-bilder-downloads/presse/auslandsveranstaltungen/industry-logistic-worldwide-flyer.pdf"",""status"":""listed_by_publisher""}],""platform_urls"":[],""sector"":""industrial_automation"",""series_name"":""Smart Technology Expo"",""source_urls"":[""https://www.hannovermesse.de/files/files/001/media/globale-bilder-downloads/presse/auslandsveranstaltungen/industry-logistic-worldwide-flyer.pdf""],""start_date"":""2025"",""status"":""reported_held"",""title"":""Smart Technology Expo 2025"",""url"":""https://www.hannovermesse.de/files/files/001/media/globale-bilder-downloads/presse/auslandsveranstaltungen/industry-logistic-worldwide-flyer.pdf"",""venue_name"":null}","{""city"":""not_found_in_consulted_sources"",""country"":""not_found_in_consulted_sources"",""end_date"":""not_found_in_consulted_sources"",""languages_json"":""not_found_in_consulted_sources"",""modality"":""not_found_in_consulted_sources"",""themes_json"":""not_found_in_consulted_sources"",""timezone"":""not_found_in_consulted_sources"",""venue_id"":""not_found_in_consulted_sources""}"
evt_752246cf439bf417,industrial-transformation-saudi-2026,series_511edf75e05b9cd3,Industrial Transformation Saudi Arabia 2026,https://www.hannovermesse.de/files/files/001/media/globale-bilder-downloads/presse/auslandsveranstaltungen/industry-logistic-worldwide-flyer.pdf,2026-11-30,2026-12-02,day,,,announced,Riyadh,Saudi Arabia,venue_30b95625d84f9f62,venue_named_no_coordinates,trade_fair,industrial_automation,,,2026-09-28,"{""city"":""Riyadh"",""costs"":[],""country"":""Saudi Arabia"",""date_precision"":""day"",""end_date"":""2026-12-02"",""field_sources"":{""city"":[""https://www.hannovermesse.de/files/files/001/media/globale-bilder-downloads/presse/auslandsveranstaltungen/industry-logistic-worldwide-flyer.pdf""],""country"":[""https://www.hannovermesse.de/files/files/001/media/globale-bilder-downloads/presse/auslandsveranstaltungen/industry-logistic-worldwide-flyer.pdf""],""end_date"":[""https://www.hannovermesse.de/files/files/001/media/globale-bilder-downloads/presse/auslandsveranstaltungen/industry-logistic-worldwide-flyer.pdf""],""start_date"":[""https://www.hannovermesse.de/files/files/001/media/globale-bilder-downloads/presse/auslandsveranstaltungen/industry-logistic-worldwide-flyer.pdf""],""title"":[""https://www.hannovermesse.de/files/files/001/media/globale-bilder-downloads/presse/auslandsveranstaltungen/industry-logistic-worldwide-flyer.pdf""],""venue_name"":[""https://www.hannovermesse.de/files/files/001/media/globale-bilder-downloads/presse/auslandsveranstaltungen/industry-logistic-worldwide-flyer.pdf""]},""format"":""trade_fair"",""key"":""industrial-transformation-saudi-2026"",""metrics"":[],""notes"":""Calendario anunciado al 25-03-2026; verificar vigencia antes de recomendar. Publicación del portfolio no demuestra organizador legal único."",""organizations"":[{""domain"":""messe.de"",""name"":""Deutsche Messe"",""role"":""portfolio_publisher"",""source_url"":""https://www.hannovermesse.de/files/files/001/media/globale-bilder-downloads/presse/auslandsveranstaltungen/industry-logistic-worldwide-flyer.pdf"",""status"":""listed_by_publisher""}],""platform_urls"":[],""sector"":""industrial_automation"",""series_name"":""Industrial Transformation Saudi Arabia"",""source_urls"":[""https://www.hannovermesse.de/files/files/001/media/globale-bilder-downloads/presse/auslandsveranstaltungen/industry-logistic-worldwide-flyer.pdf""],""start_date"":""2026-11-30"",""status"":""announced"",""title"":""Industrial Transformation Saudi Arabia 2026"",""url"":""https://www.hannovermesse.de/files/files/001/media/globale-bilder-downloads/presse/auslandsveranstaltungen/industry-logistic-worldwide-flyer.pdf"",""venue_name"":""Riyadh International Convention & Exhibition Center""}","{""languages_json"":""not_found_in_consulted_sources"",""modality"":""not_found_in_consulted_sources"",""themes_json"":""not_found_in_consulted_sources"",""timezone"":""not_found_in_consulted_sources""}"
evt_513070f1b8e79d7d,industrial-transformation-saudi-2025,series_511edf75e05b9cd3,Industrial Transformation Saudi Arabia 2025,https://www.hannovermesse.de/files/files/001/media/globale-bilder-downloads/presse/auslandsveranstaltungen/industry-logistic-worldwide-flyer.pdf,2025,,year,,,reported_held,,,,unknown,trade_fair,industrial_automation,,,2026-09-28,"{""city"":null,""costs"":[],""country"":null,""date_precision"":""year"",""end_date"":null,""field_sources"":{""start_date"":[""https://www.hannovermesse.de/files/files/001/media/globale-bilder-downloads/presse/auslandsveranstaltungen/industry-logistic-worldwide-flyer.pdf""],""title"":[""https://www.hannovermesse.de/files/files/001/media/globale-bilder-downloads/presse/auslandsveranstaltungen/industry-logistic-worldwide-flyer.pdf""]},""format"":""trade_fair"",""key"":""industrial-transformation-saudi-2025"",""metrics"":[{""comparator"":""stated"",""denominator"":null,""locator"":""Industrial Transformation Saudi Arabia — 2025 figures"",""name"":""exhibitors_reported"",""source_url"":""https://www.hannovermesse.de/files/files/001/media/globale-bilder-downloads/presse/auslandsveranstaltungen/industry-logistic-worldwide-flyer.pdf"",""status"":""reported"",""unit"":""organizations"",""value"":283},{""comparator"":""stated"",""denominator"":null,""locator"":""Industrial Transformation Saudi Arabia — 2025 figures"",""name"":""visitors_reported"",""source_url"":""https://www.hannovermesse.de/files/files/001/media/globale-bilder-downloads/presse/auslandsveranstaltungen/industry-logistic-worldwide-flyer.pdf"",""status"":""reported"",""unit"":""visitors"",""value"":8420}],""notes"":""La ficha cita resultados 2025; fecha exacta y sede histórica no acreditadas por la sede 2026. No transportar ubicación entre ediciones."",""organizations"":[{""domain"":""messe.de"",""name"":""Deutsche Messe"",""role"":""portfolio_publisher"",""source_url"":""https://www.hannovermesse.de/files/files/001/media/globale-bilder-downloads/presse/auslandsveranstaltungen/industry-logistic-worldwide-flyer.pdf"",""status"":""listed_by_publisher""}],""platform_urls"":[],""sector"":""industrial_automation"",""series_name"":""Industrial Transformation Saudi Arabia"",""source_urls"":[""https://www.hannovermesse.de/files/files/001/media/globale-bilder-downloads/presse/auslandsveranstaltungen/industry-logistic-worldwide-flyer.pdf""],""start_date"":""2025"",""status"":""reported_held"",""title"":""Industrial Transformation Saudi Arabia 2025"",""url"":""https://www.hannovermesse.de/files/files/001/media/globale-bilder-downloads/presse/auslandsveranstaltungen/industry-logistic-worldwide-flyer.pdf"",""venue_name"":null}","{""city"":""not_found_in_consulted_sources"",""country"":""not_found_in_consulted_sources"",""end_date"":""not_found_in_consulted_sources"",""languages_json"":""not_found_in_consulted_sources"",""modality"":""not_found_in_consulted_sources"",""themes_json"":""not_found_in_consulted_sources"",""timezone"":""not_found_in_consulted_sources"",""venue_id"":""not_found_in_consulted_sources""}"
evt_17d65786c7a61ea0,hannover-messe-2027,series_7df6b23b2aab9755,Hannover Messe 2027,https://www.hannovermesse.de/files/files/001/media/globale-bilder-downloads/presse/auslandsveranstaltungen/industry-logistic-worldwide-flyer.pdf,2027-04-05,2027-04-08,day,,,announced,Hannover,Germany,venue_745b780e99d68979,venue_named_no_coordinates,trade_fair,industrial_automation,,,2026-09-28,"{""city"":""Hannover"",""costs"":[],""country"":""Germany"",""date_precision"":""day"",""end_date"":""2027-04-08"",""field_sources"":{""city"":[""https://www.hannovermesse.de/files/files/001/media/globale-bilder-downloads/presse/auslandsveranstaltungen/industry-logistic-worldwide-flyer.pdf""],""country"":[""https://www.hannovermesse.de/files/files/001/media/globale-bilder-downloads/presse/auslandsveranstaltungen/industry-logistic-worldwide-flyer.pdf""],""end_date"":[""https://www.hannovermesse.de/en/for-visitors/tickets/index-2""],""start_date"":[""https://www.hannovermesse.de/en/for-visitors/tickets/index-2""],""title"":[""https://www.hannovermesse.de/files/files/001/media/globale-bilder-downloads/presse/auslandsveranstaltungen/industry-logistic-worldwide-flyer.pdf""],""venue_name"":[""https://www.hannovermesse.de/files/files/001/media/globale-bilder-downloads/presse/auslandsveranstaltungen/industry-logistic-worldwide-flyer.pdf""]},""format"":""trade_fair"",""key"":""hannover-messe-2027"",""metrics"":[],""notes"":""Calendario anunciado al 25-03-2026; verificar vigencia antes de recomendar. Publicación del portfolio no demuestra organizador legal único."",""organizations"":[{""domain"":""messe.de"",""name"":""Deutsche Messe"",""role"":""portfolio_publisher"",""source_url"":""https://www.hannovermesse.de/files/files/001/media/globale-bilder-downloads/presse/auslandsveranstaltungen/industry-logistic-worldwide-flyer.pdf"",""status"":""listed_by_publisher""}],""platform_urls"":[],""sector"":""industrial_automation"",""series_name"":""Hannover Messe"",""source_urls"":[""https://www.hannovermesse.de/files/files/001/media/globale-bilder-downloads/presse/auslandsveranstaltungen/industry-logistic-worldwide-flyer.pdf"",""https://www.hannovermesse.de/en/for-visitors/tickets/index-2""],""start_date"":""2027-04-05"",""status"":""announced"",""title"":""Hannover Messe 2027"",""url"":""https://www.hannovermesse.de/files/files/001/media/globale-bilder-downloads/presse/auslandsveranstaltungen/industry-logistic-worldwide-flyer.pdf"",""venue_name"":""Messegelände Hannover"",""verified_conflicts"":[]}","{""languages_json"":""not_found_in_consulted_sources"",""modality"":""not_found_in_consulted_sources"",""themes_json"":""not_found_in_consulted_sources"",""timezone"":""not_found_in_consulted_sources""}"
evt_41f7c969d8522557,hannover-messe-2025,series_7df6b23b2aab9755,Hannover Messe 2025,https://www.hannovermesse.de/files/files/001/media/globale-bilder-downloads/presse/auslandsveranstaltungen/industry-logistic-worldwide-flyer.pdf,2025,,year,,,reported_held,,,,unknown,trade_fair,industrial_automation,,,2026-09-28,"{""city"":null,""costs"":[],""country"":null,""date_precision"":""year"",""end_date"":null,""field_sources"":{""start_date"":[""https://www.hannovermesse.de/files/files/001/media/globale-bilder-downloads/presse/auslandsveranstaltungen/industry-logistic-worldwide-flyer.pdf""],""title"":[""https://www.hannovermesse.de/files/files/001/media/globale-bilder-downloads/presse/auslandsveranstaltungen/industry-logistic-worldwide-flyer.pdf""]},""format"":""trade_fair"",""key"":""hannover-messe-2025"",""metrics"":[{""comparator"":""stated"",""denominator"":null,""locator"":""Hannover Messe — 2025 figures"",""name"":""exhibitors_reported"",""source_url"":""https://www.hannovermesse.de/files/files/001/media/globale-bilder-downloads/presse/auslandsveranstaltungen/industry-logistic-worldwide-flyer.pdf"",""status"":""reported"",""unit"":""organizations"",""value"":3694},{""comparator"":""over"",""denominator"":null,""locator"":""Hannover Messe — 2025 figures"",""name"":""visitors_reported"",""source_url"":""https://www.hannovermesse.de/files/files/001/media/globale-bilder-downloads/presse/auslandsveranstaltungen/industry-logistic-worldwide-flyer.pdf"",""status"":""reported"",""unit"":""visitors"",""value"":123000}],""notes"":""La ficha cita resultados 2025; fecha exacta y sede histórica no acreditadas por la sede 2026. No transportar ubicación entre ediciones."",""organizations"":[{""domain"":""messe.de"",""name"":""Deutsche Messe"",""role"":""portfolio_publisher"",""source_url"":""https://www.hannovermesse.de/files/files/001/media/globale-bilder-downloads/presse/auslandsveranstaltungen/industry-logistic-worldwide-flyer.pdf"",""status"":""listed_by_publisher""}],""platform_urls"":[],""sector"":""industrial_automation"",""series_name"":""Hannover Messe"",""source_urls"":[""https://www.hannovermesse.de/files/files/001/media/globale-bilder-downloads/presse/auslandsveranstaltungen/industry-logistic-worldwide-flyer.pdf""],""start_date"":""2025"",""status"":""reported_held"",""title"":""Hannover Messe 2025"",""url"":""https://www.hannovermesse.de/files/files/001/media/globale-bilder-downloads/presse/auslandsveranstaltungen/industry-logistic-worldwide-flyer.pdf"",""venue_name"":null}","{""city"":""not_found_in_consulted_sources"",""country"":""not_found_in_consulted_sources"",""end_date"":""not_found_in_consulted_sources"",""languages_json"":""not_found_in_consulted_sources"",""modality"":""not_found_in_consulted_sources"",""themes_json"":""not_found_in_consulted_sources"",""timezone"":""not_found_in_consulted_sources"",""venue_id"":""not_found_in_consulted_sources""}"
evt_c86717853fbaa0bb,cdiif-2027,series_2a1ce27144eea8a8,Chengdu International Industry Fair 2027,https://www.hannovermesse.de/files/files/001/media/globale-bilder-downloads/presse/auslandsveranstaltungen/industry-logistic-worldwide-flyer.pdf,2027-03-02,2027-03-04,day,,,announced,Chengdu,China,venue_6e82f9d165614367,venue_named_no_coordinates,trade_fair,industrial_automation,,,2026-09-28,"{""city"":""Chengdu"",""costs"":[],""country"":""China"",""date_precision"":""day"",""end_date"":""2027-03-04"",""field_sources"":{""city"":[""https://www.hannovermesse.de/files/files/001/media/globale-bilder-downloads/presse/auslandsveranstaltungen/industry-logistic-worldwide-flyer.pdf""],""country"":[""https://www.hannovermesse.de/files/files/001/media/globale-bilder-downloads/presse/auslandsveranstaltungen/industry-logistic-worldwide-flyer.pdf""],""end_date"":[""https://cdiif.com/en/"",""https://cdiif.com/""],""start_date"":[""https://cdiif.com/en/"",""https://cdiif.com/""],""title"":[""https://www.hannovermesse.de/files/files/001/media/globale-bilder-downloads/presse/auslandsveranstaltungen/industry-logistic-worldwide-flyer.pdf""],""venue_name"":[""https://www.hannovermesse.de/files/files/001/media/globale-bilder-downloads/presse/auslandsveranstaltungen/industry-logistic-worldwide-flyer.pdf""]},""format"":""trade_fair"",""key"":""cdiif-2027"",""metrics"":[],""notes"":""Calendario anunciado al 25-03-2026; verificar vigencia antes de recomendar. Publicación del portfolio no demuestra organizador legal único."",""organizations"":[{""domain"":""messe.de"",""name"":""Deutsche Messe"",""role"":""portfolio_publisher"",""source_url"":""https://www.hannovermesse.de/files/files/001/media/globale-bilder-downloads/presse/auslandsveranstaltungen/industry-logistic-worldwide-flyer.pdf"",""status"":""listed_by_publisher""}],""platform_urls"":[],""sector"":""industrial_automation"",""series_name"":""Chengdu International Industry Fair"",""source_urls"":[""https://www.hannovermesse.de/files/files/001/media/globale-bilder-downloads/presse/auslandsveranstaltungen/industry-logistic-worldwide-flyer.pdf"",""https://cdiif.com/en/"",""https://cdiif.com/""],""start_date"":""2027-03-02"",""status"":""announced"",""title"":""Chengdu International Industry Fair 2027"",""url"":""https://www.hannovermesse.de/files/files/001/media/globale-bilder-downloads/presse/auslandsveranstaltungen/industry-logistic-worldwide-flyer.pdf"",""venue_name"":""Western China International Expo City"",""verified_conflicts"":[]}","{""languages_json"":""not_found_in_consulted_sources"",""modality"":""not_found_in_consulted_sources"",""themes_json"":""not_found_in_consulted_sources"",""timezone"":""not_found_in_consulted_sources""}"
evt_949bbc13a26eb563,cdiif-2025,series_2a1ce27144eea8a8,Chengdu International Industry Fair 2025,https://www.hannovermesse.de/files/files/001/media/globale-bilder-downloads/presse/auslandsveranstaltungen/industry-logistic-worldwide-flyer.pdf,2025,,year,,,reported_held,,,,unknown,trade_fair,industrial_automation,,,2026-09-28,"{""city"":null,""costs"":[],""country"":null,""date_precision"":""year"",""end_date"":null,""field_sources"":{""start_date"":[""https://www.hannovermesse.de/files/files/001/media/globale-bilder-downloads/presse/auslandsveranstaltungen/industry-logistic-worldwide-flyer.pdf""],""title"":[""https://www.hannovermesse.de/files/files/001/media/globale-bilder-downloads/presse/auslandsveranstaltungen/industry-logistic-worldwide-flyer.pdf""]},""format"":""trade_fair"",""key"":""cdiif-2025"",""metrics"":[{""comparator"":""stated"",""denominator"":null,""locator"":""Chengdu International Industry Fair — 2025 figures"",""name"":""exhibitors_reported"",""source_url"":""https://www.hannovermesse.de/files/files/001/media/globale-bilder-downloads/presse/auslandsveranstaltungen/industry-logistic-worldwide-flyer.pdf"",""status"":""reported"",""unit"":""organizations"",""value"":618},{""comparator"":""stated"",""denominator"":null,""locator"":""Chengdu International Industry Fair — 2025 figures"",""name"":""visitors_reported"",""source_url"":""https://www.hannovermesse.de/files/files/001/media/globale-bilder-downloads/presse/auslandsveranstaltungen/industry-logistic-worldwide-flyer.pdf"",""status"":""reported"",""unit"":""visitors"",""value"":49105}],""notes"":""La ficha cita resultados 2025; fecha exacta y sede histórica no acreditadas por la sede 2026. No transportar ubicación entre ediciones."",""organizations"":[{""domain"":""messe.de"",""name"":""Deutsche Messe"",""role"":""portfolio_publisher"",""source_url"":""https://www.hannovermesse.de/files/files/001/media/globale-bilder-downloads/presse/auslandsveranstaltungen/industry-logistic-worldwide-flyer.pdf"",""status"":""listed_by_publisher""}],""platform_urls"":[],""sector"":""industrial_automation"",""series_name"":""Chengdu International Industry Fair"",""source_urls"":[""https://www.hannovermesse.de/files/files/001/media/globale-bilder-downloads/presse/auslandsveranstaltungen/industry-logistic-worldwide-flyer.pdf""],""start_date"":""2025"",""status"":""reported_held"",""title"":""Chengdu International Industry Fair 2025"",""url"":""https://www.hannovermesse.de/files/files/001/media/globale-bilder-downloads/presse/auslandsveranstaltungen/industry-logistic-worldwide-flyer.pdf"",""venue_name"":null}","{""city"":""not_found_in_consulted_sources"",""country"":""not_found_in_consulted_sources"",""end_date"":""not_found_in_consulted_sources"",""languages_json"":""not_found_in_consulted_sources"",""modality"":""not_found_in_consulted_sources"",""themes_json"":""not_found_in_consulted_sources"",""timezone"":""not_found_in_consulted_sources"",""venue_id"":""not_found_in_consulted_sources""}"
evt_21898dbf1363b872,coachella-2023,series_ee7c42567695733d,Coachella 2023,https://www.prnewswire.com/news-releases/carrera-signs-on-as-official-eyewear-partner-of-the-2023-coachella-valley-music--arts-festival-301768132.html,2023-04-14,2023-04-23,day,,,historical_evidence,Indio,,,city,music_festival,music_consumer_brands,,,2026-09-28,"{""checked_at"":""2026-09-28"",""city"":""Indio"",""classification_origin"":""researcher_derived_from_description"",""costs"":[],""country"":null,""date_precision"":""day"",""date_segments"":[[""2023-04-14"",""2023-04-16""],[""2023-04-21"",""2023-04-23""]],""derived"":{""country"":{""is_observed"":false,""method"":""researcher_normalization_from_place"",""value"":""United States""}},""end_date"":""2023-04-23"",""field_sources"":{""city"":[""https://www.prnewswire.com/news-releases/carrera-signs-on-as-official-eyewear-partner-of-the-2023-coachella-valley-music--arts-festival-301768132.html""],""end_date"":[""https://www.prnewswire.com/news-releases/carrera-signs-on-as-official-eyewear-partner-of-the-2023-coachella-valley-music--arts-festival-301768132.html""],""start_date"":[""https://www.prnewswire.com/news-releases/carrera-signs-on-as-official-eyewear-partner-of-the-2023-coachella-valley-music--arts-festival-301768132.html""],""title"":[""https://www.prnewswire.com/news-releases/carrera-signs-on-as-official-eyewear-partner-of-the-2023-coachella-valley-music--arts-festival-301768132.html""]},""format"":""music_festival"",""gaps"":[""Ejecución y resultados de campañas no verificados con recap 2023"",""Importes de patrocinio desconocidos""],""geography_notes"":""País normalizado desde Indio, California; ciudad explícita. Venue no confirmado en esta evidencia."",""key"":""coachella-2023"",""metrics"":[],""organizations"":[{""domain"":null,""locator"":""Párrafos de Heineken House y fechas de la activación"",""name"":""Heineken"",""notes"":null,""role"":""activation_host"",""source_url"":""https://www.prnewswire.com/news-releases/method-man--redman-to-headline-star-studded-heineken-house-lineup-at-the-coachella-valley-music-and-arts-festival-301780035.html"",""status"":""announced"",""tier"":null},{""domain"":null,""locator"":""Primer párrafo: official eyewear partnership"",""name"":""CARRERA"",""notes"":null,""role"":""sponsor"",""source_url"":""https://www.prnewswire.com/news-releases/carrera-signs-on-as-official-eyewear-partner-of-the-2023-coachella-valley-music--arts-festival-301768132.html"",""status"":""announced"",""tier"":""official eyewear partner""}],""platform_urls"":[],""sector"":""music_consumer_brands"",""series_name"":""Coachella"",""source_urls"":[""https://www.prnewswire.com/news-releases/carrera-signs-on-as-official-eyewear-partner-of-the-2023-coachella-valley-music--arts-festival-301768132.html"",""https://www.prnewswire.com/news-releases/method-man--redman-to-headline-star-studded-heineken-house-lineup-at-the-coachella-valley-music-and-arts-festival-301780035.html"",""https://coachella.com/past-festivals""],""start_date"":""2023-04-14"",""status"":""historical_evidence"",""title"":""Coachella 2023"",""url"":""https://www.prnewswire.com/news-releases/carrera-signs-on-as-official-eyewear-partner-of-the-2023-coachella-valley-music--arts-festival-301768132.html"",""venue_name"":null}","{""country"":""not_found_in_consulted_sources"",""languages_json"":""not_found_in_consulted_sources"",""modality"":""not_found_in_consulted_sources"",""themes_json"":""not_found_in_consulted_sources"",""timezone"":""not_found_in_consulted_sources"",""venue_id"":""not_found_in_consulted_sources""}"
evt_759f4e16a0895098,coachella-2024,series_ee7c42567695733d,Coachella 2024,https://www.indiopd.org/Home/Components/News/News/207/66?arch=1,2024-04-12,2024-04-21,day,,,historical_evidence,Indio,,venue_c39d253f4b84faf9,venue_named_no_coordinates,music_festival,music_consumer_brands,,,2026-09-28,"{""checked_at"":""2026-09-28"",""city"":""Indio"",""classification_origin"":""researcher_derived_from_description"",""costs"":[],""country"":null,""date_precision"":""day"",""date_segments"":[[""2024-04-12"",""2024-04-14""],[""2024-04-19"",""2024-04-21""]],""derived"":{""country"":{""is_observed"":false,""method"":""researcher_normalization_from_place"",""value"":""United States""}},""end_date"":""2024-04-21"",""field_sources"":{""city"":[""https://www.indiopd.org/Home/Components/News/News/207/66?arch=1""],""end_date"":[""https://www.indiopd.org/Home/Components/News/News/207/66?arch=1""],""start_date"":[""https://www.indiopd.org/Home/Components/News/News/207/66?arch=1""],""title"":[""https://www.indiopd.org/Home/Components/News/News/207/66?arch=1""],""venue_name"":[""https://www.indiopd.org/Home/Components/News/News/207/66?arch=1""]},""format"":""music_festival"",""gaps"":[""Resultados de Absolut no publicados en fuentes leídas""],""geography_notes"":""País normalizado desde Indio, CA; ciudad y recinto explícitos."",""key"":""coachella-2024"",""metrics"":[],""organizations"":[{""domain"":null,""locator"":""ABSOLUT / primer párrafo del comunicado"",""name"":""Absolut"",""notes"":null,""role"":""sponsor"",""source_url"":""https://www.prnewswire.com/news-releases/absolut-kicks-off-festival-season-with-mixing-it-up-cosmos--culture--an-exclusive-series-on-the-latest-trends-from-the-official-vodka-of-coachella-302098638.html"",""status"":""announced"",""tier"":""official vodka partner""}],""platform_urls"":[],""sector"":""music_consumer_brands"",""series_name"":""Coachella"",""source_urls"":[""https://www.indiopd.org/Home/Components/News/News/207/66?arch=1"",""https://www.prnewswire.com/news-releases/absolut-kicks-off-festival-season-with-mixing-it-up-cosmos--culture--an-exclusive-series-on-the-latest-trends-from-the-official-vodka-of-coachella-302098638.html"",""https://www.marketingdive.com/news/absolut-land-vodka-coachella-digital-metaverse-activations/711616/"",""https://www.bmi.com/event/coachella-music-festival-indio-ca"",""https://coachella.com/past-festivals""],""start_date"":""2024-04-12"",""status"":""historical_evidence"",""title"":""Coachella 2024"",""url"":""https://www.indiopd.org/Home/Components/News/News/207/66?arch=1"",""venue_name"":""Empire Polo Club""}","{""country"":""not_found_in_consulted_sources"",""languages_json"":""not_found_in_consulted_sources"",""modality"":""not_found_in_consulted_sources"",""themes_json"":""not_found_in_consulted_sources"",""timezone"":""not_found_in_consulted_sources""}"
evt_343acf413406c0f7,coachella-2025,series_ee7c42567695733d,Coachella 2025,https://www.eventmarketer.com/article/coachella-2025-experiential/,2025-04-11,2025-04-20,day,,,historical_evidence,Indio,,venue_c39d253f4b84faf9,venue_named_no_coordinates,music_festival,music_consumer_brands,,,2026-09-28,"{""checked_at"":""2026-09-28"",""city"":""Indio"",""classification_origin"":""researcher_derived_from_description"",""costs"":[],""country"":null,""date_precision"":""day"",""date_segments"":[[""2025-04-11"",""2025-04-13""],[""2025-04-18"",""2025-04-20""]],""derived"":{""country"":{""is_observed"":false,""method"":""researcher_normalization_from_place"",""value"":""United States""}},""end_date"":""2025-04-20"",""field_sources"":{""city"":[""https://www.eventmarketer.com/article/coachella-2025-experiential/""],""end_date"":[""https://www.eventmarketer.com/article/coachella-2025-experiential/""],""start_date"":[""https://www.eventmarketer.com/article/coachella-2025-experiential/""],""title"":[""https://www.eventmarketer.com/article/coachella-2025-experiential/""],""venue_name"":[""https://www.eventmarketer.com/article/coachella-2025-experiential/""]},""format"":""music_festival"",""gaps"":[""Ventas absolutas, fees y beneficio incremental desconocidos""],""geography_notes"":""País normalizado desde Indio, CA; ciudad/venue explícitos en recap."",""key"":""coachella-2025"",""metrics"":[{""additional_source_urls"":[""https://www.theheinekencompany.com/newsroom/moderation-is-the-hottest-headliner-for-this-summers-festivals/""],""causal_attribution"":false,""denominator"":""Ventas Heineken 0.0 Coachella 2024; base absoluta no publicada"",""locator"":""Entrevista: declaración sobre Coachella"",""method"":""Declaración empresarial; misma procedencia de la métrica en ambas publicaciones."",""name"":""Heineken 0.0 ventas interanuales"",""period_end"":""2025-04-20"",""period_start"":""2025-04-11"",""published_at"":""2025-08-19"",""source_url"":""https://www.modernretail.co/marketing/inside-heinekens-limited-edition-na-beer-campaign-at-the-us-open/"",""status"":""self_reported"",""unit"":""percent_change"",""value"":125.5},{""causal_attribution"":false,""denominator"":null,""locator"":""JISULIFE"",""method"":""Método no publicado; no ventas ni usuarios únicos."",""name"":""Jisulife ventiladores entregados"",""qualifier"":""nearly"",""source_url"":""https://www.eventmarketer.com/article/coachella-2025-experiential/"",""status"":""reported_by_press"",""unit"":""products_distributed"",""value"":1000}],""organizations"":[{""domain"":null,""locator"":""Párrafos de Heineken House y fechas de la activación"",""name"":""Heineken"",""notes"":null,""role"":""activation_host"",""source_url"":""https://www.prnewswire.com/news-releases/pusha-t--afrojack-to-headline-heineken-house-2025-lineup-at-the-coachella-valley-music-and-arts-festival-302391994.html"",""status"":""announced"",""tier"":null},{""domain"":null,""locator"":""ABSOLUT / primer párrafo del comunicado"",""name"":""Absolut"",""notes"":null,""role"":""sponsor"",""source_url"":""https://www.eventmarketer.com/article/coachella-2025-experiential/"",""status"":""reported"",""tier"":""official vodka partner""},{""domain"":null,""locator"":""AMERICAN EXPRESS"",""name"":""American Express"",""notes"":null,""role"":""activation_host"",""source_url"":""https://www.eventmarketer.com/article/coachella-2025-experiential/"",""status"":""reported"",""tier"":null},{""domain"":null,""locator"":""ELECTROLIT"",""name"":""Electrolit"",""notes"":null,""role"":""sponsor"",""source_url"":""https://www.eventmarketer.com/article/coachella-2025-experiential/"",""status"":""reported"",""tier"":""official hydration partner""},{""domain"":null,""locator"":""METHOD"",""name"":""Method"",""notes"":null,""role"":""sponsor"",""source_url"":""https://www.eventmarketer.com/article/coachella-2025-experiential/"",""status"":""reported"",""tier"":""official personal care sponsor""},{""domain"":null,""locator"":""JISULIFE"",""name"":""Jisulife"",""notes"":null,""role"":""activation_host"",""source_url"":""https://www.eventmarketer.com/article/coachella-2025-experiential/"",""status"":""reported"",""tier"":null}],""platform_urls"":[],""sector"":""music_consumer_brands"",""series_name"":""Coachella"",""source_urls"":[""https://www.eventmarketer.com/article/coachella-2025-experiential/"",""https://www.prnewswire.com/news-releases/pusha-t--afrojack-to-headline-heineken-house-2025-lineup-at-the-coachella-valley-music-and-arts-festival-302391994.html"",""https://www.theheinekencompany.com/newsroom/moderation-is-the-hottest-headliner-for-this-summers-festivals/"",""https://www.modernretail.co/marketing/inside-heinekens-limited-edition-na-beer-campaign-at-the-us-open/"",""https://www.chiefmarketer.com/coachella-marketing-roundup-21-brand-experiences/"",""https://coachella.com/past-festivals""],""start_date"":""2025-04-11"",""status"":""historical_evidence"",""title"":""Coachella 2025"",""url"":""https://www.eventmarketer.com/article/coachella-2025-experiential/"",""venue_name"":""Empire Polo Club""}","{""country"":""not_found_in_consulted_sources"",""languages_json"":""not_found_in_consulted_sources"",""modality"":""not_found_in_consulted_sources"",""themes_json"":""not_found_in_consulted_sources"",""timezone"":""not_found_in_consulted_sources""}"
evt_bceea7bddb93b01d,818-outpost-2025,series_37cd0237f9887c06,818 Outpost 2025,https://www.eventmarketer.com/article/coachella-2025-experiential/,2025-04-11,2025-04-11,day,,,historical_evidence,,,,unknown,brand_pop_up,consumer_beverages,,,2026-09-28,"{""checked_at"":""2026-09-28"",""city"":null,""classification_origin"":""researcher_derived_from_description"",""costs"":[],""country"":null,""date_precision"":""day"",""end_date"":""2025-04-11"",""field_sources"":{""end_date"":[""https://www.eventmarketer.com/article/coachella-2025-experiential/""],""start_date"":[""https://www.eventmarketer.com/article/coachella-2025-experiential/""],""title"":[""https://www.eventmarketer.com/article/coachella-2025-experiential/""]},""format"":""brand_pop_up"",""gaps"":[""Ubicación concreta y metodología de conteo ausentes""],""geography_notes"":""No trasladar automáticamente la ubicación del festival a este pop-up."",""key"":""818-outpost-2025"",""metrics"":[{""denominator"":null,""locator"":""818 TEQUILA"",""method"":""Método no divulgado; no asistencia auditada."",""name"":""Asistentes reportados"",""qualifier"":""more_than"",""source_url"":""https://www.eventmarketer.com/article/coachella-2025-experiential/"",""status"":""reported_by_press"",""unit"":""attendees"",""value"":1500}],""organizations"":[{""domain"":null,""locator"":""818 TEQUILA: 818 Outpost y presented by The h.wood Group"",""name"":""818 Tequila"",""notes"":null,""role"":""activation_host"",""source_url"":""https://www.eventmarketer.com/article/coachella-2025-experiential/"",""status"":""reported"",""tier"":null},{""domain"":null,""locator"":""818 TEQUILA: 818 Outpost y presented by The h.wood Group"",""name"":""The h.wood Group"",""notes"":null,""role"":""presenter"",""source_url"":""https://www.eventmarketer.com/article/coachella-2025-experiential/"",""status"":""reported"",""tier"":null}],""platform_urls"":[],""related_edition_key"":""coachella-2025"",""relation"":""coincident_side_activation"",""sector"":""consumer_beverages"",""series_name"":""818 Outpost"",""source_urls"":[""https://www.eventmarketer.com/article/coachella-2025-experiential/"",""https://www.chiefmarketer.com/coachella-marketing-roundup-21-brand-experiences/""],""start_date"":""2025-04-11"",""status"":""historical_evidence"",""title"":""818 Outpost 2025"",""url"":""https://www.eventmarketer.com/article/coachella-2025-experiential/"",""venue_name"":null}","{""city"":""not_found_in_consulted_sources"",""country"":""not_found_in_consulted_sources"",""languages_json"":""not_found_in_consulted_sources"",""modality"":""not_found_in_consulted_sources"",""themes_json"":""not_found_in_consulted_sources"",""timezone"":""not_found_in_consulted_sources"",""venue_id"":""not_found_in_consulted_sources""}"
evt_347ceac6d8bd6531,paris-olympics-2024,series_242dbfda4228532b,Juegos Olímpicos París 2024,https://www.insee.fr/fr/statistiques/8670343,2024-07-26,2024-08-11,day,,,historical_evidence,Paris,France,,city,multi_sport_games,sports_travel_electronics,,,2026-09-28,"{""checked_at"":""2026-09-28"",""city"":""Paris"",""classification_origin"":""researcher_derived_from_description"",""costs"":[{""allocation"":""joint_olympic_and_paralympic_program"",""amount"":27000000,""category"":""customer_support_operations"",""currency"":""EUR"",""locator"":""Segundo párrafo"",""name"":""Soporte comunitario Airbnb conjunto París 2024"",""not_sponsorship_fee"":true,""published_at"":""2024-04-09"",""scope_edition_keys"":[""paris-olympics-2024"",""paris-paralympics-2024""],""source_url"":""https://news.airbnb.com/fr/paris-2024-27-millions-deuros-investis-dans-le-soutien-a-la-communaute"",""status"":""announced""}],""country"":""France"",""date_precision"":""day"",""end_date"":""2024-08-11"",""field_sources"":{""city"":[""https://www.insee.fr/fr/statistiques/8670343""],""country"":[""https://www.insee.fr/fr/statistiques/8670343""],""end_date"":[""https://www.insee.fr/fr/statistiques/8670343""],""start_date"":[""https://www.insee.fr/fr/statistiques/8670343""],""title"":[""https://www.insee.fr/fr/statistiques/8670343""]},""format"":""multi_sport_games"",""gaps"":[""Fee y ROI por sponsor desconocidos"",""Datos posteriores de reservas convertidas a estancias por sponsor ausentes""],""geography_notes"":""París es ciudad anfitriona; sedes distribuidas. Métricas turísticas aquí son regionales y no se relabelan ciudad."",""key"":""paris-olympics-2024"",""metrics"":[{""as_of"":""2024-03-31"",""causal_attribution"":false,""denominator"":""Reservas observadas a la misma fecha un año antes según fuente"",""geography_scope"":""Paris region"",""locator"":""Key Takeaways y notas **"",""method"":""Reservas para fechas olímpicas; no estancias realizadas ni ROI."",""name"":""Reservas de noches Airbnb en región de París"",""qualifier"":""source_says_over_five_times"",""source_url"":""https://news.airbnb.com/en-in/30-surge-in-bookings-from-indian-guests-for-paris-2024-olympics"",""status"":""company_reported_forward_bookings"",""unit"":""percent_change"",""value"":400},{""causal_attribution"":false,""denominator"":""Mismo agregado regional año 2023"",""locator"":""Primer apartado y Sources"",""method"":""Varias plataformas; estadística experimental con posible doble conteo."",""name"":""Pernoctaciones de no residentes en alquileres cortos Île-de-France"",""period_end"":""2024-12-31"",""period_start"":""2024-01-01"",""scope"":""Regional anual; contexto, no resultado causal de Juegos ni Airbnb"",""source_url"":""https://www.insee.fr/fr/statistiques/8670343"",""status"":""institutional_reported"",""unit"":""percent_change"",""value"":20.9}],""organizations"":[{""domain"":null,""locator"":""Título y primer párrafo; declaración final de CEO"",""name"":""Panasonic"",""notes"":null,""role"":""sponsor"",""source_url"":""https://news.panasonic.com/global/fr/press/en240910-2"",""status"":""self_reported"",""tier"":""worldwide TOP partner""},{""domain"":null,""locator"":""Segundo párrafo: partenaire mondial"",""name"":""Airbnb"",""notes"":null,""role"":""sponsor"",""source_url"":""https://news.airbnb.com/fr/paris-2024-27-millions-deuros-investis-dans-le-soutien-a-la-communaute"",""status"":""self_reported"",""tier"":""worldwide Olympic and Paralympic partner""}],""platform_urls"":[],""sector"":""sports_travel_electronics"",""series_name"":""Summer Olympic Games"",""source_urls"":[""https://www.insee.fr/fr/statistiques/8670343"",""https://news.panasonic.com/global/fr/press/en240910-2"",""https://www.investing.com/news/stock-market-news/japans-panasonic-ends-37year-contract-as-top-olympics-sponsor-3608683"",""https://news.airbnb.com/fr/paris-2024-27-millions-deuros-investis-dans-le-soutien-a-la-communaute"",""https://news.airbnb.com/en-in/30-surge-in-bookings-from-indian-guests-for-paris-2024-olympics"",""https://www.lemonde.fr/en/economy/article/2024/05/27/paris-2024-hotels-and-airbnb-rental-prices-continue-to-fall-due-to-oversupply_6672794_19.html""],""start_date"":""2024-07-26"",""status"":""historical_evidence"",""title"":""Juegos Olímpicos París 2024"",""url"":""https://www.insee.fr/fr/statistiques/8670343"",""venue_name"":null}","{""languages_json"":""not_found_in_consulted_sources"",""modality"":""not_found_in_consulted_sources"",""themes_json"":""not_found_in_consulted_sources"",""timezone"":""not_found_in_consulted_sources"",""venue_id"":""not_found_in_consulted_sources""}"
evt_884aefcea84103a6,paris-paralympics-2024,series_88945eb808e7c443,Juegos Paralímpicos París 2024,https://www.insee.fr/fr/statistiques/8670343,2024-08-28,2024-09-08,day,,,historical_evidence,Paris,France,,city,multi_sport_games,sports_travel_electronics,,,2026-09-28,"{""checked_at"":""2026-09-28"",""city"":""Paris"",""classification_origin"":""researcher_derived_from_description"",""costs"":[],""country"":""France"",""date_precision"":""day"",""end_date"":""2024-09-08"",""field_sources"":{""city"":[""https://www.insee.fr/fr/statistiques/8670343""],""country"":[""https://www.insee.fr/fr/statistiques/8670343""],""end_date"":[""https://www.insee.fr/fr/statistiques/8670343""],""start_date"":[""https://www.insee.fr/fr/statistiques/8670343""],""title"":[""https://www.insee.fr/fr/statistiques/8670343""]},""format"":""multi_sport_games"",""geography_notes"":""Métricas/inversión conjunta JOP no se duplican entre ambas ediciones."",""key"":""paris-paralympics-2024"",""metrics"":[],""organizations"":[{""domain"":null,""locator"":""Título y primer párrafo; declaración final de CEO"",""name"":""Panasonic"",""notes"":null,""role"":""sponsor"",""source_url"":""https://news.panasonic.com/global/fr/press/en240910-2"",""status"":""self_reported"",""tier"":""worldwide partner""},{""domain"":null,""locator"":""Segundo párrafo: partenaire mondial"",""name"":""Airbnb"",""notes"":null,""role"":""sponsor"",""source_url"":""https://news.airbnb.com/fr/paris-2024-27-millions-deuros-investis-dans-le-soutien-a-la-communaute"",""status"":""self_reported"",""tier"":""worldwide Olympic and Paralympic partner""}],""platform_urls"":[],""sector"":""sports_travel_electronics"",""series_name"":""Summer Paralympic Games"",""source_urls"":[""https://www.insee.fr/fr/statistiques/8670343"",""https://news.panasonic.com/global/fr/press/en240910-2"",""https://www.investing.com/news/stock-market-news/japans-panasonic-ends-37year-contract-as-top-olympics-sponsor-3608683"",""https://news.airbnb.com/fr/paris-2024-27-millions-deuros-investis-dans-le-soutien-a-la-communaute"",""https://www.lemonde.fr/en/economy/article/2024/05/27/paris-2024-hotels-and-airbnb-rental-prices-continue-to-fall-due-to-oversupply_6672794_19.html""],""start_date"":""2024-08-28"",""status"":""historical_evidence"",""title"":""Juegos Paralímpicos París 2024"",""url"":""https://www.insee.fr/fr/statistiques/8670343"",""venue_name"":null}","{""languages_json"":""not_found_in_consulted_sources"",""modality"":""not_found_in_consulted_sources"",""themes_json"":""not_found_in_consulted_sources"",""timezone"":""not_found_in_consulted_sources"",""venue_id"":""not_found_in_consulted_sources""}"
evt_0d891407e0719cd2,ces-2025,series_48dd969488eb543b,CES 2025,https://news.panasonic.com/global/presskits/ces2025,2025-01-07,2025-01-10,day,,,historical_evidence,Las Vegas,United States,venue_b89563747c6c1d62,venue_named_no_coordinates,trade_show,consumer_electronics_hvac_energy,,,2026-09-28,"{""checked_at"":""2026-09-28"",""city"":""Las Vegas"",""classification_origin"":""researcher_derived_from_description"",""costs"":[],""country"":""United States"",""date_precision"":""day"",""end_date"":""2025-01-10"",""field_sources"":{""city"":[""https://news.panasonic.com/global/presskits/ces2025""],""country"":[""https://news.panasonic.com/global/presskits/ces2025""],""end_date"":[""https://news.panasonic.com/global/presskits/ces2025""],""start_date"":[""https://news.panasonic.com/global/presskits/ces2025""],""title"":[""https://news.panasonic.com/global/presskits/ces2025""],""venue_name"":[""https://news.panasonic.com/global/presskits/ces2025""]},""format"":""trade_show"",""gaps"":[""No leads, contratos o ROI del stand"",""Anthropic es alianza anunciada, no sponsor inferido""],""key"":""ces-2025"",""metrics"":[],""organizations"":[{""domain"":null,""locator"":""Introducción: exhibiting / showcased"",""name"":""Panasonic"",""notes"":null,""role"":""exhibitor"",""source_url"":""https://news.panasonic.com/global/stories/16909"",""status"":""self_reported"",""tier"":null},{""domain"":null,""locator"":""Opening Keynote"",""name"":""Panasonic"",""notes"":null,""role"":""keynote_company"",""source_url"":""https://news.panasonic.com/global/presskits/ces2025"",""status"":""announced"",""tier"":null}],""platform_urls"":[],""sector"":""consumer_electronics_hvac_energy"",""series_name"":""CES"",""source_urls"":[""https://news.panasonic.com/global/presskits/ces2025"",""https://news.panasonic.com/global/stories/16909"",""https://news.panasonic.com/global/press/en250108-15""],""start_date"":""2025-01-07"",""status"":""historical_evidence"",""title"":""CES 2025"",""url"":""https://news.panasonic.com/global/presskits/ces2025"",""venue_name"":""Las Vegas Convention Center (booth Panasonic)"",""venue_notes"":""El press kit identifica LVCC Central Hall #16605 para Panasonic, no todas las sedes del CES.""}","{""languages_json"":""not_found_in_consulted_sources"",""modality"":""not_found_in_consulted_sources"",""themes_json"":""not_found_in_consulted_sources"",""timezone"":""not_found_in_consulted_sources""}"
evt_f3d0ef12f9fe682a,ces-2026,series_48dd969488eb543b,CES 2026,https://news.panasonic.com/global/stories/18277,2026-01-06,2026-01-09,day,,,historical_evidence,Las Vegas,,,city,trade_show,consumer_electronics_hvac_energy,,,2026-09-28,"{""checked_at"":""2026-09-28"",""city"":""Las Vegas"",""classification_origin"":""researcher_derived_from_description"",""costs"":[],""country"":null,""date_precision"":""day"",""derived"":{""country"":{""is_observed"":false,""method"":""researcher_normalization_from_place"",""value"":""United States""}},""end_date"":""2026-01-09"",""field_sources"":{""city"":[""https://news.panasonic.com/global/stories/18277""],""end_date"":[""https://news.panasonic.com/global/stories/18277""],""start_date"":[""https://news.panasonic.com/global/stories/18277""],""title"":[""https://news.panasonic.com/global/stories/18277""]},""format"":""trade_show"",""gaps"":[""Métricas comerciales del expositor ausentes""],""geography_notes"":""País normalizado desde Las Vegas; ciudad explícita."",""key"":""ces-2026"",""metrics"":[],""organizations"":[{""domain"":null,""locator"":""Introducción: exhibiting / showcased"",""name"":""Panasonic"",""notes"":null,""role"":""exhibitor"",""source_url"":""https://news.panasonic.com/global/stories/18277"",""status"":""self_reported"",""tier"":null}],""platform_urls"":[],""sector"":""consumer_electronics_hvac_energy"",""series_name"":""CES"",""source_urls"":[""https://news.panasonic.com/global/stories/18277""],""start_date"":""2026-01-06"",""status"":""historical_evidence"",""title"":""CES 2026"",""url"":""https://news.panasonic.com/global/stories/18277"",""venue_name"":null}","{""country"":""not_found_in_consulted_sources"",""languages_json"":""not_found_in_consulted_sources"",""modality"":""not_found_in_consulted_sources"",""themes_json"":""not_found_in_consulted_sources"",""timezone"":""not_found_in_consulted_sources"",""venue_id"":""not_found_in_consulted_sources""}"
evt_10393e173aeae756,us-open-tennis-2024,series_a13b2b47ce1650be,US Open Tennis 2024,https://espnpressroom.com/press-release/espns-exclusive-first-ball-to-last-ball-coverage-of-the-2024-us-open-august-26-september-8/,2024-08-26,2024-09-08,day,,,historical_evidence,,,,unknown,sports_tournament,sports_consumer_beverages,,,2026-09-28,"{""activation_period"":[""2024-08-19"",""2024-09-08""],""checked_at"":""2026-09-28"",""city"":null,""classification_origin"":""researcher_derived_from_description"",""costs"":[],""country"":null,""date_precision"":""day"",""date_scope"":""main_draw"",""end_date"":""2024-09-08"",""field_sources"":{""end_date"":[""https://espnpressroom.com/press-release/espns-exclusive-first-ball-to-last-ball-coverage-of-the-2024-us-open-august-26-september-8/""],""start_date"":[""https://espnpressroom.com/press-release/espns-exclusive-first-ball-to-last-ball-coverage-of-the-2024-us-open-august-26-september-8/""],""title"":[""https://espnpressroom.com/press-release/espns-exclusive-first-ball-to-last-ball-coverage-of-the-2024-us-open-august-26-september-8/""]},""format"":""sports_tournament"",""geography_notes"":""No utilizar White Plains (dateline de marca) como ciudad del torneo; ubicación pendiente en este lote."",""key"":""us-open-tennis-2024"",""metrics"":[{""causal_attribution"":false,""denominator"":""Ventas onsite Heineken sin alcohol US Open 2023; base absoluta ausente"",""locator"":""Segundo párrafo"",""method"":""Declaración empresarial; moneda/volumen no especificados."",""name"":""Ventas onsite Heineken sin alcohol"",""period_year"":2024,""published_at"":""2025-08-19"",""source_url"":""https://www.modernretail.co/marketing/inside-heinekens-limited-edition-na-beer-campaign-at-the-us-open/"",""status"":""company_reported_via_interview"",""unit"":""percent_change"",""value"":25}],""organizations"":[{""domain"":null,""locator"":""Declaración CMO / entrevista CEO sobre partnership"",""name"":""Heineken"",""notes"":null,""role"":""sponsor"",""source_url"":""https://www.prnewswire.com/news-releases/heineken-0-0-launches-limited-edition-l0vel0ve-cans-in-celebration-of-the-2024-us-open-302222411.html"",""status"":""self_reported"",""tier"":null},{""domain"":null,""locator"":""Introducción: cobertura exclusiva"",""name"":""ESPN"",""notes"":null,""role"":""broadcaster"",""source_url"":""https://espnpressroom.com/press-release/espns-exclusive-first-ball-to-last-ball-coverage-of-the-2024-us-open-august-26-september-8/"",""status"":""announced"",""tier"":null},{""domain"":null,""locator"":""Tabla de programación"",""name"":""Heineken"",""notes"":null,""role"":""broadcast_sponsor"",""source_url"":""https://espnpressroom.com/press-release/espns-exclusive-first-ball-to-last-ball-coverage-of-the-2024-us-open-august-26-september-8/"",""status"":""announced"",""tier"":""Heineken Silver""},{""domain"":null,""locator"":""Tabla de programación"",""name"":""IBM"",""notes"":null,""role"":""broadcast_sponsor"",""source_url"":""https://espnpressroom.com/press-release/espns-exclusive-first-ball-to-last-ball-coverage-of-the-2024-us-open-august-26-september-8/"",""status"":""announced"",""tier"":""primetime""},{""domain"":null,""locator"":""Tabla de programación"",""name"":""Cadillac"",""notes"":null,""role"":""broadcast_sponsor"",""source_url"":""https://espnpressroom.com/press-release/espns-exclusive-first-ball-to-last-ball-coverage-of-the-2024-us-open-august-26-september-8/"",""status"":""announced"",""tier"":""finales""}],""platform_urls"":[],""sector"":""sports_consumer_beverages"",""series_name"":""US Open Tennis"",""source_urls"":[""https://espnpressroom.com/press-release/espns-exclusive-first-ball-to-last-ball-coverage-of-the-2024-us-open-august-26-september-8/"",""https://www.prnewswire.com/news-releases/heineken-0-0-launches-limited-edition-l0vel0ve-cans-in-celebration-of-the-2024-us-open-302222411.html"",""https://www.modernretail.co/marketing/inside-heinekens-limited-edition-na-beer-campaign-at-the-us-open/""],""start_date"":""2024-08-26"",""status"":""historical_evidence"",""title"":""US Open Tennis 2024"",""url"":""https://espnpressroom.com/press-release/espns-exclusive-first-ball-to-last-ball-coverage-of-the-2024-us-open-august-26-september-8/"",""venue_name"":null}","{""city"":""not_found_in_consulted_sources"",""country"":""not_found_in_consulted_sources"",""languages_json"":""not_found_in_consulted_sources"",""modality"":""not_found_in_consulted_sources"",""themes_json"":""not_found_in_consulted_sources"",""timezone"":""not_found_in_consulted_sources"",""venue_id"":""not_found_in_consulted_sources""}"
evt_eb0f0a2edae7eb88,us-open-tennis-2025,series_a13b2b47ce1650be,US Open Tennis 2025,https://espnpressroom.com/press-release/all-of-the-2025-us-open-all-in-one-place/,2025-08-24,2025-09-07,day,,,historical_evidence,New York,,,city,sports_tournament,sports_consumer_beverages,,,2026-09-28,"{""broader_event_period"":[""2025-08-18"",""2025-09-07""],""broader_event_period_access"":""indexed_only_organizer"",""checked_at"":""2026-09-28"",""city"":""New York"",""classification_origin"":""researcher_derived_from_description"",""costs"":[],""country"":null,""date_precision"":""day"",""date_scope"":""main_draw"",""derived"":{""country"":{""is_observed"":false,""method"":""researcher_normalization_from_place"",""value"":""United States""}},""end_date"":""2025-09-07"",""field_sources"":{""city"":[""https://espnpressroom.com/press-release/all-of-the-2025-us-open-all-in-one-place/""],""end_date"":[""https://espnpressroom.com/press-release/all-of-the-2025-us-open-all-in-one-place/""],""start_date"":[""https://espnpressroom.com/press-release/all-of-the-2025-us-open-all-in-one-place/""],""title"":[""https://espnpressroom.com/press-release/all-of-the-2025-us-open-all-in-one-place/""]},""format"":""sports_tournament"",""gaps"":[""Resultado 2025 de la campaña no encontrado"",""Conflicto de fecha final con Modern Retail registrado""],""geography_notes"":""Ciudad contextualizada explícitamente en comunicado ESPN; país normalizado."",""key"":""us-open-tennis-2025"",""metrics"":[],""organizations"":[{""domain"":null,""locator"":""Declaración CMO / entrevista CEO sobre partnership"",""name"":""Heineken"",""notes"":null,""role"":""sponsor"",""source_url"":""https://www.modernretail.co/marketing/inside-heinekens-limited-edition-na-beer-campaign-at-the-us-open/"",""status"":""self_reported"",""tier"":null},{""domain"":null,""locator"":""Introducción: cobertura exclusiva"",""name"":""ESPN"",""notes"":null,""role"":""broadcaster"",""source_url"":""https://espnpressroom.com/press-release/all-of-the-2025-us-open-all-in-one-place/"",""status"":""announced"",""tier"":null},{""domain"":null,""locator"":""Tabla de programación"",""name"":""Heineken"",""notes"":null,""role"":""broadcast_sponsor"",""source_url"":""https://espnpressroom.com/press-release/all-of-the-2025-us-open-all-in-one-place/"",""status"":""announced"",""tier"":""Heineken 0.0""},{""domain"":null,""locator"":""Tabla de programación"",""name"":""IBM"",""notes"":null,""role"":""broadcast_sponsor"",""source_url"":""https://espnpressroom.com/press-release/all-of-the-2025-us-open-all-in-one-place/"",""status"":""announced"",""tier"":""primetime""}],""platform_urls"":[],""sector"":""sports_consumer_beverages"",""series_name"":""US Open Tennis"",""source_urls"":[""https://espnpressroom.com/press-release/all-of-the-2025-us-open-all-in-one-place/"",""https://www.modernretail.co/marketing/inside-heinekens-limited-edition-na-beer-campaign-at-the-us-open/"",""https://www.usopen.org/en_US/news/articles/2025-05-29/2025_us_open_theme_art_celebrates_althea_gibson_breaking_barriers.html""],""start_date"":""2025-08-24"",""status"":""historical_evidence"",""title"":""US Open Tennis 2025"",""url"":""https://espnpressroom.com/press-release/all-of-the-2025-us-open-all-in-one-place/"",""venue_name"":null}","{""country"":""not_found_in_consulted_sources"",""languages_json"":""not_found_in_consulted_sources"",""modality"":""not_found_in_consulted_sources"",""themes_json"":""not_found_in_consulted_sources"",""timezone"":""not_found_in_consulted_sources"",""venue_id"":""not_found_in_consulted_sources""}"
evt_f483ad3b81f46644,pycon-us-2022,series_2ffc5b3a9dc66fc2,PyCon US 2022,https://us.pycon.org/2022/,2022-04-27,2022-05-03,day,,hybrid,historical_listing,Salt Lake City,United States,venue_21b9075b1f83efea,venue_named_no_coordinates,conference,software_python,,,2026-09-28,"{""city"":""Salt Lake City"",""costs"":[],""country"":""United States"",""date_precision"":""day"",""end_date"":""2022-05-03"",""field_sources"":{""city"":[""https://us.pycon.org/2022/""],""country"":[""https://us.pycon.org/2022/""],""end_date"":[""https://us.pycon.org/2022/""],""start_date"":[""https://us.pycon.org/2022/""],""title"":[""https://us.pycon.org/2022/""],""venue_name"":[""https://us.pycon.org/2022/""]},""format"":""conference"",""key"":""pycon-us-2022"",""metrics"":[],""modality"":""hybrid"",""notes"":""Date range includes tutorials and sprints; past listing alone is not verified attendance."",""organizations"":[{""domain"":""techatbloomberg.com"",""locator"":""Visionary > image alt Bloomberg Logo"",""name"":""Bloomberg"",""notes"":""Explicit edition-specific alt text; no visual logo recognition or cash amount inferred."",""role"":""sponsor"",""source_url"":""https://us.pycon.org/2022/sponsorship/sponsors/index.html"",""status"":""listed_by_organizer"",""tier"":""Visionary"",""website"":""https://www.techatbloomberg.com/?utm_medium=cto&utm_content=site-partner&utm_source=site-partner&utm_campaign=MKTG_2002TechEvent_PyConUS&tactic=600319""},{""domain"":""about.facebook.com"",""locator"":""Visionary > image alt Meta Logo"",""name"":""Meta"",""notes"":""Explicit edition-specific alt text; no visual logo recognition or cash amount inferred."",""role"":""sponsor"",""source_url"":""https://us.pycon.org/2022/sponsorship/sponsors/index.html"",""status"":""listed_by_organizer"",""tier"":""Visionary"",""website"":""https://about.facebook.com/meta/""},{""domain"":""opensource.google"",""locator"":""Visionary > image alt Google Logo"",""name"":""Google"",""notes"":""Explicit edition-specific alt text; no visual logo recognition or cash amount inferred."",""role"":""sponsor"",""source_url"":""https://us.pycon.org/2022/sponsorship/sponsors/index.html"",""status"":""listed_by_organizer"",""tier"":""Visionary"",""website"":""https://opensource.google/""},{""domain"":""azure.microsoft.com"",""locator"":""Sustainability > image alt Microsoft Logo"",""name"":""Microsoft"",""notes"":""Explicit edition-specific alt text; no visual logo recognition or cash amount inferred."",""role"":""sponsor"",""source_url"":""https://us.pycon.org/2022/sponsorship/sponsors/index.html"",""status"":""listed_by_organizer"",""tier"":""Sustainability"",""website"":""https://azure.microsoft.com/en-us/develop/python/""},{""domain"":""developer.nvidia.com"",""locator"":""Sustainability > image alt NVIDIA Logo"",""name"":""NVIDIA"",""notes"":""Explicit edition-specific alt text; no visual logo recognition or cash amount inferred."",""role"":""sponsor"",""source_url"":""https://us.pycon.org/2022/sponsorship/sponsors/index.html"",""status"":""listed_by_organizer"",""tier"":""Sustainability"",""website"":""https://developer.nvidia.com""},{""domain"":""aws.amazon.com"",""locator"":""Sustainability > image alt AWS Logo"",""name"":""AWS"",""notes"":""Explicit edition-specific alt text; no visual logo recognition or cash amount inferred."",""role"":""sponsor"",""source_url"":""https://us.pycon.org/2022/sponsorship/sponsors/index.html"",""status"":""listed_by_organizer"",""tier"":""Sustainability"",""website"":""https://aws.amazon.com/""},{""domain"":""capitalone.com"",""locator"":""Maintaining > image alt Capital One Logo"",""name"":""Capital One"",""notes"":""Explicit edition-specific alt text; no visual logo recognition or cash amount inferred."",""role"":""sponsor"",""source_url"":""https://us.pycon.org/2022/sponsorship/sponsors/index.html"",""status"":""listed_by_organizer"",""tier"":""Maintaining"",""website"":""https://www.capitalone.com/tech/""},{""domain"":""opensource.indeed.com"",""locator"":""Maintaining > image alt Indeed Logo"",""name"":""Indeed"",""notes"":""Explicit edition-specific alt text; no visual logo recognition or cash amount inferred."",""role"":""sponsor"",""source_url"":""https://us.pycon.org/2022/sponsorship/sponsors/index.html"",""status"":""listed_by_organizer"",""tier"":""Maintaining"",""website"":""http://opensource.indeed.com""},{""domain"":""corning.com"",""locator"":""Maintaining > image alt Corning Incorporated Logo"",""name"":""Corning Incorporated"",""notes"":""Explicit edition-specific alt text; no visual logo recognition or cash amount inferred."",""role"":""sponsor"",""source_url"":""https://us.pycon.org/2022/sponsorship/sponsors/index.html"",""status"":""listed_by_organizer"",""tier"":""Maintaining"",""website"":""https://www.corning.com/worldwide/en.html""},{""domain"":""ansys.com"",""locator"":""Maintaining > image alt Ansys Logo"",""name"":""Ansys"",""notes"":""Explicit edition-specific alt text; no visual logo recognition or cash amount inferred."",""role"":""sponsor"",""source_url"":""https://us.pycon.org/2022/sponsorship/sponsors/index.html"",""status"":""listed_by_organizer"",""tier"":""Maintaining"",""website"":""https://www.ansys.com/""},{""domain"":""qube-rt.com"",""locator"":""Maintaining > image alt Qube Research & Technologies Limited Logo"",""name"":""Qube Research & Technologies Limited"",""notes"":""Explicit edition-specific alt text; no visual logo recognition or cash amount inferred."",""role"":""sponsor"",""source_url"":""https://us.pycon.org/2022/sponsorship/sponsors/index.html"",""status"":""listed_by_organizer"",""tier"":""Maintaining"",""website"":""https://www.qube-rt.com/""},{""domain"":""ramp.com"",""locator"":""Contributing > image alt Ramp Logo"",""name"":""Ramp"",""notes"":""Explicit edition-specific alt text; no visual logo recognition or cash amount inferred."",""role"":""sponsor"",""source_url"":""https://us.pycon.org/2022/sponsorship/sponsors/index.html"",""status"":""listed_by_organizer"",""tier"":""Contributing"",""website"":""https://ramp.com/""},{""domain"":""fanniemae.com"",""locator"":""Contributing > image alt Fannie Mae Logo"",""name"":""Fannie Mae"",""notes"":""Explicit edition-specific alt text; no visual logo recognition or cash amount inferred."",""role"":""sponsor"",""source_url"":""https://us.pycon.org/2022/sponsorship/sponsors/index.html"",""status"":""listed_by_organizer"",""tier"":""Contributing"",""website"":""https://www.fanniemae.com""},{""domain"":""motional.com"",""locator"":""Contributing > image alt Motional Logo"",""name"":""Motional"",""notes"":""Explicit edition-specific alt text; no visual logo recognition or cash amount inferred."",""role"":""sponsor"",""source_url"":""https://us.pycon.org/2022/sponsorship/sponsors/index.html"",""status"":""listed_by_organizer"",""tier"":""Contributing"",""website"":""http://www.motional.com/careers""},{""domain"":""anaconda.com"",""locator"":""Contributing > image alt Anaconda, Inc Logo"",""name"":""Anaconda, Inc"",""notes"":""Explicit edition-specific alt text; no visual logo recognition or cash amount inferred."",""role"":""sponsor"",""source_url"":""https://us.pycon.org/2022/sponsorship/sponsors/index.html"",""status"":""listed_by_organizer"",""tier"":""Contributing"",""website"":""https://www.anaconda.com/""},{""domain"":""ibm.com"",""locator"":""Contributing > image alt IBM Logo"",""name"":""IBM"",""notes"":""Explicit edition-specific alt text; no visual logo recognition or cash amount inferred."",""role"":""sponsor"",""source_url"":""https://us.pycon.org/2022/sponsorship/sponsors/index.html"",""status"":""listed_by_organizer"",""tier"":""Contributing"",""website"":""https://www.ibm.com""},{""domain"":""coiled.io"",""locator"":""Contributing > image alt Coiled Logo"",""name"":""Coiled"",""notes"":""Explicit edition-specific alt text; no visual logo recognition or cash amount inferred."",""role"":""sponsor"",""source_url"":""https://us.pycon.org/2022/sponsorship/sponsors/index.html"",""status"":""listed_by_organizer"",""tier"":""Contributing"",""website"":""https://coiled.io/""},{""domain"":""redhat.com"",""locator"":""Contributing > image alt Red Hat Logo"",""name"":""Red Hat"",""notes"":""Explicit edition-specific alt text; no visual logo recognition or cash amount inferred."",""role"":""sponsor"",""source_url"":""https://us.pycon.org/2022/sponsorship/sponsors/index.html"",""status"":""listed_by_organizer"",""tier"":""Contributing"",""website"":""https://www.redhat.com/""},{""domain"":""rebelliondefense.com"",""locator"":""Supporting > image alt Rebellion Defense Logo"",""name"":""Rebellion Defense"",""notes"":""Explicit edition-specific alt text; no visual logo recognition or cash amount inferred."",""role"":""sponsor"",""source_url"":""https://us.pycon.org/2022/sponsorship/sponsors/index.html"",""status"":""listed_by_organizer"",""tier"":""Supporting"",""website"":""https://rebelliondefense.com/""},{""domain"":""prefect.io"",""locator"":""Supporting > image alt Prefect Logo"",""name"":""Prefect"",""notes"":""Explicit edition-specific alt text; no visual logo recognition or cash amount inferred."",""role"":""sponsor"",""source_url"":""https://us.pycon.org/2022/sponsorship/sponsors/index.html"",""status"":""listed_by_organizer"",""tier"":""Supporting"",""website"":""https://www.prefect.io/""},{""domain"":""crunchydata.com"",""locator"":""Supporting > image alt Crunchy Data Logo"",""name"":""Crunchy Data"",""notes"":""Explicit edition-specific alt text; no visual logo recognition or cash amount inferred."",""role"":""sponsor"",""source_url"":""https://us.pycon.org/2022/sponsorship/sponsors/index.html"",""status"":""listed_by_organizer"",""tier"":""Supporting"",""website"":""https://www.crunchydata.com/""},{""domain"":""shortcut.com"",""locator"":""Supporting > image alt Shortcut Logo"",""name"":""Shortcut"",""notes"":""Explicit edition-specific alt text; no visual logo recognition or cash amount inferred."",""role"":""sponsor"",""source_url"":""https://us.pycon.org/2022/sponsorship/sponsors/index.html"",""status"":""listed_by_organizer"",""tier"":""Supporting"",""website"":""http://shortcut.com""},{""domain"":""hudsonrivertrading.com"",""locator"":""Supporting > image alt Hudson River Trading Logo"",""name"":""Hudson River Trading"",""notes"":""Explicit edition-specific alt text; no visual logo recognition or cash amount inferred."",""role"":""sponsor"",""source_url"":""https://us.pycon.org/2022/sponsorship/sponsors/index.html"",""status"":""listed_by_organizer"",""tier"":""Supporting"",""website"":""https://www.hudsonrivertrading.com""},{""domain"":""linode.com"",""locator"":""Supporting > image alt Linode Logo"",""name"":""Linode"",""notes"":""Explicit edition-specific alt text; no visual logo recognition or cash amount inferred."",""role"":""sponsor"",""source_url"":""https://us.pycon.org/2022/sponsorship/sponsors/index.html"",""status"":""listed_by_organizer"",""tier"":""Supporting"",""website"":""http://linode.com/""},{""domain"":""jetbrains.com"",""locator"":""Supporting > image alt JetBrains Logo"",""name"":""JetBrains"",""notes"":""Explicit edition-specific alt text; no visual logo recognition or cash amount inferred."",""role"":""sponsor"",""source_url"":""https://us.pycon.org/2022/sponsorship/sponsors/index.html"",""status"":""listed_by_organizer"",""tier"":""Supporting"",""website"":""https://www.jetbrains.com/pycharm/""},{""domain"":""akasa.com"",""locator"":""Supporting > image alt AKASA Logo"",""name"":""AKASA"",""notes"":""Explicit edition-specific alt text; no visual logo recognition or cash amount inferred."",""role"":""sponsor"",""source_url"":""https://us.pycon.org/2022/sponsorship/sponsors/index.html"",""status"":""listed_by_organizer"",""tier"":""Supporting"",""website"":""https://www.akasa.com/""},{""domain"":""pythoninstitute.org"",""locator"":""Supporting > image alt OpenEDG Python Institute Logo"",""name"":""OpenEDG Python Institute"",""notes"":""Explicit edition-specific alt text; no visual logo recognition or cash amount inferred."",""role"":""sponsor"",""source_url"":""https://us.pycon.org/2022/sponsorship/sponsors/index.html"",""status"":""listed_by_organizer"",""tier"":""Supporting"",""website"":""https://pythoninstitute.org/""},{""domain"":""oracle.com"",""locator"":""Supporting > image alt Oracle Logo"",""name"":""Oracle"",""notes"":""Explicit edition-specific alt text; no visual logo recognition or cash amount inferred."",""role"":""sponsor"",""source_url"":""https://us.pycon.org/2022/sponsorship/sponsors/index.html"",""status"":""listed_by_organizer"",""tier"":""Supporting"",""website"":""https://www.oracle.com/cloud/""},{""domain"":""codeanywhere.com"",""locator"":""Supporting > image alt Codeanywhere Logo"",""name"":""Codeanywhere"",""notes"":""Explicit edition-specific alt text; no visual logo recognition or cash amount inferred."",""role"":""sponsor"",""source_url"":""https://us.pycon.org/2022/sponsorship/sponsors/index.html"",""status"":""listed_by_organizer"",""tier"":""Supporting"",""website"":""https://codeanywhere.com/""},{""domain"":""sentry.io"",""locator"":""Supporting > image alt Sentry Logo"",""name"":""Sentry"",""notes"":""Explicit edition-specific alt text; no visual logo recognition or cash amount inferred."",""role"":""sponsor"",""source_url"":""https://us.pycon.org/2022/sponsorship/sponsors/index.html"",""status"":""listed_by_organizer"",""tier"":""Supporting"",""website"":""https://sentry.io/welcome/""},{""domain"":""tidelift.com"",""locator"":""Supporting > image alt Tidelift Logo"",""name"":""Tidelift"",""notes"":""Explicit edition-specific alt text; no visual logo recognition or cash amount inferred."",""role"":""sponsor"",""source_url"":""https://us.pycon.org/2022/sponsorship/sponsors/index.html"",""status"":""listed_by_organizer"",""tier"":""Supporting"",""website"":""https://tidelift.com/""},{""domain"":""realpython.com"",""locator"":""Supporting > image alt Real Python Logo"",""name"":""Real Python"",""notes"":""Explicit edition-specific alt text; no visual logo recognition or cash amount inferred."",""role"":""sponsor"",""source_url"":""https://us.pycon.org/2022/sponsorship/sponsors/index.html"",""status"":""listed_by_organizer"",""tier"":""Supporting"",""website"":""https://realpython.com""},{""domain"":""newrelic.com"",""locator"":""Supporting > image alt New Relic Logo"",""name"":""New Relic"",""notes"":""Explicit edition-specific alt text; no visual logo recognition or cash amount inferred."",""role"":""sponsor"",""source_url"":""https://us.pycon.org/2022/sponsorship/sponsors/index.html"",""status"":""listed_by_organizer"",""tier"":""Supporting"",""website"":""https://newrelic.com/signup?utm_source=event&utm_medium=devrel_event&utm_campaign=amer-fy23-q1-pycon""},{""domain"":""srcgr.ph"",""locator"":""Supporting > image alt Sourcegraph Logo"",""name"":""Sourcegraph"",""notes"":""Explicit edition-specific alt text; no visual logo recognition or cash amount inferred."",""role"":""sponsor"",""source_url"":""https://us.pycon.org/2022/sponsorship/sponsors/index.html"",""status"":""listed_by_organizer"",""tier"":""Supporting"",""website"":""https://srcgr.ph/uemWl""},{""domain"":""docker.com"",""locator"":""Supporting > image alt Docker, Inc. Logo"",""name"":""Docker, Inc."",""notes"":""Explicit edition-specific alt text; no visual logo recognition or cash amount inferred."",""role"":""sponsor"",""source_url"":""https://us.pycon.org/2022/sponsorship/sponsors/index.html"",""status"":""listed_by_organizer"",""tier"":""Supporting"",""website"":""https://www.docker.com/""},{""domain"":""openrefactory.com"",""locator"":""Partner > image alt OpenRefactory Logo"",""name"":""OpenRefactory"",""notes"":""Explicit edition-specific alt text; no visual logo recognition or cash amount inferred."",""role"":""sponsor"",""source_url"":""https://us.pycon.org/2022/sponsorship/sponsors/index.html"",""status"":""listed_by_organizer"",""tier"":""Partner"",""website"":""https://www.openrefactory.com/""},{""domain"":""superblocks.com"",""locator"":""Partner > image alt Superblocks Logo"",""name"":""Superblocks"",""notes"":""Explicit edition-specific alt text; no visual logo recognition or cash amount inferred."",""role"":""sponsor"",""source_url"":""https://us.pycon.org/2022/sponsorship/sponsors/index.html"",""status"":""listed_by_organizer"",""tier"":""Partner"",""website"":""https://www.superblocks.com/""},{""domain"":""rookout.com"",""locator"":""Partner > image alt Rookout Logo"",""name"":""Rookout"",""notes"":""Explicit edition-specific alt text; no visual logo recognition or cash amount inferred."",""role"":""sponsor"",""source_url"":""https://us.pycon.org/2022/sponsorship/sponsors/index.html"",""status"":""listed_by_organizer"",""tier"":""Partner"",""website"":""https://www.rookout.com/""},{""domain"":""snowflake.com"",""locator"":""Partner > image alt Snowflake Logo"",""name"":""Snowflake"",""notes"":""Explicit edition-specific alt text; no visual logo recognition or cash amount inferred."",""role"":""sponsor"",""source_url"":""https://us.pycon.org/2022/sponsorship/sponsors/index.html"",""status"":""listed_by_organizer"",""tier"":""Partner"",""website"":""https://www.snowflake.com/""},{""domain"":""openteams.com"",""locator"":""Partner > image alt OpenTeams Logo"",""name"":""OpenTeams"",""notes"":""Explicit edition-specific alt text; no visual logo recognition or cash amount inferred."",""role"":""sponsor"",""source_url"":""https://us.pycon.org/2022/sponsorship/sponsors/index.html"",""status"":""listed_by_organizer"",""tier"":""Partner"",""website"":""https://www.openteams.com""},{""domain"":""bodo.ai"",""locator"":""Partner > image alt Bodo.ai Logo"",""name"":""Bodo.ai"",""notes"":""Explicit edition-specific alt text; no visual logo recognition or cash amount inferred."",""role"":""sponsor"",""source_url"":""https://us.pycon.org/2022/sponsorship/sponsors/index.html"",""status"":""listed_by_organizer"",""tier"":""Partner"",""website"":""https://bodo.ai""},{""domain"":""elastic.co"",""locator"":""Partner > image alt Elastic Logo"",""name"":""Elastic"",""notes"":""Explicit edition-specific alt text; no visual logo recognition or cash amount inferred."",""role"":""sponsor"",""source_url"":""https://us.pycon.org/2022/sponsorship/sponsors/index.html"",""status"":""listed_by_organizer"",""tier"":""Partner"",""website"":""https://www.elastic.co/""},{""domain"":""twosigma.com"",""locator"":""Partner > image alt Two Sigma Logo"",""name"":""Two Sigma"",""notes"":""Explicit edition-specific alt text; no visual logo recognition or cash amount inferred."",""role"":""sponsor"",""source_url"":""https://us.pycon.org/2022/sponsorship/sponsors/index.html"",""status"":""listed_by_organizer"",""tier"":""Partner"",""website"":""https://www.twosigma.com/""},{""domain"":""sonatype.com"",""locator"":""Partner > image alt Sonatype Logo"",""name"":""Sonatype"",""notes"":""Explicit edition-specific alt text; no visual logo recognition or cash amount inferred."",""role"":""sponsor"",""source_url"":""https://us.pycon.org/2022/sponsorship/sponsors/index.html"",""status"":""listed_by_organizer"",""tier"":""Partner"",""website"":""https://www.sonatype.com/""},{""domain"":""activeloop.ai"",""locator"":""Partner > image alt Activeloop Logo"",""name"":""Activeloop"",""notes"":""Explicit edition-specific alt text; no visual logo recognition or cash amount inferred."",""role"":""sponsor"",""source_url"":""https://us.pycon.org/2022/sponsorship/sponsors/index.html"",""status"":""listed_by_organizer"",""tier"":""Partner"",""website"":""http://activeloop.ai""},{""domain"":""rivian.com"",""locator"":""Partner > image alt Rivian Logo"",""name"":""Rivian"",""notes"":""Explicit edition-specific alt text; no visual logo recognition or cash amount inferred."",""role"":""sponsor"",""source_url"":""https://us.pycon.org/2022/sponsorship/sponsors/index.html"",""status"":""listed_by_organizer"",""tier"":""Partner"",""website"":""http://www.rivian.com""},{""domain"":""sonarsource.com"",""locator"":""Partner > image alt SonarSource Logo"",""name"":""SonarSource"",""notes"":""Explicit edition-specific alt text; no visual logo recognition or cash amount inferred."",""role"":""sponsor"",""source_url"":""https://us.pycon.org/2022/sponsorship/sponsors/index.html"",""status"":""listed_by_organizer"",""tier"":""Partner"",""website"":""https://www.sonarsource.com/""},{""domain"":""aboutwayfair.com"",""locator"":""Partner > image alt Wayfair Logo"",""name"":""Wayfair"",""notes"":""Explicit edition-specific alt text; no visual logo recognition or cash amount inferred."",""role"":""sponsor"",""source_url"":""https://us.pycon.org/2022/sponsorship/sponsors/index.html"",""status"":""listed_by_organizer"",""tier"":""Partner"",""website"":""https://www.aboutwayfair.com/careers/tech-blog""},{""domain"":""bluevine.com"",""locator"":""Partner > image alt Bluevine Logo"",""name"":""Bluevine"",""notes"":""Explicit edition-specific alt text; no visual logo recognition or cash amount inferred."",""role"":""sponsor"",""source_url"":""https://us.pycon.org/2022/sponsorship/sponsors/index.html"",""status"":""listed_by_organizer"",""tier"":""Partner"",""website"":""https://www.bluevine.com""},{""domain"":""developers.deepgram.com"",""locator"":""Partner > image alt Deepgram Logo"",""name"":""Deepgram"",""notes"":""Explicit edition-specific alt text; no visual logo recognition or cash amount inferred."",""role"":""sponsor"",""source_url"":""https://us.pycon.org/2022/sponsorship/sponsors/index.html"",""status"":""listed_by_organizer"",""tier"":""Partner"",""website"":""https://developers.deepgram.com""},{""domain"":""sourcery.ai"",""locator"":""Partner > image alt Sourcery Logo"",""name"":""Sourcery"",""notes"":""Explicit edition-specific alt text; no visual logo recognition or cash amount inferred."",""role"":""sponsor"",""source_url"":""https://us.pycon.org/2022/sponsorship/sponsors/index.html"",""status"":""listed_by_organizer"",""tier"":""Partner"",""website"":""https://sourcery.ai""},{""domain"":""pagerduty.com"",""locator"":""Partner > image alt PagerDuty Logo"",""name"":""PagerDuty"",""notes"":""Explicit edition-specific alt text; no visual logo recognition or cash amount inferred."",""role"":""sponsor"",""source_url"":""https://us.pycon.org/2022/sponsorship/sponsors/index.html"",""status"":""listed_by_organizer"",""tier"":""Partner"",""website"":""https://www.pagerduty.com/""},{""domain"":""cuttlesoft.com"",""locator"":""Partner > image alt Cuttlesoft Logo"",""name"":""Cuttlesoft"",""notes"":""Explicit edition-specific alt text; no visual logo recognition or cash amount inferred."",""role"":""sponsor"",""source_url"":""https://us.pycon.org/2022/sponsorship/sponsors/index.html"",""status"":""listed_by_organizer"",""tier"":""Partner"",""website"":""https://cuttlesoft.com""},{""domain"":""anvil.works"",""locator"":""Partner > image alt Anvil Logo"",""name"":""Anvil"",""notes"":""Explicit edition-specific alt text; no visual logo recognition or cash amount inferred."",""role"":""sponsor"",""source_url"":""https://us.pycon.org/2022/sponsorship/sponsors/index.html"",""status"":""listed_by_organizer"",""tier"":""Partner"",""website"":""https://anvil.works/?utm_source=sponsorship:pycon-2021""},{""domain"":""cockroachlabs.com"",""locator"":""Partner > image alt Cockroach Labs Logo"",""name"":""Cockroach Labs"",""notes"":""Explicit edition-specific alt text; no visual logo recognition or cash amount inferred."",""role"":""sponsor"",""source_url"":""https://us.pycon.org/2022/sponsorship/sponsors/index.html"",""status"":""listed_by_organizer"",""tier"":""Partner"",""website"":""http://www.cockroachlabs.com/""},{""domain"":""platform.sh"",""locator"":""Partner > image alt Platform.sh Logo"",""name"":""Platform.sh"",""notes"":""Explicit edition-specific alt text; no visual logo recognition or cash amount inferred."",""role"":""sponsor"",""source_url"":""https://us.pycon.org/2022/sponsorship/sponsors/index.html"",""status"":""listed_by_organizer"",""tier"":""Partner"",""website"":""https://platform.sh/""},{""domain"":""auth0.com"",""locator"":""Partner > image alt Auth0 Logo"",""name"":""Auth0"",""notes"":""Explicit edition-specific alt text; no visual logo recognition or cash amount inferred."",""role"":""sponsor"",""source_url"":""https://us.pycon.org/2022/sponsorship/sponsors/index.html"",""status"":""listed_by_organizer"",""tier"":""Partner"",""website"":""https://auth0.com/""},{""domain"":""contrastsecurity.com"",""locator"":""Partner > image alt Contrast Security Logo"",""name"":""Contrast Security"",""notes"":""Explicit edition-specific alt text; no visual logo recognition or cash amount inferred."",""role"":""sponsor"",""source_url"":""https://us.pycon.org/2022/sponsorship/sponsors/index.html"",""status"":""listed_by_organizer"",""tier"":""Partner"",""website"":""https://www.contrastsecurity.com/""},{""domain"":""lerner.co.il"",""locator"":""Partner > image alt Reuven Lerner — Python training Logo"",""name"":""Reuven Lerner — Python training"",""notes"":""Explicit edition-specific alt text; no visual logo recognition or cash amount inferred."",""role"":""sponsor"",""source_url"":""https://us.pycon.org/2022/sponsorship/sponsors/index.html"",""status"":""listed_by_organizer"",""tier"":""Partner"",""website"":""https://lerner.co.il""},{""domain"":""saturncloud.io"",""locator"":""Partner > image alt Saturn Cloud Logo"",""name"":""Saturn Cloud"",""notes"":""Explicit edition-specific alt text; no visual logo recognition or cash amount inferred."",""role"":""sponsor"",""source_url"":""https://us.pycon.org/2022/sponsorship/sponsors/index.html"",""status"":""listed_by_organizer"",""tier"":""Partner"",""website"":""https://saturncloud.io/?utm_source=PyCon&utm_medium=Try&utm_campaign=Try""},{""domain"":""tatari.tv"",""locator"":""Partner > image alt Tatari, Inc. Logo"",""name"":""Tatari, Inc."",""notes"":""Explicit edition-specific alt text; no visual logo recognition or cash amount inferred."",""role"":""sponsor"",""source_url"":""https://us.pycon.org/2022/sponsorship/sponsors/index.html"",""status"":""listed_by_organizer"",""tier"":""Partner"",""website"":""https://www.tatari.tv/""},{""domain"":""circleci.com"",""locator"":""Partner > image alt CircleCI Logo"",""name"":""CircleCI"",""notes"":""Explicit edition-specific alt text; no visual logo recognition or cash amount inferred."",""role"":""sponsor"",""source_url"":""https://us.pycon.org/2022/sponsorship/sponsors/index.html"",""status"":""listed_by_organizer"",""tier"":""Partner"",""website"":""https://circleci.com/""},{""domain"":""python-academy.com"",""locator"":""Participating > image alt Python Academy Logo"",""name"":""Python Academy"",""notes"":""Explicit edition-specific alt text; no visual logo recognition or cash amount inferred."",""role"":""sponsor"",""source_url"":""https://us.pycon.org/2022/sponsorship/sponsors/index.html"",""status"":""listed_by_organizer"",""tier"":""Participating"",""website"":""https://www.python-academy.com/""},{""domain"":""about.twitter.com"",""locator"":""Participating > image alt Twitter Logo"",""name"":""Twitter"",""notes"":""Explicit edition-specific alt text; no visual logo recognition or cash amount inferred."",""role"":""sponsor"",""source_url"":""https://us.pycon.org/2022/sponsorship/sponsors/index.html"",""status"":""listed_by_organizer"",""tier"":""Participating"",""website"":""https://about.twitter.com/""},{""domain"":""guidebook.com"",""locator"":""Participating > image alt Guidebook Logo"",""name"":""Guidebook"",""notes"":""Explicit edition-specific alt text; no visual logo recognition or cash amount inferred."",""role"":""sponsor"",""source_url"":""https://us.pycon.org/2022/sponsorship/sponsors/index.html"",""status"":""listed_by_organizer"",""tier"":""Participating"",""website"":""http://www.guidebook.com""},{""domain"":""quansight.com"",""locator"":""Participating > image alt Quansight Logo"",""name"":""Quansight"",""notes"":""Explicit edition-specific alt text; no visual logo recognition or cash amount inferred."",""role"":""sponsor"",""source_url"":""https://us.pycon.org/2022/sponsorship/sponsors/index.html"",""status"":""listed_by_organizer"",""tier"":""Participating"",""website"":""https://www.quansight.com/""},{""domain"":""about.netflix.com"",""locator"":""Participating > image alt Netflix Logo"",""name"":""Netflix"",""notes"":""Explicit edition-specific alt text; no visual logo recognition or cash amount inferred."",""role"":""sponsor"",""source_url"":""https://us.pycon.org/2022/sponsorship/sponsors/index.html"",""status"":""listed_by_organizer"",""tier"":""Participating"",""website"":""https://about.netflix.com/""},{""domain"":""mule.to"",""locator"":""Participating > image alt Sticker Mule Logo"",""name"":""Sticker Mule"",""notes"":""Explicit edition-specific alt text; no visual logo recognition or cash amount inferred."",""role"":""sponsor"",""source_url"":""https://us.pycon.org/2022/sponsorship/sponsors/index.html"",""status"":""listed_by_organizer"",""tier"":""Participating"",""website"":""https://mule.to/p2oh""},{""domain"":""pythonanywhere.com"",""locator"":""Participating > image alt PythonAnywhere LLP Logo"",""name"":""PythonAnywhere LLP"",""notes"":""Explicit edition-specific alt text; no visual logo recognition or cash amount inferred."",""role"":""sponsor"",""source_url"":""https://us.pycon.org/2022/sponsorship/sponsors/index.html"",""status"":""listed_by_organizer"",""tier"":""Participating"",""website"":""https://www.pythonanywhere.com/""},{""domain"":""ordina.nl"",""locator"":""Participating > image alt Ordina Pythoneers Logo"",""name"":""Ordina Pythoneers"",""notes"":""Explicit edition-specific alt text; no visual logo recognition or cash amount inferred."",""role"":""sponsor"",""source_url"":""https://us.pycon.org/2022/sponsorship/sponsors/index.html"",""status"":""listed_by_organizer"",""tier"":""Participating"",""website"":""https://www.ordina.nl/vakgebieden/python/""},{""domain"":""revsys.com"",""locator"":""Participating > image alt REVSYS Logo"",""name"":""REVSYS"",""notes"":""Explicit edition-specific alt text; no visual logo recognition or cash amount inferred."",""role"":""sponsor"",""source_url"":""https://us.pycon.org/2022/sponsorship/sponsors/index.html"",""status"":""listed_by_organizer"",""tier"":""Participating"",""website"":""https://www.revsys.com""},{""domain"":""twilio.com"",""locator"":""Participating > image alt Twilio Logo"",""name"":""Twilio"",""notes"":""Explicit edition-specific alt text; no visual logo recognition or cash amount inferred."",""role"":""sponsor"",""source_url"":""https://us.pycon.org/2022/sponsorship/sponsors/index.html"",""status"":""listed_by_organizer"",""tier"":""Participating"",""website"":""https://www.twilio.com/""},{""domain"":""pythonic-exam.com"",""locator"":""Participating > image alt Python Engineer Development Association Logo"",""name"":""Python Engineer Development Association"",""notes"":""Explicit edition-specific alt text; no visual logo recognition or cash amount inferred."",""role"":""sponsor"",""source_url"":""https://us.pycon.org/2022/sponsorship/sponsors/index.html"",""status"":""listed_by_organizer"",""tier"":""Participating"",""website"":""https://www.pythonic-exam.com/en""},{""domain"":""recursion.com"",""locator"":""Participating > image alt Recursion Pharmaceuticals Logo"",""name"":""Recursion Pharmaceuticals"",""notes"":""Explicit edition-specific alt text; no visual logo recognition or cash amount inferred."",""role"":""sponsor"",""source_url"":""https://us.pycon.org/2022/sponsorship/sponsors/index.html"",""status"":""listed_by_organizer"",""tier"":""Participating"",""website"":""https://www.recursion.com""},{""domain"":""ip2location.com"",""locator"":""Associate > image alt IP2Location Logo"",""name"":""IP2Location"",""notes"":""Explicit edition-specific alt text; no visual logo recognition or cash amount inferred."",""role"":""sponsor"",""source_url"":""https://us.pycon.org/2022/sponsorship/sponsors/index.html"",""status"":""listed_by_organizer"",""tier"":""Associate"",""website"":""https://www.ip2location.com""},{""domain"":""fulfil.io"",""locator"":""Associate > image alt Fulfil.iO Logo"",""name"":""Fulfil.iO"",""notes"":""Explicit edition-specific alt text; no visual logo recognition or cash amount inferred."",""role"":""sponsor"",""source_url"":""https://us.pycon.org/2022/sponsorship/sponsors/index.html"",""status"":""listed_by_organizer"",""tier"":""Associate"",""website"":""https://www.fulfil.io/""},{""domain"":""hostinger.com"",""locator"":""Associate > image alt Hostinger Logo"",""name"":""Hostinger"",""notes"":""Explicit edition-specific alt text; no visual logo recognition or cash amount inferred."",""role"":""sponsor"",""source_url"":""https://us.pycon.org/2022/sponsorship/sponsors/index.html"",""status"":""listed_by_organizer"",""tier"":""Associate"",""website"":""https://www.hostinger.com/""},{""domain"":""researchaffiliates.com"",""locator"":""Associate > image alt Research Affiliates Logo"",""name"":""Research Affiliates"",""notes"":""Explicit edition-specific alt text; no visual logo recognition or cash amount inferred."",""role"":""sponsor"",""source_url"":""https://us.pycon.org/2022/sponsorship/sponsors/index.html"",""status"":""listed_by_organizer"",""tier"":""Associate"",""website"":""https://www.researchaffiliates.com/about-us/technology""},{""domain"":""gretel.ai"",""locator"":""Associate > image alt Gretel.ai Logo"",""name"":""Gretel.ai"",""notes"":""Explicit edition-specific alt text; no visual logo recognition or cash amount inferred."",""role"":""sponsor"",""source_url"":""https://us.pycon.org/2022/sponsorship/sponsors/index.html"",""status"":""listed_by_organizer"",""tier"":""Associate"",""website"":""https://gretel.ai/""},{""domain"":""praca.pl"",""locator"":""Associate > image alt Praca.pl Logo"",""name"":""Praca.pl"",""notes"":""Explicit edition-specific alt text; no visual logo recognition or cash amount inferred."",""role"":""sponsor"",""source_url"":""https://us.pycon.org/2022/sponsorship/sponsors/index.html"",""status"":""listed_by_organizer"",""tier"":""Associate"",""website"":""https://www.praca.pl/""},{""domain"":""accountingdatasolutions.com"",""locator"":""Associate > image alt Accounting Data Solutions, LLC Logo"",""name"":""Accounting Data Solutions, LLC"",""notes"":""Explicit edition-specific alt text; no visual logo recognition or cash amount inferred."",""role"":""sponsor"",""source_url"":""https://us.pycon.org/2022/sponsorship/sponsors/index.html"",""status"":""listed_by_organizer"",""tier"":""Associate"",""website"":""https://www.accountingdatasolutions.com""},{""domain"":""seo25.com"",""locator"":""Associate > image alt SEO25.com Logo"",""name"":""SEO25.com"",""notes"":""Explicit edition-specific alt text; no visual logo recognition or cash amount inferred."",""role"":""sponsor"",""source_url"":""https://us.pycon.org/2022/sponsorship/sponsors/index.html"",""status"":""listed_by_organizer"",""tier"":""Associate"",""website"":""https://www.seo25.com/""},{""domain"":""fortive.com"",""locator"":""Associate > image alt Fortive Logo"",""name"":""Fortive"",""notes"":""Explicit edition-specific alt text; no visual logo recognition or cash amount inferred."",""role"":""sponsor"",""source_url"":""https://us.pycon.org/2022/sponsorship/sponsors/index.html"",""status"":""listed_by_organizer"",""tier"":""Associate"",""website"":""https://fortive.com/""},{""domain"":""postgresql.org"",""locator"":""Associate > image alt PostgreSQL Logo"",""name"":""PostgreSQL"",""notes"":""Explicit edition-specific alt text; no visual logo recognition or cash amount inferred."",""role"":""sponsor"",""source_url"":""https://us.pycon.org/2022/sponsorship/sponsors/index.html"",""status"":""listed_by_organizer"",""tier"":""Associate"",""website"":""https://www.postgresql.org/""},{""domain"":""targetedwebtraffic.com"",""locator"":""Associate > image alt Targeted Web Traffic Logo"",""name"":""Targeted Web Traffic"",""notes"":""Explicit edition-specific alt text; no visual logo recognition or cash amount inferred."",""role"":""sponsor"",""source_url"":""https://us.pycon.org/2022/sponsorship/sponsors/index.html"",""status"":""listed_by_organizer"",""tier"":""Associate"",""website"":""https://www.targetedwebtraffic.com/""},{""domain"":""launchdarkly.com"",""locator"":""Associate > image alt LaunchDarkly Logo"",""name"":""LaunchDarkly"",""notes"":""Explicit edition-specific alt text; no visual logo recognition or cash amount inferred."",""role"":""sponsor"",""source_url"":""https://us.pycon.org/2022/sponsorship/sponsors/index.html"",""status"":""listed_by_organizer"",""tier"":""Associate"",""website"":""https://launchdarkly.com/""},{""domain"":""minimumdepositcasinos.org"",""locator"":""Associate > image alt minimumdepositcasinos.org Logo"",""name"":""minimumdepositcasinos.org"",""notes"":""Explicit edition-specific alt text; no visual logo recognition or cash amount inferred."",""role"":""sponsor"",""source_url"":""https://us.pycon.org/2022/sponsorship/sponsors/index.html"",""status"":""listed_by_organizer"",""tier"":""Associate"",""website"":""https://www.minimumdepositcasinos.org/""},{""domain"":""beproud.jp"",""locator"":""Associate > image alt BeProud Logo"",""name"":""BeProud"",""notes"":""Explicit edition-specific alt text; no visual logo recognition or cash amount inferred."",""role"":""sponsor"",""source_url"":""https://us.pycon.org/2022/sponsorship/sponsors/index.html"",""status"":""listed_by_organizer"",""tier"":""Associate"",""website"":""https://www.beproud.jp/""},{""domain"":""pyladies.com"",""locator"":""Open Source and Community > image alt PyLadies Logo"",""name"":""PyLadies"",""notes"":""Explicit edition-specific alt text; no visual logo recognition or cash amount inferred."",""role"":""community_partner"",""source_url"":""https://us.pycon.org/2022/sponsorship/sponsors/index.html"",""status"":""listed_by_organizer"",""tier"":""Open Source and Community"",""website"":""https://pyladies.com""},{""domain"":""opensource.org"",""locator"":""Open Source and Community > image alt The Open Source Initiative Logo"",""name"":""The Open Source Initiative"",""notes"":""Explicit edition-specific alt text; no visual logo recognition or cash amount inferred."",""role"":""community_partner"",""source_url"":""https://us.pycon.org/2022/sponsorship/sponsors/index.html"",""status"":""listed_by_organizer"",""tier"":""Open Source and Community"",""website"":""https://opensource.org/""},{""domain"":""python.org"",""locator"":""Open Source and Community > image alt Python Software Foundation Logo"",""name"":""Python Software Foundation"",""notes"":""Explicit edition-specific alt text; no visual logo recognition or cash amount inferred."",""role"":""community_partner"",""source_url"":""https://us.pycon.org/2022/sponsorship/sponsors/index.html"",""status"":""listed_by_organizer"",""tier"":""Open Source and Community"",""website"":""https://www.python.org/psf-landing/""},{""domain"":""nostarch.com"",""locator"":""Open Source and Community > image alt No Starch Press Logo"",""name"":""No Starch Press"",""notes"":""Explicit edition-specific alt text; no visual logo recognition or cash amount inferred."",""role"":""community_partner"",""source_url"":""https://us.pycon.org/2022/sponsorship/sponsors/index.html"",""status"":""listed_by_organizer"",""tier"":""Open Source and Community"",""website"":""https://nostarch.com/""},{""domain"":""numfocus.org"",""locator"":""Open Source and Community > image alt NumFOCUS Logo"",""name"":""NumFOCUS"",""notes"":""Explicit edition-specific alt text; no visual logo recognition or cash amount inferred."",""role"":""community_partner"",""source_url"":""https://us.pycon.org/2022/sponsorship/sponsors/index.html"",""status"":""listed_by_organizer"",""tier"":""Open Source and Community"",""website"":""https://numfocus.org""},{""domain"":""chainguard.dev"",""locator"":""PyCon Startup Row > image alt Chainguard Logo"",""name"":""Chainguard"",""notes"":""Explicit edition-specific alt text; no visual logo recognition or cash amount inferred."",""role"":""exhibitor"",""source_url"":""https://us.pycon.org/2022/sponsorship/sponsors/index.html"",""status"":""listed_by_organizer"",""tier"":""PyCon Startup Row"",""website"":""https://chainguard.dev/""},{""domain"":""ottertune.com"",""locator"":""PyCon Startup Row > image alt OtterTune, Inc. Logo"",""name"":""OtterTune, Inc."",""notes"":""Explicit edition-specific alt text; no visual logo recognition or cash amount inferred."",""role"":""exhibitor"",""source_url"":""https://us.pycon.org/2022/sponsorship/sponsors/index.html"",""status"":""listed_by_organizer"",""tier"":""PyCon Startup Row"",""website"":""https://ottertune.com/""},{""domain"":""devron.ai"",""locator"":""PyCon Startup Row > image alt Devron Logo"",""name"":""Devron"",""notes"":""Explicit edition-specific alt text; no visual logo recognition or cash amount inferred."",""role"":""exhibitor"",""source_url"":""https://us.pycon.org/2022/sponsorship/sponsors/index.html"",""status"":""listed_by_organizer"",""tier"":""PyCon Startup Row"",""website"":""https://www.devron.ai/""},{""domain"":""slim.ai"",""locator"":""PyCon Startup Row > image alt Slim.AI Logo"",""name"":""Slim.AI"",""notes"":""Explicit edition-specific alt text; no visual logo recognition or cash amount inferred."",""role"":""exhibitor"",""source_url"":""https://us.pycon.org/2022/sponsorship/sponsors/index.html"",""status"":""listed_by_organizer"",""tier"":""PyCon Startup Row"",""website"":""https://www.slim.ai/""},{""domain"":""openblender.io"",""locator"":""PyCon Startup Row > image alt OpenBlender Logo"",""name"":""OpenBlender"",""notes"":""Explicit edition-specific alt text; no visual logo recognition or cash amount inferred."",""role"":""exhibitor"",""source_url"":""https://us.pycon.org/2022/sponsorship/sponsors/index.html"",""status"":""listed_by_organizer"",""tier"":""PyCon Startup Row"",""website"":""https://www.openblender.io/""},{""domain"":""union.ai"",""locator"":""PyCon Startup Row > image alt Union.ai Logo"",""name"":""Union.ai"",""notes"":""Explicit edition-specific alt text; no visual logo recognition or cash amount inferred."",""role"":""exhibitor"",""source_url"":""https://us.pycon.org/2022/sponsorship/sponsors/index.html"",""status"":""listed_by_organizer"",""tier"":""PyCon Startup Row"",""website"":""https://union.ai""},{""domain"":""ploomber.io"",""locator"":""PyCon Startup Row > image alt Ploomber Logo"",""name"":""Ploomber"",""notes"":""Explicit edition-specific alt text; no visual logo recognition or cash amount inferred."",""role"":""exhibitor"",""source_url"":""https://us.pycon.org/2022/sponsorship/sponsors/index.html"",""status"":""listed_by_organizer"",""tier"":""PyCon Startup Row"",""website"":""https://ploomber.io/""},{""domain"":""rasgoml.com"",""locator"":""PyCon Startup Row > image alt Rasgo Logo"",""name"":""Rasgo"",""notes"":""Explicit edition-specific alt text; no visual logo recognition or cash amount inferred."",""role"":""exhibitor"",""source_url"":""https://us.pycon.org/2022/sponsorship/sponsors/index.html"",""status"":""listed_by_organizer"",""tier"":""PyCon Startup Row"",""website"":""https://www.rasgoml.com/""},{""domain"":""python.org"",""name"":""Python Software Foundation"",""role"":""organizer"",""source_url"":""https://us.pycon.org/2022/"",""status"":""listed_by_organizer"",""tier"":null}],""platform_urls"":[],""sector"":""software_python"",""series_name"":""PyCon US"",""source_urls"":[""https://us.pycon.org/2022/"",""https://us.pycon.org/2022/sponsorship/sponsors/index.html""],""start_date"":""2022-04-27"",""status"":""historical_listing"",""title"":""PyCon US 2022"",""url"":""https://us.pycon.org/2022/"",""venue_name"":""Salt Palace Convention Center""}","{""languages_json"":""not_found_in_consulted_sources"",""themes_json"":""not_found_in_consulted_sources"",""timezone"":""not_found_in_consulted_sources""}"
evt_b7c57b9d55e12e77,pycon-us-2023,series_2ffc5b3a9dc66fc2,PyCon US 2023,https://us.pycon.org/2023/,2023-04-19,2023-04-27,day,,hybrid,historical_listing,Salt Lake City,United States,venue_21b9075b1f83efea,venue_named_no_coordinates,conference,software_python,,,2026-09-28,"{""city"":""Salt Lake City"",""costs"":[],""country"":""United States"",""date_precision"":""day"",""end_date"":""2023-04-27"",""field_sources"":{""city"":[""https://us.pycon.org/2023/""],""country"":[""https://us.pycon.org/2023/""],""end_date"":[""https://us.pycon.org/2023/""],""start_date"":[""https://us.pycon.org/2023/""],""title"":[""https://us.pycon.org/2023/""],""venue_name"":[""https://us.pycon.org/2023/""]},""format"":""conference"",""key"":""pycon-us-2023"",""metrics"":[],""modality"":""hybrid"",""notes"":""Date range includes tutorials and sprints; past listing alone is not verified attendance."",""organizations"":[{""domain"":""about.facebook.com"",""locator"":""Visionary > image alt Meta Logo"",""name"":""Meta"",""notes"":""Explicit edition-specific alt text; no visual logo recognition or cash amount inferred."",""role"":""sponsor"",""source_url"":""https://us.pycon.org/2023/sponsorship/sponsors/index.html"",""status"":""listed_by_organizer"",""tier"":""Visionary"",""website"":""https://about.facebook.com/meta/""},{""domain"":""techatbloomberg.com"",""locator"":""Visionary > image alt Bloomberg Logo"",""name"":""Bloomberg"",""notes"":""Explicit edition-specific alt text; no visual logo recognition or cash amount inferred."",""role"":""sponsor"",""source_url"":""https://us.pycon.org/2023/sponsorship/sponsors/index.html"",""status"":""listed_by_organizer"",""tier"":""Visionary"",""website"":""https://www.techatbloomberg.com/""},{""domain"":""opensource.google"",""locator"":""Visionary > image alt Google Logo"",""name"":""Google"",""notes"":""Explicit edition-specific alt text; no visual logo recognition or cash amount inferred."",""role"":""sponsor"",""source_url"":""https://us.pycon.org/2023/sponsorship/sponsors/index.html"",""status"":""listed_by_organizer"",""tier"":""Visionary"",""website"":""https://opensource.google/""},{""domain"":""github.com"",""locator"":""Sustainability > image alt Microsoft Logo"",""name"":""Microsoft"",""notes"":""Explicit edition-specific alt text; no visual logo recognition or cash amount inferred."",""role"":""sponsor"",""source_url"":""https://us.pycon.org/2023/sponsorship/sponsors/index.html"",""status"":""listed_by_organizer"",""tier"":""Sustainability"",""website"":""https://github.com/microsoft/pycon""},{""domain"":""developer.nvidia.com"",""locator"":""Sustainability > image alt NVIDIA Logo"",""name"":""NVIDIA"",""notes"":""Explicit edition-specific alt text; no visual logo recognition or cash amount inferred."",""role"":""sponsor"",""source_url"":""https://us.pycon.org/2023/sponsorship/sponsors/index.html"",""status"":""listed_by_organizer"",""tier"":""Sustainability"",""website"":""https://developer.nvidia.com""},{""domain"":""opensource.salesforce.com"",""locator"":""Maintaining > image alt Salesforce Logo"",""name"":""Salesforce"",""notes"":""Explicit edition-specific alt text; no visual logo recognition or cash amount inferred."",""role"":""sponsor"",""source_url"":""https://us.pycon.org/2023/sponsorship/sponsors/index.html"",""status"":""listed_by_organizer"",""tier"":""Maintaining"",""website"":""https://opensource.salesforce.com/""},{""domain"":""qube-rt.com"",""locator"":""Maintaining > image alt Qube Research & Technologies Limited Logo"",""name"":""Qube Research & Technologies Limited"",""notes"":""Explicit edition-specific alt text; no visual logo recognition or cash amount inferred."",""role"":""sponsor"",""source_url"":""https://us.pycon.org/2023/sponsorship/sponsors/index.html"",""status"":""listed_by_organizer"",""tier"":""Maintaining"",""website"":""https://www.qube-rt.com/""},{""domain"":""aws.amazon.com"",""locator"":""Maintaining > image alt AWS Logo"",""name"":""AWS"",""notes"":""Explicit edition-specific alt text; no visual logo recognition or cash amount inferred."",""role"":""sponsor"",""source_url"":""https://us.pycon.org/2023/sponsorship/sponsors/index.html"",""status"":""listed_by_organizer"",""tier"":""Maintaining"",""website"":""https://aws.amazon.com/opensource""},{""domain"":""ansys.com"",""locator"":""Maintaining > image alt Ansys Logo"",""name"":""Ansys"",""notes"":""Explicit edition-specific alt text; no visual logo recognition or cash amount inferred."",""role"":""sponsor"",""source_url"":""https://us.pycon.org/2023/sponsorship/sponsors/index.html"",""status"":""listed_by_organizer"",""tier"":""Maintaining"",""website"":""https://www.ansys.com/""},{""domain"":""opensource.indeed.com"",""locator"":""Maintaining > image alt Indeed Logo"",""name"":""Indeed"",""notes"":""Explicit edition-specific alt text; no visual logo recognition or cash amount inferred."",""role"":""sponsor"",""source_url"":""https://us.pycon.org/2023/sponsorship/sponsors/index.html"",""status"":""listed_by_organizer"",""tier"":""Maintaining"",""website"":""http://opensource.indeed.com""},{""domain"":""capitalone.com"",""locator"":""Maintaining > image alt Capital One Logo"",""name"":""Capital One"",""notes"":""Explicit edition-specific alt text; no visual logo recognition or cash amount inferred."",""role"":""sponsor"",""source_url"":""https://us.pycon.org/2023/sponsorship/sponsors/index.html"",""status"":""listed_by_organizer"",""tier"":""Maintaining"",""website"":""https://www.capitalone.com/tech/""},{""domain"":""citadelsecurities.com"",""locator"":""Contributing > image alt Citadel Securities Logo"",""name"":""Citadel Securities"",""notes"":""Explicit edition-specific alt text; no visual logo recognition or cash amount inferred."",""role"":""sponsor"",""source_url"":""https://us.pycon.org/2023/sponsorship/sponsors/index.html"",""status"":""listed_by_organizer"",""tier"":""Contributing"",""website"":""https://www.citadelsecurities.com/""},{""domain"":""fanniemae.com"",""locator"":""Contributing > image alt Fannie Mae Logo"",""name"":""Fannie Mae"",""notes"":""Explicit edition-specific alt text; no visual logo recognition or cash amount inferred."",""role"":""sponsor"",""source_url"":""https://us.pycon.org/2023/sponsorship/sponsors/index.html"",""status"":""listed_by_organizer"",""tier"":""Contributing"",""website"":""https://www.fanniemae.com""},{""domain"":""anaconda.com"",""locator"":""Contributing > image alt Anaconda, Inc Logo"",""name"":""Anaconda, Inc"",""notes"":""Explicit edition-specific alt text; no visual logo recognition or cash amount inferred."",""role"":""sponsor"",""source_url"":""https://us.pycon.org/2023/sponsorship/sponsors/index.html"",""status"":""listed_by_organizer"",""tier"":""Contributing"",""website"":""https://www.anaconda.com/""},{""domain"":""sonarsource.com"",""locator"":""Contributing > image alt SonarSource Logo"",""name"":""SonarSource"",""notes"":""Explicit edition-specific alt text; no visual logo recognition or cash amount inferred."",""role"":""sponsor"",""source_url"":""https://us.pycon.org/2023/sponsorship/sponsors/index.html"",""status"":""listed_by_organizer"",""tier"":""Contributing"",""website"":""https://www.sonarsource.com/""},{""domain"":""pythoninstitute.org"",""locator"":""Contributing > image alt OpenEDG Python Institute Logo"",""name"":""OpenEDG Python Institute"",""notes"":""Explicit edition-specific alt text; no visual logo recognition or cash amount inferred."",""role"":""sponsor"",""source_url"":""https://us.pycon.org/2023/sponsorship/sponsors/index.html"",""status"":""listed_by_organizer"",""tier"":""Contributing"",""website"":""https://pythoninstitute.org/""},{""domain"":""redhat.com"",""locator"":""Contributing > image alt Red Hat Logo"",""name"":""Red Hat"",""notes"":""Explicit edition-specific alt text; no visual logo recognition or cash amount inferred."",""role"":""sponsor"",""source_url"":""https://us.pycon.org/2023/sponsorship/sponsors/index.html"",""status"":""listed_by_organizer"",""tier"":""Contributing"",""website"":""https://www.redhat.com/""},{""domain"":""sentry.io"",""locator"":""Supporting > image alt Sentry Logo"",""name"":""Sentry"",""notes"":""Explicit edition-specific alt text; no visual logo recognition or cash amount inferred."",""role"":""sponsor"",""source_url"":""https://us.pycon.org/2023/sponsorship/sponsors/index.html"",""status"":""listed_by_organizer"",""tier"":""Supporting"",""website"":""https://sentry.io/welcome/""},{""domain"":""delta.io"",""locator"":""Supporting > image alt Delta Lake Logo"",""name"":""Delta Lake"",""notes"":""Explicit edition-specific alt text; no visual logo recognition or cash amount inferred."",""role"":""sponsor"",""source_url"":""https://us.pycon.org/2023/sponsorship/sponsors/index.html"",""status"":""listed_by_organizer"",""tier"":""Supporting"",""website"":""https://delta.io""},{""domain"":""courier.com"",""locator"":""Supporting > image alt Courier Logo"",""name"":""Courier"",""notes"":""Explicit edition-specific alt text; no visual logo recognition or cash amount inferred."",""role"":""sponsor"",""source_url"":""https://us.pycon.org/2023/sponsorship/sponsors/index.html"",""status"":""listed_by_organizer"",""tier"":""Supporting"",""website"":""https://www.courier.com""},{""domain"":""janestreet.com"",""locator"":""Supporting > image alt Jane Street Logo"",""name"":""Jane Street"",""notes"":""Explicit edition-specific alt text; no visual logo recognition or cash amount inferred."",""role"":""sponsor"",""source_url"":""https://us.pycon.org/2023/sponsorship/sponsors/index.html"",""status"":""listed_by_organizer"",""tier"":""Supporting"",""website"":""https://www.janestreet.com/""},{""domain"":""voloridge.com"",""locator"":""Supporting > image alt Voloridge Investment Management Logo"",""name"":""Voloridge Investment Management"",""notes"":""Explicit edition-specific alt text; no visual logo recognition or cash amount inferred."",""role"":""sponsor"",""source_url"":""https://us.pycon.org/2023/sponsorship/sponsors/index.html"",""status"":""listed_by_organizer"",""tier"":""Supporting"",""website"":""https://www.voloridge.com""},{""domain"":""about.sourcegraph.com"",""locator"":""Supporting > image alt Sourcegraph Logo"",""name"":""Sourcegraph"",""notes"":""Explicit edition-specific alt text; no visual logo recognition or cash amount inferred."",""role"":""sponsor"",""source_url"":""https://us.pycon.org/2023/sponsorship/sponsors/index.html"",""status"":""listed_by_organizer"",""tier"":""Supporting"",""website"":""https://about.sourcegraph.com""},{""domain"":""jetbrains.com"",""locator"":""Supporting > image alt JetBrains Logo"",""name"":""JetBrains"",""notes"":""Explicit edition-specific alt text; no visual logo recognition or cash amount inferred."",""role"":""sponsor"",""source_url"":""https://us.pycon.org/2023/sponsorship/sponsors/index.html"",""status"":""listed_by_organizer"",""tier"":""Supporting"",""website"":""https://www.jetbrains.com/pycharm/""},{""domain"":""tidelift.com"",""locator"":""Supporting > image alt Tidelift Logo"",""name"":""Tidelift"",""notes"":""Explicit edition-specific alt text; no visual logo recognition or cash amount inferred."",""role"":""sponsor"",""source_url"":""https://us.pycon.org/2023/sponsorship/sponsors/index.html"",""status"":""listed_by_organizer"",""tier"":""Supporting"",""website"":""https://tidelift.com/""},{""domain"":""crunchydata.com"",""locator"":""Supporting > image alt Crunchy Data Logo"",""name"":""Crunchy Data"",""notes"":""Explicit edition-specific alt text; no visual logo recognition or cash amount inferred."",""role"":""sponsor"",""source_url"":""https://us.pycon.org/2023/sponsorship/sponsors/index.html"",""status"":""listed_by_organizer"",""tier"":""Supporting"",""website"":""https://www.crunchydata.com/""},{""domain"":""covalent.xyz"",""locator"":""Supporting > image alt Covalent Logo"",""name"":""Covalent"",""notes"":""Explicit edition-specific alt text; no visual logo recognition or cash amount inferred."",""role"":""sponsor"",""source_url"":""https://us.pycon.org/2023/sponsorship/sponsors/index.html"",""status"":""listed_by_organizer"",""tier"":""Supporting"",""website"":""https://www.covalent.xyz/""},{""domain"":""descope.com"",""locator"":""Partner > image alt Descope Logo"",""name"":""Descope"",""notes"":""Explicit edition-specific alt text; no visual logo recognition or cash amount inferred."",""role"":""sponsor"",""source_url"":""https://us.pycon.org/2023/sponsorship/sponsors/index.html"",""status"":""listed_by_organizer"",""tier"":""Partner"",""website"":""https://www.descope.com""},{""domain"":""taipy.io"",""locator"":""Partner > image alt Taipy Logo"",""name"":""Taipy"",""notes"":""Explicit edition-specific alt text; no visual logo recognition or cash amount inferred."",""role"":""sponsor"",""source_url"":""https://us.pycon.org/2023/sponsorship/sponsors/index.html"",""status"":""listed_by_organizer"",""tier"":""Partner"",""website"":""https://www.taipy.io/""},{""domain"":""jina.ai"",""locator"":""Partner > image alt Jina AI Logo"",""name"":""Jina AI"",""notes"":""Explicit edition-specific alt text; no visual logo recognition or cash amount inferred."",""role"":""sponsor"",""source_url"":""https://us.pycon.org/2023/sponsorship/sponsors/index.html"",""status"":""listed_by_organizer"",""tier"":""Partner"",""website"":""http://www.jina.ai""},{""domain"":""launchdarkly.com"",""locator"":""Partner > image alt LaunchDarkly Logo"",""name"":""LaunchDarkly"",""notes"":""Explicit edition-specific alt text; no visual logo recognition or cash amount inferred."",""role"":""sponsor"",""source_url"":""https://us.pycon.org/2023/sponsorship/sponsors/index.html"",""status"":""listed_by_organizer"",""tier"":""Partner"",""website"":""https://launchdarkly.com/""},{""domain"":""noteable.io"",""locator"":""Partner > image alt Noteable Logo"",""name"":""Noteable"",""notes"":""Explicit edition-specific alt text; no visual logo recognition or cash amount inferred."",""role"":""sponsor"",""source_url"":""https://us.pycon.org/2023/sponsorship/sponsors/index.html"",""status"":""listed_by_organizer"",""tier"":""Partner"",""website"":""https://noteable.io/""},{""domain"":""temporal.io"",""locator"":""Partner > image alt Temporal Logo"",""name"":""Temporal"",""notes"":""Explicit edition-specific alt text; no visual logo recognition or cash amount inferred."",""role"":""sponsor"",""source_url"":""https://us.pycon.org/2023/sponsorship/sponsors/index.html"",""status"":""listed_by_organizer"",""tier"":""Partner"",""website"":""https://www.temporal.io/""},{""domain"":""retool.com"",""locator"":""Partner > image alt Retool Logo"",""name"":""Retool"",""notes"":""Explicit edition-specific alt text; no visual logo recognition or cash amount inferred."",""role"":""sponsor"",""source_url"":""https://us.pycon.org/2023/sponsorship/sponsors/index.html"",""status"":""listed_by_organizer"",""tier"":""Partner"",""website"":""https://retool.com/""},{""domain"":""elastic.co"",""locator"":""Partner > image alt Elastic Logo"",""name"":""Elastic"",""notes"":""Explicit edition-specific alt text; no visual logo recognition or cash amount inferred."",""role"":""sponsor"",""source_url"":""https://us.pycon.org/2023/sponsorship/sponsors/index.html"",""status"":""listed_by_organizer"",""tier"":""Partner"",""website"":""https://www.elastic.co/""},{""domain"":""superblocks.com"",""locator"":""Partner > image alt Superblocks Logo"",""name"":""Superblocks"",""notes"":""Explicit edition-specific alt text; no visual logo recognition or cash amount inferred."",""role"":""sponsor"",""source_url"":""https://us.pycon.org/2023/sponsorship/sponsors/index.html"",""status"":""listed_by_organizer"",""tier"":""Partner"",""website"":""https://www.superblocks.com/python""},{""domain"":""deepset.ai"",""locator"":""Partner > image alt deepset Logo"",""name"":""deepset"",""notes"":""Explicit edition-specific alt text; no visual logo recognition or cash amount inferred."",""role"":""sponsor"",""source_url"":""https://us.pycon.org/2023/sponsorship/sponsors/index.html"",""status"":""listed_by_organizer"",""tier"":""Partner"",""website"":""https://www.deepset.ai/""},{""domain"":""linode.com"",""locator"":""Partner > image alt Akamai Cloud Computing Services Logo"",""name"":""Akamai Cloud Computing Services"",""notes"":""Explicit edition-specific alt text; no visual logo recognition or cash amount inferred."",""role"":""sponsor"",""source_url"":""https://us.pycon.org/2023/sponsorship/sponsors/index.html"",""status"":""listed_by_organizer"",""tier"":""Partner"",""website"":""https://www.linode.com/""},{""domain"":""realpython.com"",""locator"":""Partner > image alt Real Python Logo"",""name"":""Real Python"",""notes"":""Explicit edition-specific alt text; no visual logo recognition or cash amount inferred."",""role"":""sponsor"",""source_url"":""https://us.pycon.org/2023/sponsorship/sponsors/index.html"",""status"":""listed_by_organizer"",""tier"":""Partner"",""website"":""https://realpython.com""},{""domain"":""sourcery.ai"",""locator"":""Partner > image alt Sourcery Logo"",""name"":""Sourcery"",""notes"":""Explicit edition-specific alt text; no visual logo recognition or cash amount inferred."",""role"":""sponsor"",""source_url"":""https://us.pycon.org/2023/sponsorship/sponsors/index.html"",""status"":""listed_by_organizer"",""tier"":""Partner"",""website"":""https://sourcery.ai""},{""domain"":""capeprivacy.com"",""locator"":""Partner > image alt Cape Privacy Logo"",""name"":""Cape Privacy"",""notes"":""Explicit edition-specific alt text; no visual logo recognition or cash amount inferred."",""role"":""sponsor"",""source_url"":""https://us.pycon.org/2023/sponsorship/sponsors/index.html"",""status"":""listed_by_organizer"",""tier"":""Partner"",""website"":""https://capeprivacy.com/""},{""domain"":""verizon.com"",""locator"":""Partner > image alt Verizon Logo"",""name"":""Verizon"",""notes"":""Explicit edition-specific alt text; no visual logo recognition or cash amount inferred."",""role"":""sponsor"",""source_url"":""https://us.pycon.org/2023/sponsorship/sponsors/index.html"",""status"":""listed_by_organizer"",""tier"":""Partner"",""website"":""https://www.verizon.com/support/residential/internet/equipment/open-source-software""},{""domain"":""openteams.com"",""locator"":""Partner > image alt OpenTeams Logo"",""name"":""OpenTeams"",""notes"":""Explicit edition-specific alt text; no visual logo recognition or cash amount inferred."",""role"":""sponsor"",""source_url"":""https://us.pycon.org/2023/sponsorship/sponsors/index.html"",""status"":""listed_by_organizer"",""tier"":""Partner"",""website"":""https://www.openteams.com""},{""domain"":""snowflake.com"",""locator"":""Partner > image alt Snowflake Logo"",""name"":""Snowflake"",""notes"":""Explicit edition-specific alt text; no visual logo recognition or cash amount inferred."",""role"":""sponsor"",""source_url"":""https://us.pycon.org/2023/sponsorship/sponsors/index.html"",""status"":""listed_by_organizer"",""tier"":""Partner"",""website"":""https://www.snowflake.com/""},{""domain"":""hudsonrivertrading.com"",""locator"":""Partner > image alt Hudson River Trading Logo"",""name"":""Hudson River Trading"",""notes"":""Explicit edition-specific alt text; no visual logo recognition or cash amount inferred."",""role"":""sponsor"",""source_url"":""https://us.pycon.org/2023/sponsorship/sponsors/index.html"",""status"":""listed_by_organizer"",""tier"":""Partner"",""website"":""https://www.hudsonrivertrading.com/""},{""domain"":""lerner.co.il"",""locator"":""Partner > image alt Reuven Lerner — Python training Logo"",""name"":""Reuven Lerner — Python training"",""notes"":""Explicit edition-specific alt text; no visual logo recognition or cash amount inferred."",""role"":""sponsor"",""source_url"":""https://us.pycon.org/2023/sponsorship/sponsors/index.html"",""status"":""listed_by_organizer"",""tier"":""Partner"",""website"":""https://lerner.co.il""},{""domain"":""hennge.com"",""locator"":""Partner > image alt HENNGE (Japan) Logo"",""name"":""HENNGE (Japan)"",""notes"":""Explicit edition-specific alt text; no visual logo recognition or cash amount inferred."",""role"":""sponsor"",""source_url"":""https://us.pycon.org/2023/sponsorship/sponsors/index.html"",""status"":""listed_by_organizer"",""tier"":""Partner"",""website"":""https://hennge.com/global/""},{""domain"":""datadoghq.com"",""locator"":""Partner > image alt Datadog Logo"",""name"":""Datadog"",""notes"":""Explicit edition-specific alt text; no visual logo recognition or cash amount inferred."",""role"":""sponsor"",""source_url"":""https://us.pycon.org/2023/sponsorship/sponsors/index.html"",""status"":""listed_by_organizer"",""tier"":""Partner"",""website"":""https://www.datadoghq.com/""},{""domain"":""usds.gov"",""locator"":""Partner > image alt US Digital Service Logo"",""name"":""US Digital Service"",""notes"":""Explicit edition-specific alt text; no visual logo recognition or cash amount inferred."",""role"":""sponsor"",""source_url"":""https://us.pycon.org/2023/sponsorship/sponsors/index.html"",""status"":""listed_by_organizer"",""tier"":""Partner"",""website"":""http://www.usds.gov""},{""domain"":""nostarch.com"",""locator"":""Partner > image alt No Starch Press Logo"",""name"":""No Starch Press"",""notes"":""Explicit edition-specific alt text; no visual logo recognition or cash amount inferred."",""role"":""sponsor"",""source_url"":""https://us.pycon.org/2023/sponsorship/sponsors/index.html"",""status"":""listed_by_organizer"",""tier"":""Partner"",""website"":""https://nostarch.com/""},{""domain"":""a0.to"",""locator"":""Partner > image alt Auth0 by Okta Logo"",""name"":""Auth0 by Okta"",""notes"":""Explicit edition-specific alt text; no visual logo recognition or cash amount inferred."",""role"":""sponsor"",""source_url"":""https://us.pycon.org/2023/sponsorship/sponsors/index.html"",""status"":""listed_by_organizer"",""tier"":""Partner"",""website"":""https://a0.to/pyconus""},{""domain"":""withcoherence.com"",""locator"":""Partner > image alt Coherence Logo"",""name"":""Coherence"",""notes"":""Explicit edition-specific alt text; no visual logo recognition or cash amount inferred."",""role"":""sponsor"",""source_url"":""https://us.pycon.org/2023/sponsorship/sponsors/index.html"",""status"":""listed_by_organizer"",""tier"":""Partner"",""website"":""https://www.withcoherence.com/""},{""domain"":""neo4j.com"",""locator"":""Partner > image alt neo4j Logo"",""name"":""neo4j"",""notes"":""Explicit edition-specific alt text; no visual logo recognition or cash amount inferred."",""role"":""sponsor"",""source_url"":""https://us.pycon.org/2023/sponsorship/sponsors/index.html"",""status"":""listed_by_organizer"",""tier"":""Partner"",""website"":""https://neo4j.com""},{""domain"":""telemetryhub.com"",""locator"":""Partner > image alt TelemetryHub Logo"",""name"":""TelemetryHub"",""notes"":""Explicit edition-specific alt text; no visual logo recognition or cash amount inferred."",""role"":""sponsor"",""source_url"":""https://us.pycon.org/2023/sponsorship/sponsors/index.html"",""status"":""listed_by_organizer"",""tier"":""Partner"",""website"":""https://telemetryhub.com/?utm_source=pycon_2023&utm_medium=event&utm_campaign=sponsor_landingpage_link""},{""domain"":""anyscale.com"",""locator"":""Partner > image alt Anyscale Logo"",""name"":""Anyscale"",""notes"":""Explicit edition-specific alt text; no visual logo recognition or cash amount inferred."",""role"":""sponsor"",""source_url"":""https://us.pycon.org/2023/sponsorship/sponsors/index.html"",""status"":""listed_by_organizer"",""tier"":""Partner"",""website"":""https://www.anyscale.com/""},{""domain"":""infobip.com"",""locator"":""Partner > image alt Infobip Logo"",""name"":""Infobip"",""notes"":""Explicit edition-specific alt text; no visual logo recognition or cash amount inferred."",""role"":""sponsor"",""source_url"":""https://us.pycon.org/2023/sponsorship/sponsors/index.html"",""status"":""listed_by_organizer"",""tier"":""Partner"",""website"":""https://www.infobip.com""},{""domain"":""anvil.works"",""locator"":""Partner > image alt Anvil Logo"",""name"":""Anvil"",""notes"":""Explicit edition-specific alt text; no visual logo recognition or cash amount inferred."",""role"":""sponsor"",""source_url"":""https://us.pycon.org/2023/sponsorship/sponsors/index.html"",""status"":""listed_by_organizer"",""tier"":""Partner"",""website"":""https://anvil.works/?utm_source=sponsorship:pycon-2021""},{""domain"":""einblick.ai"",""locator"":""Partner > image alt Einblick Analytics Inc. Logo"",""name"":""Einblick Analytics Inc."",""notes"":""Explicit edition-specific alt text; no visual logo recognition or cash amount inferred."",""role"":""sponsor"",""source_url"":""https://us.pycon.org/2023/sponsorship/sponsors/index.html"",""status"":""listed_by_organizer"",""tier"":""Partner"",""website"":""https://www.einblick.ai/""},{""domain"":""jobs.netflix.com"",""locator"":""Participating > image alt Netflix Logo"",""name"":""Netflix"",""notes"":""Explicit edition-specific alt text; no visual logo recognition or cash amount inferred."",""role"":""sponsor"",""source_url"":""https://us.pycon.org/2023/sponsorship/sponsors/index.html"",""status"":""listed_by_organizer"",""tier"":""Participating"",""website"":""https://jobs.netflix.com/""},{""domain"":""sixfeetup.com"",""locator"":""Participating > image alt Six Feet Up Logo"",""name"":""Six Feet Up"",""notes"":""Explicit edition-specific alt text; no visual logo recognition or cash amount inferred."",""role"":""sponsor"",""source_url"":""https://us.pycon.org/2023/sponsorship/sponsors/index.html"",""status"":""listed_by_organizer"",""tier"":""Participating"",""website"":""https://www.sixfeetup.com""},{""domain"":""toyotafinancial.com"",""locator"":""Participating > image alt Toyota Financial Services Logo"",""name"":""Toyota Financial Services"",""notes"":""Explicit edition-specific alt text; no visual logo recognition or cash amount inferred."",""role"":""sponsor"",""source_url"":""https://us.pycon.org/2023/sponsorship/sponsors/index.html"",""status"":""listed_by_organizer"",""tier"":""Participating"",""website"":""https://www.toyotafinancial.com/us/en.html""},{""domain"":""lincolnloop.com"",""locator"":""Participating > image alt Lincoln Loop Logo"",""name"":""Lincoln Loop"",""notes"":""Explicit edition-specific alt text; no visual logo recognition or cash amount inferred."",""role"":""sponsor"",""source_url"":""https://us.pycon.org/2023/sponsorship/sponsors/index.html"",""status"":""listed_by_organizer"",""tier"":""Participating"",""website"":""https://lincolnloop.com""},{""domain"":""quansight.com"",""locator"":""Participating > image alt Quansight Logo"",""name"":""Quansight"",""notes"":""Explicit edition-specific alt text; no visual logo recognition or cash amount inferred."",""role"":""sponsor"",""source_url"":""https://us.pycon.org/2023/sponsorship/sponsors/index.html"",""status"":""listed_by_organizer"",""tier"":""Participating"",""website"":""https://www.quansight.com/""},{""domain"":""guidebook.com"",""locator"":""Participating > image alt Guidebook Logo"",""name"":""Guidebook"",""notes"":""Explicit edition-specific alt text; no visual logo recognition or cash amount inferred."",""role"":""sponsor"",""source_url"":""https://us.pycon.org/2023/sponsorship/sponsors/index.html"",""status"":""listed_by_organizer"",""tier"":""Participating"",""website"":""https://guidebook.com/""},{""domain"":""twosigma.com"",""locator"":""Participating > image alt Two Sigma Logo"",""name"":""Two Sigma"",""notes"":""Explicit edition-specific alt text; no visual logo recognition or cash amount inferred."",""role"":""sponsor"",""source_url"":""https://us.pycon.org/2023/sponsorship/sponsors/index.html"",""status"":""listed_by_organizer"",""tier"":""Participating"",""website"":""https://www.twosigma.com/""},{""domain"":""bluevine.com"",""locator"":""Participating > image alt Bluevine Logo"",""name"":""Bluevine"",""notes"":""Explicit edition-specific alt text; no visual logo recognition or cash amount inferred."",""role"":""sponsor"",""source_url"":""https://us.pycon.org/2023/sponsorship/sponsors/index.html"",""status"":""listed_by_organizer"",""tier"":""Participating"",""website"":""https://www.bluevine.com""},{""domain"":""healthvana.com"",""locator"":""Participating > image alt Healthvana Logo"",""name"":""Healthvana"",""notes"":""Explicit edition-specific alt text; no visual logo recognition or cash amount inferred."",""role"":""sponsor"",""source_url"":""https://us.pycon.org/2023/sponsorship/sponsors/index.html"",""status"":""listed_by_organizer"",""tier"":""Participating"",""website"":""https://healthvana.com/""},{""domain"":""mule.to"",""locator"":""Participating > image alt Sticker Mule Logo"",""name"":""Sticker Mule"",""notes"":""Explicit edition-specific alt text; no visual logo recognition or cash amount inferred."",""role"":""sponsor"",""source_url"":""https://us.pycon.org/2023/sponsorship/sponsors/index.html"",""status"":""listed_by_organizer"",""tier"":""Participating"",""website"":""https://mule.to/p3xe""},{""domain"":""pythonic-exam.com"",""locator"":""Participating > image alt Python Engineer Development Association Logo"",""name"":""Python Engineer Development Association"",""notes"":""Explicit edition-specific alt text; no visual logo recognition or cash amount inferred."",""role"":""sponsor"",""source_url"":""https://us.pycon.org/2023/sponsorship/sponsors/index.html"",""status"":""listed_by_organizer"",""tier"":""Participating"",""website"":""https://www.pythonic-exam.com/en""},{""domain"":""canva.com"",""locator"":""Participating > image alt Canva Logo"",""name"":""Canva"",""notes"":""Explicit edition-specific alt text; no visual logo recognition or cash amount inferred."",""role"":""sponsor"",""source_url"":""https://us.pycon.org/2023/sponsorship/sponsors/index.html"",""status"":""listed_by_organizer"",""tier"":""Participating"",""website"":""https://www.canva.com/""},{""domain"":""devitjobs.us"",""locator"":""Associate > image alt DevITjobs Logo"",""name"":""DevITjobs"",""notes"":""Explicit edition-specific alt text; no visual logo recognition or cash amount inferred."",""role"":""sponsor"",""source_url"":""https://us.pycon.org/2023/sponsorship/sponsors/index.html"",""status"":""listed_by_organizer"",""tier"":""Associate"",""website"":""https://devitjobs.us/jobs/Python/all/all""},{""domain"":""minimumdepositcasinos.org"",""locator"":""Associate > image alt minimumdepositcasinos.org Logo"",""name"":""minimumdepositcasinos.org"",""notes"":""Explicit edition-specific alt text; no visual logo recognition or cash amount inferred."",""role"":""sponsor"",""source_url"":""https://us.pycon.org/2023/sponsorship/sponsors/index.html"",""status"":""listed_by_organizer"",""tier"":""Associate"",""website"":""https://www.minimumdepositcasinos.org/""},{""domain"":""crosscompute.com"",""locator"":""Associate > image alt CrossCompute Logo"",""name"":""CrossCompute"",""notes"":""Explicit edition-specific alt text; no visual logo recognition or cash amount inferred."",""role"":""sponsor"",""source_url"":""https://us.pycon.org/2023/sponsorship/sponsors/index.html"",""status"":""listed_by_organizer"",""tier"":""Associate"",""website"":""https://crosscompute.com""},{""domain"":""adimian.com"",""locator"":""Associate > image alt Adimian.be SPRL Logo"",""name"":""Adimian.be SPRL"",""notes"":""Explicit edition-specific alt text; no visual logo recognition or cash amount inferred."",""role"":""sponsor"",""source_url"":""https://us.pycon.org/2023/sponsorship/sponsors/index.html"",""status"":""listed_by_organizer"",""tier"":""Associate"",""website"":""https://www.adimian.com/""},{""domain"":""it-jobs.de"",""locator"":""Associate > image alt it-jobs.de Logo"",""name"":""it-jobs.de"",""notes"":""Explicit edition-specific alt text; no visual logo recognition or cash amount inferred."",""role"":""sponsor"",""source_url"":""https://us.pycon.org/2023/sponsorship/sponsors/index.html"",""status"":""listed_by_organizer"",""tier"":""Associate"",""website"":""https://it-jobs.de""},{""domain"":""dm-jobs.com"",""locator"":""Associate > image alt dmTECH GmbH Logo"",""name"":""dmTECH GmbH"",""notes"":""Explicit edition-specific alt text; no visual logo recognition or cash amount inferred."",""role"":""sponsor"",""source_url"":""https://us.pycon.org/2023/sponsorship/sponsors/index.html"",""status"":""listed_by_organizer"",""tier"":""Associate"",""website"":""https://www.dm-jobs.com/dmTECH/?locale=de_DE&wt_mc=.display.python.sponsoring.logo""},{""domain"":""targetedwebtraffic.com"",""locator"":""Associate > image alt Targeted Web Traffic Logo"",""name"":""Targeted Web Traffic"",""notes"":""Explicit edition-specific alt text; no visual logo recognition or cash amount inferred."",""role"":""sponsor"",""source_url"":""https://us.pycon.org/2023/sponsorship/sponsors/index.html"",""status"":""listed_by_organizer"",""tier"":""Associate"",""website"":""https://www.targetedwebtraffic.com/""},{""domain"":""prisma-capacity.eu"",""locator"":""Associate > image alt PRISMA Capacity Platform Logo"",""name"":""PRISMA Capacity Platform"",""notes"":""Explicit edition-specific alt text; no visual logo recognition or cash amount inferred."",""role"":""sponsor"",""source_url"":""https://us.pycon.org/2023/sponsorship/sponsors/index.html"",""status"":""listed_by_organizer"",""tier"":""Associate"",""website"":""https://www.prisma-capacity.eu/""},{""domain"":""seo25.com"",""locator"":""Associate > image alt SEO25.com Logo"",""name"":""SEO25.com"",""notes"":""Explicit edition-specific alt text; no visual logo recognition or cash amount inferred."",""role"":""sponsor"",""source_url"":""https://us.pycon.org/2023/sponsorship/sponsors/index.html"",""status"":""listed_by_organizer"",""tier"":""Associate"",""website"":""https://www.seo25.com/""},{""domain"":""easeus.com"",""locator"":""Associate > image alt EaseUS Software Logo"",""name"":""EaseUS Software"",""notes"":""Explicit edition-specific alt text; no visual logo recognition or cash amount inferred."",""role"":""sponsor"",""source_url"":""https://us.pycon.org/2023/sponsorship/sponsors/index.html"",""status"":""listed_by_organizer"",""tier"":""Associate"",""website"":""https://www.easeus.com/""},{""domain"":""beproud.jp"",""locator"":""Associate > image alt BeProud Logo"",""name"":""BeProud"",""notes"":""Explicit edition-specific alt text; no visual logo recognition or cash amount inferred."",""role"":""sponsor"",""source_url"":""https://us.pycon.org/2023/sponsorship/sponsors/index.html"",""status"":""listed_by_organizer"",""tier"":""Associate"",""website"":""https://www.beproud.jp/""},{""domain"":""ionic.io"",""locator"":""Mobile App Sponsor > image alt ionic Logo"",""name"":""ionic"",""notes"":""Explicit edition-specific alt text; no visual logo recognition or cash amount inferred."",""role"":""sponsor"",""source_url"":""https://us.pycon.org/2023/sponsorship/sponsors/index.html"",""status"":""listed_by_organizer"",""tier"":""Mobile App Sponsor"",""website"":""https://ionic.io/framework""},{""domain"":""nixtla.io"",""locator"":""PyCon US Startup Row > image alt Nixtla Logo"",""name"":""Nixtla"",""notes"":""Explicit edition-specific alt text; no visual logo recognition or cash amount inferred."",""role"":""exhibitor"",""source_url"":""https://us.pycon.org/2023/sponsorship/sponsors/index.html"",""status"":""listed_by_organizer"",""tier"":""PyCon US Startup Row"",""website"":""https://www.nixtla.io/""},{""domain"":""ponder.io"",""locator"":""PyCon US Startup Row > image alt Ponder Logo"",""name"":""Ponder"",""notes"":""Explicit edition-specific alt text; no visual logo recognition or cash amount inferred."",""role"":""exhibitor"",""source_url"":""https://us.pycon.org/2023/sponsorship/sponsors/index.html"",""status"":""listed_by_organizer"",""tier"":""PyCon US Startup Row"",""website"":""https://ponder.io/""},{""domain"":""predibase.com"",""locator"":""PyCon US Startup Row > image alt Predibase Logo"",""name"":""Predibase"",""notes"":""Explicit edition-specific alt text; no visual logo recognition or cash amount inferred."",""role"":""exhibitor"",""source_url"":""https://us.pycon.org/2023/sponsorship/sponsors/index.html"",""status"":""listed_by_organizer"",""tier"":""PyCon US Startup Row"",""website"":""https://www.predibase.com""},{""domain"":""fixie.ai"",""locator"":""PyCon US Startup Row > image alt Fixie AI Logo"",""name"":""Fixie AI"",""notes"":""Explicit edition-specific alt text; no visual logo recognition or cash amount inferred."",""role"":""exhibitor"",""source_url"":""https://us.pycon.org/2023/sponsorship/sponsors/index.html"",""status"":""listed_by_organizer"",""tier"":""PyCon US Startup Row"",""website"":""https://fixie.ai""},{""domain"":""wherobots.ai"",""locator"":""PyCon US Startup Row > image alt Wherobots Inc. Logo"",""name"":""Wherobots Inc."",""notes"":""Explicit edition-specific alt text; no visual logo recognition or cash amount inferred."",""role"":""exhibitor"",""source_url"":""https://us.pycon.org/2023/sponsorship/sponsors/index.html"",""status"":""listed_by_organizer"",""tier"":""PyCon US Startup Row"",""website"":""https://www.wherobots.ai""},{""domain"":""pynecone.io"",""locator"":""PyCon US Startup Row > image alt Pynecone Logo"",""name"":""Pynecone"",""notes"":""Explicit edition-specific alt text; no visual logo recognition or cash amount inferred."",""role"":""exhibitor"",""source_url"":""https://us.pycon.org/2023/sponsorship/sponsors/index.html"",""status"":""listed_by_organizer"",""tier"":""PyCon US Startup Row"",""website"":""https://pynecone.io""},{""domain"":""neptyne.com"",""locator"":""PyCon US Startup Row > image alt Neptyne Logo"",""name"":""Neptyne"",""notes"":""Explicit edition-specific alt text; no visual logo recognition or cash amount inferred."",""role"":""exhibitor"",""source_url"":""https://us.pycon.org/2023/sponsorship/sponsors/index.html"",""status"":""listed_by_organizer"",""tier"":""PyCon US Startup Row"",""website"":""https://neptyne.com""},{""domain"":""generallyintelligent.com"",""locator"":""PyCon US Startup Row > image alt Generally Intelligent Logo"",""name"":""Generally Intelligent"",""notes"":""Explicit edition-specific alt text; no visual logo recognition or cash amount inferred."",""role"":""exhibitor"",""source_url"":""https://us.pycon.org/2023/sponsorship/sponsors/index.html"",""status"":""listed_by_organizer"",""tier"":""PyCon US Startup Row"",""website"":""https://generallyintelligent.com/""},{""domain"":""imc.com"",""locator"":""Standalone Only > image alt IMC Trading Logo"",""name"":""IMC Trading"",""notes"":""Explicit edition-specific alt text; no visual logo recognition or cash amount inferred."",""role"":""sponsor"",""source_url"":""https://us.pycon.org/2023/sponsorship/sponsors/index.html"",""status"":""listed_by_organizer"",""tier"":""Standalone Only"",""website"":""https://www.imc.com/us/""},{""domain"":""postgresql.org"",""locator"":""Open Source and Community > image alt PostgreSQL Logo"",""name"":""PostgreSQL"",""notes"":""Explicit edition-specific alt text; no visual logo recognition or cash amount inferred."",""role"":""community_partner"",""source_url"":""https://us.pycon.org/2023/sponsorship/sponsors/index.html"",""status"":""listed_by_organizer"",""tier"":""Open Source and Community"",""website"":""https://www.postgresql.org/""},{""domain"":null,""locator"":""Open Source and Community > image alt PyCon APAC Community Logo"",""name"":""PyCon APAC Community"",""notes"":""Explicit edition-specific alt text; no visual logo recognition or cash amount inferred."",""role"":""community_partner"",""source_url"":""https://us.pycon.org/2023/sponsorship/sponsors/index.html"",""status"":""listed_by_organizer"",""tier"":""Open Source and Community"",""website"":null},{""domain"":""numfocus.org"",""locator"":""Open Source and Community > image alt NumFOCUS Logo"",""name"":""NumFOCUS"",""notes"":""Explicit edition-specific alt text; no visual logo recognition or cash amount inferred."",""role"":""community_partner"",""source_url"":""https://us.pycon.org/2023/sponsorship/sponsors/index.html"",""status"":""listed_by_organizer"",""tier"":""Open Source and Community"",""website"":""https://numfocus.org""},{""domain"":""kumc.edu"",""locator"":""Standalone Only > image alt Department of Biostatistics and Data Science, University of Kansas Medical Center Logo"",""name"":""Department of Biostatistics and Data Science, University of Kansas Medical Center"",""notes"":""Explicit edition-specific alt text; no visual logo recognition or cash amount inferred."",""role"":""sponsor"",""source_url"":""https://us.pycon.org/2023/sponsorship/sponsors/index.html"",""status"":""listed_by_organizer"",""tier"":""Standalone Only"",""website"":""https://www.kumc.edu/school-of-medicine/academics/departments/biostatistics-and-data-science.html""},{""domain"":""python.org"",""locator"":""Open Source and Community > image alt Python Software Foundation Logo"",""name"":""Python Software Foundation"",""notes"":""Explicit edition-specific alt text; no visual logo recognition or cash amount inferred."",""role"":""community_partner"",""source_url"":""https://us.pycon.org/2023/sponsorship/sponsors/index.html"",""status"":""listed_by_organizer"",""tier"":""Open Source and Community"",""website"":""https://python.org/psf/""},{""domain"":""opensource.org"",""locator"":""Open Source and Community > image alt Open Source Initiative Logo"",""name"":""Open Source Initiative"",""notes"":""Explicit edition-specific alt text; no visual logo recognition or cash amount inferred."",""role"":""community_partner"",""source_url"":""https://us.pycon.org/2023/sponsorship/sponsors/index.html"",""status"":""listed_by_organizer"",""tier"":""Open Source and Community"",""website"":""https://opensource.org""},{""domain"":""beeware.org"",""locator"":""Open Source and Community > image alt BeeWare Project Logo"",""name"":""BeeWare Project"",""notes"":""Explicit edition-specific alt text; no visual logo recognition or cash amount inferred."",""role"":""community_partner"",""source_url"":""https://us.pycon.org/2023/sponsorship/sponsors/index.html"",""status"":""listed_by_organizer"",""tier"":""Open Source and Community"",""website"":""https://beeware.org/""},{""domain"":""codeday.org"",""locator"":""Open Source and Community > image alt CodeDay Logo"",""name"":""CodeDay"",""notes"":""Explicit edition-specific alt text; no visual logo recognition or cash amount inferred."",""role"":""community_partner"",""source_url"":""https://us.pycon.org/2023/sponsorship/sponsors/index.html"",""status"":""listed_by_organizer"",""tier"":""Open Source and Community"",""website"":""https://www.codeday.org/""},{""domain"":""researchaffiliates.com"",""locator"":""Standalone Only > image alt Research Affiliates LLC Logo"",""name"":""Research Affiliates LLC"",""notes"":""Explicit edition-specific alt text; no visual logo recognition or cash amount inferred."",""role"":""sponsor"",""source_url"":""https://us.pycon.org/2023/sponsorship/sponsors/index.html"",""status"":""listed_by_organizer"",""tier"":""Standalone Only"",""website"":""https://www.researchaffiliates.com/about-us/technology""},{""domain"":""pyladies.com"",""locator"":""Open Source and Community > image alt PyLadies Logo"",""name"":""PyLadies"",""notes"":""Explicit edition-specific alt text; no visual logo recognition or cash amount inferred."",""role"":""community_partner"",""source_url"":""https://us.pycon.org/2023/sponsorship/sponsors/index.html"",""status"":""listed_by_organizer"",""tier"":""Open Source and Community"",""website"":""https://pyladies.com""},{""domain"":""kansascityfed.org"",""locator"":""Standalone Only > image alt Federal Reserve Bank of Kansas City Logo"",""name"":""Federal Reserve Bank of Kansas City"",""notes"":""Explicit edition-specific alt text; no visual logo recognition or cash amount inferred."",""role"":""sponsor"",""source_url"":""https://us.pycon.org/2023/sponsorship/sponsors/index.html"",""status"":""listed_by_organizer"",""tier"":""Standalone Only"",""website"":""https://www.kansascityfed.org/""},{""domain"":""python.org"",""name"":""Python Software Foundation"",""role"":""organizer"",""source_url"":""https://us.pycon.org/2023/"",""status"":""listed_by_organizer"",""tier"":null}],""platform_urls"":[],""sector"":""software_python"",""series_name"":""PyCon US"",""source_urls"":[""https://us.pycon.org/2023/"",""https://us.pycon.org/2023/sponsorship/sponsors/index.html""],""start_date"":""2023-04-19"",""status"":""historical_listing"",""title"":""PyCon US 2023"",""url"":""https://us.pycon.org/2023/"",""venue_name"":""Salt Palace Convention Center""}","{""languages_json"":""not_found_in_consulted_sources"",""themes_json"":""not_found_in_consulted_sources"",""timezone"":""not_found_in_consulted_sources""}"
evt_2f5a7f654cc3781d,pycon-us-2024,series_2ffc5b3a9dc66fc2,PyCon US 2024,https://us.pycon.org/2024/,2024-05-15,2024-05-23,day,,hybrid,historical_listing,Pittsburgh,United States,venue_d3bbfbc31c2ef3c7,venue_named_no_coordinates,conference,software_python,,,2026-09-28,"{""city"":""Pittsburgh"",""costs"":[],""country"":""United States"",""date_precision"":""day"",""end_date"":""2024-05-23"",""field_sources"":{""city"":[""https://us.pycon.org/2024/""],""country"":[""https://us.pycon.org/2024/""],""end_date"":[""https://us.pycon.org/2024/""],""start_date"":[""https://us.pycon.org/2024/""],""title"":[""https://us.pycon.org/2024/""],""venue_name"":[""https://us.pycon.org/2024/""]},""format"":""conference"",""key"":""pycon-us-2024"",""metrics"":[],""modality"":""hybrid"",""notes"":""Date range includes tutorials and sprints; past listing alone is not verified attendance."",""organizations"":[{""domain"":""developer.nvidia.com"",""locator"":""Visionary > image alt NVIDIA Logo"",""name"":""NVIDIA"",""notes"":""Explicit edition-specific alt text; no visual logo recognition or cash amount inferred."",""role"":""sponsor"",""source_url"":""https://us.pycon.org/2024/sponsorship/sponsors/index.html"",""status"":""listed_by_organizer"",""tier"":""Visionary"",""website"":""https://developer.nvidia.com/""},{""domain"":""opensource.google"",""locator"":""Visionary > image alt Google Logo"",""name"":""Google"",""notes"":""Explicit edition-specific alt text; no visual logo recognition or cash amount inferred."",""role"":""sponsor"",""source_url"":""https://us.pycon.org/2024/sponsorship/sponsors/index.html"",""status"":""listed_by_organizer"",""tier"":""Visionary"",""website"":""https://opensource.google/""},{""domain"":""about.facebook.com"",""locator"":""Visionary > image alt Meta Logo"",""name"":""Meta"",""notes"":""Explicit edition-specific alt text; no visual logo recognition or cash amount inferred."",""role"":""sponsor"",""source_url"":""https://us.pycon.org/2024/sponsorship/sponsors/index.html"",""status"":""listed_by_organizer"",""tier"":""Visionary"",""website"":""https://about.facebook.com/meta/""},{""domain"":""fastly.com"",""locator"":""Visionary > image alt Fastly Logo"",""name"":""Fastly"",""notes"":""Explicit edition-specific alt text; no visual logo recognition or cash amount inferred."",""role"":""sponsor"",""source_url"":""https://us.pycon.org/2024/sponsorship/sponsors/index.html"",""status"":""listed_by_organizer"",""tier"":""Visionary"",""website"":""https://www.fastly.com/fast-forward""},{""domain"":""techatbloomberg.com"",""locator"":""Visionary > image alt Bloomberg Logo"",""name"":""Bloomberg"",""notes"":""Explicit edition-specific alt text; no visual logo recognition or cash amount inferred."",""role"":""sponsor"",""source_url"":""https://us.pycon.org/2024/sponsorship/sponsors/index.html"",""status"":""listed_by_organizer"",""tier"":""Visionary"",""website"":""https://www.techatbloomberg.com/""},{""domain"":""microsoft.com"",""locator"":""Sustainability > image alt Microsoft Logo"",""name"":""Microsoft"",""notes"":""Explicit edition-specific alt text; no visual logo recognition or cash amount inferred."",""role"":""sponsor"",""source_url"":""https://us.pycon.org/2024/sponsorship/sponsors/index.html"",""status"":""listed_by_organizer"",""tier"":""Sustainability"",""website"":""http://www.microsoft.com/""},{""domain"":""ansys.com"",""locator"":""Sustainability > image alt Ansys Logo"",""name"":""Ansys"",""notes"":""Explicit edition-specific alt text; no visual logo recognition or cash amount inferred."",""role"":""sponsor"",""source_url"":""https://us.pycon.org/2024/sponsorship/sponsors/index.html"",""status"":""listed_by_organizer"",""tier"":""Sustainability"",""website"":""https://www.ansys.com/""},{""domain"":""redhat.com"",""locator"":""Maintaining > image alt Red Hat Logo"",""name"":""Red Hat"",""notes"":""Explicit edition-specific alt text; no visual logo recognition or cash amount inferred."",""role"":""sponsor"",""source_url"":""https://us.pycon.org/2024/sponsorship/sponsors/index.html"",""status"":""listed_by_organizer"",""tier"":""Maintaining"",""website"":""https://www.redhat.com/""},{""domain"":""point72.com"",""locator"":""Maintaining > image alt Cubist Systematic Strategies Logo"",""name"":""Cubist Systematic Strategies"",""notes"":""Explicit edition-specific alt text; no visual logo recognition or cash amount inferred."",""role"":""sponsor"",""source_url"":""https://us.pycon.org/2024/sponsorship/sponsors/index.html"",""status"":""listed_by_organizer"",""tier"":""Maintaining"",""website"":""https://point72.com/cubist/""},{""domain"":""capitalone.com"",""locator"":""Maintaining > image alt Capital One Logo"",""name"":""Capital One"",""notes"":""Explicit edition-specific alt text; no visual logo recognition or cash amount inferred."",""role"":""sponsor"",""source_url"":""https://us.pycon.org/2024/sponsorship/sponsors/index.html"",""status"":""listed_by_organizer"",""tier"":""Maintaining"",""website"":""https://www.capitalone.com/tech/""},{""domain"":""streamlit.io"",""locator"":""Maintaining > image alt Streamlit Logo"",""name"":""Streamlit"",""notes"":""Explicit edition-specific alt text; no visual logo recognition or cash amount inferred."",""role"":""sponsor"",""source_url"":""https://us.pycon.org/2024/sponsorship/sponsors/index.html"",""status"":""listed_by_organizer"",""tier"":""Maintaining"",""website"":""https://streamlit.io/""},{""domain"":""qube-rt.com"",""locator"":""Maintaining > image alt Qube Research & Technologies Limited Logo"",""name"":""Qube Research & Technologies Limited"",""notes"":""Explicit edition-specific alt text; no visual logo recognition or cash amount inferred."",""role"":""sponsor"",""source_url"":""https://us.pycon.org/2024/sponsorship/sponsors/index.html"",""status"":""listed_by_organizer"",""tier"":""Maintaining"",""website"":""https://www.qube-rt.com/""},{""domain"":""americanexpress.com"",""locator"":""Maintaining > image alt American Express Logo"",""name"":""American Express"",""notes"":""Explicit edition-specific alt text; no visual logo recognition or cash amount inferred."",""role"":""sponsor"",""source_url"":""https://us.pycon.org/2024/sponsorship/sponsors/index.html"",""status"":""listed_by_organizer"",""tier"":""Maintaining"",""website"":""https://www.americanexpress.com/en-us/careers/career-areas/technology/""},{""domain"":""mdb.link"",""locator"":""Maintaining > image alt MongoDB Logo"",""name"":""MongoDB"",""notes"":""Explicit edition-specific alt text; no visual logo recognition or cash amount inferred."",""role"":""sponsor"",""source_url"":""https://us.pycon.org/2024/sponsorship/sponsors/index.html"",""status"":""listed_by_organizer"",""tier"":""Maintaining"",""website"":""https://mdb.link/pycon""},{""domain"":""aws.amazon.com"",""locator"":""Maintaining > image alt AWS Logo"",""name"":""AWS"",""notes"":""Explicit edition-specific alt text; no visual logo recognition or cash amount inferred."",""role"":""sponsor"",""source_url"":""https://us.pycon.org/2024/sponsorship/sponsors/index.html"",""status"":""listed_by_organizer"",""tier"":""Maintaining"",""website"":""https://aws.amazon.com/opensource""},{""domain"":""jetbrains.com"",""locator"":""Contributing > image alt JetBrains Logo"",""name"":""JetBrains"",""notes"":""Explicit edition-specific alt text; no visual logo recognition or cash amount inferred."",""role"":""sponsor"",""source_url"":""https://us.pycon.org/2024/sponsorship/sponsors/index.html"",""status"":""listed_by_organizer"",""tier"":""Contributing"",""website"":""https://www.jetbrains.com/pycharm/""},{""domain"":""pythoninstitute.org"",""locator"":""Contributing > image alt OpenEDG Python Institute Logo"",""name"":""OpenEDG Python Institute"",""notes"":""Explicit edition-specific alt text; no visual logo recognition or cash amount inferred."",""role"":""sponsor"",""source_url"":""https://us.pycon.org/2024/sponsorship/sponsors/index.html"",""status"":""listed_by_organizer"",""tier"":""Contributing"",""website"":""https://pythoninstitute.org/""},{""domain"":""indeed.com"",""locator"":""Contributing > image alt Indeed Logo"",""name"":""Indeed"",""notes"":""Explicit edition-specific alt text; no visual logo recognition or cash amount inferred."",""role"":""sponsor"",""source_url"":""https://us.pycon.org/2024/sponsorship/sponsors/index.html"",""status"":""listed_by_organizer"",""tier"":""Contributing"",""website"":""http://www.indeed.com/""},{""domain"":""developer.algorand.org"",""locator"":""Supporting > image alt Algorand Logo"",""name"":""Algorand"",""notes"":""Explicit edition-specific alt text; no visual logo recognition or cash amount inferred."",""role"":""sponsor"",""source_url"":""https://us.pycon.org/2024/sponsorship/sponsors/index.html"",""status"":""listed_by_organizer"",""tier"":""Supporting"",""website"":""https://developer.algorand.org/""},{""domain"":""janestreet.com"",""locator"":""Supporting > image alt Jane Street Logo"",""name"":""Jane Street"",""notes"":""Explicit edition-specific alt text; no visual logo recognition or cash amount inferred."",""role"":""sponsor"",""source_url"":""https://us.pycon.org/2024/sponsorship/sponsors/index.html"",""status"":""listed_by_organizer"",""tier"":""Supporting"",""website"":""https://www.janestreet.com/""},{""domain"":""developer.oracle.com"",""locator"":""Supporting > image alt Oracle Logo"",""name"":""Oracle"",""notes"":""Explicit edition-specific alt text; no visual logo recognition or cash amount inferred."",""role"":""sponsor"",""source_url"":""https://us.pycon.org/2024/sponsorship/sponsors/index.html"",""status"":""listed_by_organizer"",""tier"":""Supporting"",""website"":""https://developer.oracle.com/languages/python.html""},{""domain"":""pydantic.dev"",""locator"":""Supporting > image alt Pydantic Logo"",""name"":""Pydantic"",""notes"":""Explicit edition-specific alt text; no visual logo recognition or cash amount inferred."",""role"":""sponsor"",""source_url"":""https://us.pycon.org/2024/sponsorship/sponsors/index.html"",""status"":""listed_by_organizer"",""tier"":""Supporting"",""website"":""https://pydantic.dev/""},{""domain"":""covalent.xyz"",""locator"":""Supporting > image alt Covalent Logo"",""name"":""Covalent"",""notes"":""Explicit edition-specific alt text; no visual logo recognition or cash amount inferred."",""role"":""sponsor"",""source_url"":""https://us.pycon.org/2024/sponsorship/sponsors/index.html"",""status"":""listed_by_organizer"",""tier"":""Supporting"",""website"":""https://www.covalent.xyz/""},{""domain"":""crunchydata.com"",""locator"":""Supporting > image alt Crunchy Data Logo"",""name"":""Crunchy Data"",""notes"":""Explicit edition-specific alt text; no visual logo recognition or cash amount inferred."",""role"":""sponsor"",""source_url"":""https://us.pycon.org/2024/sponsorship/sponsors/index.html"",""status"":""listed_by_organizer"",""tier"":""Supporting"",""website"":""https://www.crunchydata.com/""},{""domain"":""anaconda.com"",""locator"":""Supporting > image alt Anaconda, Inc Logo"",""name"":""Anaconda, Inc"",""notes"":""Explicit edition-specific alt text; no visual logo recognition or cash amount inferred."",""role"":""sponsor"",""source_url"":""https://us.pycon.org/2024/sponsorship/sponsors/index.html"",""status"":""listed_by_organizer"",""tier"":""Supporting"",""website"":""https://www.anaconda.com/""},{""domain"":""sentry.io"",""locator"":""Supporting > image alt Sentry Logo"",""name"":""Sentry"",""notes"":""Explicit edition-specific alt text; no visual logo recognition or cash amount inferred."",""role"":""sponsor"",""source_url"":""https://us.pycon.org/2024/sponsorship/sponsors/index.html"",""status"":""listed_by_organizer"",""tier"":""Supporting"",""website"":""https://sentry.io/welcome/?utm_source=pythonorg&utm_medium=site&utm_campaign=general-na-evergreen&utm_content=logo-thanksdevsitelogo-na""},{""domain"":""datastax.com"",""locator"":""Supporting > image alt DataStax Logo"",""name"":""DataStax"",""notes"":""Explicit edition-specific alt text; no visual logo recognition or cash amount inferred."",""role"":""sponsor"",""source_url"":""https://us.pycon.org/2024/sponsorship/sponsors/index.html"",""status"":""listed_by_organizer"",""tier"":""Supporting"",""website"":""https://www.datastax.com/products/ragstack""},{""domain"":""wgu.edu"",""locator"":""Supporting > image alt Western Governors University Logo"",""name"":""Western Governors University"",""notes"":""Explicit edition-specific alt text; no visual logo recognition or cash amount inferred."",""role"":""sponsor"",""source_url"":""https://us.pycon.org/2024/sponsorship/sponsors/index.html"",""status"":""listed_by_organizer"",""tier"":""Supporting"",""website"":""https://www.wgu.edu/online-it-degrees.html""},{""domain"":""datadoghq.com"",""locator"":""Partner > image alt Datadog Logo"",""name"":""Datadog"",""notes"":""Explicit edition-specific alt text; no visual logo recognition or cash amount inferred."",""role"":""sponsor"",""source_url"":""https://us.pycon.org/2024/sponsorship/sponsors/index.html"",""status"":""listed_by_organizer"",""tier"":""Partner"",""website"":""https://www.datadoghq.com/""},{""domain"":""activestate.com"",""locator"":""Partner > image alt ActiveState Logo"",""name"":""ActiveState"",""notes"":""Explicit edition-specific alt text; no visual logo recognition or cash amount inferred."",""role"":""sponsor"",""source_url"":""https://us.pycon.org/2024/sponsorship/sponsors/index.html"",""status"":""listed_by_organizer"",""tier"":""Partner"",""website"":""https://www.activestate.com/""},{""domain"":""haystack.deepset.ai"",""locator"":""Partner > image alt Haystack (by deepset) Logo"",""name"":""Haystack (by deepset)"",""notes"":""Explicit edition-specific alt text; no visual logo recognition or cash amount inferred."",""role"":""sponsor"",""source_url"":""https://us.pycon.org/2024/sponsorship/sponsors/index.html"",""status"":""listed_by_organizer"",""tier"":""Partner"",""website"":""https://haystack.deepset.ai/""},{""domain"":""endorlabs.com"",""locator"":""Partner > image alt Endor labs Logo"",""name"":""Endor labs"",""notes"":""Explicit edition-specific alt text; no visual logo recognition or cash amount inferred."",""role"":""sponsor"",""source_url"":""https://us.pycon.org/2024/sponsorship/sponsors/index.html"",""status"":""listed_by_organizer"",""tier"":""Partner"",""website"":""https://www.endorlabs.com/""},{""domain"":""posit.co"",""locator"":""Partner > image alt Posit, PBC Logo"",""name"":""Posit, PBC"",""notes"":""Explicit edition-specific alt text; no visual logo recognition or cash amount inferred."",""role"":""sponsor"",""source_url"":""https://us.pycon.org/2024/sponsorship/sponsors/index.html"",""status"":""listed_by_organizer"",""tier"":""Partner"",""website"":""https://posit.co/""},{""domain"":""saucelabs.com"",""locator"":""Partner > image alt Sauce Labs Logo"",""name"":""Sauce Labs"",""notes"":""Explicit edition-specific alt text; no visual logo recognition or cash amount inferred."",""role"":""sponsor"",""source_url"":""https://us.pycon.org/2024/sponsorship/sponsors/index.html"",""status"":""listed_by_organizer"",""tier"":""Partner"",""website"":""https://saucelabs.com/""},{""domain"":""hudsonrivertrading.com"",""locator"":""Partner > image alt Hudson River Trading Logo"",""name"":""Hudson River Trading"",""notes"":""Explicit edition-specific alt text; no visual logo recognition or cash amount inferred."",""role"":""sponsor"",""source_url"":""https://us.pycon.org/2024/sponsorship/sponsors/index.html"",""status"":""listed_by_organizer"",""tier"":""Partner"",""website"":""https://www.hudsonrivertrading.com/""},{""domain"":""swansoftweb.com"",""locator"":""Partner > image alt Swan Softweb Solutions Logo"",""name"":""Swan Softweb Solutions"",""notes"":""Explicit edition-specific alt text; no visual logo recognition or cash amount inferred."",""role"":""sponsor"",""source_url"":""https://us.pycon.org/2024/sponsorship/sponsors/index.html"",""status"":""listed_by_organizer"",""tier"":""Partner"",""website"":""https://swansoftweb.com/python-software-development-pycon/""},{""domain"":""lernerpython.com"",""locator"":""Partner > image alt Reuven Lerner — Python training Logo"",""name"":""Reuven Lerner — Python training"",""notes"":""Explicit edition-specific alt text; no visual logo recognition or cash amount inferred."",""role"":""sponsor"",""source_url"":""https://us.pycon.org/2024/sponsorship/sponsors/index.html"",""status"":""listed_by_organizer"",""tier"":""Partner"",""website"":""https://lernerpython.com/""},{""domain"":""rezoomex.com"",""locator"":""Partner > image alt Rezoomex Logo"",""name"":""Rezoomex"",""notes"":""Explicit edition-specific alt text; no visual logo recognition or cash amount inferred."",""role"":""sponsor"",""source_url"":""https://us.pycon.org/2024/sponsorship/sponsors/index.html"",""status"":""listed_by_organizer"",""tier"":""Partner"",""website"":""https://www.rezoomex.com/""},{""domain"":""developer.vonage.com"",""locator"":""Partner > image alt Vonage Logo"",""name"":""Vonage"",""notes"":""Explicit edition-specific alt text; no visual logo recognition or cash amount inferred."",""role"":""sponsor"",""source_url"":""https://us.pycon.org/2024/sponsorship/sponsors/index.html"",""status"":""listed_by_organizer"",""tier"":""Partner"",""website"":""https://developer.vonage.com/""},{""domain"":""temporal.io"",""locator"":""Partner > image alt Temporal Logo"",""name"":""Temporal"",""notes"":""Explicit edition-specific alt text; no visual logo recognition or cash amount inferred."",""role"":""sponsor"",""source_url"":""https://us.pycon.org/2024/sponsorship/sponsors/index.html"",""status"":""listed_by_organizer"",""tier"":""Partner"",""website"":""https://www.temporal.io/""},{""domain"":""twilio.com"",""locator"":""Partner > image alt Twilio Logo"",""name"":""Twilio"",""notes"":""Explicit edition-specific alt text; no visual logo recognition or cash amount inferred."",""role"":""sponsor"",""source_url"":""https://us.pycon.org/2024/sponsorship/sponsors/index.html"",""status"":""listed_by_organizer"",""tier"":""Partner"",""website"":""https://www.twilio.com/""},{""domain"":""edgedb.com"",""locator"":""Partner > image alt EdgeDB Logo"",""name"":""EdgeDB"",""notes"":""Explicit edition-specific alt text; no visual logo recognition or cash amount inferred."",""role"":""sponsor"",""source_url"":""https://us.pycon.org/2024/sponsorship/sponsors/index.html"",""status"":""listed_by_organizer"",""tier"":""Partner"",""website"":""https://www.edgedb.com/""},{""domain"":""anvil.works"",""locator"":""Partner > image alt Anvil Logo"",""name"":""Anvil"",""notes"":""Explicit edition-specific alt text; no visual logo recognition or cash amount inferred."",""role"":""sponsor"",""source_url"":""https://us.pycon.org/2024/sponsorship/sponsors/index.html"",""status"":""listed_by_organizer"",""tier"":""Partner"",""website"":""https://anvil.works/?utm_source=sponsorship:pycon-2021""},{""domain"":""elastic.co"",""locator"":""Partner > image alt Elastic Logo"",""name"":""Elastic"",""notes"":""Explicit edition-specific alt text; no visual logo recognition or cash amount inferred."",""role"":""sponsor"",""source_url"":""https://us.pycon.org/2024/sponsorship/sponsors/index.html"",""status"":""listed_by_organizer"",""tier"":""Partner"",""website"":""https://www.elastic.co/""},{""domain"":""cloudflare.com"",""locator"":""Partner > image alt Cloudflare Logo"",""name"":""Cloudflare"",""notes"":""Explicit edition-specific alt text; no visual logo recognition or cash amount inferred."",""role"":""sponsor"",""source_url"":""https://us.pycon.org/2024/sponsorship/sponsors/index.html"",""status"":""listed_by_organizer"",""tier"":""Partner"",""website"":""https://www.cloudflare.com/""},{""domain"":""awesomic.com"",""locator"":""Partner > image alt Awesomic Logo"",""name"":""Awesomic"",""notes"":""Explicit edition-specific alt text; no visual logo recognition or cash amount inferred."",""role"":""sponsor"",""source_url"":""https://us.pycon.org/2024/sponsorship/sponsors/index.html"",""status"":""listed_by_organizer"",""tier"":""Partner"",""website"":""https://www.awesomic.com/""},{""domain"":""coiled.io"",""locator"":""Partner > image alt Coiled Logo"",""name"":""Coiled"",""notes"":""Explicit edition-specific alt text; no visual logo recognition or cash amount inferred."",""role"":""sponsor"",""source_url"":""https://us.pycon.org/2024/sponsorship/sponsors/index.html"",""status"":""listed_by_organizer"",""tier"":""Partner"",""website"":""https://coiled.io/""},{""domain"":""brightdata.com"",""locator"":""Partner > image alt Bright Data Logo"",""name"":""Bright Data"",""notes"":""Explicit edition-specific alt text; no visual logo recognition or cash amount inferred."",""role"":""sponsor"",""source_url"":""https://us.pycon.org/2024/sponsorship/sponsors/index.html"",""status"":""listed_by_organizer"",""tier"":""Partner"",""website"":""https://brightdata.com/""},{""domain"":""nostarch.com"",""locator"":""Partner > image alt No Starch Press Logo"",""name"":""No Starch Press"",""notes"":""Explicit edition-specific alt text; no visual logo recognition or cash amount inferred."",""role"":""sponsor"",""source_url"":""https://us.pycon.org/2024/sponsorship/sponsors/index.html"",""status"":""listed_by_organizer"",""tier"":""Partner"",""website"":""https://nostarch.com/""},{""domain"":""tecton.ai"",""locator"":""Partner > image alt Tecton Logo"",""name"":""Tecton"",""notes"":""Explicit edition-specific alt text; no visual logo recognition or cash amount inferred."",""role"":""sponsor"",""source_url"":""https://us.pycon.org/2024/sponsorship/sponsors/index.html"",""status"":""listed_by_organizer"",""tier"":""Partner"",""website"":""https://www.tecton.ai/""},{""domain"":""usds.gov"",""locator"":""Government Participant > image alt U.S. Digital Service Logo"",""name"":""U.S. Digital Service"",""notes"":""Explicit edition-specific alt text; no visual logo recognition or cash amount inferred."",""role"":""sponsor"",""source_url"":""https://us.pycon.org/2024/sponsorship/sponsors/index.html"",""status"":""listed_by_organizer"",""tier"":""Government Participant"",""website"":""https://www.usds.gov/""},{""domain"":""about.netflix.com"",""locator"":""Participating > image alt Netflix Logo"",""name"":""Netflix"",""notes"":""Explicit edition-specific alt text; no visual logo recognition or cash amount inferred."",""role"":""sponsor"",""source_url"":""https://us.pycon.org/2024/sponsorship/sponsors/index.html"",""status"":""listed_by_organizer"",""tier"":""Participating"",""website"":""https://about.netflix.com/en""},{""domain"":""openteams.com"",""locator"":""Participating > image alt OpenTeams Logo"",""name"":""OpenTeams"",""notes"":""Explicit edition-specific alt text; no visual logo recognition or cash amount inferred."",""role"":""sponsor"",""source_url"":""https://us.pycon.org/2024/sponsorship/sponsors/index.html"",""status"":""listed_by_organizer"",""tier"":""Participating"",""website"":""https://www.openteams.com/""},{""domain"":""pythonic-exam.com"",""locator"":""Participating > image alt Python Engineer Development Association Logo"",""name"":""Python Engineer Development Association"",""notes"":""Explicit edition-specific alt text; no visual logo recognition or cash amount inferred."",""role"":""sponsor"",""source_url"":""https://us.pycon.org/2024/sponsorship/sponsors/index.html"",""status"":""listed_by_organizer"",""tier"":""Participating"",""website"":""https://www.pythonic-exam.com/en""},{""domain"":""sixfeetup.com"",""locator"":""Participating > image alt Six Feet Up Logo"",""name"":""Six Feet Up"",""notes"":""Explicit edition-specific alt text; no visual logo recognition or cash amount inferred."",""role"":""sponsor"",""source_url"":""https://us.pycon.org/2024/sponsorship/sponsors/index.html"",""status"":""listed_by_organizer"",""tier"":""Participating"",""website"":""https://www.sixfeetup.com/?utm_source=psf""},{""domain"":""quansight.com"",""locator"":""Participating > image alt Quansight Logo"",""name"":""Quansight"",""notes"":""Explicit edition-specific alt text; no visual logo recognition or cash amount inferred."",""role"":""sponsor"",""source_url"":""https://us.pycon.org/2024/sponsorship/sponsors/index.html"",""status"":""listed_by_organizer"",""tier"":""Participating"",""website"":""https://www.quansight.com/""},{""domain"":""asml.com"",""locator"":""Participating > image alt ASML Logo"",""name"":""ASML"",""notes"":""Explicit edition-specific alt text; no visual logo recognition or cash amount inferred."",""role"":""sponsor"",""source_url"":""https://us.pycon.org/2024/sponsorship/sponsors/index.html"",""status"":""listed_by_organizer"",""tier"":""Participating"",""website"":""https://www.asml.com/en""},{""domain"":""flet.dev"",""locator"":""Participating > image alt Flet Logo"",""name"":""Flet"",""notes"":""Explicit edition-specific alt text; no visual logo recognition or cash amount inferred."",""role"":""sponsor"",""source_url"":""https://us.pycon.org/2024/sponsorship/sponsors/index.html"",""status"":""listed_by_organizer"",""tier"":""Participating"",""website"":""https://flet.dev/""},{""domain"":""twosigma.com"",""locator"":""Participating > image alt Two Sigma Logo"",""name"":""Two Sigma"",""notes"":""Explicit edition-specific alt text; no visual logo recognition or cash amount inferred."",""role"":""sponsor"",""source_url"":""https://us.pycon.org/2024/sponsorship/sponsors/index.html"",""status"":""listed_by_organizer"",""tier"":""Participating"",""website"":""https://www.twosigma.com/""},{""domain"":""astral.sh"",""locator"":""Participating > image alt Astral Logo"",""name"":""Astral"",""notes"":""Explicit edition-specific alt text; no visual logo recognition or cash amount inferred."",""role"":""sponsor"",""source_url"":""https://us.pycon.org/2024/sponsorship/sponsors/index.html"",""status"":""listed_by_organizer"",""tier"":""Participating"",""website"":""https://astral.sh/""},{""domain"":""buttondown.email"",""locator"":""Participating > image alt Buttondown Logo"",""name"":""Buttondown"",""notes"":""Explicit edition-specific alt text; no visual logo recognition or cash amount inferred."",""role"":""sponsor"",""source_url"":""https://us.pycon.org/2024/sponsorship/sponsors/index.html"",""status"":""listed_by_organizer"",""tier"":""Participating"",""website"":""https://buttondown.email/""},{""domain"":""stickerobot.com"",""locator"":""Participating > image alt Sticker Robot Logo"",""name"":""Sticker Robot"",""notes"":""Explicit edition-specific alt text; no visual logo recognition or cash amount inferred."",""role"":""sponsor"",""source_url"":""https://us.pycon.org/2024/sponsorship/sponsors/index.html"",""status"":""listed_by_organizer"",""tier"":""Participating"",""website"":""https://stickerobot.com/products/fast-vinyl-stickers/""},{""domain"":""lambdatest.com"",""locator"":""Participating > image alt LambdaTest Inc. Logo"",""name"":""LambdaTest Inc."",""notes"":""Explicit edition-specific alt text; no visual logo recognition or cash amount inferred."",""role"":""sponsor"",""source_url"":""https://us.pycon.org/2024/sponsorship/sponsors/index.html"",""status"":""listed_by_organizer"",""tier"":""Participating"",""website"":""https://www.lambdatest.com/""},{""domain"":""zama.ai"",""locator"":""Participating > image alt Zama Logo"",""name"":""Zama"",""notes"":""Explicit edition-specific alt text; no visual logo recognition or cash amount inferred."",""role"":""sponsor"",""source_url"":""https://us.pycon.org/2024/sponsorship/sponsors/index.html"",""status"":""listed_by_organizer"",""tier"":""Participating"",""website"":""https://zama.ai/""},{""domain"":""devitjobs.com"",""locator"":""Associate > image alt DevITJobs Logo"",""name"":""DevITJobs"",""notes"":""Explicit edition-specific alt text; no visual logo recognition or cash amount inferred."",""role"":""sponsor"",""source_url"":""https://us.pycon.org/2024/sponsorship/sponsors/index.html"",""status"":""listed_by_organizer"",""tier"":""Associate"",""website"":""https://devitjobs.com/""},{""domain"":""beproud.jp"",""locator"":""Associate > image alt BeProud Logo"",""name"":""BeProud"",""notes"":""Explicit edition-specific alt text; no visual logo recognition or cash amount inferred."",""role"":""sponsor"",""source_url"":""https://us.pycon.org/2024/sponsorship/sponsors/index.html"",""status"":""listed_by_organizer"",""tier"":""Associate"",""website"":""https://www.beproud.jp/""},{""domain"":""pixee.ai"",""locator"":""PyCon US Startup Row > image alt Pixee Logo"",""name"":""Pixee"",""notes"":""Explicit edition-specific alt text; no visual logo recognition or cash amount inferred."",""role"":""exhibitor"",""source_url"":""https://us.pycon.org/2024/sponsorship/sponsors/index.html"",""status"":""listed_by_organizer"",""tier"":""PyCon US Startup Row"",""website"":""https://www.pixee.ai/""},{""domain"":""dlthub.com"",""locator"":""PyCon US Startup Row > image alt dltHub Logo"",""name"":""dltHub"",""notes"":""Explicit edition-specific alt text; no visual logo recognition or cash amount inferred."",""role"":""exhibitor"",""source_url"":""https://us.pycon.org/2024/sponsorship/sponsors/index.html"",""status"":""listed_by_organizer"",""tier"":""PyCon US Startup Row"",""website"":""https://dlthub.com/""},{""domain"":""pandas-ai.com"",""locator"":""PyCon US Startup Row > image alt PandasAI Logo"",""name"":""PandasAI"",""notes"":""Explicit edition-specific alt text; no visual logo recognition or cash amount inferred."",""role"":""exhibitor"",""source_url"":""https://us.pycon.org/2024/sponsorship/sponsors/index.html"",""status"":""listed_by_organizer"",""tier"":""PyCon US Startup Row"",""website"":""https://pandas-ai.com/""},{""domain"":""exaloop.io"",""locator"":""PyCon US Startup Row > image alt Exaloop Logo"",""name"":""Exaloop"",""notes"":""Explicit edition-specific alt text; no visual logo recognition or cash amount inferred."",""role"":""exhibitor"",""source_url"":""https://us.pycon.org/2024/sponsorship/sponsors/index.html"",""status"":""listed_by_organizer"",""tier"":""PyCon US Startup Row"",""website"":""https://exaloop.io/""},{""domain"":""dispatch.run"",""locator"":""PyCon US Startup Row > image alt dispatch.run Logo"",""name"":""dispatch.run"",""notes"":""Explicit edition-specific alt text; no visual logo recognition or cash amount inferred."",""role"":""exhibitor"",""source_url"":""https://us.pycon.org/2024/sponsorship/sponsors/index.html"",""status"":""listed_by_organizer"",""tier"":""PyCon US Startup Row"",""website"":""https://dispatch.run/""},{""domain"":""runtrellis.com"",""locator"":""PyCon US Startup Row > image alt Trellis Logo"",""name"":""Trellis"",""notes"":""Explicit edition-specific alt text; no visual logo recognition or cash amount inferred."",""role"":""exhibitor"",""source_url"":""https://us.pycon.org/2024/sponsorship/sponsors/index.html"",""status"":""listed_by_organizer"",""tier"":""PyCon US Startup Row"",""website"":""https://runtrellis.com/""},{""domain"":""dagworks.io"",""locator"":""PyCon US Startup Row > image alt DAGWorks Inc. Logo"",""name"":""DAGWorks Inc."",""notes"":""Explicit edition-specific alt text; no visual logo recognition or cash amount inferred."",""role"":""exhibitor"",""source_url"":""https://us.pycon.org/2024/sponsorship/sponsors/index.html"",""status"":""listed_by_organizer"",""tier"":""PyCon US Startup Row"",""website"":""https://www.dagworks.io/""},{""domain"":""withmartian.com"",""locator"":""PyCon US Startup Row > image alt Martian Learning, Inc. Logo"",""name"":""Martian Learning, Inc."",""notes"":""Explicit edition-specific alt text; no visual logo recognition or cash amount inferred."",""role"":""exhibitor"",""source_url"":""https://us.pycon.org/2024/sponsorship/sponsors/index.html"",""status"":""listed_by_organizer"",""tier"":""PyCon US Startup Row"",""website"":""https://www.withmartian.com/""},{""domain"":""github.com"",""locator"":""Community > image alt Turn the Tables Logo"",""name"":""Turn the Tables"",""notes"":""Explicit edition-specific alt text; no visual logo recognition or cash amount inferred."",""role"":""community_partner"",""source_url"":""https://us.pycon.org/2024/sponsorship/sponsors/index.html"",""status"":""listed_by_organizer"",""tier"":""Community"",""website"":""https://github.com/shaunagm/turn-the-tables""},{""domain"":""numfocus.org"",""locator"":""Community > image alt NumFOCUS Logo"",""name"":""NumFOCUS"",""notes"":""Explicit edition-specific alt text; no visual logo recognition or cash amount inferred."",""role"":""community_partner"",""source_url"":""https://us.pycon.org/2024/sponsorship/sponsors/index.html"",""status"":""listed_by_organizer"",""tier"":""Community"",""website"":""https://numfocus.org/""},{""domain"":""blackpythondevs.com"",""locator"":""Community > image alt Black Python Devs Logo"",""name"":""Black Python Devs"",""notes"":""Explicit edition-specific alt text; no visual logo recognition or cash amount inferred."",""role"":""community_partner"",""source_url"":""https://us.pycon.org/2024/sponsorship/sponsors/index.html"",""status"":""listed_by_organizer"",""tier"":""Community"",""website"":""https://blackpythondevs.com/""},{""domain"":""opensource.org"",""locator"":""Community > image alt Open Source Initiative Logo"",""name"":""Open Source Initiative"",""notes"":""Explicit edition-specific alt text; no visual logo recognition or cash amount inferred."",""role"":""community_partner"",""source_url"":""https://us.pycon.org/2024/sponsorship/sponsors/index.html"",""status"":""listed_by_organizer"",""tier"":""Community"",""website"":""https://opensource.org/""},{""domain"":""pyladies.com"",""locator"":""Community > image alt PyLadies Logo"",""name"":""PyLadies"",""notes"":""Explicit edition-specific alt text; no visual logo recognition or cash amount inferred."",""role"":""community_partner"",""source_url"":""https://us.pycon.org/2024/sponsorship/sponsors/index.html"",""status"":""listed_by_organizer"",""tier"":""Community"",""website"":""https://pyladies.com/""},{""domain"":""pypgh.org"",""locator"":""Community > image alt PyData Pittsburgh Logo"",""name"":""PyData Pittsburgh"",""notes"":""Explicit edition-specific alt text; no visual logo recognition or cash amount inferred."",""role"":""community_partner"",""source_url"":""https://us.pycon.org/2024/sponsorship/sponsors/index.html"",""status"":""listed_by_organizer"",""tier"":""Community"",""website"":""https://pypgh.org/""},{""domain"":""hablemospython.dev"",""locator"":""Community > image alt Python en Español Logo"",""name"":""Python en Español"",""notes"":""Explicit edition-specific alt text; no visual logo recognition or cash amount inferred."",""role"":""community_partner"",""source_url"":""https://us.pycon.org/2024/sponsorship/sponsors/index.html"",""status"":""listed_by_organizer"",""tier"":""Community"",""website"":""https://hablemospython.dev/""},{""domain"":""pycon.asia"",""locator"":""Community > image alt PyCon APAC Community Logo"",""name"":""PyCon APAC Community"",""notes"":""Explicit edition-specific alt text; no visual logo recognition or cash amount inferred."",""role"":""community_partner"",""source_url"":""https://us.pycon.org/2024/sponsorship/sponsors/index.html"",""status"":""listed_by_organizer"",""tier"":""Community"",""website"":""https://pycon.asia/""},{""domain"":""beeware.org"",""locator"":""Community > image alt BeeWare Project Logo"",""name"":""BeeWare Project"",""notes"":""Explicit edition-specific alt text; no visual logo recognition or cash amount inferred."",""role"":""community_partner"",""source_url"":""https://us.pycon.org/2024/sponsorship/sponsors/index.html"",""status"":""listed_by_organizer"",""tier"":""Community"",""website"":""https://beeware.org/""},{""domain"":""codeday.org"",""locator"":""Community > image alt CodeDay Logo"",""name"":""CodeDay"",""notes"":""Explicit edition-specific alt text; no visual logo recognition or cash amount inferred."",""role"":""community_partner"",""source_url"":""https://us.pycon.org/2024/sponsorship/sponsors/index.html"",""status"":""listed_by_organizer"",""tier"":""Community"",""website"":""https://www.codeday.org/""},{""domain"":""python.org"",""locator"":""Community > image alt Python Software Foundation Logo"",""name"":""Python Software Foundation"",""notes"":""Explicit edition-specific alt text; no visual logo recognition or cash amount inferred."",""role"":""community_partner"",""source_url"":""https://us.pycon.org/2024/sponsorship/sponsors/index.html"",""status"":""listed_by_organizer"",""tier"":""Community"",""website"":""https://www.python.org/psf-landing/""},{""domain"":""postgresql.org"",""locator"":""Community > image alt PostgreSQL Logo"",""name"":""PostgreSQL"",""notes"":""Explicit edition-specific alt text; no visual logo recognition or cash amount inferred."",""role"":""community_partner"",""source_url"":""https://us.pycon.org/2024/sponsorship/sponsors/index.html"",""status"":""listed_by_organizer"",""tier"":""Community"",""website"":""https://www.postgresql.org/""},{""domain"":""plotly.com"",""locator"":""Standalone Only > image alt Plotly Technologies Inc Logo"",""name"":""Plotly Technologies Inc"",""notes"":""Explicit edition-specific alt text; no visual logo recognition or cash amount inferred."",""role"":""sponsor"",""source_url"":""https://us.pycon.org/2024/sponsorship/sponsors/index.html"",""status"":""listed_by_organizer"",""tier"":""Standalone Only"",""website"":""https://plotly.com/""},{""domain"":"""",""locator"":""Standalone Only > image alt PJM Interconnection Logo"",""name"":""PJM Interconnection"",""notes"":""Explicit edition-specific alt text; no visual logo recognition or cash amount inferred."",""role"":""sponsor"",""source_url"":""https://us.pycon.org/2024/sponsorship/sponsors/index.html"",""status"":""listed_by_organizer"",""tier"":""Standalone Only"",""website"":""#""},{""domain"":""codeandsupply.fund"",""locator"":""A la carte > image alt Code & Supply Scholarship Fund Logo"",""name"":""Code & Supply Scholarship Fund"",""notes"":""Explicit edition-specific alt text; no visual logo recognition or cash amount inferred."",""role"":""sponsor"",""source_url"":""https://us.pycon.org/2024/sponsorship/sponsors/index.html"",""status"":""listed_by_organizer"",""tier"":""A la carte"",""website"":""https://codeandsupply.fund/""},{""domain"":""kumc.edu"",""locator"":""Standalone Only > image alt Department of Biostatistics and Data Science, University of Kansas Medical Center Logo"",""name"":""Department of Biostatistics and Data Science, University of Kansas Medical Center"",""notes"":""Explicit edition-specific alt text; no visual logo recognition or cash amount inferred."",""role"":""sponsor"",""source_url"":""https://us.pycon.org/2024/sponsorship/sponsors/index.html"",""status"":""listed_by_organizer"",""tier"":""Standalone Only"",""website"":""https://www.kumc.edu/school-of-medicine/academics/departments/biostatistics-and-data-science.html""},{""domain"":""researchaffiliates.com"",""locator"":""Standalone Only > image alt Research Affiliates LLC Logo"",""name"":""Research Affiliates LLC"",""notes"":""Explicit edition-specific alt text; no visual logo recognition or cash amount inferred."",""role"":""sponsor"",""source_url"":""https://us.pycon.org/2024/sponsorship/sponsors/index.html"",""status"":""listed_by_organizer"",""tier"":""Standalone Only"",""website"":""https://www.researchaffiliates.com/""},{""domain"":""thesummitgrp.com"",""locator"":""Standalone Only > image alt Summit Technology Group (STG) Logo"",""name"":""Summit Technology Group (STG)"",""notes"":""Explicit edition-specific alt text; no visual logo recognition or cash amount inferred."",""role"":""sponsor"",""source_url"":""https://us.pycon.org/2024/sponsorship/sponsors/index.html"",""status"":""listed_by_organizer"",""tier"":""Standalone Only"",""website"":""https://www.thesummitgrp.com/""},{""domain"":""codeandsupply.co"",""locator"":""Media > image alt Code & Supply Logo"",""name"":""Code & Supply"",""notes"":""Explicit edition-specific alt text; no visual logo recognition or cash amount inferred."",""role"":""media_partner"",""source_url"":""https://us.pycon.org/2024/sponsorship/sponsors/index.html"",""status"":""listed_by_organizer"",""tier"":""Media"",""website"":""https://codeandsupply.co/""},{""domain"":""thenewstack.io"",""locator"":""Media > image alt The New Stack Logo"",""name"":""The New Stack"",""notes"":""Explicit edition-specific alt text; no visual logo recognition or cash amount inferred."",""role"":""media_partner"",""source_url"":""https://us.pycon.org/2024/sponsorship/sponsors/index.html"",""status"":""listed_by_organizer"",""tier"":""Media"",""website"":""https://thenewstack.io/""},{""domain"":""python.org"",""name"":""Python Software Foundation"",""role"":""organizer"",""source_url"":""https://us.pycon.org/2024/"",""status"":""listed_by_organizer"",""tier"":null}],""platform_urls"":[],""sector"":""software_python"",""series_name"":""PyCon US"",""source_urls"":[""https://us.pycon.org/2024/"",""https://us.pycon.org/2024/sponsorship/sponsors/index.html""],""start_date"":""2024-05-15"",""status"":""historical_listing"",""title"":""PyCon US 2024"",""url"":""https://us.pycon.org/2024/"",""venue_name"":""David L. Lawrence Convention Center""}","{""languages_json"":""not_found_in_consulted_sources"",""themes_json"":""not_found_in_consulted_sources"",""timezone"":""not_found_in_consulted_sources""}"
evt_084faf6811b39ff7,pycon-us-2025,series_2ffc5b3a9dc66fc2,PyCon US 2025,https://us.pycon.org/2025/,2025-05-14,2025-05-22,day,,in_person,historical_listing,Pittsburgh,United States,venue_d3bbfbc31c2ef3c7,venue_named_no_coordinates,conference,software_python,,,2026-09-28,"{""city"":""Pittsburgh"",""costs"":[],""country"":""United States"",""date_precision"":""day"",""end_date"":""2025-05-22"",""field_sources"":{""city"":[""https://us.pycon.org/2025/""],""country"":[""https://us.pycon.org/2025/""],""end_date"":[""https://us.pycon.org/2025/""],""start_date"":[""https://us.pycon.org/2025/""],""title"":[""https://us.pycon.org/2025/""],""venue_name"":[""https://us.pycon.org/2025/""]},""format"":""conference"",""key"":""pycon-us-2025"",""metrics"":[],""modality"":""in_person"",""notes"":""Date range includes tutorials and sprints; past listing alone is not verified attendance."",""organizations"":[{""domain"":""about.facebook.com"",""locator"":""Visionary > Meta"",""name"":""Meta"",""notes"":""Listing establishes published role, not paid amount, attendance, ROI or active demand."",""role"":""sponsor"",""source_url"":""https://us.pycon.org/2025/sponsorship/sponsors/"",""status"":""listed_by_organizer"",""tier"":""Visionary"",""website"":""https://about.facebook.com/meta/""},{""domain"":""developer.nvidia.com"",""locator"":""Visionary > NVIDIA"",""name"":""NVIDIA"",""notes"":""Listing establishes published role, not paid amount, attendance, ROI or active demand."",""role"":""sponsor"",""source_url"":""https://us.pycon.org/2025/sponsorship/sponsors/"",""status"":""listed_by_organizer"",""tier"":""Visionary"",""website"":""https://developer.nvidia.com""},{""domain"":""fastly.com"",""locator"":""Visionary > Fastly"",""name"":""Fastly"",""notes"":""Listing establishes published role, not paid amount, attendance, ROI or active demand."",""role"":""sponsor"",""source_url"":""https://us.pycon.org/2025/sponsorship/sponsors/"",""status"":""listed_by_organizer"",""tier"":""Visionary"",""website"":""https://www.fastly.com/fast-forward""},{""domain"":""techatbloomberg.com"",""locator"":""Visionary > Bloomberg"",""name"":""Bloomberg"",""notes"":""Listing establishes published role, not paid amount, attendance, ROI or active demand."",""role"":""sponsor"",""source_url"":""https://us.pycon.org/2025/sponsorship/sponsors/"",""status"":""listed_by_organizer"",""tier"":""Visionary"",""website"":""https://www.techatbloomberg.com/""},{""domain"":""opensource.google"",""locator"":""Visionary > Google"",""name"":""Google"",""notes"":""Listing establishes published role, not paid amount, attendance, ROI or active demand."",""role"":""sponsor"",""source_url"":""https://us.pycon.org/2025/sponsorship/sponsors/"",""status"":""listed_by_organizer"",""tier"":""Visionary"",""website"":""https://opensource.google/""},{""domain"":""microsoft.com"",""locator"":""Sustainability > Microsoft"",""name"":""Microsoft"",""notes"":""Listing establishes published role, not paid amount, attendance, ROI or active demand."",""role"":""sponsor"",""source_url"":""https://us.pycon.org/2025/sponsorship/sponsors/"",""status"":""listed_by_organizer"",""tier"":""Sustainability"",""website"":""https://www.microsoft.com/""},{""domain"":""aws.amazon.com"",""locator"":""Maintaining > AWS"",""name"":""AWS"",""notes"":""Listing establishes published role, not paid amount, attendance, ROI or active demand."",""role"":""sponsor"",""source_url"":""https://us.pycon.org/2025/sponsorship/sponsors/"",""status"":""listed_by_organizer"",""tier"":""Maintaining"",""website"":""https://aws.amazon.com/opensource""},{""domain"":""qube-rt.com"",""locator"":""Maintaining > Qube Research & Technologies"",""name"":""Qube Research & Technologies"",""notes"":""Listing establishes published role, not paid amount, attendance, ROI or active demand."",""role"":""sponsor"",""source_url"":""https://us.pycon.org/2025/sponsorship/sponsors/"",""status"":""listed_by_organizer"",""tier"":""Maintaining"",""website"":""https://www.qube-rt.com/""},{""domain"":""capitalone.com"",""locator"":""Maintaining > Capital One"",""name"":""Capital One"",""notes"":""Listing establishes published role, not paid amount, attendance, ROI or active demand."",""role"":""sponsor"",""source_url"":""https://us.pycon.org/2025/sponsorship/sponsors/"",""status"":""listed_by_organizer"",""tier"":""Maintaining"",""website"":""https://www.capitalone.com/tech/""},{""domain"":""redhat.com"",""locator"":""Maintaining > Red Hat"",""name"":""Red Hat"",""notes"":""Listing establishes published role, not paid amount, attendance, ROI or active demand."",""role"":""sponsor"",""source_url"":""https://us.pycon.org/2025/sponsorship/sponsors/"",""status"":""listed_by_organizer"",""tier"":""Maintaining"",""website"":""https://www.redhat.com/en""},{""domain"":""mdb.link"",""locator"":""Maintaining > MongoDB"",""name"":""MongoDB"",""notes"":""Listing establishes published role, not paid amount, attendance, ROI or active demand."",""role"":""sponsor"",""source_url"":""https://us.pycon.org/2025/sponsorship/sponsors/"",""status"":""listed_by_organizer"",""tier"":""Maintaining"",""website"":""https://mdb.link/pycon""},{""domain"":""snowflake.com"",""locator"":""Maintaining > Snowflake"",""name"":""Snowflake"",""notes"":""Listing establishes published role, not paid amount, attendance, ROI or active demand."",""role"":""sponsor"",""source_url"":""https://us.pycon.org/2025/sponsorship/sponsors/"",""status"":""listed_by_organizer"",""tier"":""Maintaining"",""website"":""https://www.snowflake.com/en/""},{""domain"":""americanexpress.com"",""locator"":""Maintaining > American Express"",""name"":""American Express"",""notes"":""Listing establishes published role, not paid amount, attendance, ROI or active demand."",""role"":""sponsor"",""source_url"":""https://us.pycon.org/2025/sponsorship/sponsors/"",""status"":""listed_by_organizer"",""tier"":""Maintaining"",""website"":""https://www.americanexpress.com/en-us/careers/career-areas/technology/""},{""domain"":""wgu.edu"",""locator"":""Contributing > Western Governors University (WGU)"",""name"":""Western Governors University (WGU)"",""notes"":""Listing establishes published role, not paid amount, attendance, ROI or active demand."",""role"":""sponsor"",""source_url"":""https://us.pycon.org/2025/sponsorship/sponsors/"",""status"":""listed_by_organizer"",""tier"":""Contributing"",""website"":""https://www.wgu.edu/""},{""domain"":""indeed.com"",""locator"":""Contributing > Indeed"",""name"":""Indeed"",""notes"":""Listing establishes published role, not paid amount, attendance, ROI or active demand."",""role"":""sponsor"",""source_url"":""https://us.pycon.org/2025/sponsorship/sponsors/"",""status"":""listed_by_organizer"",""tier"":""Contributing"",""website"":""https://www.indeed.com/about""},{""domain"":""point72.com"",""locator"":""Contributing > Cubist Systematic Strategies"",""name"":""Cubist Systematic Strategies"",""notes"":""Listing establishes published role, not paid amount, attendance, ROI or active demand."",""role"":""sponsor"",""source_url"":""https://us.pycon.org/2025/sponsorship/sponsors/"",""status"":""listed_by_organizer"",""tier"":""Contributing"",""website"":""https://point72.com/cubist/""},{""domain"":""anaconda.com"",""locator"":""Contributing > Anaconda, Inc"",""name"":""Anaconda, Inc"",""notes"":""Listing establishes published role, not paid amount, attendance, ROI or active demand."",""role"":""sponsor"",""source_url"":""https://us.pycon.org/2025/sponsorship/sponsors/"",""status"":""listed_by_organizer"",""tier"":""Contributing"",""website"":""https://www.anaconda.com/""},{""domain"":""jetbrains.com"",""locator"":""Contributing > JetBrains"",""name"":""JetBrains"",""notes"":""Listing establishes published role, not paid amount, attendance, ROI or active demand."",""role"":""sponsor"",""source_url"":""https://us.pycon.org/2025/sponsorship/sponsors/"",""status"":""listed_by_organizer"",""tier"":""Contributing"",""website"":""https://www.jetbrains.com/pycharm/""},{""domain"":""pythoninstitute.org"",""locator"":""Contributing > OpenEDG Python Institute"",""name"":""OpenEDG Python Institute"",""notes"":""Listing establishes published role, not paid amount, attendance, ROI or active demand."",""role"":""sponsor"",""source_url"":""https://us.pycon.org/2025/sponsorship/sponsors/"",""status"":""listed_by_organizer"",""tier"":""Contributing"",""website"":""https://pythoninstitute.org/""},{""domain"":""sentry.io"",""locator"":""Supporting > Sentry"",""name"":""Sentry"",""notes"":""Listing establishes published role, not paid amount, attendance, ROI or active demand."",""role"":""sponsor"",""source_url"":""https://us.pycon.org/2025/sponsorship/sponsors/"",""status"":""listed_by_organizer"",""tier"":""Supporting"",""website"":""https://sentry.io/for/python/?utm_source=pypi&utm_medium=paid-community&utm_campaign=python-na-evergreen&utm_content=static-ad-pypi-sponsor-learnmore""},{""domain"":""autokitteh.com"",""locator"":""Supporting > AutoKitteh"",""name"":""AutoKitteh"",""notes"":""Listing establishes published role, not paid amount, attendance, ROI or active demand."",""role"":""sponsor"",""source_url"":""https://us.pycon.org/2025/sponsorship/sponsors/"",""status"":""listed_by_organizer"",""tier"":""Supporting"",""website"":""http://autokitteh.com""},{""domain"":""oldmissioncapital.com"",""locator"":""Supporting > Old Mission"",""name"":""Old Mission"",""notes"":""Listing establishes published role, not paid amount, attendance, ROI or active demand."",""role"":""sponsor"",""source_url"":""https://us.pycon.org/2025/sponsorship/sponsors/"",""status"":""listed_by_organizer"",""tier"":""Supporting"",""website"":""https://www.oldmissioncapital.com/""},{""domain"":""heroku.com"",""locator"":""Supporting > Salesforce Heroku"",""name"":""Salesforce Heroku"",""notes"":""Listing establishes published role, not paid amount, attendance, ROI or active demand."",""role"":""sponsor"",""source_url"":""https://us.pycon.org/2025/sponsorship/sponsors/"",""status"":""listed_by_organizer"",""tier"":""Supporting"",""website"":""https://www.heroku.com/""},{""domain"":""janestreet.com"",""locator"":""Supporting > Jane Street"",""name"":""Jane Street"",""notes"":""Listing establishes published role, not paid amount, attendance, ROI or active demand."",""role"":""sponsor"",""source_url"":""https://us.pycon.org/2025/sponsorship/sponsors/"",""status"":""listed_by_organizer"",""tier"":""Supporting"",""website"":""https://www.janestreet.com/""},{""domain"":""docs.pydantic.dev"",""locator"":""Supporting > PydanticAI"",""name"":""PydanticAI"",""notes"":""Listing establishes published role, not paid amount, attendance, ROI or active demand."",""role"":""sponsor"",""source_url"":""https://us.pycon.org/2025/sponsorship/sponsors/"",""status"":""listed_by_organizer"",""tier"":""Supporting"",""website"":""https://docs.pydantic.dev/latest/""},{""domain"":""developer.algorand.org"",""locator"":""Supporting > Algorand"",""name"":""Algorand"",""notes"":""Listing establishes published role, not paid amount, attendance, ROI or active demand."",""role"":""sponsor"",""source_url"":""https://us.pycon.org/2025/sponsorship/sponsors/"",""status"":""listed_by_organizer"",""tier"":""Supporting"",""website"":""https://developer.algorand.org""},{""domain"":""geldata.com"",""locator"":""Supporting > Gel"",""name"":""Gel"",""notes"":""Listing establishes published role, not paid amount, attendance, ROI or active demand."",""role"":""sponsor"",""source_url"":""https://us.pycon.org/2025/sponsorship/sponsors/"",""status"":""listed_by_organizer"",""tier"":""Supporting"",""website"":""https://www.geldata.com/""},{""domain"":""ansys.com"",""locator"":""Supporting > Ansys"",""name"":""Ansys"",""notes"":""Listing establishes published role, not paid amount, attendance, ROI or active demand."",""role"":""sponsor"",""source_url"":""https://us.pycon.org/2025/sponsorship/sponsors/"",""status"":""listed_by_organizer"",""tier"":""Supporting"",""website"":""https://www.ansys.com/""},{""domain"":""kensho.com"",""locator"":""Partner > Kensho"",""name"":""Kensho"",""notes"":""Listing establishes published role, not paid amount, attendance, ROI or active demand."",""role"":""sponsor"",""source_url"":""https://us.pycon.org/2025/sponsorship/sponsors/"",""status"":""listed_by_organizer"",""tier"":""Partner"",""website"":""https://kensho.com/""},{""domain"":""codeflash.ai"",""locator"":""Partner > Codeflash"",""name"":""Codeflash"",""notes"":""Listing establishes published role, not paid amount, attendance, ROI or active demand."",""role"":""sponsor"",""source_url"":""https://us.pycon.org/2025/sponsorship/sponsors/"",""status"":""listed_by_organizer"",""tier"":""Partner"",""website"":""http://codeflash.ai""},{""domain"":""chainguard.dev"",""locator"":""Partner > Chainguard"",""name"":""Chainguard"",""notes"":""Listing establishes published role, not paid amount, attendance, ROI or active demand."",""role"":""sponsor"",""source_url"":""https://us.pycon.org/2025/sponsorship/sponsors/"",""status"":""listed_by_organizer"",""tier"":""Partner"",""website"":""https://www.chainguard.dev/""},{""domain"":""analog.com"",""locator"":""Partner > Analog Devices, Inc."",""name"":""Analog Devices, Inc."",""notes"":""Listing establishes published role, not paid amount, attendance, ROI or active demand."",""role"":""sponsor"",""source_url"":""https://us.pycon.org/2025/sponsorship/sponsors/"",""status"":""listed_by_organizer"",""tier"":""Partner"",""website"":""https://analog.com""},{""domain"":""temporal.io"",""locator"":""Partner > Temporal"",""name"":""Temporal"",""notes"":""Listing establishes published role, not paid amount, attendance, ROI or active demand."",""role"":""sponsor"",""source_url"":""https://us.pycon.org/2025/sponsorship/sponsors/"",""status"":""listed_by_organizer"",""tier"":""Partner"",""website"":""https://temporal.io""},{""domain"":""motional.com"",""locator"":""Partner > Motional"",""name"":""Motional"",""notes"":""Listing establishes published role, not paid amount, attendance, ROI or active demand."",""role"":""sponsor"",""source_url"":""https://us.pycon.org/2025/sponsorship/sponsors/"",""status"":""listed_by_organizer"",""tier"":""Partner"",""website"":""https://motional.com/""},{""domain"":""datadoghq.com"",""locator"":""Partner > Datadog"",""name"":""Datadog"",""notes"":""Listing establishes published role, not paid amount, attendance, ROI or active demand."",""role"":""sponsor"",""source_url"":""https://us.pycon.org/2025/sponsorship/sponsors/"",""status"":""listed_by_organizer"",""tier"":""Partner"",""website"":""https://www.datadoghq.com/""},{""domain"":""anvil.works"",""locator"":""Partner > Anvil"",""name"":""Anvil"",""notes"":""Listing establishes published role, not paid amount, attendance, ROI or active demand."",""role"":""sponsor"",""source_url"":""https://us.pycon.org/2025/sponsorship/sponsors/"",""status"":""listed_by_organizer"",""tier"":""Partner"",""website"":""https://anvil.works/?utm_source=sponsorship:pycon-2025""},{""domain"":""hudsonrivertrading.com"",""locator"":""Partner > Hudson River Trading"",""name"":""Hudson River Trading"",""notes"":""Listing establishes published role, not paid amount, attendance, ROI or active demand."",""role"":""sponsor"",""source_url"":""https://us.pycon.org/2025/sponsorship/sponsors/"",""status"":""listed_by_organizer"",""tier"":""Partner"",""website"":""https://www.hudsonrivertrading.com/""},{""domain"":""reversinglabs.com"",""locator"":""Partner > ReversingLabs"",""name"":""ReversingLabs"",""notes"":""Listing establishes published role, not paid amount, attendance, ROI or active demand."",""role"":""sponsor"",""source_url"":""https://us.pycon.org/2025/sponsorship/sponsors/"",""status"":""listed_by_organizer"",""tier"":""Partner"",""website"":""https://www.reversinglabs.com/""},{""domain"":""careers.duolingo.com"",""locator"":""Partner > Duolingo"",""name"":""Duolingo"",""notes"":""Listing establishes published role, not paid amount, attendance, ROI or active demand."",""role"":""sponsor"",""source_url"":""https://us.pycon.org/2025/sponsorship/sponsors/"",""status"":""listed_by_organizer"",""tier"":""Partner"",""website"":""https://careers.duolingo.com/""},{""domain"":""alpha-sense.com"",""locator"":""Partner > AlphaSense"",""name"":""AlphaSense"",""notes"":""Listing establishes published role, not paid amount, attendance, ROI or active demand."",""role"":""sponsor"",""source_url"":""https://us.pycon.org/2025/sponsorship/sponsors/"",""status"":""listed_by_organizer"",""tier"":""Partner"",""website"":""https://www.alpha-sense.com/""},{""domain"":""posit.co"",""locator"":""Partner > Posit, PBC"",""name"":""Posit, PBC"",""notes"":""Listing establishes published role, not paid amount, attendance, ROI or active demand."",""role"":""sponsor"",""source_url"":""https://us.pycon.org/2025/sponsorship/sponsors/"",""status"":""listed_by_organizer"",""tier"":""Partner"",""website"":""https://posit.co/""},{""domain"":""dagster.io"",""locator"":""Partner > Dagster Labs"",""name"":""Dagster Labs"",""notes"":""Listing establishes published role, not paid amount, attendance, ROI or active demand."",""role"":""sponsor"",""source_url"":""https://us.pycon.org/2025/sponsorship/sponsors/"",""status"":""listed_by_organizer"",""tier"":""Partner"",""website"":""https://dagster.io/""},{""domain"":""coiled.io"",""locator"":""Partner > Coiled"",""name"":""Coiled"",""notes"":""Listing establishes published role, not paid amount, attendance, ROI or active demand."",""role"":""sponsor"",""source_url"":""https://us.pycon.org/2025/sponsorship/sponsors/"",""status"":""listed_by_organizer"",""tier"":""Partner"",""website"":""https://coiled.io/""},{""domain"":""redis.io"",""locator"":""Partner > Redis"",""name"":""Redis"",""notes"":""Listing establishes published role, not paid amount, attendance, ROI or active demand."",""role"":""sponsor"",""source_url"":""https://us.pycon.org/2025/sponsorship/sponsors/"",""status"":""listed_by_organizer"",""tier"":""Partner"",""website"":""https://redis.io/""},{""domain"":""codspeed.io"",""locator"":""Partner > CodSpeed"",""name"":""CodSpeed"",""notes"":""Listing establishes published role, not paid amount, attendance, ROI or active demand."",""role"":""sponsor"",""source_url"":""https://us.pycon.org/2025/sponsorship/sponsors/"",""status"":""listed_by_organizer"",""tier"":""Partner"",""website"":""https://codspeed.io""},{""domain"":""lernerpython.com"",""locator"":""Partner > Reuven Lerner — Python training"",""name"":""Reuven Lerner — Python training"",""notes"":""Listing establishes published role, not paid amount, attendance, ROI or active demand."",""role"":""sponsor"",""source_url"":""https://us.pycon.org/2025/sponsorship/sponsors/"",""status"":""listed_by_organizer"",""tier"":""Partner"",""website"":""https://LernerPython.com""},{""domain"":""astral.sh"",""locator"":""Participating > Astral"",""name"":""Astral"",""notes"":""Listing establishes published role, not paid amount, attendance, ROI or active demand."",""role"":""sponsor"",""source_url"":""https://us.pycon.org/2025/sponsorship/sponsors/"",""status"":""listed_by_organizer"",""tier"":""Participating"",""website"":""https://astral.sh/""},{""domain"":""packtpub.com"",""locator"":""Participating > Packt"",""name"":""Packt"",""notes"":""Listing establishes published role, not paid amount, attendance, ROI or active demand."",""role"":""sponsor"",""source_url"":""https://us.pycon.org/2025/sponsorship/sponsors/"",""status"":""listed_by_organizer"",""tier"":""Participating"",""website"":""https://www.packtpub.com/""},{""domain"":""sixfeetup.com"",""locator"":""Participating > Six Feet Up"",""name"":""Six Feet Up"",""notes"":""Listing establishes published role, not paid amount, attendance, ROI or active demand."",""role"":""sponsor"",""source_url"":""https://us.pycon.org/2025/sponsorship/sponsors/"",""status"":""listed_by_organizer"",""tier"":""Participating"",""website"":""https://www.sixfeetup.com/?utm_source=psf""},{""domain"":""nostarch.com"",""locator"":""Participating > No Starch Press"",""name"":""No Starch Press"",""notes"":""Listing establishes published role, not paid amount, attendance, ROI or active demand."",""role"":""sponsor"",""source_url"":""https://us.pycon.org/2025/sponsorship/sponsors/"",""status"":""listed_by_organizer"",""tier"":""Participating"",""website"":""https://nostarch.com/""},{""domain"":""pythonic-exam.com"",""locator"":""Participating > Python Engineer Development Association"",""name"":""Python Engineer Development Association"",""notes"":""Listing establishes published role, not paid amount, attendance, ROI or active demand."",""role"":""sponsor"",""source_url"":""https://us.pycon.org/2025/sponsorship/sponsors/"",""status"":""listed_by_organizer"",""tier"":""Participating"",""website"":""https://www.pythonic-exam.com/en""},{""domain"":""parafin.com"",""locator"":""Participating > Parafin"",""name"":""Parafin"",""notes"":""Listing establishes published role, not paid amount, attendance, ROI or active demand."",""role"":""sponsor"",""source_url"":""https://us.pycon.org/2025/sponsorship/sponsors/"",""status"":""listed_by_organizer"",""tier"":""Participating"",""website"":""https://www.parafin.com""},{""domain"":""litestar.dev"",""locator"":""Participating > Litestar"",""name"":""Litestar"",""notes"":""Listing establishes published role, not paid amount, attendance, ROI or active demand."",""role"":""sponsor"",""source_url"":""https://us.pycon.org/2025/sponsorship/sponsors/"",""status"":""listed_by_organizer"",""tier"":""Participating"",""website"":""https://litestar.dev/""},{""domain"":""hackersguildpgh.com"",""locator"":""Participating > Hackers Guild PGH"",""name"":""Hackers Guild PGH"",""notes"":""Listing establishes published role, not paid amount, attendance, ROI or active demand."",""role"":""sponsor"",""source_url"":""https://us.pycon.org/2025/sponsorship/sponsors/"",""status"":""listed_by_organizer"",""tier"":""Participating"",""website"":""https://hackersguildpgh.com/""},{""domain"":""commbank.com.au"",""locator"":""Participating > Commonwealth Bank of Australia"",""name"":""Commonwealth Bank of Australia"",""notes"":""Listing establishes published role, not paid amount, attendance, ROI or active demand."",""role"":""sponsor"",""source_url"":""https://us.pycon.org/2025/sponsorship/sponsors/"",""status"":""listed_by_organizer"",""tier"":""Participating"",""website"":""https://www.commbank.com.au/""},{""domain"":""beproud.jp"",""locator"":""Associate > BeProud"",""name"":""BeProud"",""notes"":""Listing establishes published role, not paid amount, attendance, ROI or active demand."",""role"":""sponsor"",""source_url"":""https://us.pycon.org/2025/sponsorship/sponsors/"",""status"":""listed_by_organizer"",""tier"":""Associate"",""website"":""https://www.beproud.jp/""},{""domain"":""quansight.com"",""locator"":""Associate > Quansight"",""name"":""Quansight"",""notes"":""Listing establishes published role, not paid amount, attendance, ROI or active demand."",""role"":""sponsor"",""source_url"":""https://us.pycon.org/2025/sponsorship/sponsors/"",""status"":""listed_by_organizer"",""tier"":""Associate"",""website"":""https://quansight.com/""},{""domain"":""feedzai.com"",""locator"":""Associate > Feedzai"",""name"":""Feedzai"",""notes"":""Listing establishes published role, not paid amount, attendance, ROI or active demand."",""role"":""sponsor"",""source_url"":""https://us.pycon.org/2025/sponsorship/sponsors/"",""status"":""listed_by_organizer"",""tier"":""Associate"",""website"":""https://www.feedzai.com""},{""domain"":""link.buildwithfern.com"",""locator"":""Standalone Only > Fern"",""name"":""Fern"",""notes"":""Listing establishes published role, not paid amount, attendance, ROI or active demand."",""role"":""sponsor"",""source_url"":""https://us.pycon.org/2025/sponsorship/sponsors/"",""status"":""listed_by_organizer"",""tier"":""Standalone Only"",""website"":""https://link.buildwithfern.com/pycon""},{""domain"":""researchaffiliates.com"",""locator"":""Standalone Only > Research Affiliates LLC"",""name"":""Research Affiliates LLC"",""notes"":""Listing establishes published role, not paid amount, attendance, ROI or active demand."",""role"":""sponsor"",""source_url"":""https://us.pycon.org/2025/sponsorship/sponsors/"",""status"":""listed_by_organizer"",""tier"":""Standalone Only"",""website"":""https://www.researchaffiliates.com/""},{""domain"":""povera-lnl.com"",""locator"":""Standalone Only > Povera Loads & Logic"",""name"":""Povera Loads & Logic"",""notes"":""Listing establishes published role, not paid amount, attendance, ROI or active demand."",""role"":""sponsor"",""source_url"":""https://us.pycon.org/2025/sponsorship/sponsors/"",""status"":""listed_by_organizer"",""tier"":""Standalone Only"",""website"":""https://povera-lnl.com/""},{""domain"":""altitudec.com"",""locator"":""AV Partner > Altitude/C"",""name"":""Altitude/C"",""notes"":""Listing establishes published role, not paid amount, attendance, ROI or active demand."",""role"":""production_partner"",""source_url"":""https://us.pycon.org/2025/sponsorship/sponsors/"",""status"":""listed_by_organizer"",""tier"":""AV Partner"",""website"":""https://www.altitudec.com/en""},{""domain"":""thenewstack.io"",""locator"":""Media > The New Stack"",""name"":""The New Stack"",""notes"":""Listing establishes published role, not paid amount, attendance, ROI or active demand."",""role"":""media_partner"",""source_url"":""https://us.pycon.org/2025/sponsorship/sponsors/"",""status"":""listed_by_organizer"",""tier"":""Media"",""website"":""https://thenewstack.io""},{""domain"":""lwn.net"",""locator"":""Media > LWN.net"",""name"":""LWN.net"",""notes"":""Listing establishes published role, not paid amount, attendance, ROI or active demand."",""role"":""media_partner"",""source_url"":""https://us.pycon.org/2025/sponsorship/sponsors/"",""status"":""listed_by_organizer"",""tier"":""Media"",""website"":""https://lwn.net""},{""domain"":""opensourcejobhub.com"",""locator"":""Media > Open Source JobHub"",""name"":""Open Source JobHub"",""notes"":""Listing establishes published role, not paid amount, attendance, ROI or active demand."",""role"":""media_partner"",""source_url"":""https://us.pycon.org/2025/sponsorship/sponsors/"",""status"":""listed_by_organizer"",""tier"":""Media"",""website"":""https://opensourcejobhub.com""},{""domain"":""linux-magazine.com"",""locator"":""Media > Linux Magazine"",""name"":""Linux Magazine"",""notes"":""Listing establishes published role, not paid amount, attendance, ROI or active demand."",""role"":""media_partner"",""source_url"":""https://us.pycon.org/2025/sponsorship/sponsors/"",""status"":""listed_by_organizer"",""tier"":""Media"",""website"":""https://www.linux-magazine.com""},{""domain"":""cultrepo.com"",""locator"":""Media > Cult.Repo"",""name"":""Cult.Repo"",""notes"":""Listing establishes published role, not paid amount, attendance, ROI or active demand."",""role"":""media_partner"",""source_url"":""https://us.pycon.org/2025/sponsorship/sponsors/"",""status"":""listed_by_organizer"",""tier"":""Media"",""website"":""https://www.cultrepo.com/""},{""domain"":""technical.ly"",""locator"":""Media > Technical.ly"",""name"":""Technical.ly"",""notes"":""Listing establishes published role, not paid amount, attendance, ROI or active demand."",""role"":""media_partner"",""source_url"":""https://us.pycon.org/2025/sponsorship/sponsors/"",""status"":""listed_by_organizer"",""tier"":""Media"",""website"":""https://technical.ly/subscribe/?utm_source=mediapartner&utm_medium=mediapartner&utm_campaign=1682conf""},{""domain"":""all-hands.dev"",""locator"":""PyCon US Startup Row > All Hands AI"",""name"":""All Hands AI"",""notes"":""Listing establishes published role, not paid amount, attendance, ROI or active demand."",""role"":""exhibitor"",""source_url"":""https://us.pycon.org/2025/sponsorship/sponsors/"",""status"":""listed_by_organizer"",""tier"":""PyCon US Startup Row"",""website"":""https://all-hands.dev""},{""domain"":""mljar.com"",""locator"":""PyCon US Startup Row > MLJAR"",""name"":""MLJAR"",""notes"":""Listing establishes published role, not paid amount, attendance, ROI or active demand."",""role"":""exhibitor"",""source_url"":""https://us.pycon.org/2025/sponsorship/sponsors/"",""status"":""listed_by_organizer"",""tier"":""PyCon US Startup Row"",""website"":""https://mljar.com""},{""domain"":""fabi.ai"",""locator"":""PyCon US Startup Row > Fabi.ai"",""name"":""Fabi.ai"",""notes"":""Listing establishes published role, not paid amount, attendance, ROI or active demand."",""role"":""exhibitor"",""source_url"":""https://us.pycon.org/2025/sponsorship/sponsors/"",""status"":""listed_by_organizer"",""tier"":""PyCon US Startup Row"",""website"":""https://www.fabi.ai/?isAgentOpen=false""},{""domain"":""diffstudio.co"",""locator"":""PyCon US Startup Row > DiffStudio Labs LLC"",""name"":""DiffStudio Labs LLC"",""notes"":""Listing establishes published role, not paid amount, attendance, ROI or active demand."",""role"":""exhibitor"",""source_url"":""https://us.pycon.org/2025/sponsorship/sponsors/"",""status"":""listed_by_organizer"",""tier"":""PyCon US Startup Row"",""website"":""https://diffstudio.co/""},{""domain"":""gooey.ai"",""locator"":""PyCon US Startup Row > Gooey.AI"",""name"":""Gooey.AI"",""notes"":""Listing establishes published role, not paid amount, attendance, ROI or active demand."",""role"":""exhibitor"",""source_url"":""https://us.pycon.org/2025/sponsorship/sponsors/"",""status"":""listed_by_organizer"",""tier"":""PyCon US Startup Row"",""website"":""https://gooey.ai/""},{""domain"":""ragas.io"",""locator"":""PyCon US Startup Row > Ragas"",""name"":""Ragas"",""notes"":""Listing establishes published role, not paid amount, attendance, ROI or active demand."",""role"":""exhibitor"",""source_url"":""https://us.pycon.org/2025/sponsorship/sponsors/"",""status"":""listed_by_organizer"",""tier"":""PyCon US Startup Row"",""website"":""https://www.ragas.io/""},{""domain"":""griptape.ai"",""locator"":""PyCon US Startup Row > Griptape"",""name"":""Griptape"",""notes"":""Listing establishes published role, not paid amount, attendance, ROI or active demand."",""role"":""exhibitor"",""source_url"":""https://us.pycon.org/2025/sponsorship/sponsors/"",""status"":""listed_by_organizer"",""tier"":""PyCon US Startup Row"",""website"":""https://griptape.ai/""},{""domain"":""pyladies.com"",""locator"":""Community > PyLadies"",""name"":""PyLadies"",""notes"":""Listing establishes published role, not paid amount, attendance, ROI or active demand."",""role"":""community_partner"",""source_url"":""https://us.pycon.org/2025/sponsorship/sponsors/"",""status"":""listed_by_organizer"",""tier"":""Community"",""website"":""https://pyladies.com""},{""domain"":""djangoproject.com"",""locator"":""Community > Django Software Foundation"",""name"":""Django Software Foundation"",""notes"":""Listing establishes published role, not paid amount, attendance, ROI or active demand."",""role"":""community_partner"",""source_url"":""https://us.pycon.org/2025/sponsorship/sponsors/"",""status"":""listed_by_organizer"",""tier"":""Community"",""website"":""https://www.djangoproject.com/foundation/""},{""domain"":""codeandsupply.co"",""locator"":""Community > Code & Supply"",""name"":""Code & Supply"",""notes"":""Listing establishes published role, not paid amount, attendance, ROI or active demand."",""role"":""community_partner"",""source_url"":""https://us.pycon.org/2025/sponsorship/sponsors/"",""status"":""listed_by_organizer"",""tier"":""Community"",""website"":""https://codeandsupply.co""},{""domain"":""postgresql.org"",""locator"":""Community > PostgreSQL"",""name"":""PostgreSQL"",""notes"":""Listing establishes published role, not paid amount, attendance, ROI or active demand."",""role"":""community_partner"",""source_url"":""https://us.pycon.org/2025/sponsorship/sponsors/"",""status"":""listed_by_organizer"",""tier"":""Community"",""website"":""https://www.postgresql.org/""},{""domain"":""numfocus.org"",""locator"":""Community > NumFOCUS"",""name"":""NumFOCUS"",""notes"":""Listing establishes published role, not paid amount, attendance, ROI or active demand."",""role"":""community_partner"",""source_url"":""https://us.pycon.org/2025/sponsorship/sponsors/"",""status"":""listed_by_organizer"",""tier"":""Community"",""website"":""https://numfocus.org""},{""domain"":""eff.org"",""locator"":""Community > Electronic Frontier Foundation"",""name"":""Electronic Frontier Foundation"",""notes"":""Listing establishes published role, not paid amount, attendance, ROI or active demand."",""role"":""community_partner"",""source_url"":""https://us.pycon.org/2025/sponsorship/sponsors/"",""status"":""listed_by_organizer"",""tier"":""Community"",""website"":""https://eff.org""},{""domain"":""codeday.org"",""locator"":""Community > CodeDay"",""name"":""CodeDay"",""notes"":""Listing establishes published role, not paid amount, attendance, ROI or active demand."",""role"":""community_partner"",""source_url"":""https://us.pycon.org/2025/sponsorship/sponsors/"",""status"":""listed_by_organizer"",""tier"":""Community"",""website"":""https://www.codeday.org/""},{""domain"":""pycon.asia"",""locator"":""Community > Python Asia Organization"",""name"":""Python Asia Organization"",""notes"":""Listing establishes published role, not paid amount, attendance, ROI or active demand."",""role"":""community_partner"",""source_url"":""https://us.pycon.org/2025/sponsorship/sponsors/"",""status"":""listed_by_organizer"",""tier"":""Community"",""website"":""https://pycon.asia/""},{""domain"":""carpentries.org"",""locator"":""Community > The Carpentries"",""name"":""The Carpentries"",""notes"":""Listing establishes published role, not paid amount, attendance, ROI or active demand."",""role"":""community_partner"",""source_url"":""https://us.pycon.org/2025/sponsorship/sponsors/"",""status"":""listed_by_organizer"",""tier"":""Community"",""website"":""https://carpentries.org/""},{""domain"":""blackpythondevs.com"",""locator"":""Community > Black Python Devs"",""name"":""Black Python Devs"",""notes"":""Listing establishes published role, not paid amount, attendance, ROI or active demand."",""role"":""community_partner"",""source_url"":""https://us.pycon.org/2025/sponsorship/sponsors/"",""status"":""listed_by_organizer"",""tier"":""Community"",""website"":""https://blackpythondevs.com""},{""domain"":""hablemospython.dev"",""locator"":""Community > Python en Español"",""name"":""Python en Español"",""notes"":""Listing establishes published role, not paid amount, attendance, ROI or active demand."",""role"":""community_partner"",""source_url"":""https://us.pycon.org/2025/sponsorship/sponsors/"",""status"":""listed_by_organizer"",""tier"":""Community"",""website"":""https://hablemospython.dev""},{""domain"":""pypgh.org"",""locator"":""Community > PyData Pittsburgh"",""name"":""PyData Pittsburgh"",""notes"":""Listing establishes published role, not paid amount, attendance, ROI or active demand."",""role"":""community_partner"",""source_url"":""https://us.pycon.org/2025/sponsorship/sponsors/"",""status"":""listed_by_organizer"",""tier"":""Community"",""website"":""https://pypgh.org""},{""domain"":""pybeach.org"",""locator"":""Community > PyBeach"",""name"":""PyBeach"",""notes"":""Listing establishes published role, not paid amount, attendance, ROI or active demand."",""role"":""community_partner"",""source_url"":""https://us.pycon.org/2025/sponsorship/sponsors/"",""status"":""listed_by_organizer"",""tier"":""Community"",""website"":""https://pybeach.org/""},{""domain"":""europython-society.org"",""locator"":""Community > EuroPython Society"",""name"":""EuroPython Society"",""notes"":""Listing establishes published role, not paid amount, attendance, ROI or active demand."",""role"":""community_partner"",""source_url"":""https://us.pycon.org/2025/sponsorship/sponsors/"",""status"":""listed_by_organizer"",""tier"":""Community"",""website"":""https://www.europython-society.org/""},{""domain"":""python.org"",""name"":""Python Software Foundation"",""role"":""organizer"",""source_url"":""https://us.pycon.org/2025/"",""status"":""listed_by_organizer"",""tier"":null}],""platform_urls"":[],""sector"":""software_python"",""series_name"":""PyCon US"",""source_urls"":[""https://us.pycon.org/2025/"",""https://us.pycon.org/2025/sponsorship/sponsors/""],""start_date"":""2025-05-14"",""status"":""historical_listing"",""title"":""PyCon US 2025"",""url"":""https://us.pycon.org/2025/"",""venue_name"":""David L. Lawrence Convention Center""}","{""languages_json"":""not_found_in_consulted_sources"",""themes_json"":""not_found_in_consulted_sources"",""timezone"":""not_found_in_consulted_sources""}"
evt_095fb499a803def2,pycon-us-2026,series_2ffc5b3a9dc66fc2,PyCon US 2026,https://us.pycon.org/2026/,2026-05-13,2026-05-19,day,,in_person,historical_listing,Long Beach,United States,venue_0c806480f9106685,venue_named_no_coordinates,conference,software_python,,,2026-09-28,"{""city"":""Long Beach"",""costs"":[],""country"":""United States"",""date_precision"":""day"",""end_date"":""2026-05-19"",""field_sources"":{""city"":[""https://us.pycon.org/2026/""],""country"":[""https://us.pycon.org/2026/""],""end_date"":[""https://us.pycon.org/2026/""],""start_date"":[""https://us.pycon.org/2026/""],""title"":[""https://us.pycon.org/2026/""],""venue_name"":[""https://us.pycon.org/2026/""]},""format"":""conference"",""key"":""pycon-us-2026"",""metrics"":[],""modality"":""in_person"",""notes"":""Date range includes tutorials and sprints; past listing alone is not verified attendance."",""organizations"":[{""domain"":""developer.nvidia.com"",""locator"":""Visionary > NVIDIA"",""name"":""NVIDIA"",""notes"":""Listing establishes published role, not paid amount, attendance, ROI or active demand."",""role"":""sponsor"",""source_url"":""https://us.pycon.org/2026/sponsorship/sponsors/"",""status"":""listed_by_organizer"",""tier"":""Visionary"",""website"":""https://developer.nvidia.com""},{""domain"":""anthropic.com"",""locator"":""Visionary > Anthropic, PBC"",""name"":""Anthropic, PBC"",""notes"":""Listing establishes published role, not paid amount, attendance, ROI or active demand."",""role"":""sponsor"",""source_url"":""https://us.pycon.org/2026/sponsorship/sponsors/"",""status"":""listed_by_organizer"",""tier"":""Visionary"",""website"":""https://www.anthropic.com/""},{""domain"":""techatbloomberg.com"",""locator"":""Visionary > Bloomberg"",""name"":""Bloomberg"",""notes"":""Listing establishes published role, not paid amount, attendance, ROI or active demand."",""role"":""sponsor"",""source_url"":""https://us.pycon.org/2026/sponsorship/sponsors/"",""status"":""listed_by_organizer"",""tier"":""Visionary"",""website"":""https://www.techatbloomberg.com/""},{""domain"":""opensource.google"",""locator"":""Visionary > Google"",""name"":""Google"",""notes"":""Listing establishes published role, not paid amount, attendance, ROI or active demand."",""role"":""sponsor"",""source_url"":""https://us.pycon.org/2026/sponsorship/sponsors/"",""status"":""listed_by_organizer"",""tier"":""Visionary"",""website"":""https://opensource.google/""},{""domain"":""about.facebook.com"",""locator"":""Visionary > Meta"",""name"":""Meta"",""notes"":""Listing establishes published role, not paid amount, attendance, ROI or active demand."",""role"":""sponsor"",""source_url"":""https://us.pycon.org/2026/sponsorship/sponsors/"",""status"":""listed_by_organizer"",""tier"":""Visionary"",""website"":""https://about.facebook.com/meta/""},{""domain"":""fastly.com"",""locator"":""Visionary > Fastly"",""name"":""Fastly"",""notes"":""Listing establishes published role, not paid amount, attendance, ROI or active demand."",""role"":""sponsor"",""source_url"":""https://us.pycon.org/2026/sponsorship/sponsors/"",""status"":""listed_by_organizer"",""tier"":""Visionary"",""website"":""https://www.fastly.com/fast-forward""},{""domain"":""hudsonrivertrading.com"",""locator"":""Visionary > Hudson River Trading"",""name"":""Hudson River Trading"",""notes"":""Listing establishes published role, not paid amount, attendance, ROI or active demand."",""role"":""sponsor"",""source_url"":""https://us.pycon.org/2026/sponsorship/sponsors/"",""status"":""listed_by_organizer"",""tier"":""Visionary"",""website"":""https://www.hudsonrivertrading.com/careers/""},{""domain"":""aka.ms"",""locator"":""Sustainability > Microsoft"",""name"":""Microsoft"",""notes"":""Listing establishes published role, not paid amount, attendance, ROI or active demand."",""role"":""sponsor"",""source_url"":""https://us.pycon.org/2026/sponsorship/sponsors/"",""status"":""listed_by_organizer"",""tier"":""Sustainability"",""website"":""https://aka.ms/python""},{""domain"":""anaconda.com"",""locator"":""Maintaining > Anaconda, Inc"",""name"":""Anaconda, Inc"",""notes"":""Listing establishes published role, not paid amount, attendance, ROI or active demand."",""role"":""sponsor"",""source_url"":""https://us.pycon.org/2026/sponsorship/sponsors/"",""status"":""listed_by_organizer"",""tier"":""Maintaining"",""website"":""https://www.anaconda.com/""},{""domain"":""capitalone.com"",""locator"":""Maintaining > Capital One"",""name"":""Capital One"",""notes"":""Listing establishes published role, not paid amount, attendance, ROI or active demand."",""role"":""sponsor"",""source_url"":""https://us.pycon.org/2026/sponsorship/sponsors/"",""status"":""listed_by_organizer"",""tier"":""Maintaining"",""website"":""https://www.capitalone.com/tech/""},{""domain"":""vercel.com"",""locator"":""Maintaining > Vercel"",""name"":""Vercel"",""notes"":""Listing establishes published role, not paid amount, attendance, ROI or active demand."",""role"":""sponsor"",""source_url"":""https://us.pycon.org/2026/sponsorship/sponsors/"",""status"":""listed_by_organizer"",""tier"":""Maintaining"",""website"":""https://vercel.com/""},{""domain"":""redhat.com"",""locator"":""Maintaining > Red Hat"",""name"":""Red Hat"",""notes"":""Listing establishes published role, not paid amount, attendance, ROI or active demand."",""role"":""sponsor"",""source_url"":""https://us.pycon.org/2026/sponsorship/sponsors/"",""status"":""listed_by_organizer"",""tier"":""Maintaining"",""website"":""https://www.redhat.com/en""},{""domain"":""serpapi.com"",""locator"":""Maintaining > SerpApi"",""name"":""SerpApi"",""notes"":""Listing establishes published role, not paid amount, attendance, ROI or active demand."",""role"":""sponsor"",""source_url"":""https://us.pycon.org/2026/sponsorship/sponsors/"",""status"":""listed_by_organizer"",""tier"":""Maintaining"",""website"":""http://serpapi.com/?utm_source=pythonorg""},{""domain"":""aws.amazon.com"",""locator"":""Maintaining > AWS"",""name"":""AWS"",""notes"":""Listing establishes published role, not paid amount, attendance, ROI or active demand."",""role"":""sponsor"",""source_url"":""https://us.pycon.org/2026/sponsorship/sponsors/"",""status"":""listed_by_organizer"",""tier"":""Maintaining"",""website"":""https://aws.amazon.com/opensource/""},{""domain"":""point72.com"",""locator"":""Contributing > Cubist Systematic Strategies"",""name"":""Cubist Systematic Strategies"",""notes"":""Listing establishes published role, not paid amount, attendance, ROI or active demand."",""role"":""sponsor"",""source_url"":""https://us.pycon.org/2026/sponsorship/sponsors/"",""status"":""listed_by_organizer"",""tier"":""Contributing"",""website"":""https://point72.com/cubist/""},{""domain"":""jetbrains.com"",""locator"":""Contributing > JetBrains"",""name"":""JetBrains"",""notes"":""Listing establishes published role, not paid amount, attendance, ROI or active demand."",""role"":""sponsor"",""source_url"":""https://us.pycon.org/2026/sponsorship/sponsors/"",""status"":""listed_by_organizer"",""tier"":""Contributing"",""website"":""https://www.jetbrains.com/pycharm/""},{""domain"":""pythoninstitute.org"",""locator"":""Contributing > OpenEDG Python Institute"",""name"":""OpenEDG Python Institute"",""notes"":""Listing establishes published role, not paid amount, attendance, ROI or active demand."",""role"":""sponsor"",""source_url"":""https://us.pycon.org/2026/sponsorship/sponsors/"",""status"":""listed_by_organizer"",""tier"":""Contributing"",""website"":""https://pythoninstitute.org/""},{""domain"":""snowflake.com"",""locator"":""Contributing > Snowflake"",""name"":""Snowflake"",""notes"":""Listing establishes published role, not paid amount, attendance, ROI or active demand."",""role"":""sponsor"",""source_url"":""https://us.pycon.org/2026/sponsorship/sponsors/"",""status"":""listed_by_organizer"",""tier"":""Contributing"",""website"":""https://www.snowflake.com/en/""},{""domain"":""alpha-sense.com"",""locator"":""Supporting > AlphaSense"",""name"":""AlphaSense"",""notes"":""Listing establishes published role, not paid amount, attendance, ROI or active demand."",""role"":""sponsor"",""source_url"":""https://us.pycon.org/2026/sponsorship/sponsors/"",""status"":""listed_by_organizer"",""tier"":""Supporting"",""website"":""https://www.alpha-sense.com/""},{""domain"":""chainguard.dev"",""locator"":""Supporting > Chainguard"",""name"":""Chainguard"",""notes"":""Listing establishes published role, not paid amount, attendance, ROI or active demand."",""role"":""sponsor"",""source_url"":""https://us.pycon.org/2026/sponsorship/sponsors/"",""status"":""listed_by_organizer"",""tier"":""Supporting"",""website"":""https://www.chainguard.dev/""},{""domain"":""codspeed.io"",""locator"":""Supporting > CodSpeed"",""name"":""CodSpeed"",""notes"":""Listing establishes published role, not paid amount, attendance, ROI or active demand."",""role"":""sponsor"",""source_url"":""https://us.pycon.org/2026/sponsorship/sponsors/"",""status"":""listed_by_organizer"",""tier"":""Supporting"",""website"":""https://codspeed.io""},{""domain"":""hex.tech"",""locator"":""Supporting > Hex"",""name"":""Hex"",""notes"":""Listing establishes published role, not paid amount, attendance, ROI or active demand."",""role"":""sponsor"",""source_url"":""https://us.pycon.org/2026/sponsorship/sponsors/"",""status"":""listed_by_organizer"",""tier"":""Supporting"",""website"":""https://hex.tech/""},{""domain"":""indeed.com"",""locator"":""Supporting > Indeed"",""name"":""Indeed"",""notes"":""Listing establishes published role, not paid amount, attendance, ROI or active demand."",""role"":""sponsor"",""source_url"":""https://us.pycon.org/2026/sponsorship/sponsors/"",""status"":""listed_by_organizer"",""tier"":""Supporting"",""website"":""https://www.indeed.com/about""},{""domain"":""janestreet.com"",""locator"":""Supporting > Jane Street"",""name"":""Jane Street"",""notes"":""Listing establishes published role, not paid amount, attendance, ROI or active demand."",""role"":""sponsor"",""source_url"":""https://us.pycon.org/2026/sponsorship/sponsors/"",""status"":""listed_by_organizer"",""tier"":""Supporting"",""website"":""https://www.janestreet.com/""},{""domain"":""kraken.tech"",""locator"":""Supporting > Kraken Tech"",""name"":""Kraken Tech"",""notes"":""Listing establishes published role, not paid amount, attendance, ROI or active demand."",""role"":""sponsor"",""source_url"":""https://us.pycon.org/2026/sponsorship/sponsors/"",""status"":""listed_by_organizer"",""tier"":""Supporting"",""website"":""https://kraken.tech/""},{""domain"":""careers.manychat.com"",""locator"":""Supporting > Manychat"",""name"":""Manychat"",""notes"":""Listing establishes published role, not paid amount, attendance, ROI or active demand."",""role"":""sponsor"",""source_url"":""https://us.pycon.org/2026/sponsorship/sponsors/"",""status"":""listed_by_organizer"",""tier"":""Supporting"",""website"":""https://careers.manychat.com/""},{""domain"":""posit.co"",""locator"":""Supporting > Posit, PBC"",""name"":""Posit, PBC"",""notes"":""Listing establishes published role, not paid amount, attendance, ROI or active demand."",""role"":""sponsor"",""source_url"":""https://us.pycon.org/2026/sponsorship/sponsors/"",""status"":""listed_by_organizer"",""tier"":""Supporting"",""website"":""https://posit.co/""},{""domain"":""pydantic.dev"",""locator"":""Supporting > Pydantic"",""name"":""Pydantic"",""notes"":""Listing establishes published role, not paid amount, attendance, ROI or active demand."",""role"":""sponsor"",""source_url"":""https://us.pycon.org/2026/sponsorship/sponsors/"",""status"":""listed_by_organizer"",""tier"":""Supporting"",""website"":""https://pydantic.dev/about""},{""domain"":""qube-rt.com"",""locator"":""Supporting > Qube Research & Technologies"",""name"":""Qube Research & Technologies"",""notes"":""Listing establishes published role, not paid amount, attendance, ROI or active demand."",""role"":""sponsor"",""source_url"":""https://us.pycon.org/2026/sponsorship/sponsors/"",""status"":""listed_by_organizer"",""tier"":""Supporting"",""website"":""https://www.qube-rt.com/""},{""domain"":""sentry.io"",""locator"":""Supporting > Sentry"",""name"":""Sentry"",""notes"":""Listing establishes published role, not paid amount, attendance, ROI or active demand."",""role"":""sponsor"",""source_url"":""https://us.pycon.org/2026/sponsorship/sponsors/"",""status"":""listed_by_organizer"",""tier"":""Supporting"",""website"":""https://sentry.io/for/python/?utm_source=pypi&utm_medium=paid-community&utm_campaign=python-na-evergreen&utm_content=static-ad-pypi-sponsor-learnmore""},{""domain"":""cloudflare.com"",""locator"":""Supporting > Cloudflare"",""name"":""Cloudflare"",""notes"":""Listing establishes published role, not paid amount, attendance, ROI or active demand."",""role"":""sponsor"",""source_url"":""https://us.pycon.org/2026/sponsorship/sponsors/"",""status"":""listed_by_organizer"",""tier"":""Supporting"",""website"":""https://www.cloudflare.com/""},{""domain"":""codeflash.ai"",""locator"":""Supporting > Codeflash"",""name"":""Codeflash"",""notes"":""Listing establishes published role, not paid amount, attendance, ROI or active demand."",""role"":""sponsor"",""source_url"":""https://us.pycon.org/2026/sponsorship/sponsors/"",""status"":""listed_by_organizer"",""tier"":""Supporting"",""website"":""http://codeflash.ai""},{""domain"":""malwarebytes.com"",""locator"":""Supporting > Malwarebytes"",""name"":""Malwarebytes"",""notes"":""Listing establishes published role, not paid amount, attendance, ROI or active demand."",""role"":""sponsor"",""source_url"":""https://us.pycon.org/2026/sponsorship/sponsors/"",""status"":""listed_by_organizer"",""tier"":""Supporting"",""website"":""https://www.malwarebytes.com""},{""domain"":""analog.com"",""locator"":""Partner > Analog Devices, Inc."",""name"":""Analog Devices, Inc."",""notes"":""Listing establishes published role, not paid amount, attendance, ROI or active demand."",""role"":""sponsor"",""source_url"":""https://us.pycon.org/2026/sponsorship/sponsors/"",""status"":""listed_by_organizer"",""tier"":""Partner"",""website"":""https://analog.com""},{""domain"":""apify.com"",""locator"":""Partner > Apify"",""name"":""Apify"",""notes"":""Listing establishes published role, not paid amount, attendance, ROI or active demand."",""role"":""sponsor"",""source_url"":""https://us.pycon.org/2026/sponsorship/sponsors/"",""status"":""listed_by_organizer"",""tier"":""Partner"",""website"":""https://apify.com/""},{""domain"":""astral.sh"",""locator"":""Partner > Astral"",""name"":""Astral"",""notes"":""Listing establishes published role, not paid amount, attendance, ROI or active demand."",""role"":""sponsor"",""source_url"":""https://us.pycon.org/2026/sponsorship/sponsors/"",""status"":""listed_by_organizer"",""tier"":""Partner"",""website"":""https://astral.sh/""},{""domain"":null,""locator"":""Partner > ClickHouse"",""name"":""ClickHouse"",""notes"":""Listing establishes published role, not paid amount, attendance, ROI or active demand."",""role"":""sponsor"",""source_url"":""https://us.pycon.org/2026/sponsorship/sponsors/"",""status"":""listed_by_organizer"",""tier"":""Partner"",""website"":null},{""domain"":""elastic.co"",""locator"":""Partner > Elastic"",""name"":""Elastic"",""notes"":""Listing establishes published role, not paid amount, attendance, ROI or active demand."",""role"":""sponsor"",""source_url"":""https://us.pycon.org/2026/sponsorship/sponsors/"",""status"":""listed_by_organizer"",""tier"":""Partner"",""website"":""https://www.elastic.co/""},{""domain"":""jinja.app"",""locator"":""Partner > Jinja.App"",""name"":""Jinja.App"",""notes"":""Listing establishes published role, not paid amount, attendance, ROI or active demand."",""role"":""sponsor"",""source_url"":""https://us.pycon.org/2026/sponsorship/sponsors/"",""status"":""listed_by_organizer"",""tier"":""Partner"",""website"":""https://jinja.app/python-developers""},{""domain"":""reversinglabs.com"",""locator"":""Partner > ReversingLabs"",""name"":""ReversingLabs"",""notes"":""Listing establishes published role, not paid amount, attendance, ROI or active demand."",""role"":""sponsor"",""source_url"":""https://us.pycon.org/2026/sponsorship/sponsors/"",""status"":""listed_by_organizer"",""tier"":""Partner"",""website"":""https://www.reversinglabs.com/""},{""domain"":""tower-research.com"",""locator"":""Partner > Tower Research Capital"",""name"":""Tower Research Capital"",""notes"":""Listing establishes published role, not paid amount, attendance, ROI or active demand."",""role"":""sponsor"",""source_url"":""https://us.pycon.org/2026/sponsorship/sponsors/"",""status"":""listed_by_organizer"",""tier"":""Partner"",""website"":""https://tower-research.com/""},{""domain"":""marimo.io"",""locator"":""Partner > marimo"",""name"":""marimo"",""notes"":""Listing establishes published role, not paid amount, attendance, ROI or active demand."",""role"":""sponsor"",""source_url"":""https://us.pycon.org/2026/sponsorship/sponsors/"",""status"":""listed_by_organizer"",""tier"":""Partner"",""website"":""https://marimo.io/""},{""domain"":""pretix.eu"",""locator"":""Partner > pretix"",""name"":""pretix"",""notes"":""Listing establishes published role, not paid amount, attendance, ROI or active demand."",""role"":""sponsor"",""source_url"":""https://us.pycon.org/2026/sponsorship/sponsors/"",""status"":""listed_by_organizer"",""tier"":""Partner"",""website"":""https://pretix.eu/about/en/company""},{""domain"":""zyte.com"",""locator"":""Partner > Zyte"",""name"":""Zyte"",""notes"":""Listing establishes published role, not paid amount, attendance, ROI or active demand."",""role"":""sponsor"",""source_url"":""https://us.pycon.org/2026/sponsorship/sponsors/"",""status"":""listed_by_organizer"",""tier"":""Partner"",""website"":""https://www.zyte.com/""},{""domain"":""oldmissioncapital.com"",""locator"":""Partner > Old Mission"",""name"":""Old Mission"",""notes"":""Listing establishes published role, not paid amount, attendance, ROI or active demand."",""role"":""sponsor"",""source_url"":""https://us.pycon.org/2026/sponsorship/sponsors/"",""status"":""listed_by_organizer"",""tier"":""Partner"",""website"":""https://www.oldmissioncapital.com/""},{""domain"":""minimus.io"",""locator"":""Partner > Minimus"",""name"":""Minimus"",""notes"":""Listing establishes published role, not paid amount, attendance, ROI or active demand."",""role"":""sponsor"",""source_url"":""https://us.pycon.org/2026/sponsorship/sponsors/"",""status"":""listed_by_organizer"",""tier"":""Partner"",""website"":""https://www.minimus.io/""},{""domain"":""motional.com"",""locator"":""Partner > Motional"",""name"":""Motional"",""notes"":""Listing establishes published role, not paid amount, attendance, ROI or active demand."",""role"":""sponsor"",""source_url"":""https://us.pycon.org/2026/sponsorship/sponsors/"",""status"":""listed_by_organizer"",""tier"":""Partner"",""website"":""https://motional.com/""},{""domain"":""temporal.io"",""locator"":""Partner > Temporal"",""name"":""Temporal"",""notes"":""Listing establishes published role, not paid amount, attendance, ROI or active demand."",""role"":""sponsor"",""source_url"":""https://us.pycon.org/2026/sponsorship/sponsors/"",""status"":""listed_by_organizer"",""tier"":""Partner"",""website"":""https://temporal.io/community""},{""domain"":""auth0.com"",""locator"":""Partner > Auth0"",""name"":""Auth0"",""notes"":""Listing establishes published role, not paid amount, attendance, ROI or active demand."",""role"":""sponsor"",""source_url"":""https://us.pycon.org/2026/sponsorship/sponsors/"",""status"":""listed_by_organizer"",""tier"":""Partner"",""website"":""https://www.auth0.com""},{""domain"":""reflex.dev"",""locator"":""Partner > Reflex"",""name"":""Reflex"",""notes"":""Listing establishes published role, not paid amount, attendance, ROI or active demand."",""role"":""sponsor"",""source_url"":""https://us.pycon.org/2026/sponsorship/sponsors/"",""status"":""listed_by_organizer"",""tier"":""Partner"",""website"":""https://reflex.dev/""},{""domain"":""lernerpython.com"",""locator"":""Partner > Reuven Lerner — Python training"",""name"":""Reuven Lerner — Python training"",""notes"":""Listing establishes published role, not paid amount, attendance, ROI or active demand."",""role"":""sponsor"",""source_url"":""https://us.pycon.org/2026/sponsorship/sponsors/"",""status"":""listed_by_organizer"",""tier"":""Partner"",""website"":""https://LernerPython.com""},{""domain"":""cesiumastro.com"",""locator"":""Partner > CesiumAstro"",""name"":""CesiumAstro"",""notes"":""Listing establishes published role, not paid amount, attendance, ROI or active demand."",""role"":""sponsor"",""source_url"":""https://us.pycon.org/2026/sponsorship/sponsors/"",""status"":""listed_by_organizer"",""tier"":""Partner"",""website"":""https://www.cesiumastro.com/""},{""domain"":""commbank.com.au"",""locator"":""Participating > Commonwealth Bank of Australia"",""name"":""Commonwealth Bank of Australia"",""notes"":""Listing establishes published role, not paid amount, attendance, ROI or active demand."",""role"":""sponsor"",""source_url"":""https://us.pycon.org/2026/sponsorship/sponsors/"",""status"":""listed_by_organizer"",""tier"":""Participating"",""website"":""https://www.commbank.com.au/""},{""domain"":""everlaw.com"",""locator"":""Participating > Everlaw"",""name"":""Everlaw"",""notes"":""Listing establishes published role, not paid amount, attendance, ROI or active demand."",""role"":""sponsor"",""source_url"":""https://us.pycon.org/2026/sponsorship/sponsors/"",""status"":""listed_by_organizer"",""tier"":""Participating"",""website"":""https://www.everlaw.com""},{""domain"":""lablup.com"",""locator"":""Participating > Lablup Inc."",""name"":""Lablup Inc."",""notes"":""Listing establishes published role, not paid amount, attendance, ROI or active demand."",""role"":""sponsor"",""source_url"":""https://us.pycon.org/2026/sponsorship/sponsors/"",""status"":""listed_by_organizer"",""tier"":""Participating"",""website"":""https://lablup.com""},{""domain"":""quansight.com"",""locator"":""Participating > Quansight"",""name"":""Quansight"",""notes"":""Listing establishes published role, not paid amount, attendance, ROI or active demand."",""role"":""sponsor"",""source_url"":""https://us.pycon.org/2026/sponsorship/sponsors/"",""status"":""listed_by_organizer"",""tier"":""Participating"",""website"":""https://quansight.com/""},{""domain"":""sixfeetup.com"",""locator"":""Participating > Six Feet Up"",""name"":""Six Feet Up"",""notes"":""Listing establishes published role, not paid amount, attendance, ROI or active demand."",""role"":""sponsor"",""source_url"":""https://us.pycon.org/2026/sponsorship/sponsors/"",""status"":""listed_by_organizer"",""tier"":""Participating"",""website"":""https://www.sixfeetup.com/?utm_source=psf""},{""domain"":""trailofbits.com"",""locator"":""Participating > Trail of Bits"",""name"":""Trail of Bits"",""notes"":""Listing establishes published role, not paid amount, attendance, ROI or active demand."",""role"":""sponsor"",""source_url"":""https://us.pycon.org/2026/sponsorship/sponsors/"",""status"":""listed_by_organizer"",""tier"":""Participating"",""website"":""https://www.trailofbits.com/""},{""domain"":""thrivent.com"",""locator"":""Participating > Thrivent"",""name"":""Thrivent"",""notes"":""Listing establishes published role, not paid amount, attendance, ROI or active demand."",""role"":""sponsor"",""source_url"":""https://us.pycon.org/2026/sponsorship/sponsors/"",""status"":""listed_by_organizer"",""tier"":""Participating"",""website"":""https://www.thrivent.com/about-us""},{""domain"":""lincolnloop.com"",""locator"":""Participating > Lincoln Loop LLC"",""name"":""Lincoln Loop LLC"",""notes"":""Listing establishes published role, not paid amount, attendance, ROI or active demand."",""role"":""sponsor"",""source_url"":""https://us.pycon.org/2026/sponsorship/sponsors/"",""status"":""listed_by_organizer"",""tier"":""Participating"",""website"":""https://lincolnloop.com/""},{""domain"":""engineering.backmarket.com"",""locator"":""Participating > Back Market"",""name"":""Back Market"",""notes"":""Listing establishes published role, not paid amount, attendance, ROI or active demand."",""role"":""sponsor"",""source_url"":""https://us.pycon.org/2026/sponsorship/sponsors/"",""status"":""listed_by_organizer"",""tier"":""Participating"",""website"":""https://engineering.backmarket.com/""},{""domain"":""akasa.com"",""locator"":""Participating > AKASA"",""name"":""AKASA"",""notes"":""Listing establishes published role, not paid amount, attendance, ROI or active demand."",""role"":""sponsor"",""source_url"":""https://us.pycon.org/2026/sponsorship/sponsors/"",""status"":""listed_by_organizer"",""tier"":""Participating"",""website"":""https://akasa.com/""},{""domain"":""pythonic-exam.com"",""locator"":""Participating > Python Engineer Development Association"",""name"":""Python Engineer Development Association"",""notes"":""Listing establishes published role, not paid amount, attendance, ROI or active demand."",""role"":""sponsor"",""source_url"":""https://us.pycon.org/2026/sponsorship/sponsors/"",""status"":""listed_by_organizer"",""tier"":""Participating"",""website"":""https://www.pythonic-exam.com/en""},{""domain"":""coursiv.io"",""locator"":""Associate > Coursiv"",""name"":""Coursiv"",""notes"":""Listing establishes published role, not paid amount, attendance, ROI or active demand."",""role"":""sponsor"",""source_url"":""https://us.pycon.org/2026/sponsorship/sponsors/"",""status"":""listed_by_organizer"",""tier"":""Associate"",""website"":""https://coursiv.io/""},{""domain"":""entrouvert.com"",""locator"":""Associate > Entr'ouvert"",""name"":""Entr'ouvert"",""notes"":""Listing establishes published role, not paid amount, attendance, ROI or active demand."",""role"":""sponsor"",""source_url"":""https://us.pycon.org/2026/sponsorship/sponsors/"",""status"":""listed_by_organizer"",""tier"":""Associate"",""website"":""https://www.entrouvert.com/""},{""domain"":""isotoma.com"",""locator"":""Associate > Isotoma Limited"",""name"":""Isotoma Limited"",""notes"":""Listing establishes published role, not paid amount, attendance, ROI or active demand."",""role"":""sponsor"",""source_url"":""https://us.pycon.org/2026/sponsorship/sponsors/"",""status"":""listed_by_organizer"",""tier"":""Associate"",""website"":""https://isotoma.com/""},{""domain"":""manulife.ca"",""locator"":""Associate > Manulife Financial"",""name"":""Manulife Financial"",""notes"":""Listing establishes published role, not paid amount, attendance, ROI or active demand."",""role"":""sponsor"",""source_url"":""https://us.pycon.org/2026/sponsorship/sponsors/"",""status"":""listed_by_organizer"",""tier"":""Associate"",""website"":""https://www.manulife.ca/""},{""domain"":""oddbird.net"",""locator"":""Associate > OddBird"",""name"":""OddBird"",""notes"":""Listing establishes published role, not paid amount, attendance, ROI or active demand."",""role"":""sponsor"",""source_url"":""https://us.pycon.org/2026/sponsorship/sponsors/"",""status"":""listed_by_organizer"",""tier"":""Associate"",""website"":""https://www.oddbird.net/""},{""domain"":""privacy-solutions.org"",""locator"":""Associate > Privacy Solutions"",""name"":""Privacy Solutions"",""notes"":""Listing establishes published role, not paid amount, attendance, ROI or active demand."",""role"":""sponsor"",""source_url"":""https://us.pycon.org/2026/sponsorship/sponsors/"",""status"":""listed_by_organizer"",""tier"":""Associate"",""website"":""https://privacy-solutions.org""},{""domain"":""klim.co.nz"",""locator"":""Associate > The Letterheads Limited trading as Klim Type Foundry"",""name"":""The Letterheads Limited trading as Klim Type Foundry"",""notes"":""Listing establishes published role, not paid amount, attendance, ROI or active demand."",""role"":""sponsor"",""source_url"":""https://us.pycon.org/2026/sponsorship/sponsors/"",""status"":""listed_by_organizer"",""tier"":""Associate"",""website"":""https://klim.co.nz""},{""domain"":""weehooey.com"",""locator"":""Associate > Weehooey Inc."",""name"":""Weehooey Inc."",""notes"":""Listing establishes published role, not paid amount, attendance, ROI or active demand."",""role"":""sponsor"",""source_url"":""https://us.pycon.org/2026/sponsorship/sponsors/"",""status"":""listed_by_organizer"",""tier"":""Associate"",""website"":""https://weehooey.com/""},{""domain"":""zb.uzh.ch"",""locator"":""Associate > Zentralbibliothek Zürich"",""name"":""Zentralbibliothek Zürich"",""notes"":""Listing establishes published role, not paid amount, attendance, ROI or active demand."",""role"":""sponsor"",""source_url"":""https://us.pycon.org/2026/sponsorship/sponsors/"",""status"":""listed_by_organizer"",""tier"":""Associate"",""website"":""https://www.zb.uzh.ch""},{""domain"":""sentinelone.com"",""locator"":""Standalone Only > SentinelOne"",""name"":""SentinelOne"",""notes"":""Listing establishes published role, not paid amount, attendance, ROI or active demand."",""role"":""sponsor"",""source_url"":""https://us.pycon.org/2026/sponsorship/sponsors/"",""status"":""listed_by_organizer"",""tier"":""Standalone Only"",""website"":""https://www.sentinelone.com/""},{""domain"":""altitudec.com"",""locator"":""AV Partner > Altitude/C"",""name"":""Altitude/C"",""notes"":""Listing establishes published role, not paid amount, attendance, ROI or active demand."",""role"":""production_partner"",""source_url"":""https://us.pycon.org/2026/sponsorship/sponsors/"",""status"":""listed_by_organizer"",""tier"":""AV Partner"",""website"":""https://www.altitudec.com/en""},{""domain"":""lwn.net"",""locator"":""Media > LWN.net"",""name"":""LWN.net"",""notes"":""Listing establishes published role, not paid amount, attendance, ROI or active demand."",""role"":""media_partner"",""source_url"":""https://us.pycon.org/2026/sponsorship/sponsors/"",""status"":""listed_by_organizer"",""tier"":""Media"",""website"":""https://lwn.net""},{""domain"":""devitjobs.us"",""locator"":""Media > DevITjobs"",""name"":""DevITjobs"",""notes"":""Listing establishes published role, not paid amount, attendance, ROI or active demand."",""role"":""media_partner"",""source_url"":""https://us.pycon.org/2026/sponsorship/sponsors/"",""status"":""listed_by_organizer"",""tier"":""Media"",""website"":""https://devitjobs.us/jobs/Python/all/all""},{""domain"":""launch.arcjet.com"",""locator"":""Startup Row > Arcjet"",""name"":""Arcjet"",""notes"":""Listing establishes published role, not paid amount, attendance, ROI or active demand."",""role"":""exhibitor"",""source_url"":""https://us.pycon.org/2026/sponsorship/sponsors/"",""status"":""listed_by_organizer"",""tier"":""Startup Row"",""website"":""https://launch.arcjet.com/9o4rqvi""},{""domain"":""capisc.io"",""locator"":""Startup Row > CapiscIO"",""name"":""CapiscIO"",""notes"":""Listing establishes published role, not paid amount, attendance, ROI or active demand."",""role"":""exhibitor"",""source_url"":""https://us.pycon.org/2026/sponsorship/sponsors/"",""status"":""listed_by_organizer"",""tier"":""Startup Row"",""website"":""https://capisc.io""},{""domain"":""chonkie.ai"",""locator"":""Startup Row > Chonkie"",""name"":""Chonkie"",""notes"":""Listing establishes published role, not paid amount, attendance, ROI or active demand."",""role"":""exhibitor"",""source_url"":""https://us.pycon.org/2026/sponsorship/sponsors/"",""status"":""listed_by_organizer"",""tier"":""Startup Row"",""website"":""https://www.chonkie.ai""},{""domain"":""tetrix.co"",""locator"":""Startup Row > Tetrix"",""name"":""Tetrix"",""notes"":""Listing establishes published role, not paid amount, attendance, ROI or active demand."",""role"":""exhibitor"",""source_url"":""https://us.pycon.org/2026/sponsorship/sponsors/"",""status"":""listed_by_organizer"",""tier"":""Startup Row"",""website"":""https://www.tetrix.co""},{""domain"":""timecopilot.dev"",""locator"":""Startup Row > TimeCopilot"",""name"":""TimeCopilot"",""notes"":""Listing establishes published role, not paid amount, attendance, ROI or active demand."",""role"":""exhibitor"",""source_url"":""https://us.pycon.org/2026/sponsorship/sponsors/"",""status"":""listed_by_organizer"",""tier"":""Startup Row"",""website"":""https://timecopilot.dev/""},{""domain"":""github.com"",""locator"":""Startup Row > Pixeltable"",""name"":""Pixeltable"",""notes"":""Listing establishes published role, not paid amount, attendance, ROI or active demand."",""role"":""exhibitor"",""source_url"":""https://us.pycon.org/2026/sponsorship/sponsors/"",""status"":""listed_by_organizer"",""tier"":""Startup Row"",""website"":""https://github.com/pixeltable/pixeltable""},{""domain"":""subimage.io"",""locator"":""Startup Row > SubImage"",""name"":""SubImage"",""notes"":""Listing establishes published role, not paid amount, attendance, ROI or active demand."",""role"":""exhibitor"",""source_url"":""https://us.pycon.org/2026/sponsorship/sponsors/"",""status"":""listed_by_organizer"",""tier"":""Startup Row"",""website"":""https://subimage.io""},{""domain"":""skyvern.com"",""locator"":""Startup Row > Skyvern"",""name"":""Skyvern"",""notes"":""Listing establishes published role, not paid amount, attendance, ROI or active demand."",""role"":""exhibitor"",""source_url"":""https://us.pycon.org/2026/sponsorship/sponsors/"",""status"":""listed_by_organizer"",""tier"":""Startup Row"",""website"":""https://www.skyvern.com""},{""domain"":""phemeral.dev"",""locator"":""Startup Row > Phemeral"",""name"":""Phemeral"",""notes"":""Listing establishes published role, not paid amount, attendance, ROI or active demand."",""role"":""exhibitor"",""source_url"":""https://us.pycon.org/2026/sponsorship/sponsors/"",""status"":""listed_by_organizer"",""tier"":""Startup Row"",""website"":""https://phemeral.dev/""},{""domain"":""codeday.org"",""locator"":""Community > CodeDay"",""name"":""CodeDay"",""notes"":""Listing establishes published role, not paid amount, attendance, ROI or active demand."",""role"":""community_partner"",""source_url"":""https://us.pycon.org/2026/sponsorship/sponsors/"",""status"":""listed_by_organizer"",""tier"":""Community"",""website"":""https://www.codeday.org/""},{""domain"":""africa.pycon.org"",""locator"":""Community > PyCon Africa"",""name"":""PyCon Africa"",""notes"":""Listing establishes published role, not paid amount, attendance, ROI or active demand."",""role"":""community_partner"",""source_url"":""https://us.pycon.org/2026/sponsorship/sponsors/"",""status"":""listed_by_organizer"",""tier"":""Community"",""website"":""https://africa.pycon.org/""},{""domain"":""socalpython.org"",""locator"":""Community > SoCal Python"",""name"":""SoCal Python"",""notes"":""Listing establishes published role, not paid amount, attendance, ROI or active demand."",""role"":""community_partner"",""source_url"":""https://us.pycon.org/2026/sponsorship/sponsors/"",""status"":""listed_by_organizer"",""tier"":""Community"",""website"":""https://socalpython.org""},{""domain"":""djangoproject.com"",""locator"":""Community > Django Software Foundation"",""name"":""Django Software Foundation"",""notes"":""Listing establishes published role, not paid amount, attendance, ROI or active demand."",""role"":""community_partner"",""source_url"":""https://us.pycon.org/2026/sponsorship/sponsors/"",""status"":""listed_by_organizer"",""tier"":""Community"",""website"":""https://djangoproject.com/""},{""domain"":""blackpythondevs.com"",""locator"":""Community > Black Python Devs"",""name"":""Black Python Devs"",""notes"":""Listing establishes published role, not paid amount, attendance, ROI or active demand."",""role"":""community_partner"",""source_url"":""https://us.pycon.org/2026/sponsorship/sponsors/"",""status"":""listed_by_organizer"",""tier"":""Community"",""website"":""https://blackpythondevs.com""},{""domain"":""dataconla.com"",""locator"":""Community > Data Con LA"",""name"":""Data Con LA"",""notes"":""Listing establishes published role, not paid amount, attendance, ROI or active demand."",""role"":""community_partner"",""source_url"":""https://us.pycon.org/2026/sponsorship/sponsors/"",""status"":""listed_by_organizer"",""tier"":""Community"",""website"":""https://www.dataconla.com/""},{""domain"":""djangonaut.space"",""locator"":""Community > Djangonaut Space"",""name"":""Djangonaut Space"",""notes"":""Listing establishes published role, not paid amount, attendance, ROI or active demand."",""role"":""community_partner"",""source_url"":""https://us.pycon.org/2026/sponsorship/sponsors/"",""status"":""listed_by_organizer"",""tier"":""Community"",""website"":""https://djangonaut.space""},{""domain"":""meetup.com"",""locator"":""Community > Inland Empire Python Users Group"",""name"":""Inland Empire Python Users Group"",""notes"":""Listing establishes published role, not paid amount, attendance, ROI or active demand."",""role"":""community_partner"",""source_url"":""https://us.pycon.org/2026/sponsorship/sponsors/"",""status"":""listed_by_organizer"",""tier"":""Community"",""website"":""https://www.meetup.com/iepython/""},{""domain"":""pyconsenegambia.org"",""locator"":""Community > PyCon Senegambia"",""name"":""PyCon Senegambia"",""notes"":""Listing establishes published role, not paid amount, attendance, ROI or active demand."",""role"":""community_partner"",""source_url"":""https://us.pycon.org/2026/sponsorship/sponsors/"",""status"":""listed_by_organizer"",""tier"":""Community"",""website"":""https://www.pyconsenegambia.org/en""},{""domain"":""pyladies.com"",""locator"":""Community > PyLadies"",""name"":""PyLadies"",""notes"":""Listing establishes published role, not paid amount, attendance, ROI or active demand."",""role"":""community_partner"",""source_url"":""https://us.pycon.org/2026/sponsorship/sponsors/"",""status"":""listed_by_organizer"",""tier"":""Community"",""website"":""https://pyladies.com""},{""domain"":""socallinuxexpo.org"",""locator"":""Community > SCaLE"",""name"":""SCaLE"",""notes"":""Listing establishes published role, not paid amount, attendance, ROI or active demand."",""role"":""community_partner"",""source_url"":""https://us.pycon.org/2026/sponsorship/sponsors/"",""status"":""listed_by_organizer"",""tier"":""Community"",""website"":""https://socallinuxexpo.org""},{""domain"":null,""locator"":""Community > Python Mozambique Community"",""name"":""Python Mozambique Community"",""notes"":""Listing establishes published role, not paid amount, attendance, ROI or active demand."",""role"":""community_partner"",""source_url"":""https://us.pycon.org/2026/sponsorship/sponsors/"",""status"":""listed_by_organizer"",""tier"":""Community"",""website"":null},{""domain"":""pybeach.org"",""locator"":""Community > PyBeach"",""name"":""PyBeach"",""notes"":""Listing establishes published role, not paid amount, attendance, ROI or active demand."",""role"":""community_partner"",""source_url"":""https://us.pycon.org/2026/sponsorship/sponsors/"",""status"":""listed_by_organizer"",""tier"":""Community"",""website"":""https://pybeach.org""},{""domain"":null,""locator"":""Community > EuroPython Society"",""name"":""EuroPython Society"",""notes"":""Listing establishes published role, not paid amount, attendance, ROI or active demand."",""role"":""community_partner"",""source_url"":""https://us.pycon.org/2026/sponsorship/sponsors/"",""status"":""listed_by_organizer"",""tier"":""Community"",""website"":null},{""domain"":""sandiegopython.org"",""locator"":""Community > San Diego Python"",""name"":""San Diego Python"",""notes"":""Listing establishes published role, not paid amount, attendance, ROI or active demand."",""role"":""community_partner"",""source_url"":""https://us.pycon.org/2026/sponsorship/sponsors/"",""status"":""listed_by_organizer"",""tier"":""Community"",""website"":""https://www.sandiegopython.org/""},{""domain"":""pythonasia.org"",""locator"":""Community > Python Asia Organization"",""name"":""Python Asia Organization"",""notes"":""Listing establishes published role, not paid amount, attendance, ROI or active demand."",""role"":""community_partner"",""source_url"":""https://us.pycon.org/2026/sponsorship/sponsors/"",""status"":""listed_by_organizer"",""tier"":""Community"",""website"":""https://pythonasia.org/""},{""domain"":""hablemospython.dev"",""locator"":""Community > Python en Español"",""name"":""Python en Español"",""notes"":""Listing establishes published role, not paid amount, attendance, ROI or active demand."",""role"":""community_partner"",""source_url"":""https://us.pycon.org/2026/sponsorship/sponsors/"",""status"":""listed_by_organizer"",""tier"":""Community"",""website"":""https://hablemospython.dev/""},{""domain"":""python.org"",""name"":""Python Software Foundation"",""role"":""organizer"",""source_url"":""https://us.pycon.org/2026/"",""status"":""listed_by_organizer"",""tier"":null}],""platform_urls"":[],""sector"":""software_python"",""series_name"":""PyCon US"",""source_urls"":[""https://us.pycon.org/2026/"",""https://us.pycon.org/2026/sponsorship/sponsors/""],""start_date"":""2026-05-13"",""status"":""historical_listing"",""title"":""PyCon US 2026"",""url"":""https://us.pycon.org/2026/"",""venue_name"":""Long Beach Convention Center""}","{""languages_json"":""not_found_in_consulted_sources"",""themes_json"":""not_found_in_consulted_sources"",""timezone"":""not_found_in_consulted_sources""}"
