snapshot_id,source_id,original_url,archive_url,archived_at,observed_at,content_type,retained_path,sha256,retained_material,permission,extra_json,missing_reasons_json
snapshot_4c5eef72c78db012,src_c01d4dbfff02a090,https://vendelux.com/product,,,2026-09-28,application/json,evidence/src_c01d4dbfff02a090.json,60c6db026db6684b0dc43d420724bb85248c3d40e88f50b7577b0ab30fecb863,factual_extract_and_own_summary,research factual metadata only; commercial rights pending; no archived capture,,"{""archive_url"":""not_found_in_consulted_sources"",""archived_at"":""not_found_in_consulted_sources""}"
snapshot_68d1c3f87f7438e0,src_03ebd5bca8d6bef9,https://vendelux.com/event-discovery,,,2026-09-28,application/json,evidence/src_03ebd5bca8d6bef9.json,2ea2b5db9b417d0a39ed66076da0b8a83aafbe7be2e4a0da75792fb6b0af961c,factual_extract_and_own_summary,research factual metadata only; commercial rights pending; no archived capture,,"{""archive_url"":""not_found_in_consulted_sources"",""archived_at"":""not_found_in_consulted_sources""}"
snapshot_b2e580fc18c375d4,src_b41aa53746420ff6,https://vendelux.com/pricing,,,2026-09-28,application/json,evidence/src_b41aa53746420ff6.json,d05d4da43c73a8e5b98cea8a8f234c6a3f767484d3c67e03e5d51bfc1d27b652,factual_extract_and_own_summary,research factual metadata only; commercial rights pending; no archived capture,,"{""archive_url"":""not_found_in_consulted_sources"",""archived_at"":""not_found_in_consulted_sources""}"
snapshot_9892971edff74964,src_42a03fbd8da55c19,https://vendelux.com/blog/introducing-chatvdx,,,2026-09-28,application/json,evidence/src_42a03fbd8da55c19.json,7850fc9aa9ad46c1da49420edb1a2a723f5f8ce49727961af712300acaaa79d0,factual_extract_and_own_summary,research factual metadata only; commercial rights pending; no archived capture,,"{""archive_url"":""not_found_in_consulted_sources"",""archived_at"":""not_found_in_consulted_sources""}"
snapshot_416ad11a39025663,src_cc0a28fcdede102c,https://www.pana.space/events/ai-event-planner,,,2026-09-28,application/json,evidence/src_cc0a28fcdede102c.json,7867c1ee5b92aa328f5ccc181e1e04fc5e6ab64bd0efc70b2cce9d84541f83ac,factual_extract_and_own_summary,research factual metadata only; commercial rights pending; no archived capture,,"{""archive_url"":""not_found_in_consulted_sources"",""archived_at"":""not_found_in_consulted_sources""}"
snapshot_ea09a1a515ea89af,src_d58ddf1fa134fc27,https://www.pana.space/events/pricing,,,2026-09-28,application/json,evidence/src_d58ddf1fa134fc27.json,72f248d73cf92605efe206794f97befdceaed120aa2fe9899ab661035c35ad87,factual_extract_and_own_summary,research factual metadata only; commercial rights pending; no archived capture,,"{""archive_url"":""not_found_in_consulted_sources"",""archived_at"":""not_found_in_consulted_sources""}"
snapshot_a5e4b5cb6266db80,src_0a1013cab8e243e0,https://www.pana.space/events/terms-and-conditions,,,2026-09-28,application/json,evidence/src_0a1013cab8e243e0.json,2699fad952a6ae4c4f93464a580725631dd89c72fceef54d814231d673a58dbb,factual_extract_and_own_summary,research factual metadata only; commercial rights pending; no archived capture,,"{""archive_url"":""not_found_in_consulted_sources"",""archived_at"":""not_found_in_consulted_sources""}"
snapshot_6bbd7f91513af052,src_612c7540989d36dc,https://www.sponsorunited.com/,,,2026-09-28,application/json,evidence/src_612c7540989d36dc.json,ecdf6fd10faa6f5522cc9ff55d39cbb40de1273a2d6dc0d7a841c34c26d30566,factual_extract_and_own_summary,research factual metadata only; commercial rights pending; no archived capture,,"{""archive_url"":""not_found_in_consulted_sources"",""archived_at"":""not_found_in_consulted_sources""}"
snapshot_c4ca3dc61d53ed34,src_3fc8772711451c94,https://help.sponsorunited.com/en/articles/10166311-general-spnd-questions,,,2026-09-28,application/json,evidence/src_3fc8772711451c94.json,f4f84aad7fda52cc6f32e3251a54b33835760d45fe4fefb154a3e62519e7dc38,factual_extract_and_own_summary,research factual metadata only; commercial rights pending; no archived capture,,"{""archive_url"":""not_found_in_consulted_sources"",""archived_at"":""not_found_in_consulted_sources""}"
snapshot_7073f6cb6903254a,src_42d1218e305ffa66,https://help.sponsorunited.com/en/articles/10166349-spnd-access,,,2026-09-28,application/json,evidence/src_42d1218e305ffa66.json,456781d9e41e4c4bea4e6145da0ffd059bf76b4a970059a709f98d466d94b99d,factual_extract_and_own_summary,research factual metadata only; commercial rights pending; no archived capture,,"{""archive_url"":""not_found_in_consulted_sources"",""archived_at"":""not_found_in_consulted_sources""}"
snapshot_ae7999ef4f9ccb88,src_ca645ab474afeddc,https://partable.ai/events,,,2026-09-28,application/json,evidence/src_ca645ab474afeddc.json,2fcb6b84f96e7cad0f34a4eaa7dc30ee28508d77da0787848e2058277f841561,factual_extract_and_own_summary,research factual metadata only; commercial rights pending; no archived capture,,"{""archive_url"":""not_found_in_consulted_sources"",""archived_at"":""not_found_in_consulted_sources""}"
snapshot_83535753cab4b45d,src_8125760879511867,https://identyca.io/,,,2026-09-28,application/json,evidence/src_8125760879511867.json,bfc9fe56fd2d9e0f09c0a5d2658f5063b81b7c52f3eb19f34996befd8ba88ffe,factual_extract_and_own_summary,research factual metadata only; commercial rights pending; no archived capture,,"{""archive_url"":""not_found_in_consulted_sources"",""archived_at"":""not_found_in_consulted_sources""}"
snapshot_3b86cc7e382a5b20,src_ba4b3151b88b03fd,https://kurationai.com/solutions/event-intelligence,,,2026-09-28,application/json,evidence/src_ba4b3151b88b03fd.json,9cfb412e12dae6e292701620ec81d0388514e9cfa007dd20e33e077037b3dea8,factual_extract_and_own_summary,research factual metadata only; commercial rights pending; no archived capture,,"{""archive_url"":""not_found_in_consulted_sources"",""archived_at"":""not_found_in_consulted_sources""}"
snapshot_9419f5ae25f24427,src_b5d1e19b0887200f,https://kurationai.com/pricing,,,2026-09-28,application/json,evidence/src_b5d1e19b0887200f.json,95ccfff4a312532bf91da1153e334d58f3214f0c19f48484628a7ca6f239d9a9,factual_extract_and_own_summary,research factual metadata only; commercial rights pending; no archived capture,,"{""archive_url"":""not_found_in_consulted_sources"",""archived_at"":""not_found_in_consulted_sources""}"
snapshot_fad1ce4e22825516,src_35967865836bb16f,https://www.events-intelligence.com/,,,2026-09-28,application/json,evidence/src_35967865836bb16f.json,fa21f4a38787d02b3cd2d7f71baa7d43932b65dd6d3afade780ae94444d8b0f0,factual_extract_and_own_summary,research factual metadata only; commercial rights pending; no archived capture,,"{""archive_url"":""not_found_in_consulted_sources"",""archived_at"":""not_found_in_consulted_sources""}"
snapshot_cdcb86808d0a306f,src_12be679a40d2eaa3,https://www.eventopulse.com/about-us/,,,2026-09-28,application/json,evidence/src_12be679a40d2eaa3.json,d34b82ee58d23097168347b95501ff91d8ec96a3d7f0a9a2618570875ab24b65,factual_extract_and_own_summary,research factual metadata only; commercial rights pending; no archived capture,,"{""archive_url"":""not_found_in_consulted_sources"",""archived_at"":""not_found_in_consulted_sources""}"
snapshot_fc8479b75e4fbcb5,src_f32e158f4a81da42,https://www.eventopulse.com/,,,2026-09-28,application/json,evidence/src_f32e158f4a81da42.json,3b49d0edfb9e2941a1a366e5252fcbf4e35c0333232fa6f81861a05df5063349,factual_extract_and_own_summary,research factual metadata only; commercial rights pending; no archived capture,,"{""archive_url"":""not_found_in_consulted_sources"",""archived_at"":""not_found_in_consulted_sources""}"
snapshot_5280cedbe4bfb987,src_db1c03e1775ca764,https://www.eventopulse.com/pricing/,,,2026-09-28,application/json,evidence/src_db1c03e1775ca764.json,1f2fdc5872afa05f23c16208e82bbe1b899ea73ae8ab1594be465b0c4a3ecf82,factual_extract_and_own_summary,research factual metadata only; commercial rights pending; no archived capture,,"{""archive_url"":""not_found_in_consulted_sources"",""archived_at"":""not_found_in_consulted_sources""}"
snapshot_370cbfb9e004dad9,src_5d355f44bb3bda76,https://www.eventopulse.com/solutions/gtm-revops/,,,2026-09-28,application/json,evidence/src_5d355f44bb3bda76.json,df82d5b87566740ca7dfa26f7469968bb824236c11c66aa9af66be0c572b6adb,factual_extract_and_own_summary,research factual metadata only; commercial rights pending; no archived capture,,"{""archive_url"":""not_found_in_consulted_sources"",""archived_at"":""not_found_in_consulted_sources""}"
snapshot_91c2d24125f3f3e8,src_fef59a73c0e8a25d,https://acirio.com/,,,2026-09-28,application/json,evidence/src_fef59a73c0e8a25d.json,9b7d4fb4810ff9f3b326d480c2ba9c2881d82fc23b126f0d4dd712cc6fb87ae4,factual_extract_and_own_summary,research factual metadata only; commercial rights pending; no archived capture,,"{""archive_url"":""not_found_in_consulted_sources"",""archived_at"":""not_found_in_consulted_sources""}"
snapshot_a0a77497c2c33a7e,src_aa97735080023e4b,https://acirio.com/privacy,,,2026-09-28,application/json,evidence/src_aa97735080023e4b.json,e86d5fef9f18f688665846bb7f93a9f46a2fac8e6c753c0dd6abe5316298f369,factual_extract_and_own_summary,research factual metadata only; commercial rights pending; no archived capture,,"{""archive_url"":""not_found_in_consulted_sources"",""archived_at"":""not_found_in_consulted_sources""}"
snapshot_7df2a119ba8cc2af,src_6e379bd5bd5d3bcb,https://run.events/,,,2026-09-28,application/json,evidence/src_6e379bd5bd5d3bcb.json,2038077d36a2ac09f58111814ab4ec613da8c3bd3fd9c1008c04e71176e463b0,factual_extract_and_own_summary,research factual metadata only; commercial rights pending; no archived capture,,"{""archive_url"":""not_found_in_consulted_sources"",""archived_at"":""not_found_in_consulted_sources""}"
snapshot_719a8c310a4f1d33,src_49af638e6fb1adfb,https://run.events/pricing,,,2026-09-28,application/json,evidence/src_49af638e6fb1adfb.json,51ed408da9d08849bd49e1fb6162548b9270c0667330b28058af213fbf7e9a59,factual_extract_and_own_summary,research factual metadata only; commercial rights pending; no archived capture,,"{""archive_url"":""not_found_in_consulted_sources"",""archived_at"":""not_found_in_consulted_sources""}"
snapshot_c58d2686091ce490,src_e45b16b1b838dc8f,https://www.run.events/services/api-integration,,,2026-09-28,application/json,evidence/src_e45b16b1b838dc8f.json,21a4af2a4c82397ae7e4a1739f54552eaf68725e439e275b5f2a6fd00747db90,factual_extract_and_own_summary,research factual metadata only; commercial rights pending; no archived capture,,"{""archive_url"":""not_found_in_consulted_sources"",""archived_at"":""not_found_in_consulted_sources""}"
snapshot_dd1ddd7b8784d601,src_a4c4ac40a327c9c6,https://luma.com/pricing,,,2026-09-28,application/json,evidence/src_a4c4ac40a327c9c6.json,9ba0db379c57dff1a242db79ab1a4a535b0a27ce8f474fc891e9dc209fef9ad9,factual_extract_and_own_summary,research factual metadata only; commercial rights pending; no archived capture,,"{""archive_url"":""not_found_in_consulted_sources"",""archived_at"":""not_found_in_consulted_sources""}"
snapshot_4ed4c48771c4126c,src_f21c32dba3bf3bc2,https://help.luma.com/p/mcp,,,2026-09-28,application/json,evidence/src_f21c32dba3bf3bc2.json,8b40b3b319298d15743705f2d9841bc59ae20bec8e5ca3e67be2c841a74c4789,factual_extract_and_own_summary,research factual metadata only; commercial rights pending; no archived capture,,"{""archive_url"":""not_found_in_consulted_sources"",""archived_at"":""not_found_in_consulted_sources""}"
snapshot_8b922c082fc0d1db,src_428bac16ce4c4060,https://www.eventbrite.com/help/en-us/articles/193833/,,,2026-09-28,application/json,evidence/src_428bac16ce4c4060.json,d1f64c6757b3f549dbe775ac2da96afe02511075aeb746fb03ca446006f439c1,factual_extract_and_own_summary,research factual metadata only; commercial rights pending; no archived capture,,"{""archive_url"":""not_found_in_consulted_sources"",""archived_at"":""not_found_in_consulted_sources""}"
snapshot_dd8ec9aa2f049792,src_2d946f289ec60cbf,https://www.eventbrite.com/organizer/pricing/?page=24,,,2026-09-28,application/json,evidence/src_2d946f289ec60cbf.json,2a1bffc9fcde0150f9523a29eb7671930250447edcfc7a50164969e3acdcd18d,factual_extract_and_own_summary,research factual metadata only; commercial rights pending; no archived capture,,"{""archive_url"":""not_found_in_consulted_sources"",""archived_at"":""not_found_in_consulted_sources""}"
snapshot_1450ec94266926fe,src_b98a163252f17647,https://10times.com/app,,,2026-09-28,application/json,evidence/src_b98a163252f17647.json,8db06266e3e0eba8e344c70ce67f4f70b5dbc731ddd4f30664826d374292c632,factual_extract_and_own_summary,research factual metadata only; commercial rights pending; no archived capture,,"{""archive_url"":""not_found_in_consulted_sources"",""archived_at"":""not_found_in_consulted_sources""}"
snapshot_a0f6370903d05835,src_f0216214efc30a13,https://login.10times.com/plans?type=unlimited,,,2026-09-28,application/json,evidence/src_f0216214efc30a13.json,ec859c3dc56b2daffdcf0b113c37c3d1bed3b66d95cdcaffd4431e9a61af1e6f,factual_extract_and_own_summary,research factual metadata only; commercial rights pending; no archived capture,,"{""archive_url"":""not_found_in_consulted_sources"",""archived_at"":""not_found_in_consulted_sources""}"
snapshot_d3087bd0e2ff8366,src_ef096cbe465bc974,https://10times.com/company/tradeshows,,,2026-09-28,application/json,evidence/src_ef096cbe465bc974.json,8ea22194f5d6f5f4b52afd6f573560681da461312d6bd8ca8ad63ea22c1251d9,factual_extract_and_own_summary,research factual metadata only; commercial rights pending; no archived capture,,"{""archive_url"":""not_found_in_consulted_sources"",""archived_at"":""not_found_in_consulted_sources""}"
snapshot_14693cf845e403d2,src_0b42c1092406a10e,https://help.swapcard.com/en/articles/9423581-get-started-with-swapcard-as-an-event-organizer,,,2026-09-28,application/json,evidence/src_0b42c1092406a10e.json,ac3910d02a22d3d997c3ea3aa92646175a083d173f1b51c1d44b63b786878c54,factual_extract_and_own_summary,research factual metadata only; commercial rights pending; no archived capture,,"{""archive_url"":""not_found_in_consulted_sources"",""archived_at"":""not_found_in_consulted_sources""}"
snapshot_e538c1608f090ef6,src_9871ce752a4a9ebf,https://www.swapcard.com/pricing,,,2026-09-28,application/json,evidence/src_9871ce752a4a9ebf.json,7fba75f9458c605682dd628c417e566d43e7f1d357bc488ab6fe93312ec600c1,factual_extract_and_own_summary,research factual metadata only; commercial rights pending; no archived capture,,"{""archive_url"":""not_found_in_consulted_sources"",""archived_at"":""not_found_in_consulted_sources""}"
snapshot_779aae96f5824a4f,src_4a7bf836cc47d2d3,https://www.swapcard.com/,,,2026-09-28,application/json,evidence/src_4a7bf836cc47d2d3.json,6d44dc0dac35ed8ef4888928c0fa4b75de86695a64e50ee95825b9753fe0c422,factual_extract_and_own_summary,research factual metadata only; commercial rights pending; no archived capture,,"{""archive_url"":""not_found_in_consulted_sources"",""archived_at"":""not_found_in_consulted_sources""}"
snapshot_46cfca2e77b7b820,src_836ac70e41f24e10,https://vendelux.com/help,,,2026-09-28,application/json,evidence/src_836ac70e41f24e10.json,761fa0cc3fcd40fbcecd77bdf47d9b77fc37eb150ba38d5c80be8e10c930e8a3,factual_extract_and_own_summary,research factual metadata only; commercial rights pending; no archived capture,,"{""archive_url"":""not_found_in_consulted_sources"",""archived_at"":""not_found_in_consulted_sources""}"
snapshot_b6bb327c3635203e,src_501eda758f6db5c6,https://vendelux.com/lead-scanner,,,2026-09-28,application/json,evidence/src_501eda758f6db5c6.json,c7bbc3c237bf50cceeaa83dfb73a9ce3d5d38aed2372ae33569062553109e192,factual_extract_and_own_summary,research factual metadata only; commercial rights pending; no archived capture,,"{""archive_url"":""not_found_in_consulted_sources"",""archived_at"":""not_found_in_consulted_sources""}"
snapshot_0c654724fc700db3,src_b1f75a569a8e2f9d,https://www.eventopulse.com/solutions/b2b-sales-teams/,,,2026-09-28,application/json,evidence/src_b1f75a569a8e2f9d.json,9af17e31c5057b64310ef1d826b3cd232b447d2e62391c181bb0c61cfb072ad3,factual_extract_and_own_summary,research factual metadata only; commercial rights pending; no archived capture,,"{""archive_url"":""not_found_in_consulted_sources"",""archived_at"":""not_found_in_consulted_sources""}"
snapshot_67fb8c032e6c6261,src_9df391d2639fd117,https://www.buchmesse.de/presse/pressemitteilungen/2021-10-24-73-frankfurter-buchmesse-neustart-der-buchbranche,,,2026-09-28,application/json,evidence/src_9df391d2639fd117.json,a095383e9e375cbf1bcacf2484a6d8e4f63037cd68535c765135b45567f6e877,factual_extract_and_own_summary,research factual metadata only; commercial rights pending; no archived capture,,"{""archive_url"":""not_found_in_consulted_sources"",""archived_at"":""not_found_in_consulted_sources""}"
snapshot_be24abaf2578e329,src_3ca3d5c7529b528f,https://www.buchmesse.de/chronik,,,2026-09-28,application/json,evidence/src_3ca3d5c7529b528f.json,2988dd60b3e1bc6bb2ab05f7bd59b7ada591a839191398e6578497df70bf9bb3,factual_extract_and_own_summary,research factual metadata only; commercial rights pending; no archived capture,,"{""archive_url"":""not_found_in_consulted_sources"",""archived_at"":""not_found_in_consulted_sources""}"
snapshot_6cb80df792e6786b,src_4cd2862e6eab7bc3,https://www.buchmesse.de/presse/pressemitteilungen/2023-10-22-fbm23-der-internationale-branchentreff-beweist-seine,,,2026-09-28,application/json,evidence/src_4cd2862e6eab7bc3.json,2b17c2ff48c7c20177be3c19b1cca7a3d6fc1dd4a7d1e6ad4f4d7b3f6623556d,factual_extract_and_own_summary,research factual metadata only; commercial rights pending; no archived capture,,"{""archive_url"":""not_found_in_consulted_sources"",""archived_at"":""not_found_in_consulted_sources""}"
snapshot_808d54d9b841bbf5,src_4b857ce1676ddc3f,https://www.buchmesse.de/presse/pressemitteilungen/2024-10-20-abschluss-pm-2024,,,2026-09-28,application/json,evidence/src_4b857ce1676ddc3f.json,aaa2188402abb2535b1ed79d7fe3383c0bb07cd426c80ca94d224c7ef64d4b16,factual_extract_and_own_summary,research factual metadata only; commercial rights pending; no archived capture,,"{""archive_url"":""not_found_in_consulted_sources"",""archived_at"":""not_found_in_consulted_sources""}"
snapshot_81a809d7ecab855e,src_fcddee0e747f012d,https://www.buchmesse.de/presse/pressemitteilungen/2025-10-19-frankfurter-buchmesse-waechst-und-verbindet-die-welt-der,,,2026-09-28,application/json,evidence/src_fcddee0e747f012d.json,5dd9dcdfde208f366ad501e34080e57eb81ecb0b415a62a70a8d0ec8e2bd3dda,factual_extract_and_own_summary,research factual metadata only; commercial rights pending; no archived capture,,"{""archive_url"":""not_found_in_consulted_sources"",""archived_at"":""not_found_in_consulted_sources""}"
snapshot_cd6273e7285dad4c,src_23d9024c2436f690,https://www.buchmesse.de/en,,,2026-09-28,application/json,evidence/src_23d9024c2436f690.json,10f2c48b8eefcb4da7598987167d96257b9084096b1168918f6fbc18eca7aaa0,factual_extract_and_own_summary,research factual metadata only; commercial rights pending; no archived capture,,"{""archive_url"":""not_found_in_consulted_sources"",""archived_at"":""not_found_in_consulted_sources""}"
snapshot_a416592e9d616faa,src_7c14181968ea6ade,https://www.buchmesse.de/en/imprint,,,2026-09-28,application/json,evidence/src_7c14181968ea6ade.json,e3c219e425d4737b29bc4fcd9493186a892fcaeee1a242f576096fd5faba2904,factual_extract_and_own_summary,research factual metadata only; commercial rights pending; no archived capture,,"{""archive_url"":""not_found_in_consulted_sources"",""archived_at"":""not_found_in_consulted_sources""}"
snapshot_e8d097d0b1ec5726,src_9004085a317f1ba7,https://www.buchmesse.de/en/visit/arrival-accommodation,,,2026-09-28,application/json,evidence/src_9004085a317f1ba7.json,565092b0ed77ac167606ff32f1d9e6c1e08b118a42d5fe7261f2de144f19ec08,factual_extract_and_own_summary,research factual metadata only; commercial rights pending; no archived capture,,"{""archive_url"":""not_found_in_consulted_sources"",""archived_at"":""not_found_in_consulted_sources""}"
snapshot_f8eae789cf0c3352,src_e2494893acc80340,https://www.buchmesse.de/en/visit/tickets,,,2026-09-28,application/json,evidence/src_e2494893acc80340.json,60050c97bf9bbe8d3438a015f04c118c300a0234708725b4bae9f879bac2c4f3,factual_extract_and_own_summary,research factual metadata only; commercial rights pending; no archived capture,,"{""archive_url"":""not_found_in_consulted_sources"",""archived_at"":""not_found_in_consulted_sources""}"
snapshot_c138c20646445976,src_4184fa6d86630e90,https://www.buchmesse.de/en/about-us/facts-and-figures,,,2026-09-28,application/json,evidence/src_4184fa6d86630e90.json,ae366a01a8190d94ec30af128107391145bbbc7ec5cb580601f01ee9a33d58a8,factual_extract_and_own_summary,research factual metadata only; commercial rights pending; no archived capture,,"{""archive_url"":""not_found_in_consulted_sources"",""archived_at"":""not_found_in_consulted_sources""}"
snapshot_07e96f87492e275f,src_c34e2f2f38dab538,https://www.festival-cannes.com/en/press/press-releases/the-screenings-guide-2022/,,,2026-09-28,application/json,evidence/src_c34e2f2f38dab538.json,a3fea9f1748e55a56ebc3f2ceac21c5454f95b263e66df83f0dd7cd19bc332d3,factual_extract_and_own_summary,research factual metadata only; commercial rights pending; no archived capture,,"{""archive_url"":""not_found_in_consulted_sources"",""archived_at"":""not_found_in_consulted_sources""}"
snapshot_ee869b5a94721438,src_59dad8e17aea7570,https://www.festival-cannes.com/en/press/press-releases/the-76th-edition-of-the-festival-de-cannes-due-to-take-place-from-16-to-27-may-2023/,,,2026-09-28,application/json,evidence/src_59dad8e17aea7570.json,c970ddb598aec355d025acaf75d4a83da4d6a3fac7950db97d921e4d0478d28e,factual_extract_and_own_summary,research factual metadata only; commercial rights pending; no archived capture,,"{""archive_url"":""not_found_in_consulted_sources"",""archived_at"":""not_found_in_consulted_sources""}"
snapshot_47a98caa8a9e2c3f,src_e4059929539cdcbf,https://www.festival-cannes.com/en/2024/the-screenings-guide-of-the-77th-festival-de-cannes/,,,2026-09-28,application/json,evidence/src_e4059929539cdcbf.json,a2d9400f897777185aa37999840bb8d2dd0029f811911eed7b4ded51e35f6728,factual_extract_and_own_summary,research factual metadata only; commercial rights pending; no archived capture,,"{""archive_url"":""not_found_in_consulted_sources"",""archived_at"":""not_found_in_consulted_sources""}"
snapshot_3f5a3be6b796de57,src_1999b464e21997cd,https://www.festival-cannes.com/en/2024/submission-for-films-for-the-2025-official-selection-is-now-open/,,,2026-09-28,application/json,evidence/src_1999b464e21997cd.json,60360c7fe695e869832f59dc153436cfc1225f3698e57da5263d615d7e96dc87,factual_extract_and_own_summary,research factual metadata only; commercial rights pending; no archived capture,,"{""archive_url"":""not_found_in_consulted_sources"",""archived_at"":""not_found_in_consulted_sources""}"
snapshot_277f84ff88b428e7,src_1415c5c16fdff55f,https://www.festival-cannes.com/en/2026/festival-de-cannes-2026-accreditation-is-now-open/,,,2026-09-28,application/json,evidence/src_1415c5c16fdff55f.json,6c902db0617d7c246fcbd4fb63c0700cb71a867d8d1ac7ee18034a7e810ce1b5,factual_extract_and_own_summary,research factual metadata only; commercial rights pending; no archived capture,,"{""archive_url"":""not_found_in_consulted_sources"",""archived_at"":""not_found_in_consulted_sources""}"
snapshot_645fa181ffb043e1,src_1b9e8a6ead03ced3,https://www.festival-cannes.com/en/,,,2026-09-28,application/json,evidence/src_1b9e8a6ead03ced3.json,05cd703b113cf8933ffb560648d3e8c2e0e4a19f290a7cc56409b179ff87a5f3,factual_extract_and_own_summary,research factual metadata only; commercial rights pending; no archived capture,,"{""archive_url"":""not_found_in_consulted_sources"",""archived_at"":""not_found_in_consulted_sources""}"
snapshot_c3a712a340b3fbd0,src_7f8f5835c9e6b941,https://www.festival-cannes.com/en/faq/,,,2026-09-28,application/json,evidence/src_7f8f5835c9e6b941.json,f80a83cfa7069f596fa4d738f5ea6d31456bf2b4fb9fe4c41f36fa88d8ec32d9,factual_extract_and_own_summary,research factual metadata only; commercial rights pending; no archived capture,,"{""archive_url"":""not_found_in_consulted_sources"",""archived_at"":""not_found_in_consulted_sources""}"
snapshot_678c85f9f8f567f0,src_d21a92c0a0720249,https://www.festival-cannes.com/en/take-part/your-festival-experience/organise-your-time/,,,2026-09-28,application/json,evidence/src_d21a92c0a0720249.json,31dce6ed2f25c83e2a239b5920543c267f272951257b532800b1cac525622f65,factual_extract_and_own_summary,research factual metadata only; commercial rights pending; no archived capture,,"{""archive_url"":""not_found_in_consulted_sources"",""archived_at"":""not_found_in_consulted_sources""}"
snapshot_428f271a7a076bb5,src_71498cf72b899179,https://www.festival-cannes.com/en/press/press-releases/after-france-televisions-brut-the-festival-de-cannes-welcomes-bmw-and-campari-on-the-croisette/,,,2026-09-28,application/json,evidence/src_71498cf72b899179.json,67d6c73a6f48fc9382bf3f3cacfd849b18b721b07b54ac81c573796bf36d82e2,factual_extract_and_own_summary,research factual metadata only; commercial rights pending; no archived capture,,"{""archive_url"":""not_found_in_consulted_sources"",""archived_at"":""not_found_in_consulted_sources""}"
snapshot_59fd57c70bcfd958,src_86ca81a8405c10a9,https://www.festival-cannes.com/catalogueofficiel/en/61-PARTENAIRES-OFFICIELS-OFFICIAL-PARTNERS.html,,,2026-09-28,application/json,evidence/src_86ca81a8405c10a9.json,5dda90c87007cea1cfef44625a0be767fcc3d726137c576b7a04b5016d6f85fd,factual_extract_and_own_summary,research factual metadata only; commercial rights pending; no archived capture,,"{""archive_url"":""not_found_in_consulted_sources"",""archived_at"":""not_found_in_consulted_sources""}"
snapshot_976cc9602b46bed1,src_8b2cfb4a9e111db3,https://www.festival-cannes.com/catalogueofficiel/en/99-FOURNISSEURS-OFFICIELS-OFFICIAL-SUPPLIERS.html,,,2026-09-28,application/json,evidence/src_8b2cfb4a9e111db3.json,8985d8b657ab63613b9d2f301462aa64e6fec847fdad84d5702439c1087b1be6,factual_extract_and_own_summary,research factual metadata only; commercial rights pending; no archived capture,,"{""archive_url"":""not_found_in_consulted_sources"",""archived_at"":""not_found_in_consulted_sources""}"
snapshot_328ed65df35315ec,src_104b14c867f63719,https://www.festival-cannes.com/en/press/press-releases/cannes-2026-global-visibility-in-service-of-cinema/,,,2026-09-28,application/json,evidence/src_104b14c867f63719.json,0bd2b6306002cc9fc874418452fedea3027951dbb1f697ba40e1675f39b6241a,factual_extract_and_own_summary,research factual metadata only; commercial rights pending; no archived capture,,"{""archive_url"":""not_found_in_consulted_sources"",""archived_at"":""not_found_in_consulted_sources""}"
snapshot_601219ba8d9da502,src_7e720eba9a9905db,https://www.festival-cannes.com/en/2026/the-festivals-official-selection-coming-to-a-screen-near-you/,,,2026-09-28,application/json,evidence/src_7e720eba9a9905db.json,fc48b92cfc9b68e9cc0f1971710d02d06646a13683db6085f020f7d764fe8106,factual_extract_and_own_summary,research factual metadata only; commercial rights pending; no archived capture,,"{""archive_url"":""not_found_in_consulted_sources"",""archived_at"":""not_found_in_consulted_sources""}"
snapshot_c11d3a233fde3011,src_428ea3c8a8bf12ab,https://luma.com/n392htif,,,2026-09-28,application/json,evidence/src_428ea3c8a8bf12ab.json,6d048b3481181aa924c4164dd520d6adc8e3af5e90ee1b4a8f19d321b9d963db,factual_extract_and_own_summary,research factual metadata only; commercial rights pending; no archived capture,,"{""archive_url"":""not_found_in_consulted_sources"",""archived_at"":""not_found_in_consulted_sources""}"
snapshot_ee48c455ff86060f,src_8b1eecd3abdb841b,https://luma.com/epoch,,,2026-09-28,application/json,evidence/src_8b1eecd3abdb841b.json,98df76065109adc7a81898656ba81eb8e6b779f270e46916732881a54e7f5750,factual_extract_and_own_summary,research factual metadata only; commercial rights pending; no archived capture,,"{""archive_url"":""not_found_in_consulted_sources"",""archived_at"":""not_found_in_consulted_sources""}"
snapshot_1dedae18cf5eb936,src_45d9487cab564c74,https://luma.com/rw5es9nz?locale=pt,,,2026-09-28,application/json,evidence/src_45d9487cab564c74.json,d1d5f2ad6129bd00f57c969d7d25af8023fc1d26abde61c29bb362fc9c12847c,factual_extract_and_own_summary,research factual metadata only; commercial rights pending; no archived capture,,"{""archive_url"":""not_found_in_consulted_sources"",""archived_at"":""not_found_in_consulted_sources""}"
snapshot_c15782c3dac76138,src_824df2ea58e7c23e,https://prefeitura.sp.gov.br/web/cultura/w/s%C3%A3o-paulo-recebe-workshop-internacional-aberto-ao-p%C3%BAblico-na-biblioteca-m%C3%A1rio-de-andrade,,,2026-09-28,application/json,evidence/src_824df2ea58e7c23e.json,65fce5090b42fa59b16903e72c55658ce9e1850959b84e5e59e417220f9db690,factual_extract_and_own_summary,research factual metadata only; commercial rights pending; no archived capture,,"{""archive_url"":""not_found_in_consulted_sources"",""archived_at"":""not_found_in_consulted_sources""}"
snapshot_87cf5f94453e08f8,src_a82c3b73de2356a8,https://www.nationalgallery.sg/sg/en/workshops/Off-World--Painting-Workshop-by-ZERO.html,,,2026-09-28,application/json,evidence/src_a82c3b73de2356a8.json,ebe813d7be270031611bc475a5d38b06a847e4b7cd75c0b24f6b5e1f0c00867e,factual_extract_and_own_summary,research factual metadata only; commercial rights pending; no archived capture,,"{""archive_url"":""not_found_in_consulted_sources"",""archived_at"":""not_found_in_consulted_sources""}"
snapshot_529c3dc120c925a5,src_9484ede08fca8274,https://www.cccb.org/es/w/actividades/taller-en-el-cccb-barcelona,,,2026-09-28,application/json,evidence/src_9484ede08fca8274.json,09291dfe4902b8a3cd5e1d9ed9d89101aadf9bcf29089babafc7a73b0bb9438b,factual_extract_and_own_summary,research factual metadata only; commercial rights pending; no archived capture,,"{""archive_url"":""not_found_in_consulted_sources"",""archived_at"":""not_found_in_consulted_sources""}"
snapshot_67d504d814aab337,src_2c6e0ea38ce82045,https://www.cccb.org/es/w/actividades/el-siglo-xviii,,,2026-09-28,application/json,evidence/src_2c6e0ea38ce82045.json,7263985b041b1e8be68ac56cd8db90c3715f5a626248e8a2b7d3e5b49339cbbe,factual_extract_and_own_summary,research factual metadata only; commercial rights pending; no archived capture,,"{""archive_url"":""not_found_in_consulted_sources"",""archived_at"":""not_found_in_consulted_sources""}"
snapshot_c49505881af0ecde,src_01a0254bee3d60f9,https://www.cccb.org/es/w/actividades/la-divina-comedia-iii-paraiso,,,2026-09-28,application/json,evidence/src_01a0254bee3d60f9.json,cc2d72fc8e92648afcbd178dd0756bdeed320bb3e01d266e96de07e656b4ea66,factual_extract_and_own_summary,research factual metadata only; commercial rights pending; no archived capture,,"{""archive_url"":""not_found_in_consulted_sources"",""archived_at"":""not_found_in_consulted_sources""}"
snapshot_99c0a68639fec3f6,src_1984bb6e239f5faf,https://www.cccb.org/es/w/actividades/leviatan-de-thomas-hobbes,,,2026-09-28,application/json,evidence/src_1984bb6e239f5faf.json,58c7570b3e80889b1aef0ec3181d5b9a32fcf071c17dc4c46b39d468b1d3a54f,factual_extract_and_own_summary,research factual metadata only; commercial rights pending; no archived capture,,"{""archive_url"":""not_found_in_consulted_sources"",""archived_at"":""not_found_in_consulted_sources""}"
snapshot_b88791a667556ef0,src_05ea1a4f87db45c8,https://capetownmarathon.com/cancellation-timeline-of-the-2025-sanlam-cape-town-marathon/,,,2026-09-28,application/json,evidence/src_05ea1a4f87db45c8.json,44ab4303428fe12d837285cbed8c94d7f45e79e1ab57b29e56edf8e43fdbc0b5,factual_extract_and_own_summary,research factual metadata only; commercial rights pending; no archived capture,,"{""archive_url"":""not_found_in_consulted_sources"",""archived_at"":""not_found_in_consulted_sources""}"
snapshot_ff75daf11424454d,src_c197bc3cd21a33f3,https://capetownmarathon.com/most-successful-sanlam-cape-town-marathon-sets-scene-for-majors-status/,,,2026-09-28,application/json,evidence/src_c197bc3cd21a33f3.json,ab65f768bea7aa02e22fc1bef2c58c2d8b7295bea4c05acb6a05023952c2e1bd,factual_extract_and_own_summary,research factual metadata only; commercial rights pending; no archived capture,,"{""archive_url"":""not_found_in_consulted_sources"",""archived_at"":""not_found_in_consulted_sources""}"
snapshot_18e691f88ff3571c,src_eb2cb64c1e8d2670,https://capetownmarathon.com/africas1stmajor/,,,2026-09-28,application/json,evidence/src_eb2cb64c1e8d2670.json,92da49cb56bbd7b2e3ac73206d2564d270c4b3592f791d71c3f4aaf07970b0d2,factual_extract_and_own_summary,research factual metadata only; commercial rights pending; no archived capture,,"{""archive_url"":""not_found_in_consulted_sources"",""archived_at"":""not_found_in_consulted_sources""}"
snapshot_eddf2254372977fa,src_1661ab9ef39ed6d0,https://capetownmarathon.com/FAQ/,,,2026-09-28,application/json,evidence/src_1661ab9ef39ed6d0.json,b7169bc20a6a9eb7d26d458524e2f5552d6660996093c2fbbe06edf0730dad64,factual_extract_and_own_summary,research factual metadata only; commercial rights pending; no archived capture,,"{""archive_url"":""not_found_in_consulted_sources"",""archived_at"":""not_found_in_consulted_sources""}"
snapshot_71c29b20d92dc869,src_0ccd82271b8f4a8f,https://www.alliancefr.org/event/cine-club-pierrot-le-fou-20-01-2022-20-01-2022-272/register,,,2026-09-28,application/json,evidence/src_0ccd82271b8f4a8f.json,117186dac0f9f89943c83da187585cbefd72f13968d11cb149cca7589a1a79e0,factual_extract_and_own_summary,research factual metadata only; commercial rights pending; no archived capture,,"{""archive_url"":""not_found_in_consulted_sources"",""archived_at"":""not_found_in_consulted_sources""}"
snapshot_5a3865622f85462f,src_f5fb805989fbd1c2,https://www.alliancefr.org/event/rencontre-litteraire-en-francais-dans-le-texte-lilia-hassaine-27-01-2022-27-01-2022-273/register,,,2026-09-28,application/json,evidence/src_f5fb805989fbd1c2.json,83d9a98cfd93ee68ac6ed867c4a70221783707c799c562035bd424d086dc15f7,factual_extract_and_own_summary,research factual metadata only; commercial rights pending; no archived capture,,"{""archive_url"":""not_found_in_consulted_sources"",""archived_at"":""not_found_in_consulted_sources""}"
snapshot_bff163927e249483,src_44803fb30e78619b,https://www.alliancefr.org/event/alliance-cafe-bienvenue-a-paris-03-02-2022-03-02-2022-941/register,,,2026-09-28,application/json,evidence/src_44803fb30e78619b.json,513462ca8d85dff1dd5596ce497f84afb5b631cddc2a3611deec4aa131d13cc0,factual_extract_and_own_summary,research factual metadata only; commercial rights pending; no archived capture,,"{""archive_url"":""not_found_in_consulted_sources"",""archived_at"":""not_found_in_consulted_sources""}"
snapshot_0b0712471357a635,src_4bd3767dc187ae9b,https://hst.mit.edu/news-events/twihst/volume-24-number-32,,,2026-09-28,application/json,evidence/src_4bd3767dc187ae9b.json,6b2b976ffb9797e1eb93de6a71dcef427f24113daf4f31edeb57f577db74fe27,factual_extract_and_own_summary,research factual metadata only; commercial rights pending; no archived capture,,"{""archive_url"":""not_found_in_consulted_sources"",""archived_at"":""not_found_in_consulted_sources""}"
snapshot_a4d490776f7cd10b,src_489edf7babf8d40b,https://calendar.mit.edu/event/patent_law_essentials_what_scientists_engineers_entrepreneurs_need_to_know_1544,,,2026-09-28,application/json,evidence/src_489edf7babf8d40b.json,e2867c6453d117cd6d3032faaa8551f41ee2d3837ad5f2435edd8e201ad740a3,factual_extract_and_own_summary,research factual metadata only; commercial rights pending; no archived capture,,"{""archive_url"":""not_found_in_consulted_sources"",""archived_at"":""not_found_in_consulted_sources""}"
snapshot_40539da1b0a39718,src_35104009f6b928d4,https://www.redfoot.productions/events,,,2026-09-28,application/json,evidence/src_35104009f6b928d4.json,5c012e651924845d90e9f6509370b4927c69b6bfa607d6bf39bf6e5cadd9be8f,factual_extract_and_own_summary,research factual metadata only; commercial rights pending; no archived capture,,"{""archive_url"":""not_found_in_consulted_sources"",""archived_at"":""not_found_in_consulted_sources""}"
snapshot_b6e56cea704e4d5a,src_a4893c3147c8fd7e,https://www.whartonclubncr.org/pub_outside_penn_20230727,,,2026-09-28,application/json,evidence/src_a4893c3147c8fd7e.json,e2c361611bfe1d020daf1a56210a69866b4ee2be2029b08e566dd5b0abfeda82,factual_extract_and_own_summary,research factual metadata only; commercial rights pending; no archived capture,,"{""archive_url"":""not_found_in_consulted_sources"",""archived_at"":""not_found_in_consulted_sources""}"
snapshot_30d9ec8f87f63920,src_b25ccbc91f956ec9,https://www.st-aug.edu/event/student-entrepreneurship-passport-program-business-plans-and-the-wonders-of-ai/,,,2026-09-28,application/json,evidence/src_b25ccbc91f956ec9.json,3eb8c41f56800287bc5b0a537e9f581fae58be79c9c8b4dcb8014bfc82332760,factual_extract_and_own_summary,research factual metadata only; commercial rights pending; no archived capture,,"{""archive_url"":""not_found_in_consulted_sources"",""archived_at"":""not_found_in_consulted_sources""}"
snapshot_428a95568a00e9b8,src_941f3a7a585fcc8e,https://circular-library.com/blogs/news/diy-upcycling-workshop,,,2026-09-28,application/json,evidence/src_941f3a7a585fcc8e.json,900de966afd7a21813c4f8444cd3861a0e5c79274ddc3eb927177ca57465c9f0,factual_extract_and_own_summary,research factual metadata only; commercial rights pending; no archived capture,,"{""archive_url"":""not_found_in_consulted_sources"",""archived_at"":""not_found_in_consulted_sources""}"
snapshot_b148d7a2fa598a52,src_2905bc9fd949e366,https://tezos.com/media-center/2025/howl-camera/,,,2026-09-28,application/json,evidence/src_2905bc9fd949e366.json,031643cad87f948e67e0092b29e2b0dfae63a4894cfc5d9b7f24b013a3ffd575,factual_extract_and_own_summary,research factual metadata only; commercial rights pending; no archived capture,,"{""archive_url"":""not_found_in_consulted_sources"",""archived_at"":""not_found_in_consulted_sources""}"
snapshot_4d454c8d4bc228d7,src_cc8bdd6e528a8f0f,https://www.acmi.net.au/education/projects-partnerships/,,,2026-09-28,application/json,evidence/src_cc8bdd6e528a8f0f.json,6de74bd0699d188ae6412492b800009f509a86e91599730c2deb76e41b038d06,factual_extract_and_own_summary,research factual metadata only; commercial rights pending; no archived capture,,"{""archive_url"":""not_found_in_consulted_sources"",""archived_at"":""not_found_in_consulted_sources""}"
snapshot_cb574183241fed99,src_138fa60f9d7ea4fe,https://www.acmi.net.au/education/projects-partnerships/lgbtqia-young-filmmakers/,,,2026-09-28,application/json,evidence/src_138fa60f9d7ea4fe.json,21e7126c0b0cc7c68e8e275d5ff5ac6c1223a5ece0900bb067373150cc186df2,factual_extract_and_own_summary,research factual metadata only; commercial rights pending; no archived capture,,"{""archive_url"":""not_found_in_consulted_sources"",""archived_at"":""not_found_in_consulted_sources""}"
snapshot_4f72da4f534901bc,src_1ef6dcb4a983d5ad,https://www.acmi.net.au/education/projects-partnerships/we-will-slam-you/,,,2026-09-28,application/json,evidence/src_1ef6dcb4a983d5ad.json,b5d23c55cadbebe59466d473d63d7f41d292731963510c604912552f6dbd8c7f,factual_extract_and_own_summary,research factual metadata only; commercial rights pending; no archived capture,,"{""archive_url"":""not_found_in_consulted_sources"",""archived_at"":""not_found_in_consulted_sources""}"
snapshot_392f3acffe198932,src_98b1ed7abbea556b,https://www.acmi.net.au/education/projects-partnerships/ai-hackathon/,,,2026-09-28,application/json,evidence/src_98b1ed7abbea556b.json,4a0dd9ac31d039b48579506081000d3f8c6ba8038c5ba18c84ced86367e72f9b,factual_extract_and_own_summary,research factual metadata only; commercial rights pending; no archived capture,,"{""archive_url"":""not_found_in_consulted_sources"",""archived_at"":""not_found_in_consulted_sources""}"
snapshot_796c9db7043aa704,src_e52494567c98a526,https://capetownmarathon.com/sanlam-renews-title-sponsorship/,,,2026-09-28,application/json,evidence/src_e52494567c98a526.json,1b3560cb53ef350fae8edc02fe4cf79c1a55e6a2249551f83333f684f4be1790,factual_extract_and_own_summary,research factual metadata only; commercial rights pending; no archived capture,,"{""archive_url"":""not_found_in_consulted_sources"",""archived_at"":""not_found_in_consulted_sources""}"
snapshot_a7f3ba8c6587a2bd,src_be561bf293635cd2,https://capetownmarathon.com/history-of-the-sanlam-cape-town-marathon/,,,2026-09-28,application/json,evidence/src_be561bf293635cd2.json,40fe3be52ba88b7650030818687e60e45e58756e56f7767631a0f39ce5e20569,factual_extract_and_own_summary,research factual metadata only; commercial rights pending; no archived capture,,"{""archive_url"":""not_found_in_consulted_sources"",""archived_at"":""not_found_in_consulted_sources""}"
snapshot_481971eebdf695b6,src_79e817c41d230299,https://capetownmarathon.com/sanlam-cape-town-marathon-marks-return-to-mass-participation-events/,,,2026-09-28,application/json,evidence/src_79e817c41d230299.json,589312dbde709dd44e034ac6905a2c0b1ae2f9b32af9f643d0f5f95d27cd7250,factual_extract_and_own_summary,research factual metadata only; commercial rights pending; no archived capture,,"{""archive_url"":""not_found_in_consulted_sources"",""archived_at"":""not_found_in_consulted_sources""}"
snapshot_c556d1c40de7ce35,src_b8dc91bb87629b21,https://capetownmarathon.com/sanlam-cape-town-marathons-revised-route-gets-go-ahead/,,,2026-09-28,application/json,evidence/src_b8dc91bb87629b21.json,c94a211f7e3002c9af6a1260acbcc1d62093e4acd2b4efd86ed03389d7d88893,factual_extract_and_own_summary,research factual metadata only; commercial rights pending; no archived capture,,"{""archive_url"":""not_found_in_consulted_sources"",""archived_at"":""not_found_in_consulted_sources""}"
snapshot_ed19f3abbc542a6e,src_3d2ed13e43dcb327,https://capetownmarathon.com/schipper-and-rainbow-cooper-victorious-in-sanlam-cape-town-marathon-wheelchair-races/,,,2026-09-28,application/json,evidence/src_3d2ed13e43dcb327.json,91ea0281ea5243ab3819716e7b56ccde62f24074c7438987bc9b0010467289f1,factual_extract_and_own_summary,research factual metadata only; commercial rights pending; no archived capture,,"{""archive_url"":""not_found_in_consulted_sources"",""archived_at"":""not_found_in_consulted_sources""}"
snapshot_bce66886aa9d7ae7,src_23867c841c6871d9,https://capetownmarathon.com/glenrose-xaba-shatters-records/,,,2026-09-28,application/json,evidence/src_23867c841c6871d9.json,a0c8e5be246c8d9e0512951587c20e1cf88de04299b50f06b1b66facd9d46563,factual_extract_and_own_summary,research factual metadata only; commercial rights pending; no archived capture,,"{""archive_url"":""not_found_in_consulted_sources"",""archived_at"":""not_found_in_consulted_sources""}"
snapshot_313cac0b5850a940,src_b64c9533a7414c0c,https://buenosaires.gob.ar/semanadelarte/semana-del-arte-2021,,,2026-09-28,application/json,evidence/src_b64c9533a7414c0c.json,2db75053208650ab90df76e151ce74b60dd1282bcd33ccc6d9189994e88ff294,factual_extract_and_own_summary,research factual metadata only; commercial rights pending; no archived capture,,"{""archive_url"":""not_found_in_consulted_sources"",""archived_at"":""not_found_in_consulted_sources""}"
snapshot_e85d8d94bd6e1922,src_0cfff74941d71d2c,https://buenosaires.gob.ar/sites/default/files/media/document/2022/08/17/694513bc7addb3de09142fe05a5f2d1783002955.pdf,,,2026-09-28,application/json,evidence/src_0cfff74941d71d2c.json,10e7c00d7c803ddfa86152cfc7f09c9923bf7ea10d6f6c694fa62dafd664a768,factual_extract_and_own_summary,research factual metadata only; commercial rights pending; no archived capture,,"{""archive_url"":""not_found_in_consulted_sources"",""archived_at"":""not_found_in_consulted_sources""}"
snapshot_92fad6af7f0043a3,src_1130acc33a386197,https://www.nationalgallery.sg/sg/en/festivals/Slow-Saturday/Sunset-Yoga-and-Sound-Bath.html,,,2026-09-28,application/json,evidence/src_1130acc33a386197.json,510cff10e7021562bbe0bd8d840ffd6ae721d547f13153c738283a43ff0615b8,factual_extract_and_own_summary,research factual metadata only; commercial rights pending; no archived capture,,"{""archive_url"":""not_found_in_consulted_sources"",""archived_at"":""not_found_in_consulted_sources""}"
snapshot_28dd424f555448dd,src_ce817c34de050404,https://ccelima.aecid.es/-/ecodoc-taller-de-documentales,,,2026-09-28,application/json,evidence/src_ce817c34de050404.json,d3c9ece3c0dd6e91e29adc50d32212eb3fd4a6d322979f7ee4899f79fba6957f,factual_extract_and_own_summary,research factual metadata only; commercial rights pending; no archived capture,,"{""archive_url"":""not_found_in_consulted_sources"",""archived_at"":""not_found_in_consulted_sources""}"
snapshot_b6527e7fffb22a9a,src_f70ed47bfb8862ce,https://ccetegucigalpa.aecid.es/-/taller-de-formulaci%C3%B3n-de-proyectos-para-iberescena,,,2026-09-28,application/json,evidence/src_f70ed47bfb8862ce.json,b4fb87f01aca0115ac88493bbb4745f6d10e32f93f77f02fc109f456bd868ae8,factual_extract_and_own_summary,research factual metadata only; commercial rights pending; no archived capture,,"{""archive_url"":""not_found_in_consulted_sources"",""archived_at"":""not_found_in_consulted_sources""}"
snapshot_138f16f65a9f0b31,src_458ea6e80dec3550,https://platform.industrialtransformationafrica.com/?lang=en,,,2026-09-28,application/json,evidence/src_458ea6e80dec3550.json,ec18a41bff1ccc61ad27fba47c5b64105479aa6175efb57ae94674d7ccc4a370,factual_extract_and_own_summary,research factual metadata only; commercial rights pending; no archived capture,,"{""archive_url"":""not_found_in_consulted_sources"",""archived_at"":""not_found_in_consulted_sources""}"
snapshot_6007aeed38c560f0,src_99776e9d21f0c33b,https://industrial-transformation.com/itap-2026-home/,,,2026-09-28,application/json,evidence/src_99776e9d21f0c33b.json,ec9a41ed309344e023d74bd73df33c828f75ab00cae57bb7b240d3eb09cb8d78,factual_extract_and_own_summary,research factual metadata only; commercial rights pending; no archived capture,,"{""archive_url"":""not_found_in_consulted_sources"",""archived_at"":""not_found_in_consulted_sources""}"
snapshot_1c13abddad08e4fa,src_d0128bd34c5d6c43,https://www.suntecsingapore.com/event/itap-2026,,,2026-09-28,application/json,evidence/src_d0128bd34c5d6c43.json,093766c0dcefbc860f3bd417c6dd3e3aa058932cb7f8589fe72eb61bb5290864,factual_extract_and_own_summary,research factual metadata only; commercial rights pending; no archived capture,,"{""archive_url"":""not_found_in_consulted_sources"",""archived_at"":""not_found_in_consulted_sources""}"
snapshot_2ae825058280f16f,src_31f8b7b982f01d4b,https://en.cemat-asia.com/index-en.html,,,2026-09-28,application/json,evidence/src_31f8b7b982f01d4b.json,6c921cc45b791e7ba3ea233d961e6f58dbed94e1d919661b84c6f13a87fe9b71,factual_extract_and_own_summary,research factual metadata only; commercial rights pending; no archived capture,,"{""archive_url"":""not_found_in_consulted_sources"",""archived_at"":""not_found_in_consulted_sources""}"
snapshot_0bab329d85ca20aa,src_e99fd95866866c30,https://www.ptc-asia.com/index-en.html,,,2026-09-28,application/json,evidence/src_e99fd95866866c30.json,ddc92120a67114ec7f6c9154110eb84ab44744c0fac04cf814ed6cfa00cb4f37,factual_extract_and_own_summary,research factual metadata only; commercial rights pending; no archived capture,,"{""archive_url"":""not_found_in_consulted_sources"",""archived_at"":""not_found_in_consulted_sources""}"
snapshot_8fb020dbeef65c71,src_fc14a66a9ac54d2e,https://www.ptc-asia.com/about_us/show-en_509.html,,,2026-09-28,application/json,evidence/src_fc14a66a9ac54d2e.json,83a789623d2db0c9cd3499934f8fdd8a20bc0c1f3ae5bfa9f2e07c0c7f51c183,factual_extract_and_own_summary,research factual metadata only; commercial rights pending; no archived capture,,"{""archive_url"":""not_found_in_consulted_sources"",""archived_at"":""not_found_in_consulted_sources""}"
snapshot_00a39a49aaf4d551,src_94bfd0c276ad3393,https://www.comvac-asia.com/index-en-en.html,,,2026-09-28,application/json,evidence/src_94bfd0c276ad3393.json,d825528f8bb0261d96c3c290212e191b0329976d4c7382bdebeccb4d77045d1d,factual_extract_and_own_summary,research factual metadata only; commercial rights pending; no archived capture,,"{""archive_url"":""not_found_in_consulted_sources"",""archived_at"":""not_found_in_consulted_sources""}"
snapshot_c8e464fd83243334,src_27d8b25a787709b9,https://selangorsummit.com/event-components/selangor-techsphere-summit/,,,2026-09-28,application/json,evidence/src_27d8b25a787709b9.json,2c48e9800b6f755201de75527999b1115a68bbb89e9f9fbab9e6afc14c60bdaf,factual_extract_and_own_summary,research factual metadata only; commercial rights pending; no archived capture,,"{""archive_url"":""not_found_in_consulted_sources"",""archived_at"":""not_found_in_consulted_sources""}"
snapshot_4e98dd776b951da9,src_46075fc3fa4fa5d7,https://logisticsautomation.co.nz/show/2026/,,,2026-09-28,application/json,evidence/src_46075fc3fa4fa5d7.json,4d84b4d5683701730cdcc9271753f6a66e3b21958d8f534c4da1c76016f151e9,factual_extract_and_own_summary,research factual metadata only; commercial rights pending; no archived capture,,"{""archive_url"":""not_found_in_consulted_sources"",""archived_at"":""not_found_in_consulted_sources""}"
snapshot_0f84b7b216cfbc37,src_64b3a486b6506f1f,https://www.indosupplychain.com/,,,2026-09-28,application/json,evidence/src_64b3a486b6506f1f.json,710b627d6aaee84e7e6e7ad667268787b8756525e9caa172e09211cb60fffe85,factual_extract_and_own_summary,research factual metadata only; commercial rights pending; no archived capture,,"{""archive_url"":""not_found_in_consulted_sources"",""archived_at"":""not_found_in_consulted_sources""}"
snapshot_65ccf7c06b9a3a75,src_5bd171769cfecf9d,https://industrialtransformation.mx/en/,,,2026-09-28,application/json,evidence/src_5bd171769cfecf9d.json,0caac0fa73755a1988d8ada495b3c2d0da6a66599db360762c361060468a9dd8,factual_extract_and_own_summary,research factual metadata only; commercial rights pending; no archived capture,,"{""archive_url"":""not_found_in_consulted_sources"",""archived_at"":""not_found_in_consulted_sources""}"
snapshot_cc0b9a5401982672,src_f07cb6f2688d8881,https://industrialtransformation.mx/wp-content/uploads/2026/04/Exhibitor-Form-2026.pdf,,,2026-09-28,application/json,evidence/src_f07cb6f2688d8881.json,c00558077098af19add58aad2b0b40e71521cbcbd7da59d08f9ee8b6b82b39d4,factual_extract_and_own_summary,research factual metadata only; commercial rights pending; no archived capture,,"{""archive_url"":""not_found_in_consulted_sources"",""archived_at"":""not_found_in_consulted_sources""}"
snapshot_b841427613d3b047,src_1a48a6817e196a1e,https://industrialtransformationsaudi.com/,,,2026-09-28,application/json,evidence/src_1a48a6817e196a1e.json,ccd40a0aa490bf5c5f9d43e1b1209b942279270e428b97c2e1e480ce58ae6d42,factual_extract_and_own_summary,research factual metadata only; commercial rights pending; no archived capture,,"{""archive_url"":""not_found_in_consulted_sources"",""archived_at"":""not_found_in_consulted_sources""}"
snapshot_97e846eb222877db,src_511603b12efecae4,https://www.intralogistica-italia.com/sono-aperte-le-iscrizioni-a-intralogistica-italia-2028/,,,2026-09-28,application/json,evidence/src_511603b12efecae4.json,f7b850f60f022f2e6b062d38b6278f4ffba2f8a50ec433f8b4e933e66c4ddf71,factual_extract_and_own_summary,research factual metadata only; commercial rights pending; no archived capture,,"{""archive_url"":""not_found_in_consulted_sources"",""archived_at"":""not_found_in_consulted_sources""}"
snapshot_b972b4f9ca391678,src_714e6bc3ff5a0748,https://ifm.com.tr/tr/fuarlar/how-hub-of-warehouse-yeni-nesil-depo-sistemleri-ve-ic-lojistik-fuari-2027,,,2026-09-28,application/json,evidence/src_714e6bc3ff5a0748.json,377a03414c5856e450182f34269bd737c3d8fef342521295435577f8c892d592,factual_extract_and_own_summary,research factual metadata only; commercial rights pending; no archived capture,,"{""archive_url"":""not_found_in_consulted_sources"",""archived_at"":""not_found_in_consulted_sources""}"
snapshot_f347c961baec148c,src_84712454687f7b4b,https://ias.pwee.cn/,,,2026-09-28,application/json,evidence/src_84712454687f7b4b.json,7fddf4151ea9b863a9a085eee29b1a556c2c81de924f1b77783ace961dac6912,factual_extract_and_own_summary,research factual metadata only; commercial rights pending; no archived capture,,"{""archive_url"":""not_found_in_consulted_sources"",""archived_at"":""not_found_in_consulted_sources""}"
snapshot_5c6844a75b8bc082,src_eb3dc5a6a049788a,https://www.hannovermesse.de/en/for-visitors/tickets/index-2,,,2026-09-28,application/json,evidence/src_eb3dc5a6a049788a.json,5d3d0f8e8afe1d217b5bcd693a4c60f8330f3f732c573d3907f420972fefffc2,factual_extract_and_own_summary,research factual metadata only; commercial rights pending; no archived capture,,"{""archive_url"":""not_found_in_consulted_sources"",""archived_at"":""not_found_in_consulted_sources""}"
snapshot_e7bf7d9dbc62b943,src_4298e7009542f090,https://cdiif.com/en/,,,2026-09-28,application/json,evidence/src_4298e7009542f090.json,bfcd7dc59e199bd18546724458cf73d0fc2493f907f1600888823e0a07a3073b,factual_extract_and_own_summary,research factual metadata only; commercial rights pending; no archived capture,,"{""archive_url"":""not_found_in_consulted_sources"",""archived_at"":""not_found_in_consulted_sources""}"
snapshot_000de40754367d32,src_f2c1ef1edc7c0079,https://cdiif.com/,,,2026-09-28,application/json,evidence/src_f2c1ef1edc7c0079.json,214eccdd01d41ee41dbf344a4ade23db4a755353f1b2e740821e5c2281922d4b,factual_extract_and_own_summary,research factual metadata only; commercial rights pending; no archived capture,,"{""archive_url"":""not_found_in_consulted_sources"",""archived_at"":""not_found_in_consulted_sources""}"
snapshot_77218798a8246d8d,src_45097e4969dc4031,https://www.buchmesse.de/en/visit/fair-guide,,,2026-09-28,application/json,evidence/src_45097e4969dc4031.json,9d0b7af482e1b1a19dac19ef40df94d2c74aa02677da70529204c9d5353ad57a,factual_extract_and_own_summary,research factual metadata only; commercial rights pending; no archived capture,,"{""archive_url"":""not_found_in_consulted_sources"",""archived_at"":""not_found_in_consulted_sources""}"
snapshot_51ee51ed72774801,src_f98d87523f742553,https://www.buchmesse.de/en/about-us/contact,,,2026-09-28,application/json,evidence/src_f98d87523f742553.json,e3784cb3b1e8e6a1638b381307fea069d2b353fb0797e79437795dfc0b9d631a,factual_extract_and_own_summary,research factual metadata only; commercial rights pending; no archived capture,,"{""archive_url"":""not_found_in_consulted_sources"",""archived_at"":""not_found_in_consulted_sources""}"
snapshot_6f280017b4fc1d47,src_734b81bf82dd3f64,https://capetownmarathon.com/,,,2026-09-28,application/json,evidence/src_734b81bf82dd3f64.json,34bf27001949ac7fecaf4f9814c2a6d34d953bfdb5f7e6514a35a0274885f18a,factual_extract_and_own_summary,research factual metadata only; commercial rights pending; no archived capture,,"{""archive_url"":""not_found_in_consulted_sources"",""archived_at"":""not_found_in_consulted_sources""}"
snapshot_090350e5cb69560e,src_f402d36a48ea4259,https://www.hannovermesse.de/files/files/001/media/globale-bilder-downloads/presse/auslandsveranstaltungen/industry-logistic-worldwide-flyer.pdf,,,2026-09-28,application/json,evidence/src_f402d36a48ea4259.json,dfa8db91325f37fcc44e4fca66fc14771c7911d26143170807e3a2a3c30583da,factual_extract_and_own_summary,research factual metadata only; commercial rights pending; no archived capture,,"{""archive_url"":""not_found_in_consulted_sources"",""archived_at"":""not_found_in_consulted_sources""}"
snapshot_50a0852bbee4e44f,src_4fc539f4fb130a78,https://www.postgresql.org/docs/current/datatype-json.html,,,2026-09-28,application/json,evidence/src_4fc539f4fb130a78.json,ebe6fa1a9d7bdec8fc1d9b96062d30026cb742de353361bb3ad1b91676871ac0,factual_extract_and_own_summary,research factual metadata only; commercial rights pending; no archived capture,,"{""archive_url"":""not_found_in_consulted_sources"",""archived_at"":""not_found_in_consulted_sources""}"
snapshot_c96b8f3ddafa5df4,src_e9846041ce1ffd3e,https://www.postgresql.org/docs/current/ddl-rowsecurity.html,,,2026-09-28,application/json,evidence/src_e9846041ce1ffd3e.json,8e12a16f809e4dec9e28837cfc9005a6aebafa881404f2e95db1d303fe6dfc7a,factual_extract_and_own_summary,research factual metadata only; commercial rights pending; no archived capture,,"{""archive_url"":""not_found_in_consulted_sources"",""archived_at"":""not_found_in_consulted_sources""}"
snapshot_fbd1011322365475,src_524f4ebd0581208c,https://www.postgresql.org/docs/current/textsearch-indexes.html,,,2026-09-28,application/json,evidence/src_524f4ebd0581208c.json,51c4c59495fe38ee7ed73f710ea175b598df47ceb877b7f23e88c42064b0d275,factual_extract_and_own_summary,research factual metadata only; commercial rights pending; no archived capture,,"{""archive_url"":""not_found_in_consulted_sources"",""archived_at"":""not_found_in_consulted_sources""}"
snapshot_a2574d490446f55a,src_b58aa0a8cdf3a6fd,https://www.postgresql.org/docs/current/pgtrgm.html,,,2026-09-28,application/json,evidence/src_b58aa0a8cdf3a6fd.json,ed725c66a6f832a2e5df4212ebc4208792ad5cb3b01920230b99b618da09e391,factual_extract_and_own_summary,research factual metadata only; commercial rights pending; no archived capture,,"{""archive_url"":""not_found_in_consulted_sources"",""archived_at"":""not_found_in_consulted_sources""}"
snapshot_e585f2b618b8efb1,src_c5f2c6c39c63757b,https://github.com/pgvector/pgvector,,,2026-09-28,application/json,evidence/src_c5f2c6c39c63757b.json,5a9ebd59326cf3455123f7261cdbc991e62671abdbc009b5d2de3b5eec5bb351,factual_extract_and_own_summary,research factual metadata only; commercial rights pending; no archived capture,,"{""archive_url"":""not_found_in_consulted_sources"",""archived_at"":""not_found_in_consulted_sources""}"
snapshot_65ea9da7c7462852,src_f8c975e3de5644f4,https://duckdb.org/docs/current/data/parquet/overview,,,2026-09-28,application/json,evidence/src_f8c975e3de5644f4.json,a1ffd69c82ceee1e352065d719574f87ac297e82876833f1a66f8b2e2d55fb63,factual_extract_and_own_summary,research factual metadata only; commercial rights pending; no archived capture,,"{""archive_url"":""not_found_in_consulted_sources"",""archived_at"":""not_found_in_consulted_sources""}"
snapshot_8db8068d8b609369,src_e9572ae691d83536,https://duckdb.org/docs/current/connect/concurrency,,,2026-09-28,application/json,evidence/src_e9572ae691d83536.json,87f8bb73658605afc1c7386a14b7fbe71f4742dd7c7c674f802c387bc1697f92,factual_extract_and_own_summary,research factual metadata only; commercial rights pending; no archived capture,,"{""archive_url"":""not_found_in_consulted_sources"",""archived_at"":""not_found_in_consulted_sources""}"
snapshot_038d62438b28904f,src_f91e99d7738cc472,https://supabase.com/pricing,,,2026-09-28,application/json,evidence/src_f91e99d7738cc472.json,2a7a7b2b5d7a7c1afc4ffcf39ec1a583fe0e31b2cce20f3b8da61885097ba9bc,factual_extract_and_own_summary,research factual metadata only; commercial rights pending; no archived capture,,"{""archive_url"":""not_found_in_consulted_sources"",""archived_at"":""not_found_in_consulted_sources""}"
snapshot_2646e4faff964381,src_11cc3887b510eb25,https://supabase.com/docs/guides/platform/manage-your-usage/compute,,,2026-09-28,application/json,evidence/src_11cc3887b510eb25.json,69d51ec5605d84e7aae6005cd06c587527972173d4ef8600a570844dbe2e0c70,factual_extract_and_own_summary,research factual metadata only; commercial rights pending; no archived capture,,"{""archive_url"":""not_found_in_consulted_sources"",""archived_at"":""not_found_in_consulted_sources""}"
snapshot_f17112ee0d3d6ee4,src_7c3fa90710ab835f,https://docs.railway.com/pricing/plans,,,2026-09-28,application/json,evidence/src_7c3fa90710ab835f.json,0755f397317c1355e67a7bf210ba95fba1fe99dc5bdaa0d0999a9c9435afc2d9,factual_extract_and_own_summary,research factual metadata only; commercial rights pending; no archived capture,,"{""archive_url"":""not_found_in_consulted_sources"",""archived_at"":""not_found_in_consulted_sources""}"
snapshot_113392411527fcff,src_422d832bdc89ca34,https://developers.cloudflare.com/r2/pricing/,,,2026-09-28,application/json,evidence/src_422d832bdc89ca34.json,efcf0e4ec78001b776de035b1d7cf2bf6b7eed481711cbdd98570bc49e9b84e3,factual_extract_and_own_summary,research factual metadata only; commercial rights pending; no archived capture,,"{""archive_url"":""not_found_in_consulted_sources"",""archived_at"":""not_found_in_consulted_sources""}"
snapshot_e27825ab310d79ce,src_e07bc6a611359c93,https://developers.cloudflare.com/r2/buckets/object-lifecycles/,,,2026-09-28,application/json,evidence/src_e07bc6a611359c93.json,fcb677a77ce40a197e89871182bfad69b506669b5795331ab98cc187b554e199,factual_extract_and_own_summary,research factual metadata only; commercial rights pending; no archived capture,,"{""archive_url"":""not_found_in_consulted_sources"",""archived_at"":""not_found_in_consulted_sources""}"
snapshot_ae99e8a92d6b24bc,src_affe2ad6daa087a8,https://neon.com/blog/major-compute-price-reduction-on-neon,,,2026-09-28,application/json,evidence/src_affe2ad6daa087a8.json,81029bd0c96d47ba43d9a306f3e17332528e0f065d9389641bf61abae734640b,factual_extract_and_own_summary,research factual metadata only; commercial rights pending; no archived capture,,"{""archive_url"":""not_found_in_consulted_sources"",""archived_at"":""not_found_in_consulted_sources""}"
snapshot_f1f7c24d9b993910,src_2034e36543ba0f16,https://neon.com/blog/new-usage-based-pricing,,,2026-09-28,application/json,evidence/src_2034e36543ba0f16.json,9162e2664adcd1c6a8075aa3faf7c38d83f2709d0a0a22e2a3257be93041bdd1,factual_extract_and_own_summary,research factual metadata only; commercial rights pending; no archived capture,,"{""archive_url"":""not_found_in_consulted_sources"",""archived_at"":""not_found_in_consulted_sources""}"
snapshot_8ce01cd970147cb4,src_f6933155ffe7164f,https://neon.com/pricing,,,2026-09-28,application/json,evidence/src_f6933155ffe7164f.json,572d69793421fa75d27d76ab6e7275903e2642032be5f58b0bd5efe2d0cc8dee,factual_extract_and_own_summary,research factual metadata only; commercial rights pending; no archived capture,,"{""archive_url"":""not_found_in_consulted_sources"",""archived_at"":""not_found_in_consulted_sources""}"
snapshot_7a7b411fb5aa8a57,src_974c63361cfe6f7a,https://neon.com/blog/building-patterns-unlocked-by-scale-to-zero,,,2026-09-28,application/json,evidence/src_974c63361cfe6f7a.json,796d7489c6fb318475948c7cfa1e133937852164a8550a396b9ac8bc33e61aaf,factual_extract_and_own_summary,research factual metadata only; commercial rights pending; no archived capture,,"{""archive_url"":""not_found_in_consulted_sources"",""archived_at"":""not_found_in_consulted_sources""}"
snapshot_dbc0bd171c36c305,src_40733682e2b9307e,https://pgboss.io/,,,2026-09-28,application/json,evidence/src_40733682e2b9307e.json,411ed6c92e170f3987996ac12aaa84b46b1ab2b26203644bf378465a1ac2545b,factual_extract_and_own_summary,research factual metadata only; commercial rights pending; no archived capture,,"{""archive_url"":""not_found_in_consulted_sources"",""archived_at"":""not_found_in_consulted_sources""}"
snapshot_ee05b30929d94d22,src_d66a025b340bbd60,https://maplibre.org/projects/gl-js/,,,2026-09-28,application/json,evidence/src_d66a025b340bbd60.json,4c1ea1abaec7a5145116542a524eb77aefb8615ffd661bb3e7ead8a9ac345ee9,factual_extract_and_own_summary,research factual metadata only; commercial rights pending; no archived capture,,"{""archive_url"":""not_found_in_consulted_sources"",""archived_at"":""not_found_in_consulted_sources""}"
snapshot_57f21c9f493a0cc3,src_01c45e012ecc2746,https://openfreemap.org/,,,2026-09-28,application/json,evidence/src_01c45e012ecc2746.json,b1f783eadd8b6a504f8abb0e3ea1d722ac4de25cc8861243356b9e7cca194727,factual_extract_and_own_summary,research factual metadata only; commercial rights pending; no archived capture,,"{""archive_url"":""not_found_in_consulted_sources"",""archived_at"":""not_found_in_consulted_sources""}"
snapshot_8b9278fc50c4be46,src_af6a86cd55d709d7,https://www.maptiler.com/cloud/pricing/,,,2026-09-28,application/json,evidence/src_af6a86cd55d709d7.json,39941836fa232420f18214851a90a32b6fc03a585278e20bb667eec3e6b037f8,factual_extract_and_own_summary,research factual metadata only; commercial rights pending; no archived capture,,"{""archive_url"":""not_found_in_consulted_sources"",""archived_at"":""not_found_in_consulted_sources""}"
snapshot_0faa8c78f986b1f1,src_49c42632cd2c0193,https://docs.maptiler.com/guides/account/sessions-vs-requests/,,,2026-09-28,application/json,evidence/src_49c42632cd2c0193.json,738cac37cbf6ca63c4011c0fa50bede4920237ba9a1c753536ad5af682494fac,factual_extract_and_own_summary,research factual metadata only; commercial rights pending; no archived capture,,"{""archive_url"":""not_found_in_consulted_sources"",""archived_at"":""not_found_in_consulted_sources""}"
snapshot_b0dd589a5514a7f1,src_ac7be35862c3a58e,https://www.maptiler.com/terms/cloud/,,,2026-09-28,application/json,evidence/src_ac7be35862c3a58e.json,7632dcea40442cd4be1b53875a5b132d3cb4b5afe6bd42e29f847d166160a929,factual_extract_and_own_summary,research factual metadata only; commercial rights pending; no archived capture,,"{""archive_url"":""not_found_in_consulted_sources"",""archived_at"":""not_found_in_consulted_sources""}"
snapshot_9211f251b1045120,src_de7bc16e80139ed4,https://www.maptiler.com/terms/,,,2026-09-28,application/json,evidence/src_de7bc16e80139ed4.json,aaed92c72f6fa4aa0cf68948940e8173863925f9b0d0b90bda8061428cc45288,factual_extract_and_own_summary,research factual metadata only; commercial rights pending; no archived capture,,"{""archive_url"":""not_found_in_consulted_sources"",""archived_at"":""not_found_in_consulted_sources""}"
snapshot_a5ea0dff8349edfe,src_08979d0f5ad63a3a,https://www.mapbox.com/pricing,,,2026-09-28,application/json,evidence/src_08979d0f5ad63a3a.json,8b34b8470b03e341777ee8f7021848723b2aee8e9cbccccb7be0a4bec539cf7c,factual_extract_and_own_summary,research factual metadata only; commercial rights pending; no archived capture,,"{""archive_url"":""not_found_in_consulted_sources"",""archived_at"":""not_found_in_consulted_sources""}"
snapshot_f7e7383fb222908c,src_a689b2599aa8a5cf,https://docs.mapbox.com/api/search/geocoding/,,,2026-09-28,application/json,evidence/src_a689b2599aa8a5cf.json,13ce5c63931e5064a9b2bad94fc6003ea7f23a63a1929e4b9dbdb5ac6c536cf4,factual_extract_and_own_summary,research factual metadata only; commercial rights pending; no archived capture,,"{""archive_url"":""not_found_in_consulted_sources"",""archived_at"":""not_found_in_consulted_sources""}"
snapshot_08cc0fa7ec569eec,src_b40433b7c9f18871,https://docs.mapbox.com/help/dive-deeper/attribution/,,,2026-09-28,application/json,evidence/src_b40433b7c9f18871.json,50f0824caaa141c2114a14cd1e8113ea2a79eb491660dd151f5dc4c7fb43bc61,factual_extract_and_own_summary,research factual metadata only; commercial rights pending; no archived capture,,"{""archive_url"":""not_found_in_consulted_sources"",""archived_at"":""not_found_in_consulted_sources""}"
snapshot_c5ed46f736f50763,src_0e99a96f6037036b,https://operations.osmfoundation.org/policies/nominatim/,,,2026-09-28,application/json,evidence/src_0e99a96f6037036b.json,a2637bc01ea6e1a503ad2872e3eafa24f030b2ed64098738c8c11a1558523bad,factual_extract_and_own_summary,research factual metadata only; commercial rights pending; no archived capture,,"{""archive_url"":""not_found_in_consulted_sources"",""archived_at"":""not_found_in_consulted_sources""}"
snapshot_2aa85491b0a56b89,src_35ebb03f0e34efc1,https://operations.osmfoundation.org/policies/tiles/,,,2026-09-28,application/json,evidence/src_35ebb03f0e34efc1.json,b7889c32db6f3dbcea6d58b0574c98f3b8e043ed3de547f87fb174d37cbf8a33,factual_extract_and_own_summary,research factual metadata only; commercial rights pending; no archived capture,,"{""archive_url"":""not_found_in_consulted_sources"",""archived_at"":""not_found_in_consulted_sources""}"
snapshot_fa69b3dff028633e,src_18a5f04e778a1af0,https://www.openstreetmap.org/copyright,,,2026-09-28,application/json,evidence/src_18a5f04e778a1af0.json,8b6ce2fdbce2e719582f61c9b04cc2e9dbce3955dc9d7171d3a28b1f77e66802,factual_extract_and_own_summary,research factual metadata only; commercial rights pending; no archived capture,,"{""archive_url"":""not_found_in_consulted_sources"",""archived_at"":""not_found_in_consulted_sources""}"
snapshot_7b3ed38edd2f129d,src_00eaf917ab1113cf,https://developers.openai.com/api/docs/pricing,,,2026-09-28,application/json,evidence/src_00eaf917ab1113cf.json,0eb450717face70a9ec7ad1917708bec94138248ca2254de985e1dc0dd6a955a,factual_extract_and_own_summary,research factual metadata only; commercial rights pending; no archived capture,,"{""archive_url"":""not_found_in_consulted_sources"",""archived_at"":""not_found_in_consulted_sources""}"
snapshot_75d32e716f613bc8,src_67b4ce9b4e6ab350,https://developers.openai.com/api/docs/models/gpt-6-astra,,,2026-09-28,application/json,evidence/src_67b4ce9b4e6ab350.json,190e051823aed2d3b858de80e18576953826571dcccca005abbfa55c95b98c26,factual_extract_and_own_summary,research factual metadata only; commercial rights pending; no archived capture,,"{""archive_url"":""not_found_in_consulted_sources"",""archived_at"":""not_found_in_consulted_sources""}"
snapshot_343e13fc50799010,src_e3a5934e3172ec52,https://developers.openai.com/api/docs/models/gpt-6-sol,,,2026-09-28,application/json,evidence/src_e3a5934e3172ec52.json,5e0072b4a479aafcd1bb4f2de0f195f588109665e02ef4e01b235e20953dd49b,factual_extract_and_own_summary,research factual metadata only; commercial rights pending; no archived capture,,"{""archive_url"":""not_found_in_consulted_sources"",""archived_at"":""not_found_in_consulted_sources""}"
snapshot_b977753b86a8b91f,src_f00960a1192814bf,https://developers.openai.com/api/docs/models/gpt-6-luna,,,2026-09-28,application/json,evidence/src_f00960a1192814bf.json,910278aadd319f78597d91387bfac448b28f0867f78d3fdbf1802b057b3f8d24,factual_extract_and_own_summary,research factual metadata only; commercial rights pending; no archived capture,,"{""archive_url"":""not_found_in_consulted_sources"",""archived_at"":""not_found_in_consulted_sources""}"
snapshot_f8c05f6ce8452d6f,src_c86beef864f4e446,https://developers.openai.com/api/docs/guides/prompt-caching,,,2026-09-28,application/json,evidence/src_c86beef864f4e446.json,82472b38d3a94458ea1c10be9328576744ff886532e6ad59731a3ac554af86d8,factual_extract_and_own_summary,research factual metadata only; commercial rights pending; no archived capture,,"{""archive_url"":""not_found_in_consulted_sources"",""archived_at"":""not_found_in_consulted_sources""}"
snapshot_4b36d40cce029e27,src_ec400e9e55dcff2e,https://developers.openai.com/api/docs/guides/reasoning,,,2026-09-28,application/json,evidence/src_ec400e9e55dcff2e.json,07830b191861f0cb69e43684fe4074d73075f2265031165349f6412bb37c8ef3,factual_extract_and_own_summary,research factual metadata only; commercial rights pending; no archived capture,,"{""archive_url"":""not_found_in_consulted_sources"",""archived_at"":""not_found_in_consulted_sources""}"
snapshot_3f38ee592dfc0cea,src_54da17a685ad05ed,https://developers.openai.com/api/docs/guides/batch,,,2026-09-28,application/json,evidence/src_54da17a685ad05ed.json,c01340475e8b20d0c0c43b44c71ee3a34fa9898cc16f1c4abe39036266add95b,factual_extract_and_own_summary,research factual metadata only; commercial rights pending; no archived capture,,"{""archive_url"":""not_found_in_consulted_sources"",""archived_at"":""not_found_in_consulted_sources""}"
snapshot_3ffa013fa080b3ce,src_50846cd1ff366c72,https://platform.claude.com/docs/en/about-claude/pricing,,,2026-09-28,application/json,evidence/src_50846cd1ff366c72.json,1cf5d10d2933465aad2e5cfc8a2dfbf3511e835b57eb114c8d9b31e3707f6458,factual_extract_and_own_summary,research factual metadata only; commercial rights pending; no archived capture,,"{""archive_url"":""not_found_in_consulted_sources"",""archived_at"":""not_found_in_consulted_sources""}"
snapshot_5d833ecfef297bcf,src_b09669c7cc083aa8,https://platform.claude.com/docs/en/models/sonnet-5/overview,,,2026-09-28,application/json,evidence/src_b09669c7cc083aa8.json,d25619f1139b9672978e3c9c56d25c9ca74482a94b8f3846a1b5b776e5bb217c,factual_extract_and_own_summary,research factual metadata only; commercial rights pending; no archived capture,,"{""archive_url"":""not_found_in_consulted_sources"",""archived_at"":""not_found_in_consulted_sources""}"
snapshot_6ec9644381ddbd33,src_e1910c5126bc834b,https://platform.claude.com/docs/en/models/haiku-4-5/overview,,,2026-09-28,application/json,evidence/src_e1910c5126bc834b.json,c62c6779674d10d1064308b70dd699d61d3b65fa4a639f6c1f2640ec24bf3ed6,factual_extract_and_own_summary,research factual metadata only; commercial rights pending; no archived capture,,"{""archive_url"":""not_found_in_consulted_sources"",""archived_at"":""not_found_in_consulted_sources""}"
snapshot_db8b58a7bafb5377,src_4307222bc7e5f2e4,https://www.anthropic.com/news/claude-sonnet-5,,,2026-09-28,application/json,evidence/src_4307222bc7e5f2e4.json,165ab90a41b305d4be6177883a1b36affe6bb61df3788efea4cd0942e0b28451,factual_extract_and_own_summary,research factual metadata only; commercial rights pending; no archived capture,,"{""archive_url"":""not_found_in_consulted_sources"",""archived_at"":""not_found_in_consulted_sources""}"
snapshot_2c3f7d8a2415b58f,src_9a3bbc4f637b202c,https://platform.claude.com/docs/en/build-with-claude/prompt-caching,,,2026-09-28,application/json,evidence/src_9a3bbc4f637b202c.json,d34671d62b9350a50fb55397b0632a9796290eb0b36fceafb9b32f6dec1417e7,factual_extract_and_own_summary,research factual metadata only; commercial rights pending; no archived capture,,"{""archive_url"":""not_found_in_consulted_sources"",""archived_at"":""not_found_in_consulted_sources""}"
snapshot_3d497f7784e58393,src_dbcb362197dbca0d,https://platform.claude.com/docs/en/build-with-claude/batch-processing,,,2026-09-28,application/json,evidence/src_dbcb362197dbca0d.json,fc2af6b7695cae27f2e1cc826f417e5ae1835ec636827ac760894b5b7c56d024,factual_extract_and_own_summary,research factual metadata only; commercial rights pending; no archived capture,,"{""archive_url"":""not_found_in_consulted_sources"",""archived_at"":""not_found_in_consulted_sources""}"
snapshot_06d452ce239cf02b,src_03550646e4bfaf39,https://platform.claude.com/docs/en/build-with-claude/thinking,,,2026-09-28,application/json,evidence/src_03550646e4bfaf39.json,643c601991e9d1478cde5685d4ff09f1ada2035aa833c2d6047a94aebe8c7d26,factual_extract_and_own_summary,research factual metadata only; commercial rights pending; no archived capture,,"{""archive_url"":""not_found_in_consulted_sources"",""archived_at"":""not_found_in_consulted_sources""}"
snapshot_4f4c1f3de1d24bef,src_1ba2260198363643,https://platform.claude.com/docs/en/build-with-claude/structured-outputs,,,2026-09-28,application/json,evidence/src_1ba2260198363643.json,e7e7f2dd05e209c96b1ad59f9e993f58b51132be7925bdb90649fa069679cf14,factual_extract_and_own_summary,research factual metadata only; commercial rights pending; no archived capture,,"{""archive_url"":""not_found_in_consulted_sources"",""archived_at"":""not_found_in_consulted_sources""}"
snapshot_eb5e36160144f181,src_b88c4950bbf39196,https://ai.google.dev/gemini-api/docs/pricing,,,2026-09-28,application/json,evidence/src_b88c4950bbf39196.json,cf39897df802b40d648b4ba409eea19a54ddd97056c73c6a59c0a8e5b7c50a39,factual_extract_and_own_summary,research factual metadata only; commercial rights pending; no archived capture,,"{""archive_url"":""not_found_in_consulted_sources"",""archived_at"":""not_found_in_consulted_sources""}"
snapshot_0aa8bec189235b1a,src_116c1a7f3be0904b,https://ai.google.dev/gemini-api/docs/models/gemini-3.8-flash,,,2026-09-28,application/json,evidence/src_116c1a7f3be0904b.json,b2bb14fc2ff586c1a5e8685ff3fe49a137cdf0f752578d266345eecb190f2fcd,factual_extract_and_own_summary,research factual metadata only; commercial rights pending; no archived capture,,"{""archive_url"":""not_found_in_consulted_sources"",""archived_at"":""not_found_in_consulted_sources""}"
snapshot_b4ae977b53a985fa,src_f7fe39222f116e2c,https://ai.google.dev/gemini-api/docs/models/gemini-3.5-flash-lite,,,2026-09-28,application/json,evidence/src_f7fe39222f116e2c.json,5edaf131af5326e33b1402df4aa1023e864fb885b23263a5302d458d01e3476d,factual_extract_and_own_summary,research factual metadata only; commercial rights pending; no archived capture,,"{""archive_url"":""not_found_in_consulted_sources"",""archived_at"":""not_found_in_consulted_sources""}"
snapshot_c56aed18e165e22f,src_f05f01ee79e9b82d,https://ai.google.dev/gemini-api/docs/caching,,,2026-09-28,application/json,evidence/src_f05f01ee79e9b82d.json,4d80a293b32e0461a5b30ee362c6a7e88ea175224289a0e8e752dcd0dae7a3c0,factual_extract_and_own_summary,research factual metadata only; commercial rights pending; no archived capture,,"{""archive_url"":""not_found_in_consulted_sources"",""archived_at"":""not_found_in_consulted_sources""}"
snapshot_d71d739b5964bdc9,src_2e35bd33c49f107f,https://ai.google.dev/gemini-api/docs/structured-output,,,2026-09-28,application/json,evidence/src_2e35bd33c49f107f.json,54b5b8cab13040d96adc7f2b08ba362dcc4d4dc74d18a5b3f33fad31db2f0fdf,factual_extract_and_own_summary,research factual metadata only; commercial rights pending; no archived capture,,"{""archive_url"":""not_found_in_consulted_sources"",""archived_at"":""not_found_in_consulted_sources""}"
snapshot_ff82bc36708c8ca4,src_68b4724ac5d818ea,https://exa.ai/docs/admin/pricing,,,2026-09-28,application/json,evidence/src_68b4724ac5d818ea.json,425790ae2b53281b1966481fe137653370442c4d00fa5086b18ac2cd68dc1d61,factual_extract_and_own_summary,research factual metadata only; commercial rights pending; no archived capture,,"{""archive_url"":""not_found_in_consulted_sources"",""archived_at"":""not_found_in_consulted_sources""}"
snapshot_d261b8fb31fc57ff,src_54d4ea6f7a53cee8,https://exa.ai/pricing,,,2026-09-28,application/json,evidence/src_54d4ea6f7a53cee8.json,69dd853f7f42af46b7af2504eab15e3c1f41d7bb76ea4c16041876882c407e3c,factual_extract_and_own_summary,research factual metadata only; commercial rights pending; no archived capture,,"{""archive_url"":""not_found_in_consulted_sources"",""archived_at"":""not_found_in_consulted_sources""}"
snapshot_c9c5ecdfb45ecf58,src_ff00773374ceb4b1,https://www.prnewswire.com/news-releases/method-man--redman-to-headline-star-studded-heineken-house-lineup-at-the-coachella-valley-music-and-arts-festival-301780035.html,,,2026-09-28,application/json,evidence/src_ff00773374ceb4b1.json,71368cedb2db81f8bb5556aa486bfe6b959f890342aa44287ef67fe68c75b6ef,factual_extract_and_own_summary,research factual metadata only; commercial rights pending; no archived capture,,"{""archive_url"":""not_found_in_consulted_sources"",""archived_at"":""not_found_in_consulted_sources""}"
snapshot_951ca5b78173000a,src_06982e2d4e4c2477,https://www.prnewswire.com/news-releases/carrera-signs-on-as-official-eyewear-partner-of-the-2023-coachella-valley-music--arts-festival-301768132.html,,,2026-09-28,application/json,evidence/src_06982e2d4e4c2477.json,a2cb26b4533ee7b15c70844c8b6906c75a05887d0e5ff8695ba6cfb38d1d2103,factual_extract_and_own_summary,research factual metadata only; commercial rights pending; no archived capture,,"{""archive_url"":""not_found_in_consulted_sources"",""archived_at"":""not_found_in_consulted_sources""}"
snapshot_f6f0b771298a8946,src_311ea18834954a5d,https://www.prnewswire.com/news-releases/absolut-kicks-off-festival-season-with-mixing-it-up-cosmos--culture--an-exclusive-series-on-the-latest-trends-from-the-official-vodka-of-coachella-302098638.html,,,2026-09-28,application/json,evidence/src_311ea18834954a5d.json,b0703294dfa81846bd1cd6ea82220f228fd11c933b32b1a29fc29739a56c2b79,factual_extract_and_own_summary,research factual metadata only; commercial rights pending; no archived capture,,"{""archive_url"":""not_found_in_consulted_sources"",""archived_at"":""not_found_in_consulted_sources""}"
snapshot_1e3ccc03a3b7d50b,src_99a9f9bee6c4a549,https://www.marketingdive.com/news/absolut-land-vodka-coachella-digital-metaverse-activations/711616/,,,2026-09-28,application/json,evidence/src_99a9f9bee6c4a549.json,9741f5a7ce982a4d0a700889d3c50b7b444e3469cc2730168be3621e1bf56ca0,factual_extract_and_own_summary,research factual metadata only; commercial rights pending; no archived capture,,"{""archive_url"":""not_found_in_consulted_sources"",""archived_at"":""not_found_in_consulted_sources""}"
snapshot_44cbbcd3fbeb2ad0,src_9a47566ff16e2fde,https://www.prnewswire.com/news-releases/pusha-t--afrojack-to-headline-heineken-house-2025-lineup-at-the-coachella-valley-music-and-arts-festival-302391994.html,,,2026-09-28,application/json,evidence/src_9a47566ff16e2fde.json,9c3109616aa6e5e6183c2409b821023094191c0a360584401fe65bbc44299f9c,factual_extract_and_own_summary,research factual metadata only; commercial rights pending; no archived capture,,"{""archive_url"":""not_found_in_consulted_sources"",""archived_at"":""not_found_in_consulted_sources""}"
snapshot_91a632ca0cd18dea,src_6ff156810b5a70a2,https://www.theheinekencompany.com/newsroom/moderation-is-the-hottest-headliner-for-this-summers-festivals/,,,2026-09-28,application/json,evidence/src_6ff156810b5a70a2.json,2fad5ed35a3b3babd5239a66af66603b14b0980912585215b00df1b0eacdb3fd,factual_extract_and_own_summary,research factual metadata only; commercial rights pending; no archived capture,,"{""archive_url"":""not_found_in_consulted_sources"",""archived_at"":""not_found_in_consulted_sources""}"
snapshot_04e0aa85276afaea,src_9f2fa9e6c5cbf6df,https://www.modernretail.co/marketing/inside-heinekens-limited-edition-na-beer-campaign-at-the-us-open/,,,2026-09-28,application/json,evidence/src_9f2fa9e6c5cbf6df.json,d6f647ff04d9e8b67b7d2133ee8b4d7d1eb6569dc95031e501f535400494a82c,factual_extract_and_own_summary,research factual metadata only; commercial rights pending; no archived capture,,"{""archive_url"":""not_found_in_consulted_sources"",""archived_at"":""not_found_in_consulted_sources""}"
snapshot_7452e64ad087383b,src_0f987c466489f8cf,https://www.eventmarketer.com/article/coachella-2025-experiential/,,,2026-09-28,application/json,evidence/src_0f987c466489f8cf.json,2e986b538673083f77576e9693f9230e0ba0adee5b0e30b9d1212d7d1bbd1d73,factual_extract_and_own_summary,research factual metadata only; commercial rights pending; no archived capture,,"{""archive_url"":""not_found_in_consulted_sources"",""archived_at"":""not_found_in_consulted_sources""}"
snapshot_c951e2a04525c7cb,src_b1fb9876e8e68608,https://www.chiefmarketer.com/coachella-marketing-roundup-21-brand-experiences/,,,2026-09-28,application/json,evidence/src_b1fb9876e8e68608.json,96d4cc391da8d301837df63da0d901372b386036f2a6904945e8b75af0cff433,factual_extract_and_own_summary,research factual metadata only; commercial rights pending; no archived capture,,"{""archive_url"":""not_found_in_consulted_sources"",""archived_at"":""not_found_in_consulted_sources""}"
snapshot_dc15b3e9ca3a55f2,src_a443d248ec4ed629,https://news.panasonic.com/global/fr/press/en240910-2,,,2026-09-28,application/json,evidence/src_a443d248ec4ed629.json,adb3e637288afe92fe906f192dfa32b25496915cf3a54ef939f70ddc5aab29cc,factual_extract_and_own_summary,research factual metadata only; commercial rights pending; no archived capture,,"{""archive_url"":""not_found_in_consulted_sources"",""archived_at"":""not_found_in_consulted_sources""}"
snapshot_c055f4df354f0abd,src_519b56d5716234b3,https://www.investing.com/news/stock-market-news/japans-panasonic-ends-37year-contract-as-top-olympics-sponsor-3608683,,,2026-09-28,application/json,evidence/src_519b56d5716234b3.json,90940fa9fe93319a3c2cb5d5e7c29612fbde4ea669941e51fed4fa6a3da11b9e,factual_extract_and_own_summary,research factual metadata only; commercial rights pending; no archived capture,,"{""archive_url"":""not_found_in_consulted_sources"",""archived_at"":""not_found_in_consulted_sources""}"
snapshot_801da9dee1a85227,src_5b3aaf225da19b11,https://news.airbnb.com/fr/paris-2024-27-millions-deuros-investis-dans-le-soutien-a-la-communaute,,,2026-09-28,application/json,evidence/src_5b3aaf225da19b11.json,d27f9368f842c5647cc9f935a4ba9ce2523aa6afe48024c35bf4cbcdeb99830c,factual_extract_and_own_summary,research factual metadata only; commercial rights pending; no archived capture,,"{""archive_url"":""not_found_in_consulted_sources"",""archived_at"":""not_found_in_consulted_sources""}"
snapshot_9e7e0c694cd5f1cf,src_5db1e48415dabd48,https://news.airbnb.com/en-in/30-surge-in-bookings-from-indian-guests-for-paris-2024-olympics,,,2026-09-28,application/json,evidence/src_5db1e48415dabd48.json,9e5cc418466655deaf9c260eeb89e9257e830a237928cb32397bf1708118e8ef,factual_extract_and_own_summary,research factual metadata only; commercial rights pending; no archived capture,,"{""archive_url"":""not_found_in_consulted_sources"",""archived_at"":""not_found_in_consulted_sources""}"
snapshot_2167590bf14d007c,src_970eb9b4db022219,https://www.lemonde.fr/en/economy/article/2024/05/27/paris-2024-hotels-and-airbnb-rental-prices-continue-to-fall-due-to-oversupply_6672794_19.html,,,2026-09-28,application/json,evidence/src_970eb9b4db022219.json,bc584e7176a40b0a412398d2d6736e90b55d62603b5743b5a7b19a8aa3af093b,factual_extract_and_own_summary,research factual metadata only; commercial rights pending; no archived capture,,"{""archive_url"":""not_found_in_consulted_sources"",""archived_at"":""not_found_in_consulted_sources""}"
snapshot_c87994444570f231,src_47b38ab569239339,https://www.insee.fr/fr/statistiques/8670343,,,2026-09-28,application/json,evidence/src_47b38ab569239339.json,3d4e77d5f176c74dd8b64f72013ef9a4856805488c4276cc291ecac10fff71af,factual_extract_and_own_summary,research factual metadata only; commercial rights pending; no archived capture,,"{""archive_url"":""not_found_in_consulted_sources"",""archived_at"":""not_found_in_consulted_sources""}"
snapshot_7008981be392cf2e,src_f9849c7b21f9baf4,https://news.panasonic.com/global/presskits/ces2025,,,2026-09-28,application/json,evidence/src_f9849c7b21f9baf4.json,b17d7c424d35ce3c8b029fd8af5169f36bf7e3269fadd7e8ed97ce876c091bc5,factual_extract_and_own_summary,research factual metadata only; commercial rights pending; no archived capture,,"{""archive_url"":""not_found_in_consulted_sources"",""archived_at"":""not_found_in_consulted_sources""}"
snapshot_425e6357eb4b0120,src_ecbbb3171e4acf77,https://news.panasonic.com/global/stories/16909,,,2026-09-28,application/json,evidence/src_ecbbb3171e4acf77.json,351db9be06ff53deadd89cf0fde5bce21de97b51382c48df65e4aa2efeef63d3,factual_extract_and_own_summary,research factual metadata only; commercial rights pending; no archived capture,,"{""archive_url"":""not_found_in_consulted_sources"",""archived_at"":""not_found_in_consulted_sources""}"
snapshot_a62df0f3d37a076b,src_2b0968fbcfb8e2f9,https://news.panasonic.com/global/stories/18277,,,2026-09-28,application/json,evidence/src_2b0968fbcfb8e2f9.json,d4d67e0cf8972e8771b66b6aebab75f6c196fc82936af39c56568af9c0bab6e1,factual_extract_and_own_summary,research factual metadata only; commercial rights pending; no archived capture,,"{""archive_url"":""not_found_in_consulted_sources"",""archived_at"":""not_found_in_consulted_sources""}"
snapshot_325c9f0a94b28ed1,src_2835b53159a67447,https://news.panasonic.com/global/press/en250108-15,,,2026-09-28,application/json,evidence/src_2835b53159a67447.json,d022ce8718756bd72cb712a8105c5dbc054cf11552d41b15ca7bb420d5c7d942,factual_extract_and_own_summary,research factual metadata only; commercial rights pending; no archived capture,,"{""archive_url"":""not_found_in_consulted_sources"",""archived_at"":""not_found_in_consulted_sources""}"
snapshot_8b0e3e6f27fdce95,src_bda16158c0e2de7f,https://www.prnewswire.com/news-releases/heineken-0-0-launches-limited-edition-l0vel0ve-cans-in-celebration-of-the-2024-us-open-302222411.html,,,2026-09-28,application/json,evidence/src_bda16158c0e2de7f.json,b1bde9f1b684c66c21c104f1b3c9f4460f757686be76a774a92a66ee7e3af437,factual_extract_and_own_summary,research factual metadata only; commercial rights pending; no archived capture,,"{""archive_url"":""not_found_in_consulted_sources"",""archived_at"":""not_found_in_consulted_sources""}"
snapshot_1ae82f35f6a29f42,src_d898cbcf28212d4c,https://espnpressroom.com/press-release/espns-exclusive-first-ball-to-last-ball-coverage-of-the-2024-us-open-august-26-september-8/,,,2026-09-28,application/json,evidence/src_d898cbcf28212d4c.json,4fe4c7afe76ca235e2e706f1eddfbcb53f94c4f8768f4e92cceba8681a87637e,factual_extract_and_own_summary,research factual metadata only; commercial rights pending; no archived capture,,"{""archive_url"":""not_found_in_consulted_sources"",""archived_at"":""not_found_in_consulted_sources""}"
snapshot_36933a6f3a13b7a0,src_6e7d8ee77edcb712,https://espnpressroom.com/press-release/all-of-the-2025-us-open-all-in-one-place/,,,2026-09-28,application/json,evidence/src_6e7d8ee77edcb712.json,d2763d0ed00e6cf677ffdf66d267d91c7870ea6602808c302724047e84443f95,factual_extract_and_own_summary,research factual metadata only; commercial rights pending; no archived capture,,"{""archive_url"":""not_found_in_consulted_sources"",""archived_at"":""not_found_in_consulted_sources""}"
snapshot_c74be5c41ece04c6,src_48413b2bf50d8318,https://www.usopen.org/en_US/news/articles/2025-05-29/2025_us_open_theme_art_celebrates_althea_gibson_breaking_barriers.html,,,2026-09-28,application/json,evidence/src_48413b2bf50d8318.json,d438faebb42dc6492380492481f6f743123c4d53dd15f92dafc2ebb06bff1c0b,factual_extract_and_own_summary,research factual metadata only; commercial rights pending; no archived capture,,"{""archive_url"":""not_found_in_consulted_sources"",""archived_at"":""not_found_in_consulted_sources""}"
snapshot_935e9a086b4a529a,src_bcafaecfcdcace6e,https://www.indiopd.org/Home/Components/News/News/207/66?arch=1,,,2026-09-28,application/json,evidence/src_bcafaecfcdcace6e.json,85991affb1727021b7f233cf9b314057a64d3f8d505b4b504ed741b3f9c1d24e,factual_extract_and_own_summary,research factual metadata only; commercial rights pending; no archived capture,,"{""archive_url"":""not_found_in_consulted_sources"",""archived_at"":""not_found_in_consulted_sources""}"
snapshot_aeec4edaf14f6fff,src_ccceb3198203800b,https://www.bmi.com/event/coachella-music-festival-indio-ca,,,2026-09-28,application/json,evidence/src_ccceb3198203800b.json,376b04fb2d0c9b956043d0bb68c74d3e853425120853e29ede843648291cb512,factual_extract_and_own_summary,research factual metadata only; commercial rights pending; no archived capture,,"{""archive_url"":""not_found_in_consulted_sources"",""archived_at"":""not_found_in_consulted_sources""}"
snapshot_79c4f8545ca228cf,src_05d713e7bac64deb,https://coachella.com/past-festivals,,,2026-09-28,application/json,evidence/src_05d713e7bac64deb.json,cfc33ce9f07f8b3f74060094a4993eb4c0db97c5554c14cfb907a57408dd5856,factual_extract_and_own_summary,research factual metadata only; commercial rights pending; no archived capture,,"{""archive_url"":""not_found_in_consulted_sources"",""archived_at"":""not_found_in_consulted_sources""}"
snapshot_1b2a43585d568a35,src_55eb4ed56db14cd1,https://docs.luma.com/reference/getting-started-with-your-api,,,2026-09-28,application/json,evidence/src_55eb4ed56db14cd1.json,85d25dbd3adc78b352aee5aa2a5297587990cef1e6607bb672e5a8048a816555,factual_extract_and_own_summary,research factual metadata only; commercial rights pending; no archived capture,,"{""archive_url"":""not_found_in_consulted_sources"",""archived_at"":""not_found_in_consulted_sources""}"
snapshot_d9455dae199765a2,src_4a6385a19fc8506a,https://docs.luma.com/reference/get_v1-events-get,,,2026-09-28,application/json,evidence/src_4a6385a19fc8506a.json,01f5ff92606bb71140abde9478cab74f78702c66d097e3038ac6b5c0af36e5d6,factual_extract_and_own_summary,research factual metadata only; commercial rights pending; no archived capture,,"{""archive_url"":""not_found_in_consulted_sources"",""archived_at"":""not_found_in_consulted_sources""}"
snapshot_fe8c13931e50c86a,src_2c9a3381ad2269ae,https://docs.luma.com/reference/get_v1-calendars-events-list,,,2026-09-28,application/json,evidence/src_2c9a3381ad2269ae.json,100dd3cd36198d9f511c99e08a5fcbeca8ef74dff5b1a817f263b7e5d955fb97,factual_extract_and_own_summary,research factual metadata only; commercial rights pending; no archived capture,,"{""archive_url"":""not_found_in_consulted_sources"",""archived_at"":""not_found_in_consulted_sources""}"
snapshot_38a62ca7154ec84a,src_7306a5a70f0bc66d,https://docs.luma.com/reference/rate-limits,,,2026-09-28,application/json,evidence/src_7306a5a70f0bc66d.json,1466218d4bf07f60399350082a7b948a8a2f4e4f29083ae1e03c227f2801630b,factual_extract_and_own_summary,research factual metadata only; commercial rights pending; no archived capture,,"{""archive_url"":""not_found_in_consulted_sources"",""archived_at"":""not_found_in_consulted_sources""}"
snapshot_c07263d09be8ab97,src_56b419ea29f5477c,https://docs.luma.com/reference/post_v1-events-create,,,2026-09-28,application/json,evidence/src_56b419ea29f5477c.json,2125fc595836f74fc22d6f95b721ca8bccf954bad125fc8aa6bb98bdf48ca282,factual_extract_and_own_summary,research factual metadata only; commercial rights pending; no archived capture,,"{""archive_url"":""not_found_in_consulted_sources"",""archived_at"":""not_found_in_consulted_sources""}"
snapshot_77a9d8a20906f9fc,src_9011bdeecf6ab954,https://luma.com/terms,,,2026-09-28,application/json,evidence/src_9011bdeecf6ab954.json,aa857a739ed12d8ba0f1821dad002917e5016737c81c519e7f51adfe15879676,factual_extract_and_own_summary,research factual metadata only; commercial rights pending; no archived capture,,"{""archive_url"":""not_found_in_consulted_sources"",""archived_at"":""not_found_in_consulted_sources""}"
snapshot_466d6e964233972d,src_ed64fe7f290762df,https://luma.com/wmrrdpcj,,,2026-09-28,application/json,evidence/src_ed64fe7f290762df.json,2e7090b17681576bf934f0b76078facb3ee3400cd806147441ce5dbaed65e10a,factual_extract_and_own_summary,research factual metadata only; commercial rights pending; no archived capture,,"{""archive_url"":""not_found_in_consulted_sources"",""archived_at"":""not_found_in_consulted_sources""}"
snapshot_f1fa525e1447e1e0,src_248ea5cff5931e89,https://www.eventbrite.com/platform/new/api,,,2026-09-28,application/json,evidence/src_248ea5cff5931e89.json,a2b8beacb5e9441a6177ee04c23501e404d1e5a38e205e19c958bbd43f2a7740,factual_extract_and_own_summary,research factual metadata only; commercial rights pending; no archived capture,,"{""archive_url"":""not_found_in_consulted_sources"",""archived_at"":""not_found_in_consulted_sources""}"
snapshot_d23826e31dfb0dff,src_19c2c781885c506a,https://www.eventbrite.com/corporate/legal/legalterms/,,,2026-09-28,application/json,evidence/src_19c2c781885c506a.json,aa298bf787b3d85a6e6d61465f61c4ba980837bd79b1911e3536a844f52d436e,factual_extract_and_own_summary,research factual metadata only; commercial rights pending; no archived capture,,"{""archive_url"":""not_found_in_consulted_sources"",""archived_at"":""not_found_in_consulted_sources""}"
snapshot_c6b9fe397e0d956c,src_48a0ad08e4f6fc70,https://www.eventbrite.co/help/en-ca/articles/251210/eventbrite-terms-of-service/,,,2026-09-28,application/json,evidence/src_48a0ad08e4f6fc70.json,ee3df057a57ff5faf11a524d3e662277cd0e9ffef9b273657846d5389c47c95a,factual_extract_and_own_summary,research factual metadata only; commercial rights pending; no archived capture,,"{""archive_url"":""not_found_in_consulted_sources"",""archived_at"":""not_found_in_consulted_sources""}"
snapshot_b165bce9e1f99657,src_cb9ae11397246716,https://help.partiful.com/en-us/articles/15525563-what-is-a-public-event,,,2026-09-28,application/json,evidence/src_cb9ae11397246716.json,95e7b5e4d89bf86266c02c20cb60590c60946faf661d8bd47894e5c59d04af6d,factual_extract_and_own_summary,research factual metadata only; commercial rights pending; no archived capture,,"{""archive_url"":""not_found_in_consulted_sources"",""archived_at"":""not_found_in_consulted_sources""}"
snapshot_95a3d297755c915c,src_950dbc0b62f61cbd,https://help.partiful.com/en-us/articles/15525648-how-does-partiful-protect-my-data,,,2026-09-28,application/json,evidence/src_950dbc0b62f61cbd.json,c805ea8c9f03a2eda79ff9fbba089137b8ccaacb85cf8b20ad9b2da6ebbb52af,factual_extract_and_own_summary,research factual metadata only; commercial rights pending; no archived capture,,"{""archive_url"":""not_found_in_consulted_sources"",""archived_at"":""not_found_in_consulted_sources""}"
snapshot_dabc05511294f98b,src_82f29b5bff2db826,https://partiful.com/terms,,,2026-09-28,application/json,evidence/src_82f29b5bff2db826.json,e6e935344aa7cb013347adebff57d44104498f6d4a2caf05a9ae45e628c20d7f,factual_extract_and_own_summary,research factual metadata only; commercial rights pending; no archived capture,,"{""archive_url"":""not_found_in_consulted_sources"",""archived_at"":""not_found_in_consulted_sources""}"
snapshot_337df57f56ab3f2b,src_f754cef55b9a0cd5,https://partiful.com/explore,,,2026-09-28,application/json,evidence/src_f754cef55b9a0cd5.json,9fdef1d3cedf8a38a4c54bd5bed77381579b040bac33d4bb9c991f90d9480fc0,factual_extract_and_own_summary,research factual metadata only; commercial rights pending; no archived capture,,"{""archive_url"":""not_found_in_consulted_sources"",""archived_at"":""not_found_in_consulted_sources""}"
snapshot_20c826b5a8b8a342,src_4b428f26f2bf8200,https://www.meetup.com/graphql/,,,2026-09-28,application/json,evidence/src_4b428f26f2bf8200.json,3b70f503d4bf6db88b319eb8c60947333e79db0e3c98d79d422a59e33620c1d7,factual_extract_and_own_summary,research factual metadata only; commercial rights pending; no archived capture,,"{""archive_url"":""not_found_in_consulted_sources"",""archived_at"":""not_found_in_consulted_sources""}"
snapshot_247e5dfd823885f3,src_7ebd4e90d39a1ee5,https://help.meetup.com/hc/en-us/articles/41453576628749-How-can-I-get-access-to-Meetup-s-API,,,2026-09-28,application/json,evidence/src_7ebd4e90d39a1ee5.json,fd8642e8bebdd00ec72c371d66363683d3a96fd7aacb348bcabc04a6ef8f1396,factual_extract_and_own_summary,research factual metadata only; commercial rights pending; no archived capture,,"{""archive_url"":""not_found_in_consulted_sources"",""archived_at"":""not_found_in_consulted_sources""}"
snapshot_3f07976a6a4084bc,src_2c56a2f9eeda1d62,https://login.10times.com/platform,,,2026-09-28,application/json,evidence/src_2c56a2f9eeda1d62.json,673365cdc8e23f8616415608eab785212f31c3d9521ad25e5bbf83f464e65858,factual_extract_and_own_summary,research factual metadata only; commercial rights pending; no archived capture,,"{""archive_url"":""not_found_in_consulted_sources"",""archived_at"":""not_found_in_consulted_sources""}"
snapshot_041ce38655e2cc65,src_54a97b26fadab9d4,https://10times.com/terms-of-service,,,2026-09-28,application/json,evidence/src_54a97b26fadab9d4.json,e1608626943b0c4ada94a5d6b9c3b3f3cbd16d20dfb744de09bde78aca287f1e,factual_extract_and_own_summary,research factual metadata only; commercial rights pending; no archived capture,,"{""archive_url"":""not_found_in_consulted_sources"",""archived_at"":""not_found_in_consulted_sources""}"
snapshot_61237bdfde9dadd3,src_248681f7ae6f2e30,https://sessionize.com/playbook/developers/api,,,2026-09-28,application/json,evidence/src_248681f7ae6f2e30.json,8881182ef6c8f4f0813234ebbe4993c2cdd04aaede7419033c055f0bac1506eb,factual_extract_and_own_summary,research factual metadata only; commercial rights pending; no archived capture,,"{""archive_url"":""not_found_in_consulted_sources"",""archived_at"":""not_found_in_consulted_sources""}"
snapshot_c23e7a9cd2c15696,src_4d225d301eabecd3,https://sessionize.com/api/v2/jl4ktls0/view/All,,,2026-09-28,application/json,evidence/src_4d225d301eabecd3.json,c97b4f209520331c6ad2adc35eacbfdf2d154e4930b712016704721c112ae97b,factual_extract_and_own_summary,research factual metadata only; commercial rights pending; no archived capture,,"{""archive_url"":""not_found_in_consulted_sources"",""archived_at"":""not_found_in_consulted_sources""}"
snapshot_a2d0e9301e52effa,src_ed5678019e2dc373,https://docs.pretix.eu/dev/api/,,,2026-09-28,application/json,evidence/src_ed5678019e2dc373.json,3b8cf90dad808e171c7c4ca93ff1050922c26ff5d7ece982a0ce5f491f82042d,factual_extract_and_own_summary,research factual metadata only; commercial rights pending; no archived capture,,"{""archive_url"":""not_found_in_consulted_sources"",""archived_at"":""not_found_in_consulted_sources""}"
snapshot_803368ff316a0800,src_62a0988ce6a76c98,https://docs.pretix.eu/dev/api/fundamentals.html,,,2026-09-28,application/json,evidence/src_62a0988ce6a76c98.json,714bb015b575bcc0e40e644dde6390a72bcdaefb4e14d1c142574bb1eef55f97,factual_extract_and_own_summary,research factual metadata only; commercial rights pending; no archived capture,,"{""archive_url"":""not_found_in_consulted_sources"",""archived_at"":""not_found_in_consulted_sources""}"
snapshot_5f8a9d1a3fcb5414,src_b4768985a136dee8,https://developers.tickettailor.com/docs/api/ticket-tailor-api/,,,2026-09-28,application/json,evidence/src_b4768985a136dee8.json,bb4e40b0434d73c21994d2a102d731c1994518fafa20b15ece0ba883473ce8b1,factual_extract_and_own_summary,research factual metadata only; commercial rights pending; no archived capture,,"{""archive_url"":""not_found_in_consulted_sources"",""archived_at"":""not_found_in_consulted_sources""}"
snapshot_fc5349feb678e4dc,src_12ac605e05d27fae,https://help.tickettailor.com/en/articles/4593218-how-do-i-connect-to-the-ticket-tailor-api,,,2026-09-28,application/json,evidence/src_12ac605e05d27fae.json,2011d43dfbad53c3b1f716d84b55e57bcb41417d861231afb11325cb3a96d765,factual_extract_and_own_summary,research factual metadata only; commercial rights pending; no archived capture,,"{""archive_url"":""not_found_in_consulted_sources"",""archived_at"":""not_found_in_consulted_sources""}"
snapshot_7e22d0b4d154d862,src_433e07bfb6995e47,https://help.humanitix.com/en/articles/8888275-public-api-documentation,,,2026-09-28,application/json,evidence/src_433e07bfb6995e47.json,576c743e93d6b5d97b5c73a9771dda232e9a4c3b38c238002930f12b0341cb3b,factual_extract_and_own_summary,research factual metadata only; commercial rights pending; no archived capture,,"{""archive_url"":""not_found_in_consulted_sources"",""archived_at"":""not_found_in_consulted_sources""}"
snapshot_c462f79bd47104d4,src_2f471e9b1253ad5d,https://static.humanitix.com/pdfs/api_terms_of_use.pdf,,,2026-09-28,application/json,evidence/src_2f471e9b1253ad5d.json,21c28cb6b2c7b28e3cf5cde61cfc7c5b7cf4b6b47725f5a113dfe3b0fec6fdba,factual_extract_and_own_summary,research factual metadata only; commercial rights pending; no archived capture,,"{""archive_url"":""not_found_in_consulted_sources"",""archived_at"":""not_found_in_consulted_sources""}"
snapshot_4ca5973f1b75ef14,src_16bef878d6a18c9e,https://partners-endpoint.dice.fm/graphql/docs/index.html,,,2026-09-28,application/json,evidence/src_16bef878d6a18c9e.json,bfe3d895dd400df4b8e9daf112bb92e34e2e6946eac2e9a81df0a7751dda5be6,factual_extract_and_own_summary,research factual metadata only; commercial rights pending; no archived capture,,"{""archive_url"":""not_found_in_consulted_sources"",""archived_at"":""not_found_in_consulted_sources""}"
snapshot_c35d23e2f5b76fd2,src_533d25d5083126e2,https://archive.org/help/wayback_api.php,,,2026-09-28,application/json,evidence/src_533d25d5083126e2.json,8133400e996eab599f58c4a108ac29e2932f485f313cca059245866278352681,factual_extract_and_own_summary,research factual metadata only; commercial rights pending; no archived capture,,"{""archive_url"":""not_found_in_consulted_sources"",""archived_at"":""not_found_in_consulted_sources""}"
snapshot_dab1e2e0e0d09b79,src_d67e1c823162b3dd,https://github.com/internetarchive/wayback/tree/master/wayback-cdx-server,,,2026-09-28,application/json,evidence/src_d67e1c823162b3dd.json,3fd023225f9c8ab20c6c0b774a98669fe75462184487e146fc078d1a47bcb90b,factual_extract_and_own_summary,research factual metadata only; commercial rights pending; no archived capture,,"{""archive_url"":""not_found_in_consulted_sources"",""archived_at"":""not_found_in_consulted_sources""}"
snapshot_95bb6d58f0d15033,src_b4c6835870a59d32,https://www.ticketfairy.com/developers,,,2026-09-28,application/json,evidence/src_b4c6835870a59d32.json,67f27d38f851c03acd341cbf5c585001783e86f2e575f61c2ba82ea5f64ab93d,factual_extract_and_own_summary,research factual metadata only; commercial rights pending; no archived capture,,"{""archive_url"":""not_found_in_consulted_sources"",""archived_at"":""not_found_in_consulted_sources""}"
snapshot_44afc3c55681e86c,src_864a12d7a61ca222,https://s3.dualstack.us-east-2.amazonaws.com/pythondotorg-assets/media/files/psf_sponsor_prospectus_feb26-compressed.pdf,,,2026-09-28,application/json,evidence/src_864a12d7a61ca222.json,00a5f98af58edbac548fcf22a077bec2dd0a3c1e632a50007d9457688d5d69bc,factual_extract_and_own_summary,research factual metadata only; commercial rights pending; no archived capture,,"{""archive_url"":""not_found_in_consulted_sources"",""archived_at"":""not_found_in_consulted_sources""}"
snapshot_f2bdaa8832c40485,src_614ad78f4394b65d,https://us.pycon.org/2026/attend/information/,,,2026-09-28,application/json,evidence/src_614ad78f4394b65d.json,a7532975873c99a36bc8a02fcc99208855818a9942753a53e8536e16d75d3bff,factual_extract_and_own_summary,research factual metadata only; commercial rights pending; no archived capture,,"{""archive_url"":""not_found_in_consulted_sources"",""archived_at"":""not_found_in_consulted_sources""}"
snapshot_6ca260bd1b47646e,src_ec0ee27d9ee37cc0,https://us.pycon.org/2024/schedule/sponsor-presentations/index.html,,,2026-09-28,application/json,evidence/src_ec0ee27d9ee37cc0.json,5b54f82088c2e51ccbaf90cf6c21da14d199e7e29dfd1cd261de14d3bb00a01e,factual_extract_and_own_summary,research factual metadata only; commercial rights pending; no archived capture,,"{""archive_url"":""not_found_in_consulted_sources"",""archived_at"":""not_found_in_consulted_sources""}"
snapshot_f0b46736f6ffa8f6,src_add31ce74fe78bce,https://us.pycon.org/2022/,,,2026-09-28,application/json,evidence/src_add31ce74fe78bce.json,92edff78d0138d66649760cb65aad3b468c9f0f017e7bcb0c7ad862ac5d27bc9,factual_extract_and_own_summary,research factual metadata only; commercial rights pending; no archived capture,,"{""archive_url"":""not_found_in_consulted_sources"",""archived_at"":""not_found_in_consulted_sources""}"
snapshot_e551dd0979d7749b,src_a22d494816518b95,https://us.pycon.org/2022/sponsorship/sponsors/index.html,,,2026-09-28,application/json,evidence/src_a22d494816518b95.json,c72807b4828232f64a9446aa064cac53bb2c1e42d263de8ffccbcc5378025ffb,factual_extract_and_own_summary,research factual metadata only; commercial rights pending; no archived capture,,"{""archive_url"":""not_found_in_consulted_sources"",""archived_at"":""not_found_in_consulted_sources""}"
snapshot_57463e1bf85b0028,src_adca5c9ded413d58,https://us.pycon.org/2023/,,,2026-09-28,application/json,evidence/src_adca5c9ded413d58.json,89f10aede17b604198fefc5de7b06be14c31ff8eb6d3ca55434c6077d245b285,factual_extract_and_own_summary,research factual metadata only; commercial rights pending; no archived capture,,"{""archive_url"":""not_found_in_consulted_sources"",""archived_at"":""not_found_in_consulted_sources""}"
snapshot_09ed35cff8a09d3e,src_f71418848b9fcad7,https://us.pycon.org/2023/sponsorship/sponsors/index.html,,,2026-09-28,application/json,evidence/src_f71418848b9fcad7.json,cedb68530ed1fb99b57ed82c2248a99102e04463537ec9d11b6548b36fad3e5c,factual_extract_and_own_summary,research factual metadata only; commercial rights pending; no archived capture,,"{""archive_url"":""not_found_in_consulted_sources"",""archived_at"":""not_found_in_consulted_sources""}"
snapshot_e09450a422655c2f,src_3a10729f8ee2c406,https://us.pycon.org/2024/,,,2026-09-28,application/json,evidence/src_3a10729f8ee2c406.json,0c453a735efa5a2db7be87d8af708745f34978548ddd5915b2d80c0df159a865,factual_extract_and_own_summary,research factual metadata only; commercial rights pending; no archived capture,,"{""archive_url"":""not_found_in_consulted_sources"",""archived_at"":""not_found_in_consulted_sources""}"
snapshot_27b6c5cfc9444a6b,src_602bb5d5f3210bb5,https://us.pycon.org/2024/sponsorship/sponsors/index.html,,,2026-09-28,application/json,evidence/src_602bb5d5f3210bb5.json,9bbe89665d98221bacf6c1fddbe24752ea08654cca6502f8f38e902a7a57bde7,factual_extract_and_own_summary,research factual metadata only; commercial rights pending; no archived capture,,"{""archive_url"":""not_found_in_consulted_sources"",""archived_at"":""not_found_in_consulted_sources""}"
snapshot_da021a3f70f3244f,src_76d3990208dfce14,https://us.pycon.org/2025/,,,2026-09-28,application/json,evidence/src_76d3990208dfce14.json,52f7946d6977c80dab60eb516786be138dcae7327653feacf4501956b7a84e62,factual_extract_and_own_summary,research factual metadata only; commercial rights pending; no archived capture,,"{""archive_url"":""not_found_in_consulted_sources"",""archived_at"":""not_found_in_consulted_sources""}"
snapshot_ba86e9e7bd7f694c,src_b7abf127fce0b3ab,https://us.pycon.org/2025/sponsorship/sponsors/,,,2026-09-28,application/json,evidence/src_b7abf127fce0b3ab.json,a887d9b37409caf2dd4d2aff9c704e6df0630e4974fef7e499474686ec00fe12,factual_extract_and_own_summary,research factual metadata only; commercial rights pending; no archived capture,,"{""archive_url"":""not_found_in_consulted_sources"",""archived_at"":""not_found_in_consulted_sources""}"
snapshot_e7ad1e6017e714c5,src_607ad359514263be,https://us.pycon.org/2026/,,,2026-09-28,application/json,evidence/src_607ad359514263be.json,bdf039c4fa82152d1ff3e9f0f01efac9881e709092dd722405d6fbb76737946f,factual_extract_and_own_summary,research factual metadata only; commercial rights pending; no archived capture,,"{""archive_url"":""not_found_in_consulted_sources"",""archived_at"":""not_found_in_consulted_sources""}"
snapshot_491c72b7d78ad0f9,src_80ab5b26edd36d59,https://us.pycon.org/2026/sponsorship/sponsors/,,,2026-09-28,application/json,evidence/src_80ab5b26edd36d59.json,68472538ae24d5df7f96e71c19318ee1039ce65c0c94cd0a1f4ca5c00045c00f,factual_extract_and_own_summary,research factual metadata only; commercial rights pending; no archived capture,,"{""archive_url"":""not_found_in_consulted_sources"",""archived_at"":""not_found_in_consulted_sources""}"
snapshot_d556b02d10d0918e,src_ffc229d83891918f,https://www.anthropic.com/engineering/building-effective-agents,,,2026-09-28,application/json,evidence/src_ffc229d83891918f.json,8e7a5209eaf88ea0a64595bcf07d520893fe628b12d89d1abeadcbcde2e91c98,factual_extract_and_own_summary,research factual metadata only; commercial rights pending; no archived capture,,"{""archive_url"":""not_found_in_consulted_sources"",""archived_at"":""not_found_in_consulted_sources""}"
snapshot_451c8bdb1dd1cfc5,src_d29da7ebe5c3f841,https://developers.openai.com/api/docs/guides/agents/sdk,,,2026-09-28,application/json,evidence/src_d29da7ebe5c3f841.json,66ffbb047fd1bbca5c914e8e41d7568b449627f87ee24bbbc2b2b534b1e066de,factual_extract_and_own_summary,research factual metadata only; commercial rights pending; no archived capture,,"{""archive_url"":""not_found_in_consulted_sources"",""archived_at"":""not_found_in_consulted_sources""}"
snapshot_10a851d40978e191,src_dad22c08457358af,https://developers.openai.com/api/docs/guides/agents/guardrails-approvals,,,2026-09-28,application/json,evidence/src_dad22c08457358af.json,5fb099a8e5dae47d87521e690fea7383048fbd5d0ab1e771f3174db090e98d38,factual_extract_and_own_summary,research factual metadata only; commercial rights pending; no archived capture,,"{""archive_url"":""not_found_in_consulted_sources"",""archived_at"":""not_found_in_consulted_sources""}"
snapshot_4d01e35c88f8dbef,src_f26bc9ba04b78a2d,https://docs.langchain.com/oss/javascript/langgraph/persistence,,,2026-09-28,application/json,evidence/src_f26bc9ba04b78a2d.json,4b00665b367b9af4b20b422175667bcee9448062f4b00b8f62ef6d3d10477f33,factual_extract_and_own_summary,research factual metadata only; commercial rights pending; no archived capture,,"{""archive_url"":""not_found_in_consulted_sources"",""archived_at"":""not_found_in_consulted_sources""}"
snapshot_9e73845f602badb1,src_920caecd56af8323,https://modelcontextprotocol.io/specification/2026-07-28/server/tools,,,2026-09-28,application/json,evidence/src_920caecd56af8323.json,3b4a7c346de95a5d6460e95ee33fba19317fdb12ea62a156ad1f392e39f74309,factual_extract_and_own_summary,research factual metadata only; commercial rights pending; no archived capture,,"{""archive_url"":""not_found_in_consulted_sources"",""archived_at"":""not_found_in_consulted_sources""}"
snapshot_fedfcec9c257b16f,src_4903497743e80487,https://modelcontextprotocol.io/docs/2026-07-28/tutorials/security/security_best_practices,,,2026-09-28,application/json,evidence/src_4903497743e80487.json,b6b355674c4cef05a31db46fa6389afda568fe4ec69fee239978e7601c14706e,factual_extract_and_own_summary,research factual metadata only; commercial rights pending; no archived capture,,"{""archive_url"":""not_found_in_consulted_sources"",""archived_at"":""not_found_in_consulted_sources""}"
snapshot_90b870b8fd53cd78,src_554fb75927b4fee2,https://blog.modelcontextprotocol.io/posts/2026-03-16-tool-annotations/,,,2026-09-28,application/json,evidence/src_554fb75927b4fee2.json,c4e7cab64f09502063f5d0969769952135bd0c9847abdef22b26e7848bc367d6,factual_extract_and_own_summary,research factual metadata only; commercial rights pending; no archived capture,,"{""archive_url"":""not_found_in_consulted_sources"",""archived_at"":""not_found_in_consulted_sources""}"
snapshot_3230140bf1b00c83,src_e954ffff519c23f9,https://opentelemetry.io/docs/specs/semconv/gen-ai/,,,2026-09-28,application/json,evidence/src_e954ffff519c23f9.json,fe191bfc238ffe7358a7a80431c2ce634840c96269dbbd123fa61ab5f04aed45,factual_extract_and_own_summary,research factual metadata only; commercial rights pending; no archived capture,,"{""archive_url"":""not_found_in_consulted_sources"",""archived_at"":""not_found_in_consulted_sources""}"
snapshot_258a99b1776c6aae,src_e45dc2c99a6d6567,https://github.com/open-telemetry/semantic-conventions-genai,,,2026-09-28,application/json,evidence/src_e45dc2c99a6d6567.json,39eac6315459e202b878b184efc41ae1e9fa335b6839d8a86119dfaee7fee028,factual_extract_and_own_summary,research factual metadata only; commercial rights pending; no archived capture,,"{""archive_url"":""not_found_in_consulted_sources"",""archived_at"":""not_found_in_consulted_sources""}"
snapshot_900f07fa56cb29df,src_bdba945de03d6380,https://opentelemetry.io/docs/security/handling-sensitive-data/,,,2026-09-28,application/json,evidence/src_bdba945de03d6380.json,557dabf4877350afae71352ddd42049b3f4df64f0ca661c83c5f227ffda89899,factual_extract_and_own_summary,research factual metadata only; commercial rights pending; no archived capture,,"{""archive_url"":""not_found_in_consulted_sources"",""archived_at"":""not_found_in_consulted_sources""}"
snapshot_9f866e05ea82f4c0,src_ad5041ab62613a3c,https://opentelemetry.io/blog/2026/genai-observability/,,,2026-09-28,application/json,evidence/src_ad5041ab62613a3c.json,9b3b7c615276cb5f9d5fb49f02e58b864414911ab3eafd10f87e2a55f018bbda,factual_extract_and_own_summary,research factual metadata only; commercial rights pending; no archived capture,,"{""archive_url"":""not_found_in_consulted_sources"",""archived_at"":""not_found_in_consulted_sources""}"
