id,entity_table,entity_id,term_id,origin,method,version,reviewed_at,source_id
entity_classifications_71c76865d47ed2db,event_editions,evt_e1feb77eee70a360,term_01545e79603f6421,derived,title/location heuristic or reviewed series mapping; see build script,1,2026-09-28,
entity_classifications_c1410274d790bb96,event_editions,evt_53fb9701a6a908e5,term_01545e79603f6421,derived,title/location heuristic or reviewed series mapping; see build script,1,2026-09-28,
entity_classifications_4f5cf507e488e469,event_editions,evt_99a8ced283d90fe1,term_01545e79603f6421,derived,title/location heuristic or reviewed series mapping; see build script,1,2026-09-28,
entity_classifications_faa4d8142f50b394,event_editions,evt_4c0cf41806407c37,term_01545e79603f6421,derived,title/location heuristic or reviewed series mapping; see build script,1,2026-09-28,
entity_classifications_db77d1dedae90ce0,event_editions,evt_3fd86574b40703fe,term_01545e79603f6421,derived,title/location heuristic or reviewed series mapping; see build script,1,2026-09-28,
entity_classifications_01a8673a6023ac83,event_editions,evt_d4fe659e50c08239,term_01545e79603f6421,derived,title/location heuristic or reviewed series mapping; see build script,1,2026-09-28,
entity_classifications_80ebf408fe8df964,event_editions,evt_7c23b6f4a95b46b2,term_9a8b72d37593b97b,derived,title/location heuristic or reviewed series mapping; see build script,1,2026-09-28,
entity_classifications_201e3ffdf1fb7623,event_editions,evt_fdeead605e18951d,term_9a8b72d37593b97b,derived,title/location heuristic or reviewed series mapping; see build script,1,2026-09-28,
entity_classifications_a0c3e981ebc7e9d7,event_editions,evt_cea07e35df96562c,term_9a8b72d37593b97b,derived,title/location heuristic or reviewed series mapping; see build script,1,2026-09-28,
entity_classifications_f68d5bbc1952b721,event_editions,evt_c0d04e23b7badf81,term_9a8b72d37593b97b,derived,title/location heuristic or reviewed series mapping; see build script,1,2026-09-28,
entity_classifications_8a255696e521be14,event_editions,evt_099c88e44f72691b,term_9a8b72d37593b97b,derived,title/location heuristic or reviewed series mapping; see build script,1,2026-09-28,
entity_classifications_500cfbd5d96a7e55,event_editions,evt_d3fff58ce4638dcf,term_9a8b72d37593b97b,derived,title/location heuristic or reviewed series mapping; see build script,1,2026-09-28,
entity_classifications_3e599d340929127e,event_editions,evt_936ce99df98b9f03,term_0eacf6d65c014b6b,derived,title/location heuristic or reviewed series mapping; see build script,1,2026-09-28,
entity_classifications_1b967e53688f391e,event_editions,evt_73fe6fdee9931c16,term_0eacf6d65c014b6b,derived,title/location heuristic or reviewed series mapping; see build script,1,2026-09-28,
entity_classifications_3f5b4e50d588f4f3,event_editions,evt_b789e173e9102f0f,term_0eacf6d65c014b6b,derived,title/location heuristic or reviewed series mapping; see build script,1,2026-09-28,
entity_classifications_fa8ee4e3090603d0,event_editions,evt_21f3a04fe8028730,term_0eacf6d65c014b6b,derived,title/location heuristic or reviewed series mapping; see build script,1,2026-09-28,
entity_classifications_517e6771eb007f94,event_editions,evt_dbf730a614dd92b9,term_0eacf6d65c014b6b,derived,title/location heuristic or reviewed series mapping; see build script,1,2026-09-28,
entity_classifications_cd7931e3a8b4e750,event_editions,evt_ce6bd55ee3cb5a28,term_0eacf6d65c014b6b,derived,title/location heuristic or reviewed series mapping; see build script,1,2026-09-28,
entity_classifications_fc417704e25c23cd,event_editions,evt_1d05bca07ece853a,term_0eacf6d65c014b6b,derived,title/location heuristic or reviewed series mapping; see build script,1,2026-09-28,
entity_classifications_a06bba91383150ed,event_editions,evt_b6ad3ef4f95107dc,term_0eacf6d65c014b6b,derived,title/location heuristic or reviewed series mapping; see build script,1,2026-09-28,
entity_classifications_256e489593b5c9b1,event_editions,evt_c55564c471ba485b,term_0eacf6d65c014b6b,derived,title/location heuristic or reviewed series mapping; see build script,1,2026-09-28,
entity_classifications_b52eb85d2770f685,event_editions,evt_ede74b38208c1c15,term_0eacf6d65c014b6b,derived,title/location heuristic or reviewed series mapping; see build script,1,2026-09-28,
entity_classifications_3e7b105df731fdb0,event_editions,evt_e870860652ad0659,term_0eacf6d65c014b6b,derived,title/location heuristic or reviewed series mapping; see build script,1,2026-09-28,
entity_classifications_9223342365fcb63c,event_editions,evt_a0ed01477347f0b3,term_0eacf6d65c014b6b,derived,title/location heuristic or reviewed series mapping; see build script,1,2026-09-28,
entity_classifications_334d13f359ab739e,event_editions,evt_fa0deb12b9bcb563,term_0eacf6d65c014b6b,derived,title/location heuristic or reviewed series mapping; see build script,1,2026-09-28,
entity_classifications_40976bdcbc0413a2,event_editions,evt_a1dd3167c969522d,term_0eacf6d65c014b6b,derived,title/location heuristic or reviewed series mapping; see build script,1,2026-09-28,
entity_classifications_5c1619a968596fcc,event_editions,evt_08bcafba0cec3b30,term_0eacf6d65c014b6b,derived,title/location heuristic or reviewed series mapping; see build script,1,2026-09-28,
entity_classifications_6cd7744d35a69268,event_editions,evt_d4391ed425f38787,term_0eacf6d65c014b6b,derived,title/location heuristic or reviewed series mapping; see build script,1,2026-09-28,
entity_classifications_9ff129073d0928e1,event_editions,evt_674e0f2899f0785f,term_0eacf6d65c014b6b,derived,title/location heuristic or reviewed series mapping; see build script,1,2026-09-28,
entity_classifications_7aa3c08e684571d3,event_editions,evt_7998c14a9b151525,term_0eacf6d65c014b6b,derived,title/location heuristic or reviewed series mapping; see build script,1,2026-09-28,
entity_classifications_c84468ef0853710f,event_editions,evt_170e4b8fe0a35df5,term_0eacf6d65c014b6b,derived,title/location heuristic or reviewed series mapping; see build script,1,2026-09-28,
entity_classifications_ef115666c097847f,event_editions,evt_5bb6b4c24823702f,term_0eacf6d65c014b6b,derived,title/location heuristic or reviewed series mapping; see build script,1,2026-09-28,
entity_classifications_da9db28bc5ade4ab,event_editions,evt_250e9cbd9003182d,term_0eacf6d65c014b6b,derived,title/location heuristic or reviewed series mapping; see build script,1,2026-09-28,
entity_classifications_3aab64bb066e3f51,event_editions,evt_14b6677bf81e7c36,term_0eacf6d65c014b6b,derived,title/location heuristic or reviewed series mapping; see build script,1,2026-09-28,
entity_classifications_f4d5aea3773cbab7,event_editions,evt_b851210d9a74379e,term_0eacf6d65c014b6b,derived,title/location heuristic or reviewed series mapping; see build script,1,2026-09-28,
entity_classifications_64b2b1b22976b0ce,event_editions,evt_237861083c443362,term_0eacf6d65c014b6b,derived,title/location heuristic or reviewed series mapping; see build script,1,2026-09-28,
entity_classifications_ed823b896270752f,event_editions,evt_ef3c4e690f28e459,term_0eacf6d65c014b6b,derived,title/location heuristic or reviewed series mapping; see build script,1,2026-09-28,
entity_classifications_04c074cbb730b1f8,event_editions,evt_ee7acf29da624ebc,term_0eacf6d65c014b6b,derived,title/location heuristic or reviewed series mapping; see build script,1,2026-09-28,
entity_classifications_14c8c5c0359bbd43,event_editions,evt_0ceea2c2fffe64a4,term_0eacf6d65c014b6b,derived,title/location heuristic or reviewed series mapping; see build script,1,2026-09-28,
entity_classifications_809fd51adaa595c1,event_editions,evt_a1e626ca691ddef7,term_0eacf6d65c014b6b,derived,title/location heuristic or reviewed series mapping; see build script,1,2026-09-28,
entity_classifications_c35667a452ed9ff9,event_editions,evt_8f5c1797d6c6249c,term_0eacf6d65c014b6b,derived,title/location heuristic or reviewed series mapping; see build script,1,2026-09-28,
entity_classifications_8d4998f14cfa43db,event_editions,evt_445347a494f931ef,term_0eacf6d65c014b6b,derived,title/location heuristic or reviewed series mapping; see build script,1,2026-09-28,
entity_classifications_a287b9a36f57366d,event_editions,evt_3236511c5fbdb9e3,term_0eacf6d65c014b6b,derived,title/location heuristic or reviewed series mapping; see build script,1,2026-09-28,
entity_classifications_6c350b4304f19da5,event_editions,evt_ce15cf16caf5d3bd,term_0eacf6d65c014b6b,derived,title/location heuristic or reviewed series mapping; see build script,1,2026-09-28,
entity_classifications_4efe9ef3e005f927,event_editions,evt_01e4061c934330c2,term_0eacf6d65c014b6b,derived,title/location heuristic or reviewed series mapping; see build script,1,2026-09-28,
entity_classifications_49760f2652f8b2bf,event_editions,evt_5dd8194bb7f06cc7,term_0eacf6d65c014b6b,derived,title/location heuristic or reviewed series mapping; see build script,1,2026-09-28,
entity_classifications_be2c113bfc73103c,event_editions,evt_00864d830f68b89e,term_0eacf6d65c014b6b,derived,title/location heuristic or reviewed series mapping; see build script,1,2026-09-28,
entity_classifications_19528d87464e1876,event_editions,evt_91114750f94b10a7,term_0eacf6d65c014b6b,derived,title/location heuristic or reviewed series mapping; see build script,1,2026-09-28,
entity_classifications_93f4e438e771008f,event_editions,evt_be221b6a281285cf,term_0eacf6d65c014b6b,derived,title/location heuristic or reviewed series mapping; see build script,1,2026-09-28,
entity_classifications_0b61dc6dd993abc1,event_editions,evt_658920bbec4ba64d,term_0eacf6d65c014b6b,derived,title/location heuristic or reviewed series mapping; see build script,1,2026-09-28,
entity_classifications_ecd966547632aa1f,event_editions,evt_9dd56e0eb7028081,term_0eacf6d65c014b6b,derived,title/location heuristic or reviewed series mapping; see build script,1,2026-09-28,
entity_classifications_57c23aacfc582708,event_editions,evt_d8df7f1b0ef08363,term_0eacf6d65c014b6b,derived,title/location heuristic or reviewed series mapping; see build script,1,2026-09-28,
entity_classifications_9647f35977543246,event_editions,evt_deece9ae0dde839b,term_0eacf6d65c014b6b,derived,title/location heuristic or reviewed series mapping; see build script,1,2026-09-28,
entity_classifications_851abe4cec52e426,event_editions,evt_b37423098d2de0d0,term_0eacf6d65c014b6b,derived,title/location heuristic or reviewed series mapping; see build script,1,2026-09-28,
entity_classifications_db9da3ef4f64d8f4,event_editions,evt_7857b6e5b61e8113,term_0eacf6d65c014b6b,derived,title/location heuristic or reviewed series mapping; see build script,1,2026-09-28,
entity_classifications_9ae678607b1824ee,event_editions,evt_37e193b096bf6988,term_0eacf6d65c014b6b,derived,title/location heuristic or reviewed series mapping; see build script,1,2026-09-28,
entity_classifications_5edcb564d9993ff0,event_editions,evt_48d9533c09b78d56,term_0eacf6d65c014b6b,derived,title/location heuristic or reviewed series mapping; see build script,1,2026-09-28,
entity_classifications_bfd9141bef361812,event_editions,evt_a115bf26738ad42d,term_0eacf6d65c014b6b,derived,title/location heuristic or reviewed series mapping; see build script,1,2026-09-28,
entity_classifications_e108d3197168b29a,event_editions,evt_4b39c8f5211cfee6,term_0eacf6d65c014b6b,derived,title/location heuristic or reviewed series mapping; see build script,1,2026-09-28,
entity_classifications_b9c342172d79426a,event_editions,evt_f069c27325b6e65f,term_0eacf6d65c014b6b,derived,title/location heuristic or reviewed series mapping; see build script,1,2026-09-28,
entity_classifications_689cbb54b4eca614,event_editions,evt_92297a4781aaf106,term_0eacf6d65c014b6b,derived,title/location heuristic or reviewed series mapping; see build script,1,2026-09-28,
entity_classifications_0a5b5a51e64a00af,event_editions,evt_49e4e89e5e899550,term_0eacf6d65c014b6b,derived,title/location heuristic or reviewed series mapping; see build script,1,2026-09-28,
entity_classifications_45f797743eafae69,event_editions,evt_37fa3737c02797d8,term_0eacf6d65c014b6b,derived,title/location heuristic or reviewed series mapping; see build script,1,2026-09-28,
entity_classifications_0da96790f897ef08,event_editions,evt_7b8e0c5535e41c76,term_0eacf6d65c014b6b,derived,title/location heuristic or reviewed series mapping; see build script,1,2026-09-28,
entity_classifications_b86b60e162493ce9,event_editions,evt_c67a0800fc2cf273,term_0eacf6d65c014b6b,derived,title/location heuristic or reviewed series mapping; see build script,1,2026-09-28,
entity_classifications_80cb8f5f8b68b4d7,event_editions,evt_da11409b3457546b,term_0eacf6d65c014b6b,derived,title/location heuristic or reviewed series mapping; see build script,1,2026-09-28,
entity_classifications_e149017385f0b2b5,event_editions,evt_af294747b83323a8,term_0eacf6d65c014b6b,derived,title/location heuristic or reviewed series mapping; see build script,1,2026-09-28,
entity_classifications_22d003e39c6b2dac,event_editions,evt_7aad3c54d1952d65,term_0eacf6d65c014b6b,derived,title/location heuristic or reviewed series mapping; see build script,1,2026-09-28,
entity_classifications_524e5a819e69e3cb,event_editions,evt_66cd1d9936a0e2d1,term_0eacf6d65c014b6b,derived,title/location heuristic or reviewed series mapping; see build script,1,2026-09-28,
entity_classifications_14d3cb6dd73aa10b,event_editions,evt_a66563042f9f42be,term_0eacf6d65c014b6b,derived,title/location heuristic or reviewed series mapping; see build script,1,2026-09-28,
entity_classifications_4007171bd4fcf2e1,event_editions,evt_c9312b5b50e18e65,term_0eacf6d65c014b6b,derived,title/location heuristic or reviewed series mapping; see build script,1,2026-09-28,
entity_classifications_d1579c14497db31a,event_editions,evt_79b48c3019b9cdde,term_0eacf6d65c014b6b,derived,title/location heuristic or reviewed series mapping; see build script,1,2026-09-28,
entity_classifications_19eb42d7de277bce,event_editions,evt_ccdae9cb789ace9e,term_0eacf6d65c014b6b,derived,title/location heuristic or reviewed series mapping; see build script,1,2026-09-28,
entity_classifications_bc7f05874a87ea87,event_editions,evt_ced74d619da32b81,term_0eacf6d65c014b6b,derived,title/location heuristic or reviewed series mapping; see build script,1,2026-09-28,
entity_classifications_ffda087591666ffb,event_editions,evt_b3e8d71af5ec4f2c,term_0eacf6d65c014b6b,derived,title/location heuristic or reviewed series mapping; see build script,1,2026-09-28,
entity_classifications_f6b5e57436a2ef09,event_editions,evt_a5decb723fa4730b,term_0eacf6d65c014b6b,derived,title/location heuristic or reviewed series mapping; see build script,1,2026-09-28,
entity_classifications_d89cdb4ed4ad9b8c,event_editions,evt_ed09337171ba36bf,term_0eacf6d65c014b6b,derived,title/location heuristic or reviewed series mapping; see build script,1,2026-09-28,
entity_classifications_cc522ae06839086f,event_editions,evt_efe17b6e56fd5572,term_0eacf6d65c014b6b,derived,title/location heuristic or reviewed series mapping; see build script,1,2026-09-28,
entity_classifications_c12b0a23d8b354aa,event_editions,evt_5c167a612ca8d75a,term_0eacf6d65c014b6b,derived,title/location heuristic or reviewed series mapping; see build script,1,2026-09-28,
entity_classifications_8a610a3f0b7a2b30,event_editions,evt_139bb8e3fe07cc24,term_0eacf6d65c014b6b,derived,title/location heuristic or reviewed series mapping; see build script,1,2026-09-28,
entity_classifications_0ba451692d069c1e,event_editions,evt_26d3fde3019d27f9,term_0eacf6d65c014b6b,derived,title/location heuristic or reviewed series mapping; see build script,1,2026-09-28,
entity_classifications_4609365b28fedc5b,event_editions,evt_8f7a8a103ca6e3b3,term_0eacf6d65c014b6b,derived,title/location heuristic or reviewed series mapping; see build script,1,2026-09-28,
entity_classifications_0eec2879d6f29847,event_editions,evt_760e30916c3407e0,term_0eacf6d65c014b6b,derived,title/location heuristic or reviewed series mapping; see build script,1,2026-09-28,
entity_classifications_3a5d10d6857a1456,event_editions,evt_bdcbfa76e15b364c,term_0eacf6d65c014b6b,derived,title/location heuristic or reviewed series mapping; see build script,1,2026-09-28,
entity_classifications_9701683542f96596,event_editions,evt_aa51f33171bfdff9,term_0eacf6d65c014b6b,derived,title/location heuristic or reviewed series mapping; see build script,1,2026-09-28,
entity_classifications_fe16b195d433ce45,event_editions,evt_3bcd8de3ab5c000e,term_0eacf6d65c014b6b,derived,title/location heuristic or reviewed series mapping; see build script,1,2026-09-28,
entity_classifications_244663b28743e592,event_editions,evt_db7735680e5a9a2e,term_0eacf6d65c014b6b,derived,title/location heuristic or reviewed series mapping; see build script,1,2026-09-28,
entity_classifications_ca1c16f55b9b52ef,event_editions,evt_c85b800434c82e89,term_0eacf6d65c014b6b,derived,title/location heuristic or reviewed series mapping; see build script,1,2026-09-28,
entity_classifications_0078764650b23b9a,event_editions,evt_b2528b9bd6bd4d42,term_0eacf6d65c014b6b,derived,title/location heuristic or reviewed series mapping; see build script,1,2026-09-28,
entity_classifications_ea04a6bb1d6cd194,event_editions,evt_d0efbb7202548412,term_0eacf6d65c014b6b,derived,title/location heuristic or reviewed series mapping; see build script,1,2026-09-28,
entity_classifications_3584213f4f108b05,event_editions,evt_3db6955dac280dc7,term_0eacf6d65c014b6b,derived,title/location heuristic or reviewed series mapping; see build script,1,2026-09-28,
entity_classifications_ff55aa6a91f193c1,event_editions,evt_41ce7e5d9eb3b27f,term_0eacf6d65c014b6b,derived,title/location heuristic or reviewed series mapping; see build script,1,2026-09-28,
entity_classifications_06738b7cd0f8ced4,event_editions,evt_5c2c88495656db3b,term_0eacf6d65c014b6b,derived,title/location heuristic or reviewed series mapping; see build script,1,2026-09-28,
entity_classifications_52a6ffb9a61011e1,event_editions,evt_aaf98d0fc4d7f8db,term_0eacf6d65c014b6b,derived,title/location heuristic or reviewed series mapping; see build script,1,2026-09-28,
entity_classifications_c258df27984bfbfd,event_editions,evt_0cc38d4f6188a546,term_0eacf6d65c014b6b,derived,title/location heuristic or reviewed series mapping; see build script,1,2026-09-28,
entity_classifications_e0f511676db05503,event_editions,evt_e9ad69a87f4e2b65,term_0eacf6d65c014b6b,derived,title/location heuristic or reviewed series mapping; see build script,1,2026-09-28,
entity_classifications_ff15ac440ecbc151,event_editions,evt_0611b9f3cde6cf20,term_0eacf6d65c014b6b,derived,title/location heuristic or reviewed series mapping; see build script,1,2026-09-28,
entity_classifications_d96892b9df78f3a8,event_editions,evt_9f891a159c7bbec0,term_0eacf6d65c014b6b,derived,title/location heuristic or reviewed series mapping; see build script,1,2026-09-28,
entity_classifications_e0d117cdd4eca096,event_editions,evt_bfee1a061e0fbaf8,term_0eacf6d65c014b6b,derived,title/location heuristic or reviewed series mapping; see build script,1,2026-09-28,
entity_classifications_99ebf299dbeb3846,event_editions,evt_9de44038af9835c6,term_0eacf6d65c014b6b,derived,title/location heuristic or reviewed series mapping; see build script,1,2026-09-28,
entity_classifications_9190c774a96c469c,event_editions,evt_deb65e7bf14584b1,term_0eacf6d65c014b6b,derived,title/location heuristic or reviewed series mapping; see build script,1,2026-09-28,
entity_classifications_876016fa6b548d5c,event_editions,evt_be4859aae6a87199,term_0eacf6d65c014b6b,derived,title/location heuristic or reviewed series mapping; see build script,1,2026-09-28,
entity_classifications_6d63edd8409b80be,event_editions,evt_54616bd8f4394e1a,term_0eacf6d65c014b6b,derived,title/location heuristic or reviewed series mapping; see build script,1,2026-09-28,
entity_classifications_c0d7a436ce10a3f2,event_editions,evt_49518cbe2d657cdb,term_0eacf6d65c014b6b,derived,title/location heuristic or reviewed series mapping; see build script,1,2026-09-28,
entity_classifications_17c6db94710a5bee,event_editions,evt_65e9889355453238,term_0eacf6d65c014b6b,derived,title/location heuristic or reviewed series mapping; see build script,1,2026-09-28,
entity_classifications_85ba75fbd89b0cec,event_editions,evt_297a33a6d4ca6bbe,term_0eacf6d65c014b6b,derived,title/location heuristic or reviewed series mapping; see build script,1,2026-09-28,
entity_classifications_ff4b37d64341b325,event_editions,evt_8d5e20dcbae7f181,term_0eacf6d65c014b6b,derived,title/location heuristic or reviewed series mapping; see build script,1,2026-09-28,
entity_classifications_8526397ae2c56e26,event_editions,evt_9c1c29547f87b7cf,term_0eacf6d65c014b6b,derived,title/location heuristic or reviewed series mapping; see build script,1,2026-09-28,
entity_classifications_824555bc84e578eb,event_editions,evt_b2785723547d9f93,term_0eacf6d65c014b6b,derived,title/location heuristic or reviewed series mapping; see build script,1,2026-09-28,
entity_classifications_c5cf9739b3c633b1,event_editions,evt_74610ad3e150a658,term_0eacf6d65c014b6b,derived,title/location heuristic or reviewed series mapping; see build script,1,2026-09-28,
entity_classifications_f7b53fd858deb81c,event_editions,evt_7ad8465d3f7e9d49,term_0eacf6d65c014b6b,derived,title/location heuristic or reviewed series mapping; see build script,1,2026-09-28,
entity_classifications_a725a2ac8597818b,event_editions,evt_fd2d5fdf56c6d2cf,term_0eacf6d65c014b6b,derived,title/location heuristic or reviewed series mapping; see build script,1,2026-09-28,
entity_classifications_0cfc4d835e0a878a,event_editions,evt_fdbd689a6182dd06,term_0eacf6d65c014b6b,derived,title/location heuristic or reviewed series mapping; see build script,1,2026-09-28,
entity_classifications_598dadefdfc321d5,event_editions,evt_33bde9ebde92de31,term_0eacf6d65c014b6b,derived,title/location heuristic or reviewed series mapping; see build script,1,2026-09-28,
entity_classifications_becb7b2bae818d0d,event_editions,evt_a2620ac1885e7bfb,term_0eacf6d65c014b6b,derived,title/location heuristic or reviewed series mapping; see build script,1,2026-09-28,
entity_classifications_e4b204fffd3ef51e,event_editions,evt_b22971bfb1a27ed6,term_0eacf6d65c014b6b,derived,title/location heuristic or reviewed series mapping; see build script,1,2026-09-28,
entity_classifications_dcf0ba658d5db86f,event_editions,evt_404d84596af4ef95,term_0eacf6d65c014b6b,derived,title/location heuristic or reviewed series mapping; see build script,1,2026-09-28,
entity_classifications_8255b48eb021ba5f,event_editions,evt_0631c3cfb3c6e098,term_0eacf6d65c014b6b,derived,title/location heuristic or reviewed series mapping; see build script,1,2026-09-28,
entity_classifications_4aa7367c836eff60,event_editions,evt_e173473e19838ae0,term_0eacf6d65c014b6b,derived,title/location heuristic or reviewed series mapping; see build script,1,2026-09-28,
entity_classifications_0ef9b70da58c5b28,event_editions,evt_57ecf42ccd9ab381,term_0eacf6d65c014b6b,derived,title/location heuristic or reviewed series mapping; see build script,1,2026-09-28,
entity_classifications_2f559f3b83d82eea,event_editions,evt_0e8d3cac5415913d,term_0eacf6d65c014b6b,derived,title/location heuristic or reviewed series mapping; see build script,1,2026-09-28,
entity_classifications_1aef13a7f3e57da5,event_editions,evt_a498793e98a647af,term_0eacf6d65c014b6b,derived,title/location heuristic or reviewed series mapping; see build script,1,2026-09-28,
entity_classifications_1b3990c5343c643f,event_editions,evt_3fe2f73a2602b6e9,term_0eacf6d65c014b6b,derived,title/location heuristic or reviewed series mapping; see build script,1,2026-09-28,
entity_classifications_e0594a665ca7337b,event_editions,evt_fb99546d8a1fa641,term_0eacf6d65c014b6b,derived,title/location heuristic or reviewed series mapping; see build script,1,2026-09-28,
entity_classifications_a5b072f5f7d9b1db,event_editions,evt_1936bd31f6d0da12,term_0eacf6d65c014b6b,derived,title/location heuristic or reviewed series mapping; see build script,1,2026-09-28,
entity_classifications_f28532e0ad87bbde,event_editions,evt_50204350f64d8341,term_0eacf6d65c014b6b,derived,title/location heuristic or reviewed series mapping; see build script,1,2026-09-28,
entity_classifications_7c6277f602239dd9,event_editions,evt_ad212682e70e4bad,term_0eacf6d65c014b6b,derived,title/location heuristic or reviewed series mapping; see build script,1,2026-09-28,
entity_classifications_fe4cd5bad7f51bf6,event_editions,evt_a9df4aa4f0c59e41,term_0eacf6d65c014b6b,derived,title/location heuristic or reviewed series mapping; see build script,1,2026-09-28,
entity_classifications_682412b6c7540e12,event_editions,evt_db634b47ec5ad1ca,term_0eacf6d65c014b6b,derived,title/location heuristic or reviewed series mapping; see build script,1,2026-09-28,
entity_classifications_fec2088e4198a4b8,event_editions,evt_67e7ddb82f22d155,term_0eacf6d65c014b6b,derived,title/location heuristic or reviewed series mapping; see build script,1,2026-09-28,
entity_classifications_928e018d2839ebb1,event_editions,evt_5cdd70a815217204,term_0eacf6d65c014b6b,derived,title/location heuristic or reviewed series mapping; see build script,1,2026-09-28,
entity_classifications_cb69a6d7506ffeb0,event_editions,evt_3de6f81a748d1ff2,term_0eacf6d65c014b6b,derived,title/location heuristic or reviewed series mapping; see build script,1,2026-09-28,
entity_classifications_6e481753e75b1738,event_editions,evt_06a4ef859b8ffa95,term_0eacf6d65c014b6b,derived,title/location heuristic or reviewed series mapping; see build script,1,2026-09-28,
entity_classifications_32b89a6a6d8b5981,event_editions,evt_b1501c4fbd3cac53,term_0eacf6d65c014b6b,derived,title/location heuristic or reviewed series mapping; see build script,1,2026-09-28,
entity_classifications_7105b0f78d44d70c,event_editions,evt_089b29f7a862852b,term_0eacf6d65c014b6b,derived,title/location heuristic or reviewed series mapping; see build script,1,2026-09-28,
entity_classifications_e0f329e38a5fdc9d,event_editions,evt_7129909b558a2c85,term_0eacf6d65c014b6b,derived,title/location heuristic or reviewed series mapping; see build script,1,2026-09-28,
entity_classifications_a5a0914d08d441a8,event_editions,evt_920139456a6959c8,term_0eacf6d65c014b6b,derived,title/location heuristic or reviewed series mapping; see build script,1,2026-09-28,
entity_classifications_841aa92615b88267,event_editions,evt_2036f81b0ea8dcd7,term_0eacf6d65c014b6b,derived,title/location heuristic or reviewed series mapping; see build script,1,2026-09-28,
entity_classifications_2f02c0f7ce0da424,event_editions,evt_6c4c049d26869e0b,term_0eacf6d65c014b6b,derived,title/location heuristic or reviewed series mapping; see build script,1,2026-09-28,
entity_classifications_a4bcd0fce064ad89,event_editions,evt_256ca699c1ec267e,term_0eacf6d65c014b6b,derived,title/location heuristic or reviewed series mapping; see build script,1,2026-09-28,
entity_classifications_76c27f9b73a950ed,event_editions,evt_ed7da201fe6279d6,term_0eacf6d65c014b6b,derived,title/location heuristic or reviewed series mapping; see build script,1,2026-09-28,
entity_classifications_4dd1284204064349,event_editions,evt_89cf10578ce09a61,term_0eacf6d65c014b6b,derived,title/location heuristic or reviewed series mapping; see build script,1,2026-09-28,
entity_classifications_0ec21dc3cf7868c8,event_editions,evt_b60a357de57ecae7,term_0eacf6d65c014b6b,derived,title/location heuristic or reviewed series mapping; see build script,1,2026-09-28,
entity_classifications_568eb98fc21a754d,event_editions,evt_6c3f273c022c3ada,term_0eacf6d65c014b6b,derived,title/location heuristic or reviewed series mapping; see build script,1,2026-09-28,
entity_classifications_784c15ad08620de8,event_editions,evt_fa4ae51ab4966e57,term_0eacf6d65c014b6b,derived,title/location heuristic or reviewed series mapping; see build script,1,2026-09-28,
entity_classifications_f23caab50cc838c6,event_editions,evt_ff9a7403635948a0,term_0eacf6d65c014b6b,derived,title/location heuristic or reviewed series mapping; see build script,1,2026-09-28,
entity_classifications_119db06a17ddb4ee,event_editions,evt_437f2683530c8fa9,term_0eacf6d65c014b6b,derived,title/location heuristic or reviewed series mapping; see build script,1,2026-09-28,
entity_classifications_a23a7faf00ce248c,event_editions,evt_64031b1829b32e15,term_0eacf6d65c014b6b,derived,title/location heuristic or reviewed series mapping; see build script,1,2026-09-28,
entity_classifications_259ff233fecb9359,event_editions,evt_5838fadfc1b5d04e,term_0eacf6d65c014b6b,derived,title/location heuristic or reviewed series mapping; see build script,1,2026-09-28,
entity_classifications_057dde6325d32290,event_editions,evt_effb223040c82114,term_0eacf6d65c014b6b,derived,title/location heuristic or reviewed series mapping; see build script,1,2026-09-28,
entity_classifications_7a380f3aef5fd1b6,event_editions,evt_6f3dca0e4eb15e26,term_0eacf6d65c014b6b,derived,title/location heuristic or reviewed series mapping; see build script,1,2026-09-28,
entity_classifications_16e03b7fc1d685bb,event_editions,evt_5d52fabd19ff5f97,term_0eacf6d65c014b6b,derived,title/location heuristic or reviewed series mapping; see build script,1,2026-09-28,
entity_classifications_6ab63b6b9fe096bb,event_editions,evt_4d6fc62eae37d972,term_0eacf6d65c014b6b,derived,title/location heuristic or reviewed series mapping; see build script,1,2026-09-28,
entity_classifications_f8a5c2638fd0e906,event_editions,evt_c1fc812209c1e5f7,term_0eacf6d65c014b6b,derived,title/location heuristic or reviewed series mapping; see build script,1,2026-09-28,
entity_classifications_edf00961d4cef299,event_editions,evt_7aaec041d2222700,term_0eacf6d65c014b6b,derived,title/location heuristic or reviewed series mapping; see build script,1,2026-09-28,
entity_classifications_4299defe67c8e963,event_editions,evt_37ca887c3e181799,term_0eacf6d65c014b6b,derived,title/location heuristic or reviewed series mapping; see build script,1,2026-09-28,
entity_classifications_7c4adfb6a3400948,event_editions,evt_74049a371269896f,term_0eacf6d65c014b6b,derived,title/location heuristic or reviewed series mapping; see build script,1,2026-09-28,
entity_classifications_8748e777d0780e6a,event_editions,evt_5fc2ba3af4a8b8d2,term_0eacf6d65c014b6b,derived,title/location heuristic or reviewed series mapping; see build script,1,2026-09-28,
entity_classifications_c20a3a3700477024,event_editions,evt_3b1e71e0f91d4e45,term_0eacf6d65c014b6b,derived,title/location heuristic or reviewed series mapping; see build script,1,2026-09-28,
entity_classifications_30058711ae15b3a3,event_editions,evt_d2f82fa381d6ae59,term_0eacf6d65c014b6b,derived,title/location heuristic or reviewed series mapping; see build script,1,2026-09-28,
entity_classifications_605f2607f0591102,event_editions,evt_c4817f1185db10ae,term_0eacf6d65c014b6b,derived,title/location heuristic or reviewed series mapping; see build script,1,2026-09-28,
entity_classifications_391a744b1e67d3c2,event_editions,evt_3ec641d53699cf30,term_0eacf6d65c014b6b,derived,title/location heuristic or reviewed series mapping; see build script,1,2026-09-28,
entity_classifications_93e8f4f084f234a3,event_editions,evt_7e0f1a03809190ec,term_0eacf6d65c014b6b,derived,title/location heuristic or reviewed series mapping; see build script,1,2026-09-28,
entity_classifications_b2c35e1e34cf3735,event_editions,evt_4ab46368efb9ff6d,term_0eacf6d65c014b6b,derived,title/location heuristic or reviewed series mapping; see build script,1,2026-09-28,
entity_classifications_6eaf785ca2e8df04,event_editions,evt_a495e787b7e5ec88,term_0eacf6d65c014b6b,derived,title/location heuristic or reviewed series mapping; see build script,1,2026-09-28,
entity_classifications_7fb4698654fcb372,event_editions,evt_74ae7d31d7329b17,term_0eacf6d65c014b6b,derived,title/location heuristic or reviewed series mapping; see build script,1,2026-09-28,
entity_classifications_948dc12235da5d3c,event_editions,evt_cee331b79ddc2c33,term_0eacf6d65c014b6b,derived,title/location heuristic or reviewed series mapping; see build script,1,2026-09-28,
entity_classifications_5706ce1d8a445386,event_editions,evt_3ad4b5f8bdd8e031,term_0eacf6d65c014b6b,derived,title/location heuristic or reviewed series mapping; see build script,1,2026-09-28,
entity_classifications_79ea01a76ca4cac9,event_editions,evt_e750cebabe753ce1,term_0eacf6d65c014b6b,derived,title/location heuristic or reviewed series mapping; see build script,1,2026-09-28,
entity_classifications_64ed3b17c45e3150,event_editions,evt_6ee7fcea5d44b614,term_0eacf6d65c014b6b,derived,title/location heuristic or reviewed series mapping; see build script,1,2026-09-28,
entity_classifications_e1280a9e03c590bf,event_editions,evt_94192e5823dd6c5a,term_0eacf6d65c014b6b,derived,title/location heuristic or reviewed series mapping; see build script,1,2026-09-28,
entity_classifications_e48df8727b4020ca,event_editions,evt_90da8a508497bce2,term_0eacf6d65c014b6b,derived,title/location heuristic or reviewed series mapping; see build script,1,2026-09-28,
entity_classifications_08e1534edbbb3162,event_editions,evt_5d67dff2d9433141,term_0eacf6d65c014b6b,derived,title/location heuristic or reviewed series mapping; see build script,1,2026-09-28,
entity_classifications_98de2a1d389b7f8c,event_editions,evt_7154c72c97435330,term_0eacf6d65c014b6b,derived,title/location heuristic or reviewed series mapping; see build script,1,2026-09-28,
entity_classifications_74129b88aaf83431,event_editions,evt_5deaec442ecd2887,term_0eacf6d65c014b6b,derived,title/location heuristic or reviewed series mapping; see build script,1,2026-09-28,
entity_classifications_cb4edcb06d1aaa21,event_editions,evt_a8c1c41b1a389be3,term_0eacf6d65c014b6b,derived,title/location heuristic or reviewed series mapping; see build script,1,2026-09-28,
entity_classifications_06b28459b2ae4e84,event_editions,evt_4b1f9a1de2a0267f,term_0eacf6d65c014b6b,derived,title/location heuristic or reviewed series mapping; see build script,1,2026-09-28,
entity_classifications_a22f0c4acfd6e65d,event_editions,evt_c697118d3b493feb,term_0eacf6d65c014b6b,derived,title/location heuristic or reviewed series mapping; see build script,1,2026-09-28,
entity_classifications_d46fe483e2906d02,event_editions,evt_fa3612d924c8e87d,term_0eacf6d65c014b6b,derived,title/location heuristic or reviewed series mapping; see build script,1,2026-09-28,
entity_classifications_e191d03594851c7f,event_editions,evt_bd74e048c2d1e39d,term_0eacf6d65c014b6b,derived,title/location heuristic or reviewed series mapping; see build script,1,2026-09-28,
entity_classifications_8652ed86d3e6be6f,event_editions,evt_b223eba33e50886e,term_0eacf6d65c014b6b,derived,title/location heuristic or reviewed series mapping; see build script,1,2026-09-28,
entity_classifications_aa15d2c50a018304,event_editions,evt_d872a5e68838304b,term_0eacf6d65c014b6b,derived,title/location heuristic or reviewed series mapping; see build script,1,2026-09-28,
entity_classifications_0efc8b77a710d492,event_editions,evt_c2fd477af6ad84f0,term_0eacf6d65c014b6b,derived,title/location heuristic or reviewed series mapping; see build script,1,2026-09-28,
entity_classifications_1063e0625dfdf577,event_editions,evt_75fd79a7117be237,term_0eacf6d65c014b6b,derived,title/location heuristic or reviewed series mapping; see build script,1,2026-09-28,
entity_classifications_e29dc7bdcc688238,event_editions,evt_6cf46299022d5c15,term_0eacf6d65c014b6b,derived,title/location heuristic or reviewed series mapping; see build script,1,2026-09-28,
entity_classifications_0af4a07467df37d8,event_editions,evt_af5c6933fb8159e9,term_0eacf6d65c014b6b,derived,title/location heuristic or reviewed series mapping; see build script,1,2026-09-28,
entity_classifications_211e2ec89ebc791e,event_editions,evt_55527464e377cef3,term_0eacf6d65c014b6b,derived,title/location heuristic or reviewed series mapping; see build script,1,2026-09-28,
entity_classifications_d3fbb59b52f524ab,event_editions,evt_e7c0b2f324524845,term_0eacf6d65c014b6b,derived,title/location heuristic or reviewed series mapping; see build script,1,2026-09-28,
entity_classifications_45ca254c0fb9436d,event_editions,evt_b3dab3e33f75c317,term_0eacf6d65c014b6b,derived,title/location heuristic or reviewed series mapping; see build script,1,2026-09-28,
entity_classifications_94fa64da6854ed8a,event_editions,evt_eef12d21d0b907b9,term_0eacf6d65c014b6b,derived,title/location heuristic or reviewed series mapping; see build script,1,2026-09-28,
entity_classifications_1dbb6a43ae12fc3e,event_editions,evt_9b69e006f72f98b5,term_0eacf6d65c014b6b,derived,title/location heuristic or reviewed series mapping; see build script,1,2026-09-28,
entity_classifications_e6077e358c5e1d04,event_editions,evt_da963b5d8c54ed8a,term_0eacf6d65c014b6b,derived,title/location heuristic or reviewed series mapping; see build script,1,2026-09-28,
entity_classifications_378184e9d2920e95,event_editions,evt_a277c9c7761355cd,term_0eacf6d65c014b6b,derived,title/location heuristic or reviewed series mapping; see build script,1,2026-09-28,
entity_classifications_11055e1e733b84fa,event_editions,evt_e031096e2872cd62,term_0eacf6d65c014b6b,derived,title/location heuristic or reviewed series mapping; see build script,1,2026-09-28,
entity_classifications_56202338d20f545b,event_editions,evt_650fa0761a9fc55f,term_0eacf6d65c014b6b,derived,title/location heuristic or reviewed series mapping; see build script,1,2026-09-28,
entity_classifications_15cc66ee047f281a,event_editions,evt_f8a72172bac5eded,term_0eacf6d65c014b6b,derived,title/location heuristic or reviewed series mapping; see build script,1,2026-09-28,
entity_classifications_1fd874e7e26837da,event_editions,evt_6341bbe7757acfdc,term_0eacf6d65c014b6b,derived,title/location heuristic or reviewed series mapping; see build script,1,2026-09-28,
entity_classifications_bbb8eb42ae9b53bb,event_editions,evt_3b82eec2d105cc0a,term_0eacf6d65c014b6b,derived,title/location heuristic or reviewed series mapping; see build script,1,2026-09-28,
entity_classifications_63f218fb548eae64,event_editions,evt_2c50b3bf523779ba,term_0eacf6d65c014b6b,derived,title/location heuristic or reviewed series mapping; see build script,1,2026-09-28,
entity_classifications_e4f7ffe92987fafd,event_editions,evt_e2e510068d358994,term_0eacf6d65c014b6b,derived,title/location heuristic or reviewed series mapping; see build script,1,2026-09-28,
entity_classifications_f325c55ca1806323,event_editions,evt_3b2c502b22f4fbb1,term_0eacf6d65c014b6b,derived,title/location heuristic or reviewed series mapping; see build script,1,2026-09-28,
entity_classifications_29588cfe45e74bb1,event_editions,evt_da84603b4444c878,term_0eacf6d65c014b6b,derived,title/location heuristic or reviewed series mapping; see build script,1,2026-09-28,
entity_classifications_7a7a9e35fecd9679,event_editions,evt_c2fed92692ede59c,term_0eacf6d65c014b6b,derived,title/location heuristic or reviewed series mapping; see build script,1,2026-09-28,
entity_classifications_fbe9d073561d269b,event_editions,evt_2144134cfbaff628,term_0eacf6d65c014b6b,derived,title/location heuristic or reviewed series mapping; see build script,1,2026-09-28,
entity_classifications_343dd576aa1bc160,event_editions,evt_52a98968a03607de,term_0eacf6d65c014b6b,derived,title/location heuristic or reviewed series mapping; see build script,1,2026-09-28,
entity_classifications_61b1b20c686597ca,event_editions,evt_8b6b8840d6cf185b,term_0eacf6d65c014b6b,derived,title/location heuristic or reviewed series mapping; see build script,1,2026-09-28,
entity_classifications_2e8685f8ef7df2eb,event_editions,evt_d56946d50a9568ba,term_0eacf6d65c014b6b,derived,title/location heuristic or reviewed series mapping; see build script,1,2026-09-28,
entity_classifications_32b44d76a05ff14e,event_editions,evt_612aaae6f98fc90a,term_0eacf6d65c014b6b,derived,title/location heuristic or reviewed series mapping; see build script,1,2026-09-28,
entity_classifications_a39e6c50ea4bccc0,event_editions,evt_b5cd17a2332568c5,term_0eacf6d65c014b6b,derived,title/location heuristic or reviewed series mapping; see build script,1,2026-09-28,
entity_classifications_1ef9eebe091b4d42,event_editions,evt_0f446634002d32ee,term_0eacf6d65c014b6b,derived,title/location heuristic or reviewed series mapping; see build script,1,2026-09-28,
entity_classifications_5f6ff95f28932e01,event_editions,evt_fe6e9215fec4590a,term_0eacf6d65c014b6b,derived,title/location heuristic or reviewed series mapping; see build script,1,2026-09-28,
entity_classifications_b68255515ab59203,event_editions,evt_de2f158d806fd72f,term_0eacf6d65c014b6b,derived,title/location heuristic or reviewed series mapping; see build script,1,2026-09-28,
entity_classifications_6585c6ec15efac8a,event_editions,evt_8748e36e7b87304a,term_0eacf6d65c014b6b,derived,title/location heuristic or reviewed series mapping; see build script,1,2026-09-28,
entity_classifications_df3fb45bd37b84d5,event_editions,evt_e7884569e364b292,term_0eacf6d65c014b6b,derived,title/location heuristic or reviewed series mapping; see build script,1,2026-09-28,
entity_classifications_61cc23c29107b5dd,event_editions,evt_a6096d896615d770,term_0eacf6d65c014b6b,derived,title/location heuristic or reviewed series mapping; see build script,1,2026-09-28,
entity_classifications_a3413b8e1c89db48,event_editions,evt_0f2983bbcc9b4160,term_0eacf6d65c014b6b,derived,title/location heuristic or reviewed series mapping; see build script,1,2026-09-28,
entity_classifications_7534dafacab473dc,event_editions,evt_3c178dedf76003d2,term_0eacf6d65c014b6b,derived,title/location heuristic or reviewed series mapping; see build script,1,2026-09-28,
entity_classifications_f4baadd3e810b5f7,event_editions,evt_c10755238ed1153c,term_0eacf6d65c014b6b,derived,title/location heuristic or reviewed series mapping; see build script,1,2026-09-28,
entity_classifications_b3ae89f13984d47e,event_editions,evt_8ca37dbdff94a378,term_0eacf6d65c014b6b,derived,title/location heuristic or reviewed series mapping; see build script,1,2026-09-28,
entity_classifications_392732cc8335f804,event_editions,evt_f59d8086b9dbc751,term_0eacf6d65c014b6b,derived,title/location heuristic or reviewed series mapping; see build script,1,2026-09-28,
entity_classifications_fd502f3c048b0983,event_editions,evt_68b84077a3d48c21,term_0eacf6d65c014b6b,derived,title/location heuristic or reviewed series mapping; see build script,1,2026-09-28,
entity_classifications_a8e7033651f4bc1f,event_editions,evt_53319260ea622d16,term_0eacf6d65c014b6b,derived,title/location heuristic or reviewed series mapping; see build script,1,2026-09-28,
entity_classifications_6bbfaa51d575e6da,event_editions,evt_734f16c7c4badb04,term_0eacf6d65c014b6b,derived,title/location heuristic or reviewed series mapping; see build script,1,2026-09-28,
entity_classifications_2dc991cbe80350f0,event_editions,evt_4fa59f0071d0910d,term_0eacf6d65c014b6b,derived,title/location heuristic or reviewed series mapping; see build script,1,2026-09-28,
entity_classifications_f0c023bf18738aa7,event_editions,evt_53cd8890451552e1,term_0eacf6d65c014b6b,derived,title/location heuristic or reviewed series mapping; see build script,1,2026-09-28,
entity_classifications_a1f2b9001d142eb9,event_editions,evt_52bcdc5557b2b9e2,term_0eacf6d65c014b6b,derived,title/location heuristic or reviewed series mapping; see build script,1,2026-09-28,
entity_classifications_5771316649e308a9,event_editions,evt_48c9e1718785701d,term_0eacf6d65c014b6b,derived,title/location heuristic or reviewed series mapping; see build script,1,2026-09-28,
entity_classifications_6bd213a35a5c5359,event_editions,evt_fc8f3fec6af58cca,term_0eacf6d65c014b6b,derived,title/location heuristic or reviewed series mapping; see build script,1,2026-09-28,
entity_classifications_05368a4da6068998,event_editions,evt_0e27b7d75a4a1750,term_0eacf6d65c014b6b,derived,title/location heuristic or reviewed series mapping; see build script,1,2026-09-28,
entity_classifications_f93bbe2231d8f1fd,event_editions,evt_c2db0cdfb2726a49,term_0eacf6d65c014b6b,derived,title/location heuristic or reviewed series mapping; see build script,1,2026-09-28,
entity_classifications_d237d571a34ee843,event_editions,evt_a183239570de870f,term_0eacf6d65c014b6b,derived,title/location heuristic or reviewed series mapping; see build script,1,2026-09-28,
entity_classifications_440cf01712d08741,event_editions,evt_efbee74f22bfd3c5,term_0eacf6d65c014b6b,derived,title/location heuristic or reviewed series mapping; see build script,1,2026-09-28,
entity_classifications_a43a7fc2815cb334,event_editions,evt_c44a48d0ed75e300,term_0eacf6d65c014b6b,derived,title/location heuristic or reviewed series mapping; see build script,1,2026-09-28,
entity_classifications_ae72dd00268b4fe0,event_editions,evt_e411c2bb3e1e5184,term_0eacf6d65c014b6b,derived,title/location heuristic or reviewed series mapping; see build script,1,2026-09-28,
entity_classifications_a57e73f19b391e36,event_editions,evt_2a453cc03f00f119,term_0eacf6d65c014b6b,derived,title/location heuristic or reviewed series mapping; see build script,1,2026-09-28,
entity_classifications_3db25101be613422,event_editions,evt_e22cd1cc0b8fb6fa,term_0eacf6d65c014b6b,derived,title/location heuristic or reviewed series mapping; see build script,1,2026-09-28,
entity_classifications_becc6061c724edec,event_editions,evt_18626ec094ed37b6,term_0eacf6d65c014b6b,derived,title/location heuristic or reviewed series mapping; see build script,1,2026-09-28,
entity_classifications_a676293699c4d78c,event_editions,evt_59c94afe2168350b,term_0eacf6d65c014b6b,derived,title/location heuristic or reviewed series mapping; see build script,1,2026-09-28,
entity_classifications_b5d0bb8df8f474c4,event_editions,evt_f98456919f51bf3b,term_0eacf6d65c014b6b,derived,title/location heuristic or reviewed series mapping; see build script,1,2026-09-28,
entity_classifications_4b5d2f3188710ec7,event_editions,evt_271183b863badc08,term_0eacf6d65c014b6b,derived,title/location heuristic or reviewed series mapping; see build script,1,2026-09-28,
entity_classifications_8559327ae52d271c,event_editions,evt_9811ec9638b1fbcc,term_0eacf6d65c014b6b,derived,title/location heuristic or reviewed series mapping; see build script,1,2026-09-28,
entity_classifications_519724a17bcdbace,event_editions,evt_02f2b35b65883f13,term_0eacf6d65c014b6b,derived,title/location heuristic or reviewed series mapping; see build script,1,2026-09-28,
entity_classifications_404cfd6003495502,event_editions,evt_7aa2315026a455d4,term_0eacf6d65c014b6b,derived,title/location heuristic or reviewed series mapping; see build script,1,2026-09-28,
entity_classifications_ec1dfa9eb709d28f,event_editions,evt_ebeea41d3b2cc2f4,term_0eacf6d65c014b6b,derived,title/location heuristic or reviewed series mapping; see build script,1,2026-09-28,
entity_classifications_30295c1026bc02da,event_editions,evt_0aa269c82bc35ecb,term_0eacf6d65c014b6b,derived,title/location heuristic or reviewed series mapping; see build script,1,2026-09-28,
entity_classifications_b3b7d596497da662,event_editions,evt_d0372c6c42f0d18d,term_0eacf6d65c014b6b,derived,title/location heuristic or reviewed series mapping; see build script,1,2026-09-28,
entity_classifications_ed7cd154464a96b7,event_editions,evt_214ad6bea53fa8c8,term_0eacf6d65c014b6b,derived,title/location heuristic or reviewed series mapping; see build script,1,2026-09-28,
entity_classifications_e6d3014e5a8e8bc7,event_editions,evt_656b138ad9f77966,term_0eacf6d65c014b6b,derived,title/location heuristic or reviewed series mapping; see build script,1,2026-09-28,
entity_classifications_3bd3273a3b168133,event_editions,evt_fca0556d0d79f159,term_0eacf6d65c014b6b,derived,title/location heuristic or reviewed series mapping; see build script,1,2026-09-28,
entity_classifications_37078a41c53b5234,event_editions,evt_e39e93bc1ebe1be9,term_0eacf6d65c014b6b,derived,title/location heuristic or reviewed series mapping; see build script,1,2026-09-28,
entity_classifications_57414de7a9642562,event_editions,evt_557605ca2d07333a,term_0eacf6d65c014b6b,derived,title/location heuristic or reviewed series mapping; see build script,1,2026-09-28,
entity_classifications_c1d8c847b4fc881b,event_editions,evt_86d22fa6f5a5d266,term_0eacf6d65c014b6b,derived,title/location heuristic or reviewed series mapping; see build script,1,2026-09-28,
entity_classifications_87818b302b175e86,event_editions,evt_c4f78ea66f7b8c55,term_0eacf6d65c014b6b,derived,title/location heuristic or reviewed series mapping; see build script,1,2026-09-28,
entity_classifications_838cc0d5a72eece1,event_editions,evt_f1224171dc987b8a,term_0eacf6d65c014b6b,derived,title/location heuristic or reviewed series mapping; see build script,1,2026-09-28,
entity_classifications_aa372bb23c477284,event_editions,evt_f7724e1d47fcfe0a,term_0eacf6d65c014b6b,derived,title/location heuristic or reviewed series mapping; see build script,1,2026-09-28,
entity_classifications_28f250c02504065e,event_editions,evt_b276f2ca0b3f3414,term_0eacf6d65c014b6b,derived,title/location heuristic or reviewed series mapping; see build script,1,2026-09-28,
entity_classifications_ebb859ea4e3ee02f,event_editions,evt_207d218a5b4df982,term_0eacf6d65c014b6b,derived,title/location heuristic or reviewed series mapping; see build script,1,2026-09-28,
entity_classifications_bf6689be43cb332d,event_editions,evt_9e8343e036deef82,term_0eacf6d65c014b6b,derived,title/location heuristic or reviewed series mapping; see build script,1,2026-09-28,
entity_classifications_0cad192daf1c8fde,event_editions,evt_509dff0f9ae80a76,term_0eacf6d65c014b6b,derived,title/location heuristic or reviewed series mapping; see build script,1,2026-09-28,
entity_classifications_2b9bf946b4dc9aaa,event_editions,evt_86455e9b97b2854d,term_0eacf6d65c014b6b,derived,title/location heuristic or reviewed series mapping; see build script,1,2026-09-28,
entity_classifications_f908de30732f4266,event_editions,evt_52acb71523a21b08,term_0eacf6d65c014b6b,derived,title/location heuristic or reviewed series mapping; see build script,1,2026-09-28,
entity_classifications_a389b6153d416e06,event_editions,evt_eb58a35e5f3a8e6d,term_0eacf6d65c014b6b,derived,title/location heuristic or reviewed series mapping; see build script,1,2026-09-28,
entity_classifications_026a30ed97cbed54,event_editions,evt_9f17995d9eef59f1,term_0eacf6d65c014b6b,derived,title/location heuristic or reviewed series mapping; see build script,1,2026-09-28,
entity_classifications_cf03ab4fc62d42e3,event_editions,evt_4091597f5b237d47,term_0eacf6d65c014b6b,derived,title/location heuristic or reviewed series mapping; see build script,1,2026-09-28,
entity_classifications_54876105e25d293c,event_editions,evt_216ea48a972ff0a5,term_0eacf6d65c014b6b,derived,title/location heuristic or reviewed series mapping; see build script,1,2026-09-28,
entity_classifications_abb0d8b65b8357f0,event_editions,evt_849cb4ba9c92b4ba,term_0eacf6d65c014b6b,derived,title/location heuristic or reviewed series mapping; see build script,1,2026-09-28,
entity_classifications_685638687bb25273,event_editions,evt_6e684c9e0dfeea68,term_0eacf6d65c014b6b,derived,title/location heuristic or reviewed series mapping; see build script,1,2026-09-28,
entity_classifications_944449863f1ca85f,event_editions,evt_759c1cb0c7e52d0d,term_0eacf6d65c014b6b,derived,title/location heuristic or reviewed series mapping; see build script,1,2026-09-28,
entity_classifications_b01ec697c5d8068c,event_editions,evt_76769dd311eeacc9,term_0eacf6d65c014b6b,derived,title/location heuristic or reviewed series mapping; see build script,1,2026-09-28,
entity_classifications_9186636ee4f4557a,event_editions,evt_868f9804c4ae07e5,term_0eacf6d65c014b6b,derived,title/location heuristic or reviewed series mapping; see build script,1,2026-09-28,
entity_classifications_50a053ed6e55d8f5,event_editions,evt_a2d3daeab9632648,term_0eacf6d65c014b6b,derived,title/location heuristic or reviewed series mapping; see build script,1,2026-09-28,
entity_classifications_6461cffe65a1481c,event_editions,evt_85b4aa9c3b9e839a,term_d3e490ad5456338a,derived,title/location heuristic or reviewed series mapping; see build script,1,2026-09-28,
entity_classifications_e6141c63fe114f46,event_editions,evt_8ad74a622fa38a01,term_d3e490ad5456338a,derived,title/location heuristic or reviewed series mapping; see build script,1,2026-09-28,
entity_classifications_e03bb66f996fdd2f,event_editions,evt_9f19637ff3ee3243,term_d3e490ad5456338a,derived,title/location heuristic or reviewed series mapping; see build script,1,2026-09-28,
entity_classifications_f4b6ce41c0cb10b5,event_editions,evt_54d0e34f7c60d99e,term_d3e490ad5456338a,derived,title/location heuristic or reviewed series mapping; see build script,1,2026-09-28,
entity_classifications_148589a289df751a,event_editions,evt_0b0968c1c4c7b16e,term_d3e490ad5456338a,derived,title/location heuristic or reviewed series mapping; see build script,1,2026-09-28,
entity_classifications_fa91e75756548456,event_editions,evt_6a33fa5b6c86304d,term_d3e490ad5456338a,derived,title/location heuristic or reviewed series mapping; see build script,1,2026-09-28,
entity_classifications_6c5a8c689b9358f3,event_editions,evt_165ff6e4f6ca6aad,term_d3e490ad5456338a,derived,title/location heuristic or reviewed series mapping; see build script,1,2026-09-28,
entity_classifications_9f13e7af750abdbd,event_editions,evt_46dba274af8639b7,term_d3e490ad5456338a,derived,title/location heuristic or reviewed series mapping; see build script,1,2026-09-28,
entity_classifications_7da6c9e3786a0803,event_editions,evt_fb0927245e4a697c,term_d3e490ad5456338a,derived,title/location heuristic or reviewed series mapping; see build script,1,2026-09-28,
entity_classifications_82e3f22b14249a5e,event_editions,evt_c74bf11ac6632c88,term_d3e490ad5456338a,derived,title/location heuristic or reviewed series mapping; see build script,1,2026-09-28,
entity_classifications_8d2b239ccd0941e7,event_editions,evt_1038cbbe810c51f9,term_d3e490ad5456338a,derived,title/location heuristic or reviewed series mapping; see build script,1,2026-09-28,
entity_classifications_f77cdc3839e0110c,event_editions,evt_c0adaa7474b2f421,term_d3e490ad5456338a,derived,title/location heuristic or reviewed series mapping; see build script,1,2026-09-28,
entity_classifications_ec00b7f726f082b6,event_editions,evt_8ddd901275689efe,term_d3e490ad5456338a,derived,title/location heuristic or reviewed series mapping; see build script,1,2026-09-28,
entity_classifications_8eda33c147a6372e,event_editions,evt_0f85b1f7331a6dbe,term_d3e490ad5456338a,derived,title/location heuristic or reviewed series mapping; see build script,1,2026-09-28,
entity_classifications_175c904ad48a096d,event_editions,evt_dc71e11656e99e2d,term_d3e490ad5456338a,derived,title/location heuristic or reviewed series mapping; see build script,1,2026-09-28,
entity_classifications_6aefadc67ab31c15,event_editions,evt_2874e14d7b7da401,term_d3e490ad5456338a,derived,title/location heuristic or reviewed series mapping; see build script,1,2026-09-28,
entity_classifications_1cee44f508713249,event_editions,evt_11dfac6b972886d3,term_d3e490ad5456338a,derived,title/location heuristic or reviewed series mapping; see build script,1,2026-09-28,
entity_classifications_c2624278fa8fd1ce,event_editions,evt_a0f9d3de1146199e,term_d3e490ad5456338a,derived,title/location heuristic or reviewed series mapping; see build script,1,2026-09-28,
entity_classifications_e30ef402cb7424e5,event_editions,evt_09e9006e7a35cf47,term_d3e490ad5456338a,derived,title/location heuristic or reviewed series mapping; see build script,1,2026-09-28,
entity_classifications_b580f24e9cd74deb,event_editions,evt_d07a76152f5489fe,term_d3e490ad5456338a,derived,title/location heuristic or reviewed series mapping; see build script,1,2026-09-28,
entity_classifications_e1cbabad591fa3e8,event_editions,evt_a11306bd2009b244,term_d3e490ad5456338a,derived,title/location heuristic or reviewed series mapping; see build script,1,2026-09-28,
entity_classifications_25a818cac5d638d6,event_editions,evt_b4c8b4590ac55632,term_d3e490ad5456338a,derived,title/location heuristic or reviewed series mapping; see build script,1,2026-09-28,
entity_classifications_89ae374daa1f0206,event_editions,evt_1fc974874ad3a13f,term_d3e490ad5456338a,derived,title/location heuristic or reviewed series mapping; see build script,1,2026-09-28,
entity_classifications_a1f05eac7fc7c091,event_editions,evt_cc542b100138de5d,term_d3e490ad5456338a,derived,title/location heuristic or reviewed series mapping; see build script,1,2026-09-28,
entity_classifications_638c51500c762955,event_editions,evt_ce40a806a2021651,term_d3e490ad5456338a,derived,title/location heuristic or reviewed series mapping; see build script,1,2026-09-28,
entity_classifications_164216305f6dcb54,event_editions,evt_a24d02ff563dd463,term_d3e490ad5456338a,derived,title/location heuristic or reviewed series mapping; see build script,1,2026-09-28,
entity_classifications_30549c7339243f0c,event_editions,evt_014069fb64efc783,term_d3e490ad5456338a,derived,title/location heuristic or reviewed series mapping; see build script,1,2026-09-28,
entity_classifications_00934b01f433e306,event_editions,evt_36ef38d0c4f18f9b,term_d3e490ad5456338a,derived,title/location heuristic or reviewed series mapping; see build script,1,2026-09-28,
entity_classifications_ecc3b808bcaac849,event_editions,evt_b5025af901c2f949,term_d3e490ad5456338a,derived,title/location heuristic or reviewed series mapping; see build script,1,2026-09-28,
entity_classifications_11e1cf6d74db24d3,event_editions,evt_6f2e680bdac0b5b0,term_d3e490ad5456338a,derived,title/location heuristic or reviewed series mapping; see build script,1,2026-09-28,
entity_classifications_bb5ea8b10e44111e,event_editions,evt_4f3c87da27540383,term_d3e490ad5456338a,derived,title/location heuristic or reviewed series mapping; see build script,1,2026-09-28,
entity_classifications_f25afc0b1eca643d,event_editions,evt_10f798c145b96791,term_d3e490ad5456338a,derived,title/location heuristic or reviewed series mapping; see build script,1,2026-09-28,
entity_classifications_cd7384c36b953b5d,event_editions,evt_a8919e186668b9c7,term_d3e490ad5456338a,derived,title/location heuristic or reviewed series mapping; see build script,1,2026-09-28,
entity_classifications_964f0b7a155f1111,event_editions,evt_d96d4070e54b27d1,term_d3e490ad5456338a,derived,title/location heuristic or reviewed series mapping; see build script,1,2026-09-28,
entity_classifications_a76ed292eaa7bc43,event_editions,evt_39b390f660e8bfeb,term_d3e490ad5456338a,derived,title/location heuristic or reviewed series mapping; see build script,1,2026-09-28,
entity_classifications_d14178534104cc23,event_editions,evt_4388e3fc954b09ae,term_d3e490ad5456338a,derived,title/location heuristic or reviewed series mapping; see build script,1,2026-09-28,
entity_classifications_9dc5bbe2ad083bb6,event_editions,evt_67f6eb4952e15482,term_d3e490ad5456338a,derived,title/location heuristic or reviewed series mapping; see build script,1,2026-09-28,
entity_classifications_a71311d7789c652f,event_editions,evt_53a5e5ed48b9e2f6,term_d3e490ad5456338a,derived,title/location heuristic or reviewed series mapping; see build script,1,2026-09-28,
entity_classifications_8ab791735f034f21,event_editions,evt_2634393393f34463,term_d3e490ad5456338a,derived,title/location heuristic or reviewed series mapping; see build script,1,2026-09-28,
entity_classifications_50b7932ad0302d41,event_editions,evt_49fecf22b6d2a696,term_d3e490ad5456338a,derived,title/location heuristic or reviewed series mapping; see build script,1,2026-09-28,
entity_classifications_5a7de3a5df92cfaf,event_editions,evt_f599476274faabd9,term_d3e490ad5456338a,derived,title/location heuristic or reviewed series mapping; see build script,1,2026-09-28,
entity_classifications_20eb2068c7a0fec6,event_editions,evt_a79023c8971a4f81,term_d3e490ad5456338a,derived,title/location heuristic or reviewed series mapping; see build script,1,2026-09-28,
entity_classifications_7933767f6102471e,event_editions,evt_317e03884294fe92,term_d3e490ad5456338a,derived,title/location heuristic or reviewed series mapping; see build script,1,2026-09-28,
entity_classifications_1b6a712e85d13e62,event_editions,evt_ec56dad6b0f54653,term_d3e490ad5456338a,derived,title/location heuristic or reviewed series mapping; see build script,1,2026-09-28,
entity_classifications_3365a48fc19b1a29,event_editions,evt_f5c2782d62727627,term_d3e490ad5456338a,derived,title/location heuristic or reviewed series mapping; see build script,1,2026-09-28,
entity_classifications_1ffdbf71458db25e,event_editions,evt_838df0a3bd3c9af4,term_d3e490ad5456338a,derived,title/location heuristic or reviewed series mapping; see build script,1,2026-09-28,
entity_classifications_9ec2bae8521608e0,event_editions,evt_d2b39278996c574f,term_d3e490ad5456338a,derived,title/location heuristic or reviewed series mapping; see build script,1,2026-09-28,
entity_classifications_19f0f1f00bef3396,event_editions,evt_a3b9fd2e7370d4ff,term_d3e490ad5456338a,derived,title/location heuristic or reviewed series mapping; see build script,1,2026-09-28,
entity_classifications_20736135b5437e2e,event_editions,evt_2fc8bbd63dd17140,term_d3e490ad5456338a,derived,title/location heuristic or reviewed series mapping; see build script,1,2026-09-28,
entity_classifications_b190cf3c9d8c935f,event_editions,evt_f1e832c822856bf9,term_d3e490ad5456338a,derived,title/location heuristic or reviewed series mapping; see build script,1,2026-09-28,
entity_classifications_fd7f1770cb3c0679,event_editions,evt_b7381c733983e874,term_d3e490ad5456338a,derived,title/location heuristic or reviewed series mapping; see build script,1,2026-09-28,
entity_classifications_7c461c30bc06a4fb,event_editions,evt_8412a029278f4d47,term_d3e490ad5456338a,derived,title/location heuristic or reviewed series mapping; see build script,1,2026-09-28,
entity_classifications_fd6da36613a237cf,event_editions,evt_5b75e8160a2e1a5d,term_d3e490ad5456338a,derived,title/location heuristic or reviewed series mapping; see build script,1,2026-09-28,
entity_classifications_b6d3e35cabd46397,event_editions,evt_408ba1b79e08d26e,term_d3e490ad5456338a,derived,title/location heuristic or reviewed series mapping; see build script,1,2026-09-28,
entity_classifications_be3e9cc287e2885e,event_editions,evt_a669b8c177ec9d3e,term_d3e490ad5456338a,derived,title/location heuristic or reviewed series mapping; see build script,1,2026-09-28,
entity_classifications_37f8f77d69339a71,event_editions,evt_3ad9162f86d80bfe,term_d3e490ad5456338a,derived,title/location heuristic or reviewed series mapping; see build script,1,2026-09-28,
entity_classifications_6565481702e4ac24,event_editions,evt_8cdd2e7babdd0f59,term_d3e490ad5456338a,derived,title/location heuristic or reviewed series mapping; see build script,1,2026-09-28,
entity_classifications_0c7e2a3f45947632,event_editions,evt_c48f165b98b0b55c,term_d3e490ad5456338a,derived,title/location heuristic or reviewed series mapping; see build script,1,2026-09-28,
entity_classifications_6843c90f8b1afce2,event_editions,evt_8e903408da778d07,term_d3e490ad5456338a,derived,title/location heuristic or reviewed series mapping; see build script,1,2026-09-28,
entity_classifications_1bce36a1f7776523,event_editions,evt_b31a275f6726784d,term_d3e490ad5456338a,derived,title/location heuristic or reviewed series mapping; see build script,1,2026-09-28,
entity_classifications_b44074e2fd1e716c,event_editions,evt_c8fb1781b754e939,term_d3e490ad5456338a,derived,title/location heuristic or reviewed series mapping; see build script,1,2026-09-28,
entity_classifications_84cc6195e40f0b6d,event_editions,evt_7aa008186cc70eef,term_d3e490ad5456338a,derived,title/location heuristic or reviewed series mapping; see build script,1,2026-09-28,
entity_classifications_00ce48df3cd87c43,event_editions,evt_90a141e31ab06bc3,term_d3e490ad5456338a,derived,title/location heuristic or reviewed series mapping; see build script,1,2026-09-28,
entity_classifications_2be716f38ec28d16,event_editions,evt_aab253ce33345b93,term_d3e490ad5456338a,derived,title/location heuristic or reviewed series mapping; see build script,1,2026-09-28,
entity_classifications_a24a7b8d1cad5efa,event_editions,evt_bf5f6972b941b0b1,term_d3e490ad5456338a,derived,title/location heuristic or reviewed series mapping; see build script,1,2026-09-28,
entity_classifications_4de602d69b359322,event_editions,evt_007e6d7ce5ceb9e7,term_d3e490ad5456338a,derived,title/location heuristic or reviewed series mapping; see build script,1,2026-09-28,
entity_classifications_8c94422033bfa602,event_editions,evt_bd2f8bc30e62ee46,term_d3e490ad5456338a,derived,title/location heuristic or reviewed series mapping; see build script,1,2026-09-28,
entity_classifications_cb98ccef915887ef,event_editions,evt_12d1207d9ccf9d16,term_d3e490ad5456338a,derived,title/location heuristic or reviewed series mapping; see build script,1,2026-09-28,
entity_classifications_9379f81b01c903d5,event_editions,evt_bf8ff50ec763bf9c,term_d3e490ad5456338a,derived,title/location heuristic or reviewed series mapping; see build script,1,2026-09-28,
entity_classifications_e749749b59fc2c6f,event_editions,evt_49be89885ae4e946,term_d3e490ad5456338a,derived,title/location heuristic or reviewed series mapping; see build script,1,2026-09-28,
entity_classifications_87ecf22923044fe3,event_editions,evt_b2a133883b294206,term_d3e490ad5456338a,derived,title/location heuristic or reviewed series mapping; see build script,1,2026-09-28,
entity_classifications_82dc051db5717b87,event_editions,evt_faba8e7ade066007,term_d3e490ad5456338a,derived,title/location heuristic or reviewed series mapping; see build script,1,2026-09-28,
entity_classifications_0c29984f250a9941,event_editions,evt_ea7e32ec810738e3,term_d3e490ad5456338a,derived,title/location heuristic or reviewed series mapping; see build script,1,2026-09-28,
entity_classifications_da29be101fe22ef4,event_editions,evt_1f682cf6c078c19d,term_d3e490ad5456338a,derived,title/location heuristic or reviewed series mapping; see build script,1,2026-09-28,
entity_classifications_2c7efb74e76b2954,event_editions,evt_c3a69a7f1c1a8876,term_d3e490ad5456338a,derived,title/location heuristic or reviewed series mapping; see build script,1,2026-09-28,
entity_classifications_d2353bc1e97c6da0,event_editions,evt_04a098608ba31f5f,term_d3e490ad5456338a,derived,title/location heuristic or reviewed series mapping; see build script,1,2026-09-28,
entity_classifications_f52ba44908e8f3c0,event_editions,evt_3117238a8da03963,term_d3e490ad5456338a,derived,title/location heuristic or reviewed series mapping; see build script,1,2026-09-28,
entity_classifications_98ed9117c45b942b,event_editions,evt_1f6bc4070fc627d1,term_d3e490ad5456338a,derived,title/location heuristic or reviewed series mapping; see build script,1,2026-09-28,
entity_classifications_596d8c23224c3e86,event_editions,evt_25660576432278f4,term_d3e490ad5456338a,derived,title/location heuristic or reviewed series mapping; see build script,1,2026-09-28,
entity_classifications_61f74ba7e6b22f66,event_editions,evt_eb570aa64e466d41,term_d3e490ad5456338a,derived,title/location heuristic or reviewed series mapping; see build script,1,2026-09-28,
entity_classifications_905870213b291148,event_editions,evt_e7ede83cbe091d7c,term_d3e490ad5456338a,derived,title/location heuristic or reviewed series mapping; see build script,1,2026-09-28,
entity_classifications_5e86ff6c60cd2edb,event_editions,evt_e933ba98ab18197d,term_d3e490ad5456338a,derived,title/location heuristic or reviewed series mapping; see build script,1,2026-09-28,
entity_classifications_feaebde972b8ea26,event_editions,evt_ef72a6da489bd37d,term_d3e490ad5456338a,derived,title/location heuristic or reviewed series mapping; see build script,1,2026-09-28,
entity_classifications_86871c4eb0b6fd1a,event_editions,evt_85da920c7850c2f0,term_d3e490ad5456338a,derived,title/location heuristic or reviewed series mapping; see build script,1,2026-09-28,
entity_classifications_8424304657b55017,event_editions,evt_a46b496f9df575a4,term_d3e490ad5456338a,derived,title/location heuristic or reviewed series mapping; see build script,1,2026-09-28,
entity_classifications_fee92bb3f2e957b2,event_editions,evt_d48c941213dc9fa2,term_d3e490ad5456338a,derived,title/location heuristic or reviewed series mapping; see build script,1,2026-09-28,
entity_classifications_60b9f766ad3594a7,event_editions,evt_f96ac23099a4f124,term_d3e490ad5456338a,derived,title/location heuristic or reviewed series mapping; see build script,1,2026-09-28,
entity_classifications_e9e8f66dccabc8c2,event_editions,evt_20041e6434ff620a,term_d3e490ad5456338a,derived,title/location heuristic or reviewed series mapping; see build script,1,2026-09-28,
entity_classifications_e61764919afa1a92,event_editions,evt_80df8e059d12d884,term_d3e490ad5456338a,derived,title/location heuristic or reviewed series mapping; see build script,1,2026-09-28,
entity_classifications_b52fbef21e91bf96,event_editions,evt_748ae3b5e8b3be91,term_d3e490ad5456338a,derived,title/location heuristic or reviewed series mapping; see build script,1,2026-09-28,
entity_classifications_5ea52cf3377a2dab,event_editions,evt_2c0230f25ed23b86,term_d3e490ad5456338a,derived,title/location heuristic or reviewed series mapping; see build script,1,2026-09-28,
entity_classifications_5d4cf5459ebb3d4c,event_editions,evt_fd269bc23e58b7dc,term_d3e490ad5456338a,derived,title/location heuristic or reviewed series mapping; see build script,1,2026-09-28,
entity_classifications_16ab0a052b8467ee,event_editions,evt_a68dd79c4805820b,term_d3e490ad5456338a,derived,title/location heuristic or reviewed series mapping; see build script,1,2026-09-28,
entity_classifications_2591eab7ca705d3f,event_editions,evt_ce8de8faa8c341d0,term_d3e490ad5456338a,derived,title/location heuristic or reviewed series mapping; see build script,1,2026-09-28,
entity_classifications_542934c702bb2811,event_editions,evt_43fbdd363158e8db,term_d3e490ad5456338a,derived,title/location heuristic or reviewed series mapping; see build script,1,2026-09-28,
entity_classifications_ae95e66a32e6f885,event_editions,evt_646859e2b49ef85e,term_d3e490ad5456338a,derived,title/location heuristic or reviewed series mapping; see build script,1,2026-09-28,
entity_classifications_9618cfb5a2672d3e,event_editions,evt_50319f4e04d616c6,term_d3e490ad5456338a,derived,title/location heuristic or reviewed series mapping; see build script,1,2026-09-28,
entity_classifications_7ea0309eef8153d3,event_editions,evt_19c280ff8d311fbb,term_d3e490ad5456338a,derived,title/location heuristic or reviewed series mapping; see build script,1,2026-09-28,
entity_classifications_643a1c47407d9705,event_editions,evt_60511c523c6a2f8c,term_d3e490ad5456338a,derived,title/location heuristic or reviewed series mapping; see build script,1,2026-09-28,
entity_classifications_d9a01fa3fd22ef49,event_editions,evt_d50594b6091aa66f,term_d3e490ad5456338a,derived,title/location heuristic or reviewed series mapping; see build script,1,2026-09-28,
entity_classifications_007b1be42ec3cd40,event_editions,evt_19c7dd800d40d260,term_d3e490ad5456338a,derived,title/location heuristic or reviewed series mapping; see build script,1,2026-09-28,
entity_classifications_6bea7a58d031adc1,event_editions,evt_d511c0187cbaba23,term_d3e490ad5456338a,derived,title/location heuristic or reviewed series mapping; see build script,1,2026-09-28,
entity_classifications_5ceba8abce572c84,event_editions,evt_667f7888ca1f7073,term_d3e490ad5456338a,derived,title/location heuristic or reviewed series mapping; see build script,1,2026-09-28,
entity_classifications_d65d95985fa963b9,event_editions,evt_621e49435d2ae929,term_d3e490ad5456338a,derived,title/location heuristic or reviewed series mapping; see build script,1,2026-09-28,
entity_classifications_c10c901c280ce822,event_editions,evt_147500cfa90914d9,term_d3e490ad5456338a,derived,title/location heuristic or reviewed series mapping; see build script,1,2026-09-28,
entity_classifications_912318e60786a5ae,event_editions,evt_9fec8a53a265ae19,term_d3e490ad5456338a,derived,title/location heuristic or reviewed series mapping; see build script,1,2026-09-28,
entity_classifications_19addfdc779698e1,event_editions,evt_0f6d1a6c3fae1cfc,term_d3e490ad5456338a,derived,title/location heuristic or reviewed series mapping; see build script,1,2026-09-28,
entity_classifications_9de1016d8a334f6e,event_editions,evt_06f48dc3ff160fb5,term_d3e490ad5456338a,derived,title/location heuristic or reviewed series mapping; see build script,1,2026-09-28,
entity_classifications_ca306dc0bf1a06f6,event_editions,evt_0355b87b3a651cd0,term_d3e490ad5456338a,derived,title/location heuristic or reviewed series mapping; see build script,1,2026-09-28,
entity_classifications_808915864cf8334b,event_editions,evt_7be1afe31fdc7845,term_d3e490ad5456338a,derived,title/location heuristic or reviewed series mapping; see build script,1,2026-09-28,
entity_classifications_df627ed19ce028e2,event_editions,evt_e71a406f3b0fa531,term_d3e490ad5456338a,derived,title/location heuristic or reviewed series mapping; see build script,1,2026-09-28,
entity_classifications_649732037ea85605,event_editions,evt_9d0b4d2d2f8faafb,term_d3e490ad5456338a,derived,title/location heuristic or reviewed series mapping; see build script,1,2026-09-28,
entity_classifications_a97c51dfd5f94cc0,event_editions,evt_f798e484992d5b1b,term_d3e490ad5456338a,derived,title/location heuristic or reviewed series mapping; see build script,1,2026-09-28,
entity_classifications_d39d93cd50f5c7e7,event_editions,evt_2d2d41528f907e46,term_d3e490ad5456338a,derived,title/location heuristic or reviewed series mapping; see build script,1,2026-09-28,
entity_classifications_7bfcba5d66583224,event_editions,evt_574acdad21541ab7,term_d3e490ad5456338a,derived,title/location heuristic or reviewed series mapping; see build script,1,2026-09-28,
entity_classifications_0d34aeb4307026a5,event_editions,evt_51726b2b9748cc13,term_d3e490ad5456338a,derived,title/location heuristic or reviewed series mapping; see build script,1,2026-09-28,
entity_classifications_4d5549d1bfc13a0f,event_editions,evt_9438314c52d10a5f,term_d3e490ad5456338a,derived,title/location heuristic or reviewed series mapping; see build script,1,2026-09-28,
entity_classifications_ec2c888c14c794bd,event_editions,evt_7d91fd45d4ad6656,term_d3e490ad5456338a,derived,title/location heuristic or reviewed series mapping; see build script,1,2026-09-28,
entity_classifications_43fa28e853c5dcf3,event_editions,evt_1b054a5be4857f9d,term_d3e490ad5456338a,derived,title/location heuristic or reviewed series mapping; see build script,1,2026-09-28,
entity_classifications_e9d878a6193d80e2,event_editions,evt_64f78dcb201c1c85,term_d3e490ad5456338a,derived,title/location heuristic or reviewed series mapping; see build script,1,2026-09-28,
entity_classifications_95abcce43ef276f4,event_editions,evt_f961042553e2113a,term_d3e490ad5456338a,derived,title/location heuristic or reviewed series mapping; see build script,1,2026-09-28,
entity_classifications_e6433c39a914eae7,event_editions,evt_ae92aca8a9b313d1,term_d3e490ad5456338a,derived,title/location heuristic or reviewed series mapping; see build script,1,2026-09-28,
entity_classifications_ec7b11e073f0a1c5,event_editions,evt_7aead375d92504bc,term_d3e490ad5456338a,derived,title/location heuristic or reviewed series mapping; see build script,1,2026-09-28,
entity_classifications_1350a41174866b23,event_editions,evt_38c7a7ad6251ac77,term_d3e490ad5456338a,derived,title/location heuristic or reviewed series mapping; see build script,1,2026-09-28,
entity_classifications_0a0f79a00af08ff6,event_editions,evt_ac8a880342244e27,term_d3e490ad5456338a,derived,title/location heuristic or reviewed series mapping; see build script,1,2026-09-28,
entity_classifications_9e3b75e826499616,event_editions,evt_926d0c5909a230f4,term_d3e490ad5456338a,derived,title/location heuristic or reviewed series mapping; see build script,1,2026-09-28,
entity_classifications_84c3a15c6d4c88fb,event_editions,evt_7d9e15c22ceb5248,term_d3e490ad5456338a,derived,title/location heuristic or reviewed series mapping; see build script,1,2026-09-28,
entity_classifications_567aa22f1525d517,event_editions,evt_9da972220c78ac0f,term_d3e490ad5456338a,derived,title/location heuristic or reviewed series mapping; see build script,1,2026-09-28,
entity_classifications_c5fe2da40c59687c,event_editions,evt_f5d9e95bbf6625b6,term_d3e490ad5456338a,derived,title/location heuristic or reviewed series mapping; see build script,1,2026-09-28,
entity_classifications_bbbd81f9fef8a8e1,event_editions,evt_9ffc490f8edb96d9,term_d3e490ad5456338a,derived,title/location heuristic or reviewed series mapping; see build script,1,2026-09-28,
entity_classifications_759771c425d9c500,event_editions,evt_0ae41afc27179678,term_d3e490ad5456338a,derived,title/location heuristic or reviewed series mapping; see build script,1,2026-09-28,
entity_classifications_22d59a9793308b28,event_editions,evt_c43d6fa25b911b1b,term_d3e490ad5456338a,derived,title/location heuristic or reviewed series mapping; see build script,1,2026-09-28,
entity_classifications_814ca2ee3fb9b1e7,event_editions,evt_3a3a17d29cb47ddf,term_d3e490ad5456338a,derived,title/location heuristic or reviewed series mapping; see build script,1,2026-09-28,
entity_classifications_8a1fe22c1a4bff7b,event_editions,evt_132de8d7fad158fc,term_d3e490ad5456338a,derived,title/location heuristic or reviewed series mapping; see build script,1,2026-09-28,
entity_classifications_f8a66c56fc3e08c7,event_editions,evt_fed3b8927b216576,term_d3e490ad5456338a,derived,title/location heuristic or reviewed series mapping; see build script,1,2026-09-28,
entity_classifications_5be0359919e6b0ff,event_editions,evt_2b75480b2a0b31db,term_d3e490ad5456338a,derived,title/location heuristic or reviewed series mapping; see build script,1,2026-09-28,
entity_classifications_1ee6d1f825f15401,event_editions,evt_ad1da6a67a441a62,term_d3e490ad5456338a,derived,title/location heuristic or reviewed series mapping; see build script,1,2026-09-28,
entity_classifications_fbfd951c584dfc3f,event_editions,evt_feaceefad5419946,term_d3e490ad5456338a,derived,title/location heuristic or reviewed series mapping; see build script,1,2026-09-28,
entity_classifications_10196ddf7d91e0b0,event_editions,evt_9229307f4a03bda8,term_d3e490ad5456338a,derived,title/location heuristic or reviewed series mapping; see build script,1,2026-09-28,
entity_classifications_1deda96aadc9c92f,event_editions,evt_f43d8f3824570907,term_d3e490ad5456338a,derived,title/location heuristic or reviewed series mapping; see build script,1,2026-09-28,
entity_classifications_d0b44b0b95ca6a8b,event_editions,evt_2f9c5f04ea0084b0,term_d3e490ad5456338a,derived,title/location heuristic or reviewed series mapping; see build script,1,2026-09-28,
entity_classifications_9dfcd112f26687ee,event_editions,evt_ae454a4e1b8f8bd8,term_d3e490ad5456338a,derived,title/location heuristic or reviewed series mapping; see build script,1,2026-09-28,
entity_classifications_dceae2665dc1471f,event_editions,evt_25950ba71af2a165,term_d3e490ad5456338a,derived,title/location heuristic or reviewed series mapping; see build script,1,2026-09-28,
entity_classifications_bbad85bdeea94db6,event_editions,evt_b5e94cedf38673f2,term_d3e490ad5456338a,derived,title/location heuristic or reviewed series mapping; see build script,1,2026-09-28,
entity_classifications_d2eded113ea8ffbf,event_editions,evt_05c439da1374b58f,term_d3e490ad5456338a,derived,title/location heuristic or reviewed series mapping; see build script,1,2026-09-28,
entity_classifications_716984d09bfca6be,event_editions,evt_1a93eb424a2526b6,term_d3e490ad5456338a,derived,title/location heuristic or reviewed series mapping; see build script,1,2026-09-28,
entity_classifications_91e12212171de15c,event_editions,evt_21b818abee646339,term_d3e490ad5456338a,derived,title/location heuristic or reviewed series mapping; see build script,1,2026-09-28,
entity_classifications_537052eee86de6bb,event_editions,evt_86d12d872bbcb647,term_d3e490ad5456338a,derived,title/location heuristic or reviewed series mapping; see build script,1,2026-09-28,
entity_classifications_2abb4343b364cf85,event_editions,evt_ccac4dd1f0638450,term_d3e490ad5456338a,derived,title/location heuristic or reviewed series mapping; see build script,1,2026-09-28,
entity_classifications_f18aacde88137150,event_editions,evt_cf8c0af0c3218349,term_d3e490ad5456338a,derived,title/location heuristic or reviewed series mapping; see build script,1,2026-09-28,
entity_classifications_d5b7175974eaa3c4,event_editions,evt_1d0d19da82fa82a6,term_d3e490ad5456338a,derived,title/location heuristic or reviewed series mapping; see build script,1,2026-09-28,
entity_classifications_d253efac34f51d64,event_editions,evt_4ab04e025f5b553b,term_d3e490ad5456338a,derived,title/location heuristic or reviewed series mapping; see build script,1,2026-09-28,
entity_classifications_a41e37508b7990a5,event_editions,evt_c8981e7f68a8796d,term_d3e490ad5456338a,derived,title/location heuristic or reviewed series mapping; see build script,1,2026-09-28,
entity_classifications_ae6dafddffb8fdd2,event_editions,evt_06dae62d70342384,term_d3e490ad5456338a,derived,title/location heuristic or reviewed series mapping; see build script,1,2026-09-28,
entity_classifications_1794193797582172,event_editions,evt_97e632c8a9413bf1,term_d3e490ad5456338a,derived,title/location heuristic or reviewed series mapping; see build script,1,2026-09-28,
entity_classifications_828ebf4632603ad6,event_editions,evt_5775e6ed4261750f,term_d3e490ad5456338a,derived,title/location heuristic or reviewed series mapping; see build script,1,2026-09-28,
entity_classifications_bf4e73d524f1ff32,event_editions,evt_769f69e41511e56f,term_d3e490ad5456338a,derived,title/location heuristic or reviewed series mapping; see build script,1,2026-09-28,
entity_classifications_2e9a89059cb9b3cb,event_editions,evt_2e0c9735fc8ad60e,term_d3e490ad5456338a,derived,title/location heuristic or reviewed series mapping; see build script,1,2026-09-28,
entity_classifications_a4c2e7fa15c7ec4c,event_editions,evt_3dbf2a3e7889e406,term_d3e490ad5456338a,derived,title/location heuristic or reviewed series mapping; see build script,1,2026-09-28,
entity_classifications_72a083ba49fa6a40,event_editions,evt_aa73b9726ea22224,term_d3e490ad5456338a,derived,title/location heuristic or reviewed series mapping; see build script,1,2026-09-28,
entity_classifications_176de46dfde1334e,event_editions,evt_08856aa1c4fc6c27,term_d3e490ad5456338a,derived,title/location heuristic or reviewed series mapping; see build script,1,2026-09-28,
entity_classifications_b312f43c1571f83d,event_editions,evt_f2e582d70f326322,term_d3e490ad5456338a,derived,title/location heuristic or reviewed series mapping; see build script,1,2026-09-28,
entity_classifications_0ff1d91cfc7b253b,event_editions,evt_ed0e15d28ef07d67,term_d3e490ad5456338a,derived,title/location heuristic or reviewed series mapping; see build script,1,2026-09-28,
entity_classifications_0c065e0562959354,event_editions,evt_68e94f5290e37ab2,term_d3e490ad5456338a,derived,title/location heuristic or reviewed series mapping; see build script,1,2026-09-28,
entity_classifications_9ccf35c8da6e1607,event_editions,evt_762332d0bf0a4dc1,term_d3e490ad5456338a,derived,title/location heuristic or reviewed series mapping; see build script,1,2026-09-28,
entity_classifications_fe6df293a961f296,event_editions,evt_5f21220a85f772c9,term_d3e490ad5456338a,derived,title/location heuristic or reviewed series mapping; see build script,1,2026-09-28,
entity_classifications_cd93a75723deeb8c,event_editions,evt_073e7405cb71e41e,term_d3e490ad5456338a,derived,title/location heuristic or reviewed series mapping; see build script,1,2026-09-28,
entity_classifications_ab8d7fb343163d2e,event_editions,evt_802b88216ceb7998,term_d3e490ad5456338a,derived,title/location heuristic or reviewed series mapping; see build script,1,2026-09-28,
entity_classifications_884095ce480757a8,event_editions,evt_11b9d115e276d7af,term_d3e490ad5456338a,derived,title/location heuristic or reviewed series mapping; see build script,1,2026-09-28,
entity_classifications_a523e5af1d639a20,event_editions,evt_51041de40c716b1a,term_d3e490ad5456338a,derived,title/location heuristic or reviewed series mapping; see build script,1,2026-09-28,
entity_classifications_efa6ceca84fc0c3e,event_editions,evt_52cf5abd6e5d474d,term_d3e490ad5456338a,derived,title/location heuristic or reviewed series mapping; see build script,1,2026-09-28,
entity_classifications_40177d09c77c1377,event_editions,evt_4ef0b5307ada4c97,term_d3e490ad5456338a,derived,title/location heuristic or reviewed series mapping; see build script,1,2026-09-28,
entity_classifications_97ea038fc2038308,event_editions,evt_d34d8ef52beec619,term_d3e490ad5456338a,derived,title/location heuristic or reviewed series mapping; see build script,1,2026-09-28,
entity_classifications_5437af1957f9f58a,event_editions,evt_f01a36cbe6669134,term_d3e490ad5456338a,derived,title/location heuristic or reviewed series mapping; see build script,1,2026-09-28,
entity_classifications_0ebe131e28b7f17a,event_editions,evt_870f72c760655adf,term_d3e490ad5456338a,derived,title/location heuristic or reviewed series mapping; see build script,1,2026-09-28,
entity_classifications_8bfdc7d02a6c48d9,event_editions,evt_f2c0a2771e832053,term_d3e490ad5456338a,derived,title/location heuristic or reviewed series mapping; see build script,1,2026-09-28,
entity_classifications_985aaa7dd9a27fd6,event_editions,evt_2bf9505324bf85eb,term_d3e490ad5456338a,derived,title/location heuristic or reviewed series mapping; see build script,1,2026-09-28,
entity_classifications_066fce9503ed4aab,event_editions,evt_9c937beaf7fe929c,term_d3e490ad5456338a,derived,title/location heuristic or reviewed series mapping; see build script,1,2026-09-28,
entity_classifications_5e35ddff3f9ab5cc,event_editions,evt_e497ba372846533a,term_d3e490ad5456338a,derived,title/location heuristic or reviewed series mapping; see build script,1,2026-09-28,
entity_classifications_b8e98abe3a08812e,event_editions,evt_a4aeed716714356c,term_d3e490ad5456338a,derived,title/location heuristic or reviewed series mapping; see build script,1,2026-09-28,
entity_classifications_7afaf5a99a9e008e,event_editions,evt_0e1f6384833eac78,term_d3e490ad5456338a,derived,title/location heuristic or reviewed series mapping; see build script,1,2026-09-28,
entity_classifications_a2cc48ef9e6b783d,event_editions,evt_ad25736f103b5528,term_d3e490ad5456338a,derived,title/location heuristic or reviewed series mapping; see build script,1,2026-09-28,
entity_classifications_ef8dc59c7ebcfac2,event_editions,evt_ad4f2b5f7192f4f6,term_d3e490ad5456338a,derived,title/location heuristic or reviewed series mapping; see build script,1,2026-09-28,
entity_classifications_085a017ad245173f,event_editions,evt_971007d731dd82ab,term_d3e490ad5456338a,derived,title/location heuristic or reviewed series mapping; see build script,1,2026-09-28,
entity_classifications_ba25022d4f26ccb8,event_editions,evt_9c3722d964fa5dbf,term_d3e490ad5456338a,derived,title/location heuristic or reviewed series mapping; see build script,1,2026-09-28,
entity_classifications_472c0e9034130a77,event_editions,evt_c2f6a45a70543fb6,term_d3e490ad5456338a,derived,title/location heuristic or reviewed series mapping; see build script,1,2026-09-28,
entity_classifications_8b9b4fce1fe3b06a,event_editions,evt_0fad3f94458fbf6b,term_d3e490ad5456338a,derived,title/location heuristic or reviewed series mapping; see build script,1,2026-09-28,
entity_classifications_e16bf7533dd85a07,event_editions,evt_86c79aed44afdbd9,term_d3e490ad5456338a,derived,title/location heuristic or reviewed series mapping; see build script,1,2026-09-28,
entity_classifications_5ab629beda1148e9,event_editions,evt_f096526169daaaea,term_d3e490ad5456338a,derived,title/location heuristic or reviewed series mapping; see build script,1,2026-09-28,
entity_classifications_1d05dd69e7e6718d,event_editions,evt_99acac13cfa3f79d,term_d3e490ad5456338a,derived,title/location heuristic or reviewed series mapping; see build script,1,2026-09-28,
entity_classifications_878eebf906df9989,event_editions,evt_3e692238d6903478,term_d3e490ad5456338a,derived,title/location heuristic or reviewed series mapping; see build script,1,2026-09-28,
entity_classifications_3b33c1e7df2df1fe,event_editions,evt_90eb3081c2d937d3,term_d3e490ad5456338a,derived,title/location heuristic or reviewed series mapping; see build script,1,2026-09-28,
entity_classifications_a4c1c0bda06d5a85,event_editions,evt_44f60cd191aa5a7e,term_d3e490ad5456338a,derived,title/location heuristic or reviewed series mapping; see build script,1,2026-09-28,
entity_classifications_112c81bce5c0447f,event_editions,evt_f2e7818ee24be66a,term_d3e490ad5456338a,derived,title/location heuristic or reviewed series mapping; see build script,1,2026-09-28,
entity_classifications_5cbf9053f267423a,event_editions,evt_dd36adad3729b7b4,term_d3e490ad5456338a,derived,title/location heuristic or reviewed series mapping; see build script,1,2026-09-28,
entity_classifications_d127ef58cf452742,event_editions,evt_b8d7930d73c2506f,term_d3e490ad5456338a,derived,title/location heuristic or reviewed series mapping; see build script,1,2026-09-28,
entity_classifications_5c091a64200c6c26,event_editions,evt_edd2360b201a78fe,term_d3e490ad5456338a,derived,title/location heuristic or reviewed series mapping; see build script,1,2026-09-28,
entity_classifications_be04a6066a835416,event_editions,evt_8557c23d2cc16405,term_d3e490ad5456338a,derived,title/location heuristic or reviewed series mapping; see build script,1,2026-09-28,
entity_classifications_da481f28afa8bf53,event_editions,evt_61070dcbb7aabb48,term_d3e490ad5456338a,derived,title/location heuristic or reviewed series mapping; see build script,1,2026-09-28,
entity_classifications_bfd4a0b438101404,event_editions,evt_8c3960a9c3b5dfee,term_d3e490ad5456338a,derived,title/location heuristic or reviewed series mapping; see build script,1,2026-09-28,
entity_classifications_30c091b98093af17,event_editions,evt_d806eb7f327b9a36,term_d3e490ad5456338a,derived,title/location heuristic or reviewed series mapping; see build script,1,2026-09-28,
entity_classifications_8880167e47ef810f,event_editions,evt_ae0c3044450d5cbe,term_d3e490ad5456338a,derived,title/location heuristic or reviewed series mapping; see build script,1,2026-09-28,
entity_classifications_6e55e8eab8b036bf,event_editions,evt_471cc8abcc5c8600,term_d3e490ad5456338a,derived,title/location heuristic or reviewed series mapping; see build script,1,2026-09-28,
entity_classifications_229ddafb1dc5e5b8,event_editions,evt_4acc5f2f080c60c2,term_d3e490ad5456338a,derived,title/location heuristic or reviewed series mapping; see build script,1,2026-09-28,
entity_classifications_8067fa15e6e34cf8,event_editions,evt_29cc8dea6e758db0,term_d3e490ad5456338a,derived,title/location heuristic or reviewed series mapping; see build script,1,2026-09-28,
entity_classifications_69cea0622e9cc47f,event_editions,evt_46e4ceada76792cb,term_d3e490ad5456338a,derived,title/location heuristic or reviewed series mapping; see build script,1,2026-09-28,
entity_classifications_b321bf3d7f49ab1d,event_editions,evt_114520af2074ae97,term_d3e490ad5456338a,derived,title/location heuristic or reviewed series mapping; see build script,1,2026-09-28,
entity_classifications_822aff4b173b3d20,event_editions,evt_fb233c8aaad78e97,term_d3e490ad5456338a,derived,title/location heuristic or reviewed series mapping; see build script,1,2026-09-28,
entity_classifications_adb335fae5a4b39c,event_editions,evt_116e2a9fd9ecb6c4,term_d3e490ad5456338a,derived,title/location heuristic or reviewed series mapping; see build script,1,2026-09-28,
entity_classifications_7b9d0d354c3a2e80,event_editions,evt_e45f72feda5af522,term_d3e490ad5456338a,derived,title/location heuristic or reviewed series mapping; see build script,1,2026-09-28,
entity_classifications_89bc1a30aa499dc4,event_editions,evt_3e054b00e3fa046b,term_d3e490ad5456338a,derived,title/location heuristic or reviewed series mapping; see build script,1,2026-09-28,
entity_classifications_1abe8faf95deca18,event_editions,evt_6d3d62bb4183fbea,term_d3e490ad5456338a,derived,title/location heuristic or reviewed series mapping; see build script,1,2026-09-28,
entity_classifications_3e47f4767558cd04,event_editions,evt_2232773f76942f6b,term_d3e490ad5456338a,derived,title/location heuristic or reviewed series mapping; see build script,1,2026-09-28,
entity_classifications_2b0c2519632c8791,event_editions,evt_5b3c51f4014ebc73,term_d3e490ad5456338a,derived,title/location heuristic or reviewed series mapping; see build script,1,2026-09-28,
entity_classifications_ff9850a904a2ae21,event_editions,evt_eb5c38a8ebf8e3ba,term_d3e490ad5456338a,derived,title/location heuristic or reviewed series mapping; see build script,1,2026-09-28,
entity_classifications_cc1160a662d0ab7b,event_editions,evt_aa1fb7276639f410,term_d3e490ad5456338a,derived,title/location heuristic or reviewed series mapping; see build script,1,2026-09-28,
entity_classifications_60270c017d3f5dd4,event_editions,evt_a106cd5418baf41d,term_d3e490ad5456338a,derived,title/location heuristic or reviewed series mapping; see build script,1,2026-09-28,
entity_classifications_2358e24431577d34,event_editions,evt_f7f941f37fc9424b,term_d3e490ad5456338a,derived,title/location heuristic or reviewed series mapping; see build script,1,2026-09-28,
entity_classifications_cefd03dd14cd7bd2,event_editions,evt_20ccee0b7a792a00,term_d3e490ad5456338a,derived,title/location heuristic or reviewed series mapping; see build script,1,2026-09-28,
entity_classifications_984807ef3d0d4ad1,event_editions,evt_128d383a03229bc7,term_d3e490ad5456338a,derived,title/location heuristic or reviewed series mapping; see build script,1,2026-09-28,
entity_classifications_73f4902940cecd55,event_editions,evt_39a8c023fcba83e3,term_d3e490ad5456338a,derived,title/location heuristic or reviewed series mapping; see build script,1,2026-09-28,
entity_classifications_83235646274acbe9,event_editions,evt_45b6b479966bf940,term_d3e490ad5456338a,derived,title/location heuristic or reviewed series mapping; see build script,1,2026-09-28,
entity_classifications_92122ad8d54fdc79,event_editions,evt_dd777393fb267ac4,term_d3e490ad5456338a,derived,title/location heuristic or reviewed series mapping; see build script,1,2026-09-28,
entity_classifications_a0267f59f7746729,event_editions,evt_68eb0ef36110237d,term_d3e490ad5456338a,derived,title/location heuristic or reviewed series mapping; see build script,1,2026-09-28,
entity_classifications_87e8f285585d721d,event_editions,evt_6510146ff10d9a69,term_d3e490ad5456338a,derived,title/location heuristic or reviewed series mapping; see build script,1,2026-09-28,
entity_classifications_939dd0f417d72aab,event_editions,evt_1e50542671b4be2e,term_d3e490ad5456338a,derived,title/location heuristic or reviewed series mapping; see build script,1,2026-09-28,
entity_classifications_db5de2c864461b43,event_editions,evt_c9758b492cefad52,term_d3e490ad5456338a,derived,title/location heuristic or reviewed series mapping; see build script,1,2026-09-28,
entity_classifications_d18ad621c8e52d93,event_editions,evt_646d4301efe250b4,term_d3e490ad5456338a,derived,title/location heuristic or reviewed series mapping; see build script,1,2026-09-28,
entity_classifications_0b49a5ef916df0ed,event_editions,evt_506cc479ae1320b9,term_d3e490ad5456338a,derived,title/location heuristic or reviewed series mapping; see build script,1,2026-09-28,
entity_classifications_42ddedf7b1b5c0d1,event_editions,evt_4053e17a941e8ff5,term_d3e490ad5456338a,derived,title/location heuristic or reviewed series mapping; see build script,1,2026-09-28,
entity_classifications_3c86e47e55636835,event_editions,evt_4c75646805affc70,term_9500ed854d384571,derived,title/location heuristic or reviewed series mapping; see build script,1,2026-09-28,
entity_classifications_9afdba6afcd854c3,event_editions,evt_e976b2a951aaed52,term_742ab9af8c0e56b5,derived,title/location heuristic or reviewed series mapping; see build script,1,2026-09-28,
entity_classifications_df4930056e5e47a7,event_editions,evt_74a6ba9e314f9ca1,term_742ab9af8c0e56b5,derived,title/location heuristic or reviewed series mapping; see build script,1,2026-09-28,
entity_classifications_f23eaa841be63909,event_editions,evt_f01cce2e76d94292,term_742ab9af8c0e56b5,derived,title/location heuristic or reviewed series mapping; see build script,1,2026-09-28,
entity_classifications_956d505a5c21ed23,event_editions,evt_157eceb454a4777d,term_732b30380a459b7d,derived,title/location heuristic or reviewed series mapping; see build script,1,2026-09-28,
entity_classifications_bc8c681efcdd99fb,event_editions,evt_203be877fa40e6c9,term_732b30380a459b7d,derived,title/location heuristic or reviewed series mapping; see build script,1,2026-09-28,
entity_classifications_696b007c6cde3aae,event_editions,evt_87cc4c2fcd34b932,term_732b30380a459b7d,derived,title/location heuristic or reviewed series mapping; see build script,1,2026-09-28,
entity_classifications_8fa5056bf5cc420d,event_editions,evt_c8b37df559673420,term_6c4784ffd7df7f22,derived,title/location heuristic or reviewed series mapping; see build script,1,2026-09-28,
entity_classifications_6a5355fa72290fde,event_editions,evt_2253e6ea3ff25fa2,term_6c4784ffd7df7f22,derived,title/location heuristic or reviewed series mapping; see build script,1,2026-09-28,
entity_classifications_0033573bb8a4c7b0,event_editions,evt_6704b7655314d306,term_6c4784ffd7df7f22,derived,title/location heuristic or reviewed series mapping; see build script,1,2026-09-28,
entity_classifications_ee31e034b582757a,event_editions,evt_5a1c9a0feddee5d3,term_6c4784ffd7df7f22,derived,title/location heuristic or reviewed series mapping; see build script,1,2026-09-28,
entity_classifications_16735db877e3752f,event_editions,evt_c90c3558f43cb50d,term_6c4784ffd7df7f22,derived,title/location heuristic or reviewed series mapping; see build script,1,2026-09-28,
entity_classifications_15be8136045d93a9,event_editions,evt_ea931431175f2ea2,term_6c4784ffd7df7f22,derived,title/location heuristic or reviewed series mapping; see build script,1,2026-09-28,
entity_classifications_35ef1b7d8314be6c,event_editions,evt_74924efa1f1d406d,term_cd626ba34bca24ac,derived,title/location heuristic or reviewed series mapping; see build script,1,2026-09-28,
entity_classifications_6345ec954eb3f672,event_editions,evt_d9aa9a04fdafe783,term_cd626ba34bca24ac,derived,title/location heuristic or reviewed series mapping; see build script,1,2026-09-28,
entity_classifications_dc5f49e2bbe98750,event_editions,evt_bb04598beeecbf2c,term_cd626ba34bca24ac,derived,title/location heuristic or reviewed series mapping; see build script,1,2026-09-28,
entity_classifications_1aecda7d08138d69,event_editions,evt_fa0ae2541f8d36ea,term_cd626ba34bca24ac,derived,title/location heuristic or reviewed series mapping; see build script,1,2026-09-28,
entity_classifications_bf6d4237a4422ef9,event_editions,evt_0956d356a6eede47,term_cd626ba34bca24ac,derived,title/location heuristic or reviewed series mapping; see build script,1,2026-09-28,
entity_classifications_2c60a50bcad507f9,event_editions,evt_3e5acad6adf38308,term_cd626ba34bca24ac,derived,title/location heuristic or reviewed series mapping; see build script,1,2026-09-28,
entity_classifications_635fbc60716bd75c,event_editions,evt_4336de4732d15d92,term_cd626ba34bca24ac,derived,title/location heuristic or reviewed series mapping; see build script,1,2026-09-28,
entity_classifications_0701581bffc1ec66,event_editions,evt_0617c91d76effd08,term_cd626ba34bca24ac,derived,title/location heuristic or reviewed series mapping; see build script,1,2026-09-28,
entity_classifications_2cf026243b0dea98,event_editions,evt_d26b1d203113460d,term_cd626ba34bca24ac,derived,title/location heuristic or reviewed series mapping; see build script,1,2026-09-28,
entity_classifications_21787eb41d94ec4d,event_editions,evt_98d6cf1138256fb7,term_cd626ba34bca24ac,derived,title/location heuristic or reviewed series mapping; see build script,1,2026-09-28,
entity_classifications_ba9bf9d4abf2a37b,event_editions,evt_e9b86a328158346d,term_cd626ba34bca24ac,derived,title/location heuristic or reviewed series mapping; see build script,1,2026-09-28,
entity_classifications_c5e50ca30302096a,event_editions,evt_0e361a698e5f00fa,term_cd626ba34bca24ac,derived,title/location heuristic or reviewed series mapping; see build script,1,2026-09-28,
entity_classifications_2ab3aca8adfbfb89,event_editions,evt_c6d46b27da5cadcb,term_cd626ba34bca24ac,derived,title/location heuristic or reviewed series mapping; see build script,1,2026-09-28,
entity_classifications_4e60367e89ec21ad,event_editions,evt_14f81078f72c3fb7,term_cd626ba34bca24ac,derived,title/location heuristic or reviewed series mapping; see build script,1,2026-09-28,
entity_classifications_46590dea1318be3d,event_editions,evt_4945d2d4a6bd64fa,term_cd626ba34bca24ac,derived,title/location heuristic or reviewed series mapping; see build script,1,2026-09-28,
entity_classifications_af8dece0a907315c,event_editions,evt_6a424270a326f4b7,term_cd626ba34bca24ac,derived,title/location heuristic or reviewed series mapping; see build script,1,2026-09-28,
entity_classifications_deb6fc2f56bdbf7b,event_editions,evt_fe9b0a48de67e90a,term_cd626ba34bca24ac,derived,title/location heuristic or reviewed series mapping; see build script,1,2026-09-28,
entity_classifications_86ab5877e983e854,event_editions,evt_9c511cf38ef89f0a,term_cd626ba34bca24ac,derived,title/location heuristic or reviewed series mapping; see build script,1,2026-09-28,
entity_classifications_5fc564c4019f6d92,event_editions,evt_451d0693e338d3f9,term_cd626ba34bca24ac,derived,title/location heuristic or reviewed series mapping; see build script,1,2026-09-28,
entity_classifications_66e4732b2c170f85,event_editions,evt_01a63ed96a5d4272,term_cd626ba34bca24ac,derived,title/location heuristic or reviewed series mapping; see build script,1,2026-09-28,
entity_classifications_e7422895f78fdff1,event_editions,evt_cee31d7848add738,term_cd626ba34bca24ac,derived,title/location heuristic or reviewed series mapping; see build script,1,2026-09-28,
entity_classifications_e1c3d172a243f5a1,event_editions,evt_8f03530072b5cab5,term_cd626ba34bca24ac,derived,title/location heuristic or reviewed series mapping; see build script,1,2026-09-28,
entity_classifications_4ec4eca96800fd8f,event_editions,evt_8cfa31a0eacf62ad,term_cd626ba34bca24ac,derived,title/location heuristic or reviewed series mapping; see build script,1,2026-09-28,
entity_classifications_0b72d7e3f2c7fb72,event_editions,evt_8ff4e1a072242b32,term_cd626ba34bca24ac,derived,title/location heuristic or reviewed series mapping; see build script,1,2026-09-28,
entity_classifications_85b8278aa3dcf5b0,event_editions,evt_6f3e70a2e5bfc411,term_cd626ba34bca24ac,derived,title/location heuristic or reviewed series mapping; see build script,1,2026-09-28,
entity_classifications_fd94f2cf7604f762,event_editions,evt_f0f8bded21075692,term_cd626ba34bca24ac,derived,title/location heuristic or reviewed series mapping; see build script,1,2026-09-28,
entity_classifications_751c8d6ff5bbda79,event_editions,evt_509dd77782235695,term_cd626ba34bca24ac,derived,title/location heuristic or reviewed series mapping; see build script,1,2026-09-28,
entity_classifications_9f3c185c7f2990a8,event_editions,evt_6b413a3ee9f000f0,term_cd626ba34bca24ac,derived,title/location heuristic or reviewed series mapping; see build script,1,2026-09-28,
entity_classifications_468d1054e6c12905,event_editions,evt_4448807c8669f164,term_cd626ba34bca24ac,derived,title/location heuristic or reviewed series mapping; see build script,1,2026-09-28,
entity_classifications_afece4dfba483ba4,event_editions,evt_d90216fff9a74c0b,term_cd626ba34bca24ac,derived,title/location heuristic or reviewed series mapping; see build script,1,2026-09-28,
entity_classifications_da58029a67997060,event_editions,evt_ca268ccd9afba7db,term_cd626ba34bca24ac,derived,title/location heuristic or reviewed series mapping; see build script,1,2026-09-28,
entity_classifications_ad87bc38e6ca2afd,event_editions,evt_22b238eab1c43c6a,term_cd626ba34bca24ac,derived,title/location heuristic or reviewed series mapping; see build script,1,2026-09-28,
entity_classifications_2de003bdec8d36f3,event_editions,evt_4661c9af3cf79e6e,term_cd626ba34bca24ac,derived,title/location heuristic or reviewed series mapping; see build script,1,2026-09-28,
entity_classifications_e87883e49161cc65,event_editions,evt_7ae4314a231e3d96,term_cd626ba34bca24ac,derived,title/location heuristic or reviewed series mapping; see build script,1,2026-09-28,
entity_classifications_ddd886b079a202bf,event_editions,evt_5ca5fb8336fc78fe,term_cd626ba34bca24ac,derived,title/location heuristic or reviewed series mapping; see build script,1,2026-09-28,
entity_classifications_d0c58c854a8e4c81,event_editions,evt_770129eb2abce6be,term_cd626ba34bca24ac,derived,title/location heuristic or reviewed series mapping; see build script,1,2026-09-28,
entity_classifications_a713c9dd6e1b5270,event_editions,evt_3701004c3c2ce5c2,term_cd626ba34bca24ac,derived,title/location heuristic or reviewed series mapping; see build script,1,2026-09-28,
entity_classifications_49451948d42f3518,event_editions,evt_9da30b0fa0940673,term_cd626ba34bca24ac,derived,title/location heuristic or reviewed series mapping; see build script,1,2026-09-28,
entity_classifications_ef5fa53b1787dd8b,event_editions,evt_22b9e4bf97269c4b,term_cd626ba34bca24ac,derived,title/location heuristic or reviewed series mapping; see build script,1,2026-09-28,
entity_classifications_d92b7c8a00ff93c8,event_editions,evt_c03ac7f3b70a0f6a,term_cd626ba34bca24ac,derived,title/location heuristic or reviewed series mapping; see build script,1,2026-09-28,
entity_classifications_3492f31d29420735,event_editions,evt_ce5811836f595ed7,term_cd626ba34bca24ac,derived,title/location heuristic or reviewed series mapping; see build script,1,2026-09-28,
entity_classifications_ed91e739c0e1cf27,event_editions,evt_89b37d7515f7cf42,term_cd626ba34bca24ac,derived,title/location heuristic or reviewed series mapping; see build script,1,2026-09-28,
entity_classifications_0b203e147316d32c,event_editions,evt_725815de68c3c8b1,term_cd626ba34bca24ac,derived,title/location heuristic or reviewed series mapping; see build script,1,2026-09-28,
entity_classifications_b7b1098fa5848d70,event_editions,evt_7da0ef0ea520a2d5,term_cd626ba34bca24ac,derived,title/location heuristic or reviewed series mapping; see build script,1,2026-09-28,
entity_classifications_d95389e09f421c4a,event_editions,evt_40dce9410a6ce274,term_cd626ba34bca24ac,derived,title/location heuristic or reviewed series mapping; see build script,1,2026-09-28,
entity_classifications_dd7fae4bcd02b7ef,event_editions,evt_6b75cba7ad4699f2,term_cd626ba34bca24ac,derived,title/location heuristic or reviewed series mapping; see build script,1,2026-09-28,
entity_classifications_f2c9582264e4261e,event_editions,evt_93a02dedaab53176,term_cd626ba34bca24ac,derived,title/location heuristic or reviewed series mapping; see build script,1,2026-09-28,
entity_classifications_83bbd547b7158550,event_editions,evt_eb5743a4b206c95a,term_cd626ba34bca24ac,derived,title/location heuristic or reviewed series mapping; see build script,1,2026-09-28,
entity_classifications_4ebedf23c7a114cd,event_editions,evt_3c52692b4c7b359a,term_cd626ba34bca24ac,derived,title/location heuristic or reviewed series mapping; see build script,1,2026-09-28,
entity_classifications_654b3f49a13f87df,event_editions,evt_8d9fb0b6dce8d4e0,term_cd626ba34bca24ac,derived,title/location heuristic or reviewed series mapping; see build script,1,2026-09-28,
entity_classifications_f6f15b19fc97388c,event_editions,evt_39c7c95949c9cd36,term_cd626ba34bca24ac,derived,title/location heuristic or reviewed series mapping; see build script,1,2026-09-28,
entity_classifications_e0712ed3dec092bc,event_editions,evt_eee221c2a30d8a45,term_cd626ba34bca24ac,derived,title/location heuristic or reviewed series mapping; see build script,1,2026-09-28,
entity_classifications_44231b5296aa81e0,event_editions,evt_010043d0927cfb0c,term_cd626ba34bca24ac,derived,title/location heuristic or reviewed series mapping; see build script,1,2026-09-28,
entity_classifications_f97362987ae5f6ce,event_editions,evt_a20f2dd832bf485f,term_cd626ba34bca24ac,derived,title/location heuristic or reviewed series mapping; see build script,1,2026-09-28,
entity_classifications_6f828731dfb349b6,event_editions,evt_a2dfcb8343b3b99a,term_cd626ba34bca24ac,derived,title/location heuristic or reviewed series mapping; see build script,1,2026-09-28,
entity_classifications_98097cb33f6209a1,event_editions,evt_8d582b2a010a387e,term_cd626ba34bca24ac,derived,title/location heuristic or reviewed series mapping; see build script,1,2026-09-28,
entity_classifications_9ca4040774b3d2bc,event_editions,evt_819c65ede12cd3d6,term_cd626ba34bca24ac,derived,title/location heuristic or reviewed series mapping; see build script,1,2026-09-28,
entity_classifications_04df0a24ef9605c5,event_editions,evt_0282383a21aa193e,term_cd626ba34bca24ac,derived,title/location heuristic or reviewed series mapping; see build script,1,2026-09-28,
entity_classifications_e71e336ab5667c61,event_editions,evt_6b5a0fd819a9d8cc,term_cd626ba34bca24ac,derived,title/location heuristic or reviewed series mapping; see build script,1,2026-09-28,
entity_classifications_1b3ea7d30b8c2293,event_editions,evt_7fce75d3e2505c0f,term_cd626ba34bca24ac,derived,title/location heuristic or reviewed series mapping; see build script,1,2026-09-28,
entity_classifications_2f3ea27ae899e1b5,event_editions,evt_7c5fc9d164e418c7,term_cd626ba34bca24ac,derived,title/location heuristic or reviewed series mapping; see build script,1,2026-09-28,
entity_classifications_d677292d8a3f33bf,event_editions,evt_955a04bc4b73ce70,term_cd626ba34bca24ac,derived,title/location heuristic or reviewed series mapping; see build script,1,2026-09-28,
entity_classifications_dcd3a7bfbc82cceb,event_editions,evt_a6a1f8ddac190dd0,term_cd626ba34bca24ac,derived,title/location heuristic or reviewed series mapping; see build script,1,2026-09-28,
entity_classifications_14d4e98388a80079,event_editions,evt_7800a8e424a4acb3,term_cd626ba34bca24ac,derived,title/location heuristic or reviewed series mapping; see build script,1,2026-09-28,
entity_classifications_c7dfa4c43b44cb2f,event_editions,evt_cda7d83829486170,term_cd626ba34bca24ac,derived,title/location heuristic or reviewed series mapping; see build script,1,2026-09-28,
entity_classifications_d9d6706438499dc8,event_editions,evt_37e3aa5dc7eac5c4,term_cd626ba34bca24ac,derived,title/location heuristic or reviewed series mapping; see build script,1,2026-09-28,
entity_classifications_32d53ffd967dbf24,event_editions,evt_99b9c94330dc4ace,term_cd626ba34bca24ac,derived,title/location heuristic or reviewed series mapping; see build script,1,2026-09-28,
entity_classifications_f0e468f5c4fa8823,event_editions,evt_f1298eabddae4ed7,term_cd626ba34bca24ac,derived,title/location heuristic or reviewed series mapping; see build script,1,2026-09-28,
entity_classifications_cf229ddedaa29da7,event_editions,evt_4118d5fbf58b68dc,term_cd626ba34bca24ac,derived,title/location heuristic or reviewed series mapping; see build script,1,2026-09-28,
entity_classifications_5b4b61cd46b8aa21,event_editions,evt_12a902bb87d230f2,term_cd626ba34bca24ac,derived,title/location heuristic or reviewed series mapping; see build script,1,2026-09-28,
entity_classifications_59c7ddaef375409c,event_editions,evt_87623077ad9fa7d8,term_cd626ba34bca24ac,derived,title/location heuristic or reviewed series mapping; see build script,1,2026-09-28,
entity_classifications_c87ede805f122eb7,event_editions,evt_4be02b15188b4ee2,term_cd626ba34bca24ac,derived,title/location heuristic or reviewed series mapping; see build script,1,2026-09-28,
entity_classifications_4d3aa4994f7fffcf,event_editions,evt_3336ea54c7f90163,term_cd626ba34bca24ac,derived,title/location heuristic or reviewed series mapping; see build script,1,2026-09-28,
entity_classifications_df527ca5f32adfc5,event_editions,evt_663f38dd91825f2b,term_cd626ba34bca24ac,derived,title/location heuristic or reviewed series mapping; see build script,1,2026-09-28,
entity_classifications_b0f910e1fd96e004,event_editions,evt_529fcac30aec113a,term_cd626ba34bca24ac,derived,title/location heuristic or reviewed series mapping; see build script,1,2026-09-28,
entity_classifications_f0785edd94c2732d,event_editions,evt_841e456695f17379,term_cd626ba34bca24ac,derived,title/location heuristic or reviewed series mapping; see build script,1,2026-09-28,
entity_classifications_36aadc109f8f34fe,event_editions,evt_e3ad5ac5f95b3432,term_cd626ba34bca24ac,derived,title/location heuristic or reviewed series mapping; see build script,1,2026-09-28,
entity_classifications_0c65ce89e29afee9,event_editions,evt_924660f3b5d39953,term_cd626ba34bca24ac,derived,title/location heuristic or reviewed series mapping; see build script,1,2026-09-28,
entity_classifications_27ef22a67ce93939,event_editions,evt_b28eac60f7a8a40f,term_cd626ba34bca24ac,derived,title/location heuristic or reviewed series mapping; see build script,1,2026-09-28,
entity_classifications_bc77aa4a5d53a628,event_editions,evt_6eac2b253a58a769,term_cd626ba34bca24ac,derived,title/location heuristic or reviewed series mapping; see build script,1,2026-09-28,
entity_classifications_175d776d8ed28642,event_editions,evt_bc80dfc064fdf559,term_cd626ba34bca24ac,derived,title/location heuristic or reviewed series mapping; see build script,1,2026-09-28,
entity_classifications_61e9268bddfec492,event_editions,evt_1aa9382e62e8bffa,term_cd626ba34bca24ac,derived,title/location heuristic or reviewed series mapping; see build script,1,2026-09-28,
entity_classifications_9fd2e27e0459abe3,event_editions,evt_505375abbee75c84,term_cd626ba34bca24ac,derived,title/location heuristic or reviewed series mapping; see build script,1,2026-09-28,
entity_classifications_8dd2853e69371390,event_editions,evt_9a81ea11eb0c3746,term_cd626ba34bca24ac,derived,title/location heuristic or reviewed series mapping; see build script,1,2026-09-28,
entity_classifications_94ea9934d857a793,event_editions,evt_9380dc33312e8f10,term_cd626ba34bca24ac,derived,title/location heuristic or reviewed series mapping; see build script,1,2026-09-28,
entity_classifications_e11b5ee854e050fc,event_editions,evt_bb0e6f1c48b8f02d,term_cd626ba34bca24ac,derived,title/location heuristic or reviewed series mapping; see build script,1,2026-09-28,
entity_classifications_d9ae5531c2e64f80,event_editions,evt_40c98b9afafcca48,term_cd626ba34bca24ac,derived,title/location heuristic or reviewed series mapping; see build script,1,2026-09-28,
entity_classifications_063ea835d8b6268a,event_editions,evt_53b99dcbe87733d5,term_cd626ba34bca24ac,derived,title/location heuristic or reviewed series mapping; see build script,1,2026-09-28,
entity_classifications_58802eac3fc66bd1,event_editions,evt_36de83de5eb465b9,term_cd626ba34bca24ac,derived,title/location heuristic or reviewed series mapping; see build script,1,2026-09-28,
entity_classifications_213dd21bf110ac7d,event_editions,evt_11c31c2a0de8a478,term_cd626ba34bca24ac,derived,title/location heuristic or reviewed series mapping; see build script,1,2026-09-28,
entity_classifications_d48d404654847771,event_editions,evt_a045460b33dc8c43,term_cd626ba34bca24ac,derived,title/location heuristic or reviewed series mapping; see build script,1,2026-09-28,
entity_classifications_15e962fe4cdf1a94,event_editions,evt_f3bb6642e1fcc7fb,term_cd626ba34bca24ac,derived,title/location heuristic or reviewed series mapping; see build script,1,2026-09-28,
entity_classifications_f618cc7afe99e1cf,event_editions,evt_ea11e3447c07ca2f,term_cd626ba34bca24ac,derived,title/location heuristic or reviewed series mapping; see build script,1,2026-09-28,
entity_classifications_540f7ee519070df9,event_editions,evt_390332e6860314f0,term_cd626ba34bca24ac,derived,title/location heuristic or reviewed series mapping; see build script,1,2026-09-28,
entity_classifications_93fdc4fdeeb62701,event_editions,evt_650ddc78bc019015,term_cd626ba34bca24ac,derived,title/location heuristic or reviewed series mapping; see build script,1,2026-09-28,
entity_classifications_3cd1efb087d152b2,event_editions,evt_7957b3b83ad5796d,term_cd626ba34bca24ac,derived,title/location heuristic or reviewed series mapping; see build script,1,2026-09-28,
entity_classifications_a0f4b3830efe6116,event_editions,evt_b857cf744d2ba090,term_cd626ba34bca24ac,derived,title/location heuristic or reviewed series mapping; see build script,1,2026-09-28,
entity_classifications_c8197f5e3456acdb,event_editions,evt_e6aac56b643c6ca9,term_cd626ba34bca24ac,derived,title/location heuristic or reviewed series mapping; see build script,1,2026-09-28,
entity_classifications_4f750af158f8d393,event_editions,evt_abfbbd2a291ab0fa,term_cd626ba34bca24ac,derived,title/location heuristic or reviewed series mapping; see build script,1,2026-09-28,
entity_classifications_553796685b920292,event_editions,evt_b85e54f37cedc3e1,term_cd626ba34bca24ac,derived,title/location heuristic or reviewed series mapping; see build script,1,2026-09-28,
entity_classifications_16e31ec83f469c31,event_editions,evt_b0712561b57e07e4,term_cd626ba34bca24ac,derived,title/location heuristic or reviewed series mapping; see build script,1,2026-09-28,
entity_classifications_c547b79a8d7e931f,event_editions,evt_1c6fd2dcaea1775d,term_cd626ba34bca24ac,derived,title/location heuristic or reviewed series mapping; see build script,1,2026-09-28,
entity_classifications_cf5f87a531d9c422,event_editions,evt_2ac3662f74f40025,term_cd626ba34bca24ac,derived,title/location heuristic or reviewed series mapping; see build script,1,2026-09-28,
entity_classifications_9a2ff1920b8a5035,event_editions,evt_9696594454178e99,term_cd626ba34bca24ac,derived,title/location heuristic or reviewed series mapping; see build script,1,2026-09-28,
entity_classifications_6ab3b203de2d8d35,event_editions,evt_eb790882642d724e,term_cd626ba34bca24ac,derived,title/location heuristic or reviewed series mapping; see build script,1,2026-09-28,
entity_classifications_bc1481829b6fb596,event_editions,evt_d35b78ba1b6c18bc,term_cd626ba34bca24ac,derived,title/location heuristic or reviewed series mapping; see build script,1,2026-09-28,
entity_classifications_54c4a07183148768,event_editions,evt_50e39101f9db69d3,term_cd626ba34bca24ac,derived,title/location heuristic or reviewed series mapping; see build script,1,2026-09-28,
entity_classifications_021955239b7337d0,event_editions,evt_e198763594e39dee,term_cd626ba34bca24ac,derived,title/location heuristic or reviewed series mapping; see build script,1,2026-09-28,
entity_classifications_a57d7f2769c5ce69,event_editions,evt_67c8f78c473d42fa,term_cd626ba34bca24ac,derived,title/location heuristic or reviewed series mapping; see build script,1,2026-09-28,
entity_classifications_958050d7f03d8ac4,event_editions,evt_d78bc39626b13783,term_cd626ba34bca24ac,derived,title/location heuristic or reviewed series mapping; see build script,1,2026-09-28,
entity_classifications_3a023f8f15d70d54,event_editions,evt_4e6c0637cd679314,term_cd626ba34bca24ac,derived,title/location heuristic or reviewed series mapping; see build script,1,2026-09-28,
entity_classifications_a85a3806b15dea75,event_editions,evt_4dfa882fd35b0af1,term_cd626ba34bca24ac,derived,title/location heuristic or reviewed series mapping; see build script,1,2026-09-28,
entity_classifications_17a88c882e3b3dc0,event_editions,evt_4c6259b01f469950,term_cd626ba34bca24ac,derived,title/location heuristic or reviewed series mapping; see build script,1,2026-09-28,
entity_classifications_3264cd0e9752a47f,event_editions,evt_53b07d74b943bfcd,term_cd626ba34bca24ac,derived,title/location heuristic or reviewed series mapping; see build script,1,2026-09-28,
entity_classifications_2ad0336595d9a325,event_editions,evt_2fa5b72d6d1f3c6c,term_cd626ba34bca24ac,derived,title/location heuristic or reviewed series mapping; see build script,1,2026-09-28,
entity_classifications_cd5881a042082919,event_editions,evt_a329971d8df8f372,term_cd626ba34bca24ac,derived,title/location heuristic or reviewed series mapping; see build script,1,2026-09-28,
entity_classifications_97b843871cd16fd2,event_editions,evt_5680373b40dfde88,term_cd626ba34bca24ac,derived,title/location heuristic or reviewed series mapping; see build script,1,2026-09-28,
entity_classifications_93d674cbaa236402,event_editions,evt_16703effc2966760,term_cd626ba34bca24ac,derived,title/location heuristic or reviewed series mapping; see build script,1,2026-09-28,
entity_classifications_369e2781e554ff31,event_editions,evt_25111667fe793aef,term_cd626ba34bca24ac,derived,title/location heuristic or reviewed series mapping; see build script,1,2026-09-28,
entity_classifications_5d8f6575a738f56a,event_editions,evt_9db8ca2b7bbcf002,term_cd626ba34bca24ac,derived,title/location heuristic or reviewed series mapping; see build script,1,2026-09-28,
entity_classifications_73cbe216d4ce865a,event_editions,evt_e61cb342937003e8,term_cd626ba34bca24ac,derived,title/location heuristic or reviewed series mapping; see build script,1,2026-09-28,
entity_classifications_efd2885a1f9b7303,event_editions,evt_e7d9e9f4f601a4c2,term_cd626ba34bca24ac,derived,title/location heuristic or reviewed series mapping; see build script,1,2026-09-28,
entity_classifications_c119e279d696b898,event_editions,evt_7f5d129c1c94e4c3,term_cd626ba34bca24ac,derived,title/location heuristic or reviewed series mapping; see build script,1,2026-09-28,
entity_classifications_f4574468fb2658fa,event_editions,evt_9b60cbcf47c3ab13,term_cd626ba34bca24ac,derived,title/location heuristic or reviewed series mapping; see build script,1,2026-09-28,
entity_classifications_18f191d54664fbc9,event_editions,evt_6c6b2bd7294cb9dd,term_cd626ba34bca24ac,derived,title/location heuristic or reviewed series mapping; see build script,1,2026-09-28,
entity_classifications_20515501294cdc3d,event_editions,evt_42890e435fc945e1,term_cd626ba34bca24ac,derived,title/location heuristic or reviewed series mapping; see build script,1,2026-09-28,
entity_classifications_ff0f1921916c3b8a,event_editions,evt_86857c9facd08afb,term_40c60608d8ba89fe,derived,title/location heuristic or reviewed series mapping; see build script,1,2026-09-28,
entity_classifications_59e273994a026f2b,event_editions,evt_41f0bbf19e40cb92,term_40c60608d8ba89fe,derived,title/location heuristic or reviewed series mapping; see build script,1,2026-09-28,
entity_classifications_bd33bad7133af2c9,event_editions,evt_6e4f8d575166bbb1,term_40c60608d8ba89fe,derived,title/location heuristic or reviewed series mapping; see build script,1,2026-09-28,
entity_classifications_368c6c134578bded,event_editions,evt_0d678bd87419fb42,term_40c60608d8ba89fe,derived,title/location heuristic or reviewed series mapping; see build script,1,2026-09-28,
entity_classifications_7f6518a5ee927c21,event_editions,evt_4afc5a8d48e6af22,term_40c60608d8ba89fe,derived,title/location heuristic or reviewed series mapping; see build script,1,2026-09-28,
entity_classifications_cd0de8d718a0ec20,event_editions,evt_7df9b14f4b3990bf,term_40c60608d8ba89fe,derived,title/location heuristic or reviewed series mapping; see build script,1,2026-09-28,
entity_classifications_0f2ff6777413cdd8,event_editions,evt_0ad70410c453833c,term_40c60608d8ba89fe,derived,title/location heuristic or reviewed series mapping; see build script,1,2026-09-28,
entity_classifications_9fa1606544965abd,event_editions,evt_52af40c014f2d2d3,term_fee6e66a7fbf59f1,derived,title/location heuristic or reviewed series mapping; see build script,1,2026-09-28,
entity_classifications_9f8a5481965467db,event_editions,evt_8d8eb916db13f136,term_fee6e66a7fbf59f1,derived,title/location heuristic or reviewed series mapping; see build script,1,2026-09-28,
entity_classifications_9785d4dfa1c73437,event_editions,evt_575050f022c31923,term_fee6e66a7fbf59f1,derived,title/location heuristic or reviewed series mapping; see build script,1,2026-09-28,
entity_classifications_9dd25df105e4898a,event_editions,evt_2a698763747ecca0,term_fee6e66a7fbf59f1,derived,title/location heuristic or reviewed series mapping; see build script,1,2026-09-28,
entity_classifications_a687f0b489bfbc0b,event_editions,evt_2272e37cfee02d14,term_fee6e66a7fbf59f1,derived,title/location heuristic or reviewed series mapping; see build script,1,2026-09-28,
entity_classifications_42e205bbf39bd903,event_editions,evt_5c2563f1f041e2ac,term_fee6e66a7fbf59f1,derived,title/location heuristic or reviewed series mapping; see build script,1,2026-09-28,
entity_classifications_00bb0bd0e4da0973,event_editions,evt_5f5bdac4e27d1e40,term_173132128dad8374,derived,title/location heuristic or reviewed series mapping; see build script,1,2026-09-28,
entity_classifications_a93a074115d54616,event_editions,evt_4149574d03a4abe1,term_173132128dad8374,derived,title/location heuristic or reviewed series mapping; see build script,1,2026-09-28,
entity_classifications_24defd6383954609,event_editions,evt_7fdc6dfa76a5980f,term_8a5ce25569f7ddd3,derived,title/location heuristic or reviewed series mapping; see build script,1,2026-09-28,
entity_classifications_866ce1b39652c905,event_editions,evt_844ac8fd0a22bbb6,term_532eb8d033169181,derived,title/location heuristic or reviewed series mapping; see build script,1,2026-09-28,
entity_classifications_dec99d34eb813832,event_editions,evt_3f34c2034941660a,term_532eb8d033169181,derived,title/location heuristic or reviewed series mapping; see build script,1,2026-09-28,
entity_classifications_b55926bbf9c73a9d,event_editions,evt_8bddd768c74e9754,term_532eb8d033169181,derived,title/location heuristic or reviewed series mapping; see build script,1,2026-09-28,
entity_classifications_c252d14dedf6158d,event_editions,evt_6104738bf7f342d5,term_532eb8d033169181,derived,title/location heuristic or reviewed series mapping; see build script,1,2026-09-28,
entity_classifications_14b8e060963ee162,event_editions,evt_b5aae5c6c0fb93c5,term_532eb8d033169181,derived,title/location heuristic or reviewed series mapping; see build script,1,2026-09-28,
entity_classifications_38b084f35061c0fe,event_editions,evt_ef7800e95f8ac383,term_532eb8d033169181,derived,title/location heuristic or reviewed series mapping; see build script,1,2026-09-28,
entity_classifications_55e4c6c514edffe9,event_editions,evt_00bcf0d9ffdab436,term_532eb8d033169181,derived,title/location heuristic or reviewed series mapping; see build script,1,2026-09-28,
entity_classifications_52a1080ddc1525e2,event_editions,evt_0d1ddc84cd41f2d6,term_532eb8d033169181,derived,title/location heuristic or reviewed series mapping; see build script,1,2026-09-28,
entity_classifications_9a4cdd3ec07284ea,event_editions,evt_5ae4d3c86fbc9f55,term_532eb8d033169181,derived,title/location heuristic or reviewed series mapping; see build script,1,2026-09-28,
entity_classifications_66196bc93b1e2c70,event_editions,evt_be1ca948d9ec7102,term_532eb8d033169181,derived,title/location heuristic or reviewed series mapping; see build script,1,2026-09-28,
entity_classifications_df177ffa2447c0cf,event_editions,evt_8defeece9bb0ac7c,term_532eb8d033169181,derived,title/location heuristic or reviewed series mapping; see build script,1,2026-09-28,
entity_classifications_dff76681c35d83a5,event_editions,evt_23c44d073385aba7,term_532eb8d033169181,derived,title/location heuristic or reviewed series mapping; see build script,1,2026-09-28,
entity_classifications_86b54851cb573e3f,event_editions,evt_3cf761f1e8c6a11d,term_532eb8d033169181,derived,title/location heuristic or reviewed series mapping; see build script,1,2026-09-28,
entity_classifications_73c21636dba5ea8d,event_editions,evt_1a8db605e109b26f,term_532eb8d033169181,derived,title/location heuristic or reviewed series mapping; see build script,1,2026-09-28,
entity_classifications_ae55ccaba53be60e,event_editions,evt_b914ae05c88ac676,term_532eb8d033169181,derived,title/location heuristic or reviewed series mapping; see build script,1,2026-09-28,
entity_classifications_c9199a5cd825898c,event_editions,evt_6db2b77dcb8ad4c2,term_532eb8d033169181,derived,title/location heuristic or reviewed series mapping; see build script,1,2026-09-28,
entity_classifications_c562a699af0ccbf7,event_editions,evt_1b4f809adc542ba4,term_532eb8d033169181,derived,title/location heuristic or reviewed series mapping; see build script,1,2026-09-28,
entity_classifications_7bdc0498cc9c08b3,event_editions,evt_283eadd78afcaa1f,term_532eb8d033169181,derived,title/location heuristic or reviewed series mapping; see build script,1,2026-09-28,
entity_classifications_4faf88e1558b3960,event_editions,evt_fc417c6fbaaf8a8f,term_532eb8d033169181,derived,title/location heuristic or reviewed series mapping; see build script,1,2026-09-28,
entity_classifications_c17f93d80e310f87,event_editions,evt_2fdbcd0f2aa7d5f4,term_532eb8d033169181,derived,title/location heuristic or reviewed series mapping; see build script,1,2026-09-28,
entity_classifications_662e5010f0fcd2ec,event_editions,evt_eb62cd7e8b06fe41,term_532eb8d033169181,derived,title/location heuristic or reviewed series mapping; see build script,1,2026-09-28,
entity_classifications_7371210945db808d,event_editions,evt_59067c95e6bd3644,term_532eb8d033169181,derived,title/location heuristic or reviewed series mapping; see build script,1,2026-09-28,
entity_classifications_5dd53cc2b0954a61,event_editions,evt_c1a376f426ab4d58,term_532eb8d033169181,derived,title/location heuristic or reviewed series mapping; see build script,1,2026-09-28,
entity_classifications_85f4ec1d670fc532,event_editions,evt_e32303008bd7dd81,term_532eb8d033169181,derived,title/location heuristic or reviewed series mapping; see build script,1,2026-09-28,
entity_classifications_8e9ef2d005b19318,event_editions,evt_ed7ecf1a5c24439b,term_532eb8d033169181,derived,title/location heuristic or reviewed series mapping; see build script,1,2026-09-28,
entity_classifications_c39337b514d351c2,event_editions,evt_f8ca29d8aaf3554c,term_532eb8d033169181,derived,title/location heuristic or reviewed series mapping; see build script,1,2026-09-28,
entity_classifications_dbf7b690e15d741a,event_editions,evt_e7b63af2d5025030,term_532eb8d033169181,derived,title/location heuristic or reviewed series mapping; see build script,1,2026-09-28,
entity_classifications_776ddfe16e5d08f4,event_editions,evt_f8d135410443179f,term_532eb8d033169181,derived,title/location heuristic or reviewed series mapping; see build script,1,2026-09-28,
entity_classifications_fb242d89b64ac6c9,event_editions,evt_810091516b8cdf53,term_532eb8d033169181,derived,title/location heuristic or reviewed series mapping; see build script,1,2026-09-28,
entity_classifications_6011a0e75044d03e,event_editions,evt_9dc2c7a6d40a75b6,term_532eb8d033169181,derived,title/location heuristic or reviewed series mapping; see build script,1,2026-09-28,
entity_classifications_d2fecff1721e60ef,event_editions,evt_df9582e6dff519ea,term_532eb8d033169181,derived,title/location heuristic or reviewed series mapping; see build script,1,2026-09-28,
entity_classifications_f69431c72086523f,event_editions,evt_f3c3ac908069c867,term_532eb8d033169181,derived,title/location heuristic or reviewed series mapping; see build script,1,2026-09-28,
entity_classifications_5d887f89f939c48c,event_editions,evt_e1feb77eee70a360,term_4a6fb9ac22d2fd4c,derived,title/location heuristic or reviewed series mapping; see build script,1,2026-09-28,
entity_classifications_82b3d18543367f8a,event_editions,evt_53fb9701a6a908e5,term_4a6fb9ac22d2fd4c,derived,title/location heuristic or reviewed series mapping; see build script,1,2026-09-28,
entity_classifications_dfe34d32a4f68d37,event_editions,evt_99a8ced283d90fe1,term_4a6fb9ac22d2fd4c,derived,title/location heuristic or reviewed series mapping; see build script,1,2026-09-28,
entity_classifications_9bcf686206146562,event_editions,evt_4c0cf41806407c37,term_4a6fb9ac22d2fd4c,derived,title/location heuristic or reviewed series mapping; see build script,1,2026-09-28,
entity_classifications_8f96f0ffb466a130,event_editions,evt_3fd86574b40703fe,term_4a6fb9ac22d2fd4c,derived,title/location heuristic or reviewed series mapping; see build script,1,2026-09-28,
entity_classifications_64229fe656890eff,event_editions,evt_d4fe659e50c08239,term_4a6fb9ac22d2fd4c,derived,title/location heuristic or reviewed series mapping; see build script,1,2026-09-28,
entity_classifications_75a659e9cbc0a89a,event_editions,evt_e976b2a951aaed52,term_2d555b811623f730,derived,title/location heuristic or reviewed series mapping; see build script,1,2026-09-28,
entity_classifications_db6e98a59c4fbca6,event_editions,evt_74a6ba9e314f9ca1,term_2d555b811623f730,derived,title/location heuristic or reviewed series mapping; see build script,1,2026-09-28,
entity_classifications_f972d8bcbe672419,event_editions,evt_f01cce2e76d94292,term_2d555b811623f730,derived,title/location heuristic or reviewed series mapping; see build script,1,2026-09-28,
entity_classifications_13764f1c60e13d88,event_editions,evt_52af40c014f2d2d3,term_7fe14ac08773eb74,derived,title/location heuristic or reviewed series mapping; see build script,1,2026-09-28,
entity_classifications_4307576185739b7b,event_editions,evt_8d8eb916db13f136,term_7fe14ac08773eb74,derived,title/location heuristic or reviewed series mapping; see build script,1,2026-09-28,
entity_classifications_f799724b8e0c4fd0,event_editions,evt_575050f022c31923,term_7fe14ac08773eb74,derived,title/location heuristic or reviewed series mapping; see build script,1,2026-09-28,
entity_classifications_dd8c6e0e51b4e211,event_editions,evt_2a698763747ecca0,term_7fe14ac08773eb74,derived,title/location heuristic or reviewed series mapping; see build script,1,2026-09-28,
entity_classifications_7c72125b2a51fa7e,event_editions,evt_2272e37cfee02d14,term_7fe14ac08773eb74,derived,title/location heuristic or reviewed series mapping; see build script,1,2026-09-28,
entity_classifications_f3d6018c9af42485,event_editions,evt_5c2563f1f041e2ac,term_7fe14ac08773eb74,derived,title/location heuristic or reviewed series mapping; see build script,1,2026-09-28,
entity_classifications_ec812c4f58f3aeef,event_editions,evt_7c23b6f4a95b46b2,term_d0c92b54232a5330,derived,title/location heuristic or reviewed series mapping; see build script,1,2026-09-28,
entity_classifications_731b7b8abc6a60be,event_editions,evt_fdeead605e18951d,term_d0c92b54232a5330,derived,title/location heuristic or reviewed series mapping; see build script,1,2026-09-28,
entity_classifications_e696d576e2bab5b7,event_editions,evt_cea07e35df96562c,term_d0c92b54232a5330,derived,title/location heuristic or reviewed series mapping; see build script,1,2026-09-28,
entity_classifications_ea435ee40d4f0b37,event_editions,evt_c0d04e23b7badf81,term_d0c92b54232a5330,derived,title/location heuristic or reviewed series mapping; see build script,1,2026-09-28,
entity_classifications_792ecd43d5161a88,event_editions,evt_099c88e44f72691b,term_d0c92b54232a5330,derived,title/location heuristic or reviewed series mapping; see build script,1,2026-09-28,
entity_classifications_ce1896be55341e22,event_editions,evt_d3fff58ce4638dcf,term_d0c92b54232a5330,derived,title/location heuristic or reviewed series mapping; see build script,1,2026-09-28,
entity_classifications_75ce176bf972fc7c,event_editions,evt_c8b37df559673420,term_23bc91e532bc7887,derived,title/location heuristic or reviewed series mapping; see build script,1,2026-09-28,
entity_classifications_b3a0ce19b3adf8d6,event_editions,evt_2253e6ea3ff25fa2,term_23bc91e532bc7887,derived,title/location heuristic or reviewed series mapping; see build script,1,2026-09-28,
entity_classifications_37c7b1450e103f94,event_editions,evt_6704b7655314d306,term_23bc91e532bc7887,derived,title/location heuristic or reviewed series mapping; see build script,1,2026-09-28,
entity_classifications_a5f30b2c020ed593,event_editions,evt_5a1c9a0feddee5d3,term_23bc91e532bc7887,derived,title/location heuristic or reviewed series mapping; see build script,1,2026-09-28,
entity_classifications_cab4993e8247d3b1,event_editions,evt_c90c3558f43cb50d,term_23bc91e532bc7887,derived,title/location heuristic or reviewed series mapping; see build script,1,2026-09-28,
entity_classifications_60b322066c744459,event_editions,evt_ea931431175f2ea2,term_23bc91e532bc7887,derived,title/location heuristic or reviewed series mapping; see build script,1,2026-09-28,
entity_classifications_276abecd3730eb79,event_editions,evt_5f5bdac4e27d1e40,term_c6bd1b70dd4c991e,derived,title/location heuristic or reviewed series mapping; see build script,1,2026-09-28,
entity_classifications_d24738702a323f99,event_editions,evt_7fdc6dfa76a5980f,term_c6bd1b70dd4c991e,derived,title/location heuristic or reviewed series mapping; see build script,1,2026-09-28,
entity_classifications_a5cd4a909be82317,event_editions,evt_4053e17a941e8ff5,term_c6bd1b70dd4c991e,derived,title/location heuristic or reviewed series mapping; see build script,1,2026-09-28,
entity_classifications_f0ad6c61674c2957,event_editions,evt_4c75646805affc70,term_c6bd1b70dd4c991e,derived,title/location heuristic or reviewed series mapping; see build script,1,2026-09-28,
entity_classifications_85a981ce8362c528,event_editions,evt_74924efa1f1d406d,term_8e3e47e5599ad5a5,derived,title/location heuristic or reviewed series mapping; see build script,1,2026-09-28,
entity_classifications_ef0861e3c924c90f,event_editions,evt_d9aa9a04fdafe783,term_8e3e47e5599ad5a5,derived,title/location heuristic or reviewed series mapping; see build script,1,2026-09-28,
entity_classifications_9876504808018e90,event_editions,evt_85b4aa9c3b9e839a,term_8e3e47e5599ad5a5,derived,title/location heuristic or reviewed series mapping; see build script,1,2026-09-28,
entity_classifications_48677b77ed56d07a,event_editions,evt_8ad74a622fa38a01,term_8e3e47e5599ad5a5,derived,title/location heuristic or reviewed series mapping; see build script,1,2026-09-28,
entity_classifications_ad56c64be663310f,event_editions,evt_bb04598beeecbf2c,term_8e3e47e5599ad5a5,derived,title/location heuristic or reviewed series mapping; see build script,1,2026-09-28,
entity_classifications_a448aa6fa292ed14,event_editions,evt_9f19637ff3ee3243,term_8e3e47e5599ad5a5,derived,title/location heuristic or reviewed series mapping; see build script,1,2026-09-28,
entity_classifications_0ce96c631712435d,event_editions,evt_54d0e34f7c60d99e,term_8e3e47e5599ad5a5,derived,title/location heuristic or reviewed series mapping; see build script,1,2026-09-28,
entity_classifications_6373f5a4e6060291,event_editions,evt_fa0ae2541f8d36ea,term_8e3e47e5599ad5a5,derived,title/location heuristic or reviewed series mapping; see build script,1,2026-09-28,
entity_classifications_399e91fd956e61b1,event_editions,evt_0b0968c1c4c7b16e,term_8e3e47e5599ad5a5,derived,title/location heuristic or reviewed series mapping; see build script,1,2026-09-28,
entity_classifications_1a242f80fec6e62d,event_editions,evt_6a33fa5b6c86304d,term_8e3e47e5599ad5a5,derived,title/location heuristic or reviewed series mapping; see build script,1,2026-09-28,
entity_classifications_ddcc0a331b15565c,event_editions,evt_165ff6e4f6ca6aad,term_8e3e47e5599ad5a5,derived,title/location heuristic or reviewed series mapping; see build script,1,2026-09-28,
entity_classifications_c3a06692c9fcc169,event_editions,evt_0956d356a6eede47,term_8e3e47e5599ad5a5,derived,title/location heuristic or reviewed series mapping; see build script,1,2026-09-28,
entity_classifications_6d4884583bdbc091,event_editions,evt_46dba274af8639b7,term_8e3e47e5599ad5a5,derived,title/location heuristic or reviewed series mapping; see build script,1,2026-09-28,
entity_classifications_e9ab1500be9801e3,event_editions,evt_3e5acad6adf38308,term_8e3e47e5599ad5a5,derived,title/location heuristic or reviewed series mapping; see build script,1,2026-09-28,
entity_classifications_80288dff622d1596,event_editions,evt_4336de4732d15d92,term_8e3e47e5599ad5a5,derived,title/location heuristic or reviewed series mapping; see build script,1,2026-09-28,
entity_classifications_a5c17af8a4d03826,event_editions,evt_0617c91d76effd08,term_8e3e47e5599ad5a5,derived,title/location heuristic or reviewed series mapping; see build script,1,2026-09-28,
entity_classifications_afa12add83ef5eaf,event_editions,evt_d26b1d203113460d,term_8e3e47e5599ad5a5,derived,title/location heuristic or reviewed series mapping; see build script,1,2026-09-28,
entity_classifications_b87e6b4132633a32,event_editions,evt_fb0927245e4a697c,term_8e3e47e5599ad5a5,derived,title/location heuristic or reviewed series mapping; see build script,1,2026-09-28,
entity_classifications_e0ff87346e778219,event_editions,evt_98d6cf1138256fb7,term_8e3e47e5599ad5a5,derived,title/location heuristic or reviewed series mapping; see build script,1,2026-09-28,
entity_classifications_10aaddf43ad301f6,event_editions,evt_e9b86a328158346d,term_8e3e47e5599ad5a5,derived,title/location heuristic or reviewed series mapping; see build script,1,2026-09-28,
entity_classifications_ffb5d661323d486d,event_editions,evt_c74bf11ac6632c88,term_8e3e47e5599ad5a5,derived,title/location heuristic or reviewed series mapping; see build script,1,2026-09-28,
entity_classifications_85d63bb6b039e994,event_editions,evt_0e361a698e5f00fa,term_8e3e47e5599ad5a5,derived,title/location heuristic or reviewed series mapping; see build script,1,2026-09-28,
entity_classifications_79a8c07462acfbe1,event_editions,evt_1038cbbe810c51f9,term_8e3e47e5599ad5a5,derived,title/location heuristic or reviewed series mapping; see build script,1,2026-09-28,
entity_classifications_83f3530d5585c529,event_editions,evt_c0adaa7474b2f421,term_8e3e47e5599ad5a5,derived,title/location heuristic or reviewed series mapping; see build script,1,2026-09-28,
entity_classifications_139c33096052b56b,event_editions,evt_c6d46b27da5cadcb,term_8e3e47e5599ad5a5,derived,title/location heuristic or reviewed series mapping; see build script,1,2026-09-28,
entity_classifications_e7f3593a06f42d8e,event_editions,evt_8ddd901275689efe,term_8e3e47e5599ad5a5,derived,title/location heuristic or reviewed series mapping; see build script,1,2026-09-28,
entity_classifications_94502994b8771363,event_editions,evt_14f81078f72c3fb7,term_8e3e47e5599ad5a5,derived,title/location heuristic or reviewed series mapping; see build script,1,2026-09-28,
entity_classifications_4f604c25f66e50d1,event_editions,evt_0f85b1f7331a6dbe,term_8e3e47e5599ad5a5,derived,title/location heuristic or reviewed series mapping; see build script,1,2026-09-28,
entity_classifications_22c3fa71696298fb,event_editions,evt_dc71e11656e99e2d,term_8e3e47e5599ad5a5,derived,title/location heuristic or reviewed series mapping; see build script,1,2026-09-28,
entity_classifications_d76e0acd6f200ffd,event_editions,evt_4945d2d4a6bd64fa,term_8e3e47e5599ad5a5,derived,title/location heuristic or reviewed series mapping; see build script,1,2026-09-28,
entity_classifications_28b784fa844ce29d,event_editions,evt_2874e14d7b7da401,term_8e3e47e5599ad5a5,derived,title/location heuristic or reviewed series mapping; see build script,1,2026-09-28,
entity_classifications_a434e5fed633507c,event_editions,evt_6a424270a326f4b7,term_8e3e47e5599ad5a5,derived,title/location heuristic or reviewed series mapping; see build script,1,2026-09-28,
entity_classifications_c09f9517e33fe8eb,event_editions,evt_fe9b0a48de67e90a,term_8e3e47e5599ad5a5,derived,title/location heuristic or reviewed series mapping; see build script,1,2026-09-28,
entity_classifications_0af811ac1ac84a3f,event_editions,evt_11dfac6b972886d3,term_8e3e47e5599ad5a5,derived,title/location heuristic or reviewed series mapping; see build script,1,2026-09-28,
entity_classifications_6a3f11f2f31f55f9,event_editions,evt_9c511cf38ef89f0a,term_8e3e47e5599ad5a5,derived,title/location heuristic or reviewed series mapping; see build script,1,2026-09-28,
entity_classifications_981907bcebc45421,event_editions,evt_a0f9d3de1146199e,term_8e3e47e5599ad5a5,derived,title/location heuristic or reviewed series mapping; see build script,1,2026-09-28,
entity_classifications_3593d1e7678ec5c0,event_editions,evt_09e9006e7a35cf47,term_8e3e47e5599ad5a5,derived,title/location heuristic or reviewed series mapping; see build script,1,2026-09-28,
entity_classifications_6faaaa8c9b070d91,event_editions,evt_d07a76152f5489fe,term_8e3e47e5599ad5a5,derived,title/location heuristic or reviewed series mapping; see build script,1,2026-09-28,
entity_classifications_ec567c0006e3b706,event_editions,evt_451d0693e338d3f9,term_8e3e47e5599ad5a5,derived,title/location heuristic or reviewed series mapping; see build script,1,2026-09-28,
entity_classifications_27290e3d7095edb6,event_editions,evt_01a63ed96a5d4272,term_8e3e47e5599ad5a5,derived,title/location heuristic or reviewed series mapping; see build script,1,2026-09-28,
entity_classifications_d9af13fb2eb232c9,event_editions,evt_a11306bd2009b244,term_8e3e47e5599ad5a5,derived,title/location heuristic or reviewed series mapping; see build script,1,2026-09-28,
entity_classifications_78ff3e35bf428e73,event_editions,evt_b4c8b4590ac55632,term_8e3e47e5599ad5a5,derived,title/location heuristic or reviewed series mapping; see build script,1,2026-09-28,
entity_classifications_2b345011f034626c,event_editions,evt_1fc974874ad3a13f,term_8e3e47e5599ad5a5,derived,title/location heuristic or reviewed series mapping; see build script,1,2026-09-28,
entity_classifications_0aa4436f6652b1aa,event_editions,evt_cee31d7848add738,term_8e3e47e5599ad5a5,derived,title/location heuristic or reviewed series mapping; see build script,1,2026-09-28,
entity_classifications_e7f2c34b745d5c9e,event_editions,evt_cc542b100138de5d,term_8e3e47e5599ad5a5,derived,title/location heuristic or reviewed series mapping; see build script,1,2026-09-28,
entity_classifications_7106c34e3e9e0b30,event_editions,evt_ce40a806a2021651,term_8e3e47e5599ad5a5,derived,title/location heuristic or reviewed series mapping; see build script,1,2026-09-28,
entity_classifications_a076edfcbe6224b3,event_editions,evt_a24d02ff563dd463,term_8e3e47e5599ad5a5,derived,title/location heuristic or reviewed series mapping; see build script,1,2026-09-28,
entity_classifications_18009ac84f248c2b,event_editions,evt_014069fb64efc783,term_8e3e47e5599ad5a5,derived,title/location heuristic or reviewed series mapping; see build script,1,2026-09-28,
entity_classifications_1b7b39904dd65cc2,event_editions,evt_8f03530072b5cab5,term_8e3e47e5599ad5a5,derived,title/location heuristic or reviewed series mapping; see build script,1,2026-09-28,
entity_classifications_def36805cd4dc3ef,event_editions,evt_36ef38d0c4f18f9b,term_8e3e47e5599ad5a5,derived,title/location heuristic or reviewed series mapping; see build script,1,2026-09-28,
entity_classifications_5d99b66db753a5cb,event_editions,evt_b5025af901c2f949,term_8e3e47e5599ad5a5,derived,title/location heuristic or reviewed series mapping; see build script,1,2026-09-28,
entity_classifications_f7c79c391f630da6,event_editions,evt_6f2e680bdac0b5b0,term_8e3e47e5599ad5a5,derived,title/location heuristic or reviewed series mapping; see build script,1,2026-09-28,
entity_classifications_b8c7fe4a48732b8b,event_editions,evt_8cfa31a0eacf62ad,term_8e3e47e5599ad5a5,derived,title/location heuristic or reviewed series mapping; see build script,1,2026-09-28,
entity_classifications_e403da4683bd4300,event_editions,evt_4f3c87da27540383,term_8e3e47e5599ad5a5,derived,title/location heuristic or reviewed series mapping; see build script,1,2026-09-28,
entity_classifications_3a7244721e8f3457,event_editions,evt_8ff4e1a072242b32,term_8e3e47e5599ad5a5,derived,title/location heuristic or reviewed series mapping; see build script,1,2026-09-28,
entity_classifications_b105757efe0a0a6a,event_editions,evt_10f798c145b96791,term_8e3e47e5599ad5a5,derived,title/location heuristic or reviewed series mapping; see build script,1,2026-09-28,
entity_classifications_d733fd0c7fac255b,event_editions,evt_6f3e70a2e5bfc411,term_8e3e47e5599ad5a5,derived,title/location heuristic or reviewed series mapping; see build script,1,2026-09-28,
entity_classifications_4a2dd5de3113de8a,event_editions,evt_f0f8bded21075692,term_8e3e47e5599ad5a5,derived,title/location heuristic or reviewed series mapping; see build script,1,2026-09-28,
entity_classifications_3936d3c267d9acca,event_editions,evt_a8919e186668b9c7,term_8e3e47e5599ad5a5,derived,title/location heuristic or reviewed series mapping; see build script,1,2026-09-28,
entity_classifications_d77e57051800636b,event_editions,evt_509dd77782235695,term_8e3e47e5599ad5a5,derived,title/location heuristic or reviewed series mapping; see build script,1,2026-09-28,
entity_classifications_c88793b520d95798,event_editions,evt_6b413a3ee9f000f0,term_8e3e47e5599ad5a5,derived,title/location heuristic or reviewed series mapping; see build script,1,2026-09-28,
entity_classifications_f0cb8ca647757c6e,event_editions,evt_d96d4070e54b27d1,term_8e3e47e5599ad5a5,derived,title/location heuristic or reviewed series mapping; see build script,1,2026-09-28,
entity_classifications_f381bb69fe868b89,event_editions,evt_4448807c8669f164,term_8e3e47e5599ad5a5,derived,title/location heuristic or reviewed series mapping; see build script,1,2026-09-28,
entity_classifications_eb9b64e90f987126,event_editions,evt_d90216fff9a74c0b,term_8e3e47e5599ad5a5,derived,title/location heuristic or reviewed series mapping; see build script,1,2026-09-28,
entity_classifications_3cebbfc39941016d,event_editions,evt_ca268ccd9afba7db,term_8e3e47e5599ad5a5,derived,title/location heuristic or reviewed series mapping; see build script,1,2026-09-28,
entity_classifications_cc809e03b85beee1,event_editions,evt_39b390f660e8bfeb,term_8e3e47e5599ad5a5,derived,title/location heuristic or reviewed series mapping; see build script,1,2026-09-28,
entity_classifications_f135454eee4baee0,event_editions,evt_22b238eab1c43c6a,term_8e3e47e5599ad5a5,derived,title/location heuristic or reviewed series mapping; see build script,1,2026-09-28,
entity_classifications_42cb4172179b073a,event_editions,evt_4661c9af3cf79e6e,term_8e3e47e5599ad5a5,derived,title/location heuristic or reviewed series mapping; see build script,1,2026-09-28,
entity_classifications_0c9ee8012c673c8a,event_editions,evt_7ae4314a231e3d96,term_8e3e47e5599ad5a5,derived,title/location heuristic or reviewed series mapping; see build script,1,2026-09-28,
entity_classifications_4a90a268856c3652,event_editions,evt_4388e3fc954b09ae,term_8e3e47e5599ad5a5,derived,title/location heuristic or reviewed series mapping; see build script,1,2026-09-28,
entity_classifications_1512af5d5c738739,event_editions,evt_67f6eb4952e15482,term_8e3e47e5599ad5a5,derived,title/location heuristic or reviewed series mapping; see build script,1,2026-09-28,
entity_classifications_7e74c13c568cb8c5,event_editions,evt_53a5e5ed48b9e2f6,term_8e3e47e5599ad5a5,derived,title/location heuristic or reviewed series mapping; see build script,1,2026-09-28,
entity_classifications_4607787bd43defff,event_editions,evt_5ca5fb8336fc78fe,term_8e3e47e5599ad5a5,derived,title/location heuristic or reviewed series mapping; see build script,1,2026-09-28,
entity_classifications_3245c6f92bc5f080,event_editions,evt_2634393393f34463,term_8e3e47e5599ad5a5,derived,title/location heuristic or reviewed series mapping; see build script,1,2026-09-28,
entity_classifications_797856413c09a063,event_editions,evt_49fecf22b6d2a696,term_8e3e47e5599ad5a5,derived,title/location heuristic or reviewed series mapping; see build script,1,2026-09-28,
entity_classifications_971c4c3dc578ad53,event_editions,evt_770129eb2abce6be,term_8e3e47e5599ad5a5,derived,title/location heuristic or reviewed series mapping; see build script,1,2026-09-28,
entity_classifications_9ffa0fdeb8e99ef1,event_editions,evt_f599476274faabd9,term_8e3e47e5599ad5a5,derived,title/location heuristic or reviewed series mapping; see build script,1,2026-09-28,
entity_classifications_bbe6c3c28f0d7841,event_editions,evt_3701004c3c2ce5c2,term_8e3e47e5599ad5a5,derived,title/location heuristic or reviewed series mapping; see build script,1,2026-09-28,
entity_classifications_151af22625c34cca,event_editions,evt_a79023c8971a4f81,term_8e3e47e5599ad5a5,derived,title/location heuristic or reviewed series mapping; see build script,1,2026-09-28,
entity_classifications_468600359f710266,event_editions,evt_317e03884294fe92,term_8e3e47e5599ad5a5,derived,title/location heuristic or reviewed series mapping; see build script,1,2026-09-28,
entity_classifications_d619eb67fa4beef1,event_editions,evt_9da30b0fa0940673,term_8e3e47e5599ad5a5,derived,title/location heuristic or reviewed series mapping; see build script,1,2026-09-28,
entity_classifications_133bd3fa724c2588,event_editions,evt_22b9e4bf97269c4b,term_8e3e47e5599ad5a5,derived,title/location heuristic or reviewed series mapping; see build script,1,2026-09-28,
entity_classifications_1111a65c1982c5e4,event_editions,evt_ec56dad6b0f54653,term_8e3e47e5599ad5a5,derived,title/location heuristic or reviewed series mapping; see build script,1,2026-09-28,
entity_classifications_b66c00383621fb59,event_editions,evt_f5c2782d62727627,term_8e3e47e5599ad5a5,derived,title/location heuristic or reviewed series mapping; see build script,1,2026-09-28,
entity_classifications_5132c5854528a7ba,event_editions,evt_c03ac7f3b70a0f6a,term_8e3e47e5599ad5a5,derived,title/location heuristic or reviewed series mapping; see build script,1,2026-09-28,
entity_classifications_2ca48c061545fdfa,event_editions,evt_ce5811836f595ed7,term_8e3e47e5599ad5a5,derived,title/location heuristic or reviewed series mapping; see build script,1,2026-09-28,
entity_classifications_5f213e60c6d4189d,event_editions,evt_838df0a3bd3c9af4,term_8e3e47e5599ad5a5,derived,title/location heuristic or reviewed series mapping; see build script,1,2026-09-28,
entity_classifications_982f3ddff3ba6f03,event_editions,evt_d2b39278996c574f,term_8e3e47e5599ad5a5,derived,title/location heuristic or reviewed series mapping; see build script,1,2026-09-28,
entity_classifications_8f298ea5720b4fa8,event_editions,evt_a3b9fd2e7370d4ff,term_8e3e47e5599ad5a5,derived,title/location heuristic or reviewed series mapping; see build script,1,2026-09-28,
entity_classifications_69a47d2bdd71049d,event_editions,evt_157eceb454a4777d,term_8e3e47e5599ad5a5,derived,title/location heuristic or reviewed series mapping; see build script,1,2026-09-28,
entity_classifications_9919643df7d8db30,event_editions,evt_2fc8bbd63dd17140,term_8e3e47e5599ad5a5,derived,title/location heuristic or reviewed series mapping; see build script,1,2026-09-28,
entity_classifications_19741b2d5cbf7e5d,event_editions,evt_89b37d7515f7cf42,term_8e3e47e5599ad5a5,derived,title/location heuristic or reviewed series mapping; see build script,1,2026-09-28,
entity_classifications_21605bd194e66661,event_editions,evt_f1e832c822856bf9,term_8e3e47e5599ad5a5,derived,title/location heuristic or reviewed series mapping; see build script,1,2026-09-28,
entity_classifications_945e1e93168f2a99,event_editions,evt_b7381c733983e874,term_8e3e47e5599ad5a5,derived,title/location heuristic or reviewed series mapping; see build script,1,2026-09-28,
entity_classifications_d5e4abd9b430514f,event_editions,evt_8412a029278f4d47,term_8e3e47e5599ad5a5,derived,title/location heuristic or reviewed series mapping; see build script,1,2026-09-28,
entity_classifications_b202601e87e0744a,event_editions,evt_725815de68c3c8b1,term_8e3e47e5599ad5a5,derived,title/location heuristic or reviewed series mapping; see build script,1,2026-09-28,
entity_classifications_e0af1deb77624244,event_editions,evt_5b75e8160a2e1a5d,term_8e3e47e5599ad5a5,derived,title/location heuristic or reviewed series mapping; see build script,1,2026-09-28,
entity_classifications_3262e0f3b9483784,event_editions,evt_408ba1b79e08d26e,term_8e3e47e5599ad5a5,derived,title/location heuristic or reviewed series mapping; see build script,1,2026-09-28,
entity_classifications_fa925f8c7a72f45f,event_editions,evt_7da0ef0ea520a2d5,term_8e3e47e5599ad5a5,derived,title/location heuristic or reviewed series mapping; see build script,1,2026-09-28,
entity_classifications_7c6e1ddc95c6266c,event_editions,evt_a669b8c177ec9d3e,term_8e3e47e5599ad5a5,derived,title/location heuristic or reviewed series mapping; see build script,1,2026-09-28,
entity_classifications_656f7503be0f6974,event_editions,evt_3ad9162f86d80bfe,term_8e3e47e5599ad5a5,derived,title/location heuristic or reviewed series mapping; see build script,1,2026-09-28,
entity_classifications_f999a1087024286b,event_editions,evt_40dce9410a6ce274,term_8e3e47e5599ad5a5,derived,title/location heuristic or reviewed series mapping; see build script,1,2026-09-28,
entity_classifications_1fd764193be6af8a,event_editions,evt_8cdd2e7babdd0f59,term_8e3e47e5599ad5a5,derived,title/location heuristic or reviewed series mapping; see build script,1,2026-09-28,
entity_classifications_b73824b45f47b042,event_editions,evt_6b75cba7ad4699f2,term_8e3e47e5599ad5a5,derived,title/location heuristic or reviewed series mapping; see build script,1,2026-09-28,
entity_classifications_9a5bbe966fbb426c,event_editions,evt_93a02dedaab53176,term_8e3e47e5599ad5a5,derived,title/location heuristic or reviewed series mapping; see build script,1,2026-09-28,
entity_classifications_011613c22e8d0348,event_editions,evt_eb5743a4b206c95a,term_8e3e47e5599ad5a5,derived,title/location heuristic or reviewed series mapping; see build script,1,2026-09-28,
entity_classifications_21a1cea87affad4c,event_editions,evt_3c52692b4c7b359a,term_8e3e47e5599ad5a5,derived,title/location heuristic or reviewed series mapping; see build script,1,2026-09-28,
entity_classifications_ce1fe16f4d91d088,event_editions,evt_8d9fb0b6dce8d4e0,term_8e3e47e5599ad5a5,derived,title/location heuristic or reviewed series mapping; see build script,1,2026-09-28,
entity_classifications_1b601d2de75c4769,event_editions,evt_c48f165b98b0b55c,term_8e3e47e5599ad5a5,derived,title/location heuristic or reviewed series mapping; see build script,1,2026-09-28,
entity_classifications_faab669ecb5be726,event_editions,evt_39c7c95949c9cd36,term_8e3e47e5599ad5a5,derived,title/location heuristic or reviewed series mapping; see build script,1,2026-09-28,
entity_classifications_02a9e5908b1d1254,event_editions,evt_eee221c2a30d8a45,term_8e3e47e5599ad5a5,derived,title/location heuristic or reviewed series mapping; see build script,1,2026-09-28,
entity_classifications_62feae44ef3b778c,event_editions,evt_010043d0927cfb0c,term_8e3e47e5599ad5a5,derived,title/location heuristic or reviewed series mapping; see build script,1,2026-09-28,
entity_classifications_bbca5ae3d4bb9935,event_editions,evt_a20f2dd832bf485f,term_8e3e47e5599ad5a5,derived,title/location heuristic or reviewed series mapping; see build script,1,2026-09-28,
entity_classifications_36283731578ff4ec,event_editions,evt_a2dfcb8343b3b99a,term_8e3e47e5599ad5a5,derived,title/location heuristic or reviewed series mapping; see build script,1,2026-09-28,
entity_classifications_2454592d52aced4a,event_editions,evt_8d582b2a010a387e,term_8e3e47e5599ad5a5,derived,title/location heuristic or reviewed series mapping; see build script,1,2026-09-28,
entity_classifications_591ec9623dd728b0,event_editions,evt_8e903408da778d07,term_8e3e47e5599ad5a5,derived,title/location heuristic or reviewed series mapping; see build script,1,2026-09-28,
entity_classifications_69c2514a22ae09fc,event_editions,evt_819c65ede12cd3d6,term_8e3e47e5599ad5a5,derived,title/location heuristic or reviewed series mapping; see build script,1,2026-09-28,
entity_classifications_20e584d7f3ee0ffd,event_editions,evt_0282383a21aa193e,term_8e3e47e5599ad5a5,derived,title/location heuristic or reviewed series mapping; see build script,1,2026-09-28,
entity_classifications_516c6bcd1e92e9f8,event_editions,evt_b31a275f6726784d,term_8e3e47e5599ad5a5,derived,title/location heuristic or reviewed series mapping; see build script,1,2026-09-28,
entity_classifications_f27b4db0b973ed46,event_editions,evt_c8fb1781b754e939,term_8e3e47e5599ad5a5,derived,title/location heuristic or reviewed series mapping; see build script,1,2026-09-28,
entity_classifications_f69e63424998bf29,event_editions,evt_7aa008186cc70eef,term_8e3e47e5599ad5a5,derived,title/location heuristic or reviewed series mapping; see build script,1,2026-09-28,
entity_classifications_16d29949f5d2d51c,event_editions,evt_90a141e31ab06bc3,term_8e3e47e5599ad5a5,derived,title/location heuristic or reviewed series mapping; see build script,1,2026-09-28,
entity_classifications_7a3db0f2808d4e07,event_editions,evt_aab253ce33345b93,term_8e3e47e5599ad5a5,derived,title/location heuristic or reviewed series mapping; see build script,1,2026-09-28,
entity_classifications_d8afa0378aa5fe11,event_editions,evt_bf5f6972b941b0b1,term_8e3e47e5599ad5a5,derived,title/location heuristic or reviewed series mapping; see build script,1,2026-09-28,
entity_classifications_c08af3f3efaab11f,event_editions,evt_007e6d7ce5ceb9e7,term_8e3e47e5599ad5a5,derived,title/location heuristic or reviewed series mapping; see build script,1,2026-09-28,
entity_classifications_72c251b35660f9bd,event_editions,evt_6b5a0fd819a9d8cc,term_8e3e47e5599ad5a5,derived,title/location heuristic or reviewed series mapping; see build script,1,2026-09-28,
entity_classifications_05abab124dd5165c,event_editions,evt_bd2f8bc30e62ee46,term_8e3e47e5599ad5a5,derived,title/location heuristic or reviewed series mapping; see build script,1,2026-09-28,
entity_classifications_a94b8307a080e821,event_editions,evt_7fce75d3e2505c0f,term_8e3e47e5599ad5a5,derived,title/location heuristic or reviewed series mapping; see build script,1,2026-09-28,
entity_classifications_1f300a8202e7bf38,event_editions,evt_12d1207d9ccf9d16,term_8e3e47e5599ad5a5,derived,title/location heuristic or reviewed series mapping; see build script,1,2026-09-28,
entity_classifications_2a0a6921b8f57ce6,event_editions,evt_bf8ff50ec763bf9c,term_8e3e47e5599ad5a5,derived,title/location heuristic or reviewed series mapping; see build script,1,2026-09-28,
entity_classifications_136e44a008708649,event_editions,evt_49be89885ae4e946,term_8e3e47e5599ad5a5,derived,title/location heuristic or reviewed series mapping; see build script,1,2026-09-28,
entity_classifications_678e61984a10da62,event_editions,evt_b2a133883b294206,term_8e3e47e5599ad5a5,derived,title/location heuristic or reviewed series mapping; see build script,1,2026-09-28,
entity_classifications_795f13a954dc084c,event_editions,evt_faba8e7ade066007,term_8e3e47e5599ad5a5,derived,title/location heuristic or reviewed series mapping; see build script,1,2026-09-28,
entity_classifications_e1832ff15f7416c1,event_editions,evt_7c5fc9d164e418c7,term_8e3e47e5599ad5a5,derived,title/location heuristic or reviewed series mapping; see build script,1,2026-09-28,
entity_classifications_a7f7c25e0a41156a,event_editions,evt_ea7e32ec810738e3,term_8e3e47e5599ad5a5,derived,title/location heuristic or reviewed series mapping; see build script,1,2026-09-28,
entity_classifications_aaed39e3706d9f4f,event_editions,evt_1f682cf6c078c19d,term_8e3e47e5599ad5a5,derived,title/location heuristic or reviewed series mapping; see build script,1,2026-09-28,
entity_classifications_3ab7d30c55305c10,event_editions,evt_c3a69a7f1c1a8876,term_8e3e47e5599ad5a5,derived,title/location heuristic or reviewed series mapping; see build script,1,2026-09-28,
entity_classifications_6ea13ea3843bd884,event_editions,evt_04a098608ba31f5f,term_8e3e47e5599ad5a5,derived,title/location heuristic or reviewed series mapping; see build script,1,2026-09-28,
entity_classifications_1369876633b11d1e,event_editions,evt_955a04bc4b73ce70,term_8e3e47e5599ad5a5,derived,title/location heuristic or reviewed series mapping; see build script,1,2026-09-28,
entity_classifications_1d187f71a14493e0,event_editions,evt_3117238a8da03963,term_8e3e47e5599ad5a5,derived,title/location heuristic or reviewed series mapping; see build script,1,2026-09-28,
entity_classifications_0022ceb89bd0f06b,event_editions,evt_1f6bc4070fc627d1,term_8e3e47e5599ad5a5,derived,title/location heuristic or reviewed series mapping; see build script,1,2026-09-28,
entity_classifications_a9c36f96d569810f,event_editions,evt_25660576432278f4,term_8e3e47e5599ad5a5,derived,title/location heuristic or reviewed series mapping; see build script,1,2026-09-28,
entity_classifications_65c150b3d2fefbf8,event_editions,evt_a6a1f8ddac190dd0,term_8e3e47e5599ad5a5,derived,title/location heuristic or reviewed series mapping; see build script,1,2026-09-28,
entity_classifications_8994f2476e778b2f,event_editions,evt_7800a8e424a4acb3,term_8e3e47e5599ad5a5,derived,title/location heuristic or reviewed series mapping; see build script,1,2026-09-28,
entity_classifications_7ddd1f4c5c3572f2,event_editions,evt_eb570aa64e466d41,term_8e3e47e5599ad5a5,derived,title/location heuristic or reviewed series mapping; see build script,1,2026-09-28,
entity_classifications_e713dfae203f3a33,event_editions,evt_e7ede83cbe091d7c,term_8e3e47e5599ad5a5,derived,title/location heuristic or reviewed series mapping; see build script,1,2026-09-28,
entity_classifications_fe365ca51147efa9,event_editions,evt_e933ba98ab18197d,term_8e3e47e5599ad5a5,derived,title/location heuristic or reviewed series mapping; see build script,1,2026-09-28,
entity_classifications_0e7e0563858a845a,event_editions,evt_ef72a6da489bd37d,term_8e3e47e5599ad5a5,derived,title/location heuristic or reviewed series mapping; see build script,1,2026-09-28,
entity_classifications_1cdfffe0bde05a7b,event_editions,evt_85da920c7850c2f0,term_8e3e47e5599ad5a5,derived,title/location heuristic or reviewed series mapping; see build script,1,2026-09-28,
entity_classifications_459151394c7cd1b9,event_editions,evt_a46b496f9df575a4,term_8e3e47e5599ad5a5,derived,title/location heuristic or reviewed series mapping; see build script,1,2026-09-28,
entity_classifications_94b667dbfee1ed05,event_editions,evt_d48c941213dc9fa2,term_8e3e47e5599ad5a5,derived,title/location heuristic or reviewed series mapping; see build script,1,2026-09-28,
entity_classifications_f5aeb09592c4ee7d,event_editions,evt_cda7d83829486170,term_8e3e47e5599ad5a5,derived,title/location heuristic or reviewed series mapping; see build script,1,2026-09-28,
entity_classifications_fcc89955a5d40097,event_editions,evt_f96ac23099a4f124,term_8e3e47e5599ad5a5,derived,title/location heuristic or reviewed series mapping; see build script,1,2026-09-28,
entity_classifications_ce33c354ff9e4f5a,event_editions,evt_37e3aa5dc7eac5c4,term_8e3e47e5599ad5a5,derived,title/location heuristic or reviewed series mapping; see build script,1,2026-09-28,
entity_classifications_84e9d77a15e8964e,event_editions,evt_20041e6434ff620a,term_8e3e47e5599ad5a5,derived,title/location heuristic or reviewed series mapping; see build script,1,2026-09-28,
entity_classifications_f15fe732d329cb8f,event_editions,evt_80df8e059d12d884,term_8e3e47e5599ad5a5,derived,title/location heuristic or reviewed series mapping; see build script,1,2026-09-28,
entity_classifications_535313189a29f747,event_editions,evt_748ae3b5e8b3be91,term_8e3e47e5599ad5a5,derived,title/location heuristic or reviewed series mapping; see build script,1,2026-09-28,
entity_classifications_4b8396cbc2815973,event_editions,evt_99b9c94330dc4ace,term_8e3e47e5599ad5a5,derived,title/location heuristic or reviewed series mapping; see build script,1,2026-09-28,
entity_classifications_9996776e6e9474fd,event_editions,evt_2c0230f25ed23b86,term_8e3e47e5599ad5a5,derived,title/location heuristic or reviewed series mapping; see build script,1,2026-09-28,
entity_classifications_612e953502481b4f,event_editions,evt_f1298eabddae4ed7,term_8e3e47e5599ad5a5,derived,title/location heuristic or reviewed series mapping; see build script,1,2026-09-28,
entity_classifications_9bb9e7652b75ae34,event_editions,evt_fd269bc23e58b7dc,term_8e3e47e5599ad5a5,derived,title/location heuristic or reviewed series mapping; see build script,1,2026-09-28,
entity_classifications_5621dc6dc022a84e,event_editions,evt_4118d5fbf58b68dc,term_8e3e47e5599ad5a5,derived,title/location heuristic or reviewed series mapping; see build script,1,2026-09-28,
entity_classifications_be800b1e6fc4c554,event_editions,evt_12a902bb87d230f2,term_8e3e47e5599ad5a5,derived,title/location heuristic or reviewed series mapping; see build script,1,2026-09-28,
entity_classifications_5771faf38cbdf818,event_editions,evt_87623077ad9fa7d8,term_8e3e47e5599ad5a5,derived,title/location heuristic or reviewed series mapping; see build script,1,2026-09-28,
entity_classifications_62eb848a56deb242,event_editions,evt_4be02b15188b4ee2,term_8e3e47e5599ad5a5,derived,title/location heuristic or reviewed series mapping; see build script,1,2026-09-28,
entity_classifications_c5d12bc42efd6288,event_editions,evt_a68dd79c4805820b,term_8e3e47e5599ad5a5,derived,title/location heuristic or reviewed series mapping; see build script,1,2026-09-28,
entity_classifications_cfc17f994cb207bc,event_editions,evt_3336ea54c7f90163,term_8e3e47e5599ad5a5,derived,title/location heuristic or reviewed series mapping; see build script,1,2026-09-28,
entity_classifications_82be8cc809d31d71,event_editions,evt_ce8de8faa8c341d0,term_8e3e47e5599ad5a5,derived,title/location heuristic or reviewed series mapping; see build script,1,2026-09-28,
entity_classifications_3625ac58e9cfa08d,event_editions,evt_663f38dd91825f2b,term_8e3e47e5599ad5a5,derived,title/location heuristic or reviewed series mapping; see build script,1,2026-09-28,
entity_classifications_a3e84141f1ec6b6b,event_editions,evt_529fcac30aec113a,term_8e3e47e5599ad5a5,derived,title/location heuristic or reviewed series mapping; see build script,1,2026-09-28,
entity_classifications_6ddfe47e971433f1,event_editions,evt_43fbdd363158e8db,term_8e3e47e5599ad5a5,derived,title/location heuristic or reviewed series mapping; see build script,1,2026-09-28,
entity_classifications_d51ce7843f42ae96,event_editions,evt_841e456695f17379,term_8e3e47e5599ad5a5,derived,title/location heuristic or reviewed series mapping; see build script,1,2026-09-28,
entity_classifications_b76fb34d0b7416e2,event_editions,evt_e3ad5ac5f95b3432,term_8e3e47e5599ad5a5,derived,title/location heuristic or reviewed series mapping; see build script,1,2026-09-28,
entity_classifications_a8659745e63c3ffd,event_editions,evt_646859e2b49ef85e,term_8e3e47e5599ad5a5,derived,title/location heuristic or reviewed series mapping; see build script,1,2026-09-28,
entity_classifications_09861bbaf6f1e527,event_editions,evt_924660f3b5d39953,term_8e3e47e5599ad5a5,derived,title/location heuristic or reviewed series mapping; see build script,1,2026-09-28,
entity_classifications_110e29dc8318e917,event_editions,evt_50319f4e04d616c6,term_8e3e47e5599ad5a5,derived,title/location heuristic or reviewed series mapping; see build script,1,2026-09-28,
entity_classifications_1eacf5c4be30c5c0,event_editions,evt_b28eac60f7a8a40f,term_8e3e47e5599ad5a5,derived,title/location heuristic or reviewed series mapping; see build script,1,2026-09-28,
entity_classifications_731e51c80ccd977f,event_editions,evt_19c280ff8d311fbb,term_8e3e47e5599ad5a5,derived,title/location heuristic or reviewed series mapping; see build script,1,2026-09-28,
entity_classifications_0b2d72bde0763505,event_editions,evt_6eac2b253a58a769,term_8e3e47e5599ad5a5,derived,title/location heuristic or reviewed series mapping; see build script,1,2026-09-28,
entity_classifications_371dbd13baddec48,event_editions,evt_60511c523c6a2f8c,term_8e3e47e5599ad5a5,derived,title/location heuristic or reviewed series mapping; see build script,1,2026-09-28,
entity_classifications_aedcaf91ae31224e,event_editions,evt_d50594b6091aa66f,term_8e3e47e5599ad5a5,derived,title/location heuristic or reviewed series mapping; see build script,1,2026-09-28,
entity_classifications_e5c66319e186502f,event_editions,evt_bc80dfc064fdf559,term_8e3e47e5599ad5a5,derived,title/location heuristic or reviewed series mapping; see build script,1,2026-09-28,
entity_classifications_7f4b7b590a15a3c8,event_editions,evt_19c7dd800d40d260,term_8e3e47e5599ad5a5,derived,title/location heuristic or reviewed series mapping; see build script,1,2026-09-28,
entity_classifications_a8ce61bebb6158ff,event_editions,evt_d511c0187cbaba23,term_8e3e47e5599ad5a5,derived,title/location heuristic or reviewed series mapping; see build script,1,2026-09-28,
entity_classifications_8872223658ff3937,event_editions,evt_667f7888ca1f7073,term_8e3e47e5599ad5a5,derived,title/location heuristic or reviewed series mapping; see build script,1,2026-09-28,
entity_classifications_52366ebbaca9e396,event_editions,evt_621e49435d2ae929,term_8e3e47e5599ad5a5,derived,title/location heuristic or reviewed series mapping; see build script,1,2026-09-28,
entity_classifications_b12025398dbb1d17,event_editions,evt_147500cfa90914d9,term_8e3e47e5599ad5a5,derived,title/location heuristic or reviewed series mapping; see build script,1,2026-09-28,
entity_classifications_7e7fbfab49c72b11,event_editions,evt_1aa9382e62e8bffa,term_8e3e47e5599ad5a5,derived,title/location heuristic or reviewed series mapping; see build script,1,2026-09-28,
entity_classifications_6633044a7d7326c1,event_editions,evt_505375abbee75c84,term_8e3e47e5599ad5a5,derived,title/location heuristic or reviewed series mapping; see build script,1,2026-09-28,
entity_classifications_13b8ed17828edc25,event_editions,evt_9fec8a53a265ae19,term_8e3e47e5599ad5a5,derived,title/location heuristic or reviewed series mapping; see build script,1,2026-09-28,
entity_classifications_4193ce5bfb8baa69,event_editions,evt_0f6d1a6c3fae1cfc,term_8e3e47e5599ad5a5,derived,title/location heuristic or reviewed series mapping; see build script,1,2026-09-28,
entity_classifications_f76115c2c778612e,event_editions,evt_06f48dc3ff160fb5,term_8e3e47e5599ad5a5,derived,title/location heuristic or reviewed series mapping; see build script,1,2026-09-28,
entity_classifications_07d0b8c36246f026,event_editions,evt_0355b87b3a651cd0,term_8e3e47e5599ad5a5,derived,title/location heuristic or reviewed series mapping; see build script,1,2026-09-28,
entity_classifications_029d6de7aeffec86,event_editions,evt_9a81ea11eb0c3746,term_8e3e47e5599ad5a5,derived,title/location heuristic or reviewed series mapping; see build script,1,2026-09-28,
entity_classifications_2bfabc7550c95ca6,event_editions,evt_7be1afe31fdc7845,term_8e3e47e5599ad5a5,derived,title/location heuristic or reviewed series mapping; see build script,1,2026-09-28,
entity_classifications_6e27e835ed7d7b8f,event_editions,evt_e71a406f3b0fa531,term_8e3e47e5599ad5a5,derived,title/location heuristic or reviewed series mapping; see build script,1,2026-09-28,
entity_classifications_5db55eeaf3edf95a,event_editions,evt_9d0b4d2d2f8faafb,term_8e3e47e5599ad5a5,derived,title/location heuristic or reviewed series mapping; see build script,1,2026-09-28,
entity_classifications_2c2c792811d5f15e,event_editions,evt_f798e484992d5b1b,term_8e3e47e5599ad5a5,derived,title/location heuristic or reviewed series mapping; see build script,1,2026-09-28,
entity_classifications_060f32c7cff324c3,event_editions,evt_2d2d41528f907e46,term_8e3e47e5599ad5a5,derived,title/location heuristic or reviewed series mapping; see build script,1,2026-09-28,
entity_classifications_16501ca3eed1853d,event_editions,evt_574acdad21541ab7,term_8e3e47e5599ad5a5,derived,title/location heuristic or reviewed series mapping; see build script,1,2026-09-28,
entity_classifications_60a5441823033db0,event_editions,evt_51726b2b9748cc13,term_8e3e47e5599ad5a5,derived,title/location heuristic or reviewed series mapping; see build script,1,2026-09-28,
entity_classifications_f3ddddc4444a5fee,event_editions,evt_9438314c52d10a5f,term_8e3e47e5599ad5a5,derived,title/location heuristic or reviewed series mapping; see build script,1,2026-09-28,
entity_classifications_d61c7a55cc2f14bb,event_editions,evt_7d91fd45d4ad6656,term_8e3e47e5599ad5a5,derived,title/location heuristic or reviewed series mapping; see build script,1,2026-09-28,
entity_classifications_c9b3a67d870891a4,event_editions,evt_1b054a5be4857f9d,term_8e3e47e5599ad5a5,derived,title/location heuristic or reviewed series mapping; see build script,1,2026-09-28,
entity_classifications_164b0c4324b15bb9,event_editions,evt_64f78dcb201c1c85,term_8e3e47e5599ad5a5,derived,title/location heuristic or reviewed series mapping; see build script,1,2026-09-28,
entity_classifications_2c64c90b0f19505d,event_editions,evt_f961042553e2113a,term_8e3e47e5599ad5a5,derived,title/location heuristic or reviewed series mapping; see build script,1,2026-09-28,
entity_classifications_1dae32346c93159a,event_editions,evt_ae92aca8a9b313d1,term_8e3e47e5599ad5a5,derived,title/location heuristic or reviewed series mapping; see build script,1,2026-09-28,
entity_classifications_03fa4b8cf9bd6e6b,event_editions,evt_7aead375d92504bc,term_8e3e47e5599ad5a5,derived,title/location heuristic or reviewed series mapping; see build script,1,2026-09-28,
entity_classifications_1ed7093a7f6e8c00,event_editions,evt_9380dc33312e8f10,term_8e3e47e5599ad5a5,derived,title/location heuristic or reviewed series mapping; see build script,1,2026-09-28,
entity_classifications_efd29e4a3b83dc5a,event_editions,evt_bb0e6f1c48b8f02d,term_8e3e47e5599ad5a5,derived,title/location heuristic or reviewed series mapping; see build script,1,2026-09-28,
entity_classifications_679be9cad1c1d1ca,event_editions,evt_38c7a7ad6251ac77,term_8e3e47e5599ad5a5,derived,title/location heuristic or reviewed series mapping; see build script,1,2026-09-28,
entity_classifications_0b733f37510f3ae2,event_editions,evt_ac8a880342244e27,term_8e3e47e5599ad5a5,derived,title/location heuristic or reviewed series mapping; see build script,1,2026-09-28,
entity_classifications_d26d832b244f7250,event_editions,evt_926d0c5909a230f4,term_8e3e47e5599ad5a5,derived,title/location heuristic or reviewed series mapping; see build script,1,2026-09-28,
entity_classifications_b592faac40a9467d,event_editions,evt_7d9e15c22ceb5248,term_8e3e47e5599ad5a5,derived,title/location heuristic or reviewed series mapping; see build script,1,2026-09-28,
entity_classifications_4fabf74660570c3d,event_editions,evt_9da972220c78ac0f,term_8e3e47e5599ad5a5,derived,title/location heuristic or reviewed series mapping; see build script,1,2026-09-28,
entity_classifications_d75eb17899929878,event_editions,evt_40c98b9afafcca48,term_8e3e47e5599ad5a5,derived,title/location heuristic or reviewed series mapping; see build script,1,2026-09-28,
entity_classifications_cea327459bcdeed0,event_editions,evt_f5d9e95bbf6625b6,term_8e3e47e5599ad5a5,derived,title/location heuristic or reviewed series mapping; see build script,1,2026-09-28,
entity_classifications_6d2521ef4965e150,event_editions,evt_9ffc490f8edb96d9,term_8e3e47e5599ad5a5,derived,title/location heuristic or reviewed series mapping; see build script,1,2026-09-28,
entity_classifications_20ad8afce585f865,event_editions,evt_0ae41afc27179678,term_8e3e47e5599ad5a5,derived,title/location heuristic or reviewed series mapping; see build script,1,2026-09-28,
entity_classifications_b15ff58fcd88963a,event_editions,evt_c43d6fa25b911b1b,term_8e3e47e5599ad5a5,derived,title/location heuristic or reviewed series mapping; see build script,1,2026-09-28,
entity_classifications_201edafd0c9ac0f4,event_editions,evt_3a3a17d29cb47ddf,term_8e3e47e5599ad5a5,derived,title/location heuristic or reviewed series mapping; see build script,1,2026-09-28,
entity_classifications_5738deac5a6e05c4,event_editions,evt_132de8d7fad158fc,term_8e3e47e5599ad5a5,derived,title/location heuristic or reviewed series mapping; see build script,1,2026-09-28,
entity_classifications_fec7d216f19476fb,event_editions,evt_53b99dcbe87733d5,term_8e3e47e5599ad5a5,derived,title/location heuristic or reviewed series mapping; see build script,1,2026-09-28,
entity_classifications_dcce02536867e9d8,event_editions,evt_fed3b8927b216576,term_8e3e47e5599ad5a5,derived,title/location heuristic or reviewed series mapping; see build script,1,2026-09-28,
entity_classifications_8ecfc540c0fbda9f,event_editions,evt_2b75480b2a0b31db,term_8e3e47e5599ad5a5,derived,title/location heuristic or reviewed series mapping; see build script,1,2026-09-28,
entity_classifications_25fb3107e6c1ab95,event_editions,evt_36de83de5eb465b9,term_8e3e47e5599ad5a5,derived,title/location heuristic or reviewed series mapping; see build script,1,2026-09-28,
entity_classifications_67912c8018eda26e,event_editions,evt_ad1da6a67a441a62,term_8e3e47e5599ad5a5,derived,title/location heuristic or reviewed series mapping; see build script,1,2026-09-28,
entity_classifications_3e8915a21eceb625,event_editions,evt_feaceefad5419946,term_8e3e47e5599ad5a5,derived,title/location heuristic or reviewed series mapping; see build script,1,2026-09-28,
entity_classifications_5a7f12c5aa2e56c5,event_editions,evt_11c31c2a0de8a478,term_8e3e47e5599ad5a5,derived,title/location heuristic or reviewed series mapping; see build script,1,2026-09-28,
entity_classifications_07da64baaf29bad6,event_editions,evt_9229307f4a03bda8,term_8e3e47e5599ad5a5,derived,title/location heuristic or reviewed series mapping; see build script,1,2026-09-28,
entity_classifications_a5d36e511b5a38fd,event_editions,evt_a045460b33dc8c43,term_8e3e47e5599ad5a5,derived,title/location heuristic or reviewed series mapping; see build script,1,2026-09-28,
entity_classifications_26dc7e2908d0f531,event_editions,evt_f43d8f3824570907,term_8e3e47e5599ad5a5,derived,title/location heuristic or reviewed series mapping; see build script,1,2026-09-28,
entity_classifications_eacc7de980f88750,event_editions,evt_2f9c5f04ea0084b0,term_8e3e47e5599ad5a5,derived,title/location heuristic or reviewed series mapping; see build script,1,2026-09-28,
entity_classifications_77958a8a663a7afd,event_editions,evt_ae454a4e1b8f8bd8,term_8e3e47e5599ad5a5,derived,title/location heuristic or reviewed series mapping; see build script,1,2026-09-28,
entity_classifications_aa6c5b2355bd2a56,event_editions,evt_f3bb6642e1fcc7fb,term_8e3e47e5599ad5a5,derived,title/location heuristic or reviewed series mapping; see build script,1,2026-09-28,
entity_classifications_ed53b3d194cd6523,event_editions,evt_25950ba71af2a165,term_8e3e47e5599ad5a5,derived,title/location heuristic or reviewed series mapping; see build script,1,2026-09-28,
entity_classifications_2a91bddf0d1a9d15,event_editions,evt_b5e94cedf38673f2,term_8e3e47e5599ad5a5,derived,title/location heuristic or reviewed series mapping; see build script,1,2026-09-28,
entity_classifications_18b1d91234293118,event_editions,evt_05c439da1374b58f,term_8e3e47e5599ad5a5,derived,title/location heuristic or reviewed series mapping; see build script,1,2026-09-28,
entity_classifications_99bbf8051e5be5c4,event_editions,evt_1a93eb424a2526b6,term_8e3e47e5599ad5a5,derived,title/location heuristic or reviewed series mapping; see build script,1,2026-09-28,
entity_classifications_ee9aa1ecd759dd16,event_editions,evt_ea11e3447c07ca2f,term_8e3e47e5599ad5a5,derived,title/location heuristic or reviewed series mapping; see build script,1,2026-09-28,
entity_classifications_a4f12089acad076a,event_editions,evt_390332e6860314f0,term_8e3e47e5599ad5a5,derived,title/location heuristic or reviewed series mapping; see build script,1,2026-09-28,
entity_classifications_c98f986a3568f0bd,event_editions,evt_650ddc78bc019015,term_8e3e47e5599ad5a5,derived,title/location heuristic or reviewed series mapping; see build script,1,2026-09-28,
entity_classifications_4b182c25052683e2,event_editions,evt_21b818abee646339,term_8e3e47e5599ad5a5,derived,title/location heuristic or reviewed series mapping; see build script,1,2026-09-28,
entity_classifications_97973b9e2cbb0ecb,event_editions,evt_86d12d872bbcb647,term_8e3e47e5599ad5a5,derived,title/location heuristic or reviewed series mapping; see build script,1,2026-09-28,
entity_classifications_5f8f31a5c03133b8,event_editions,evt_ccac4dd1f0638450,term_8e3e47e5599ad5a5,derived,title/location heuristic or reviewed series mapping; see build script,1,2026-09-28,
entity_classifications_70eeff59836b0041,event_editions,evt_cf8c0af0c3218349,term_8e3e47e5599ad5a5,derived,title/location heuristic or reviewed series mapping; see build script,1,2026-09-28,
entity_classifications_69aa0ada3e93f651,event_editions,evt_7957b3b83ad5796d,term_8e3e47e5599ad5a5,derived,title/location heuristic or reviewed series mapping; see build script,1,2026-09-28,
entity_classifications_5ce555cb2b141491,event_editions,evt_1d0d19da82fa82a6,term_8e3e47e5599ad5a5,derived,title/location heuristic or reviewed series mapping; see build script,1,2026-09-28,
entity_classifications_046fdcb84a0e219a,event_editions,evt_4ab04e025f5b553b,term_8e3e47e5599ad5a5,derived,title/location heuristic or reviewed series mapping; see build script,1,2026-09-28,
entity_classifications_c6b6d9e6aedf9fda,event_editions,evt_b857cf744d2ba090,term_8e3e47e5599ad5a5,derived,title/location heuristic or reviewed series mapping; see build script,1,2026-09-28,
entity_classifications_5775dd11b80fab3d,event_editions,evt_e6aac56b643c6ca9,term_8e3e47e5599ad5a5,derived,title/location heuristic or reviewed series mapping; see build script,1,2026-09-28,
entity_classifications_29786eb626680b69,event_editions,evt_abfbbd2a291ab0fa,term_8e3e47e5599ad5a5,derived,title/location heuristic or reviewed series mapping; see build script,1,2026-09-28,
entity_classifications_2973f522659371a8,event_editions,evt_c8981e7f68a8796d,term_8e3e47e5599ad5a5,derived,title/location heuristic or reviewed series mapping; see build script,1,2026-09-28,
entity_classifications_ccb792a014abf4df,event_editions,evt_b85e54f37cedc3e1,term_8e3e47e5599ad5a5,derived,title/location heuristic or reviewed series mapping; see build script,1,2026-09-28,
entity_classifications_5a12e1b5985e45c0,event_editions,evt_06dae62d70342384,term_8e3e47e5599ad5a5,derived,title/location heuristic or reviewed series mapping; see build script,1,2026-09-28,
entity_classifications_38b4b5f8afc38246,event_editions,evt_97e632c8a9413bf1,term_8e3e47e5599ad5a5,derived,title/location heuristic or reviewed series mapping; see build script,1,2026-09-28,
entity_classifications_7713dc4ecc03a52c,event_editions,evt_5775e6ed4261750f,term_8e3e47e5599ad5a5,derived,title/location heuristic or reviewed series mapping; see build script,1,2026-09-28,
entity_classifications_f067ef47d80c5fc9,event_editions,evt_b0712561b57e07e4,term_8e3e47e5599ad5a5,derived,title/location heuristic or reviewed series mapping; see build script,1,2026-09-28,
entity_classifications_83b59c496583c5c3,event_editions,evt_769f69e41511e56f,term_8e3e47e5599ad5a5,derived,title/location heuristic or reviewed series mapping; see build script,1,2026-09-28,
entity_classifications_777bc19b015a6b2b,event_editions,evt_2e0c9735fc8ad60e,term_8e3e47e5599ad5a5,derived,title/location heuristic or reviewed series mapping; see build script,1,2026-09-28,
entity_classifications_d4b407f3e0758e55,event_editions,evt_3dbf2a3e7889e406,term_8e3e47e5599ad5a5,derived,title/location heuristic or reviewed series mapping; see build script,1,2026-09-28,
entity_classifications_680861116c275718,event_editions,evt_aa73b9726ea22224,term_8e3e47e5599ad5a5,derived,title/location heuristic or reviewed series mapping; see build script,1,2026-09-28,
entity_classifications_035579f74c33755f,event_editions,evt_08856aa1c4fc6c27,term_8e3e47e5599ad5a5,derived,title/location heuristic or reviewed series mapping; see build script,1,2026-09-28,
entity_classifications_0f49526a9af20843,event_editions,evt_1c6fd2dcaea1775d,term_8e3e47e5599ad5a5,derived,title/location heuristic or reviewed series mapping; see build script,1,2026-09-28,
entity_classifications_2bcaf634bd587a2e,event_editions,evt_f2e582d70f326322,term_8e3e47e5599ad5a5,derived,title/location heuristic or reviewed series mapping; see build script,1,2026-09-28,
entity_classifications_f31a9cc8ad753844,event_editions,evt_ed0e15d28ef07d67,term_8e3e47e5599ad5a5,derived,title/location heuristic or reviewed series mapping; see build script,1,2026-09-28,
entity_classifications_3daf8a64e35a24ce,event_editions,evt_2ac3662f74f40025,term_8e3e47e5599ad5a5,derived,title/location heuristic or reviewed series mapping; see build script,1,2026-09-28,
entity_classifications_65856510a241e084,event_editions,evt_68e94f5290e37ab2,term_8e3e47e5599ad5a5,derived,title/location heuristic or reviewed series mapping; see build script,1,2026-09-28,
entity_classifications_9e07508f645a1d3d,event_editions,evt_762332d0bf0a4dc1,term_8e3e47e5599ad5a5,derived,title/location heuristic or reviewed series mapping; see build script,1,2026-09-28,
entity_classifications_60e465440e6a7e84,event_editions,evt_5f21220a85f772c9,term_8e3e47e5599ad5a5,derived,title/location heuristic or reviewed series mapping; see build script,1,2026-09-28,
entity_classifications_3e113412edeb4570,event_editions,evt_073e7405cb71e41e,term_8e3e47e5599ad5a5,derived,title/location heuristic or reviewed series mapping; see build script,1,2026-09-28,
entity_classifications_1755f9aab993dfda,event_editions,evt_802b88216ceb7998,term_8e3e47e5599ad5a5,derived,title/location heuristic or reviewed series mapping; see build script,1,2026-09-28,
entity_classifications_83bcef74e8fc7380,event_editions,evt_9696594454178e99,term_8e3e47e5599ad5a5,derived,title/location heuristic or reviewed series mapping; see build script,1,2026-09-28,
entity_classifications_4b5a163b39fc07c1,event_editions,evt_eb790882642d724e,term_8e3e47e5599ad5a5,derived,title/location heuristic or reviewed series mapping; see build script,1,2026-09-28,
entity_classifications_ccf056d1b2831438,event_editions,evt_d35b78ba1b6c18bc,term_8e3e47e5599ad5a5,derived,title/location heuristic or reviewed series mapping; see build script,1,2026-09-28,
entity_classifications_617ebdeff9ec08d1,event_editions,evt_11b9d115e276d7af,term_8e3e47e5599ad5a5,derived,title/location heuristic or reviewed series mapping; see build script,1,2026-09-28,
entity_classifications_e086aa6c1a9ab218,event_editions,evt_51041de40c716b1a,term_8e3e47e5599ad5a5,derived,title/location heuristic or reviewed series mapping; see build script,1,2026-09-28,
entity_classifications_9ceaf84db6d0e8d1,event_editions,evt_52cf5abd6e5d474d,term_8e3e47e5599ad5a5,derived,title/location heuristic or reviewed series mapping; see build script,1,2026-09-28,
entity_classifications_693560a380605447,event_editions,evt_4ef0b5307ada4c97,term_8e3e47e5599ad5a5,derived,title/location heuristic or reviewed series mapping; see build script,1,2026-09-28,
entity_classifications_aacf9d406885e24d,event_editions,evt_d34d8ef52beec619,term_8e3e47e5599ad5a5,derived,title/location heuristic or reviewed series mapping; see build script,1,2026-09-28,
entity_classifications_427e7976881997f6,event_editions,evt_50e39101f9db69d3,term_8e3e47e5599ad5a5,derived,title/location heuristic or reviewed series mapping; see build script,1,2026-09-28,
entity_classifications_c6b036167b70b921,event_editions,evt_f01a36cbe6669134,term_8e3e47e5599ad5a5,derived,title/location heuristic or reviewed series mapping; see build script,1,2026-09-28,
entity_classifications_d4506c39d59350c9,event_editions,evt_870f72c760655adf,term_8e3e47e5599ad5a5,derived,title/location heuristic or reviewed series mapping; see build script,1,2026-09-28,
entity_classifications_00d207929f361805,event_editions,evt_f2c0a2771e832053,term_8e3e47e5599ad5a5,derived,title/location heuristic or reviewed series mapping; see build script,1,2026-09-28,
entity_classifications_b0713b6e38d0aeb5,event_editions,evt_e198763594e39dee,term_8e3e47e5599ad5a5,derived,title/location heuristic or reviewed series mapping; see build script,1,2026-09-28,
entity_classifications_c026ab0702c6a06d,event_editions,evt_2bf9505324bf85eb,term_8e3e47e5599ad5a5,derived,title/location heuristic or reviewed series mapping; see build script,1,2026-09-28,
entity_classifications_831419484d23fb7c,event_editions,evt_9c937beaf7fe929c,term_8e3e47e5599ad5a5,derived,title/location heuristic or reviewed series mapping; see build script,1,2026-09-28,
entity_classifications_5e9bd943ddfc1c9b,event_editions,evt_e497ba372846533a,term_8e3e47e5599ad5a5,derived,title/location heuristic or reviewed series mapping; see build script,1,2026-09-28,
entity_classifications_98ded79cd2ffd6ed,event_editions,evt_a4aeed716714356c,term_8e3e47e5599ad5a5,derived,title/location heuristic or reviewed series mapping; see build script,1,2026-09-28,
entity_classifications_3c2ae0e1b2f64796,event_editions,evt_0e1f6384833eac78,term_8e3e47e5599ad5a5,derived,title/location heuristic or reviewed series mapping; see build script,1,2026-09-28,
entity_classifications_658bc83c2e63686c,event_editions,evt_ad25736f103b5528,term_8e3e47e5599ad5a5,derived,title/location heuristic or reviewed series mapping; see build script,1,2026-09-28,
entity_classifications_7a62c21c7b64f15d,event_editions,evt_ad4f2b5f7192f4f6,term_8e3e47e5599ad5a5,derived,title/location heuristic or reviewed series mapping; see build script,1,2026-09-28,
entity_classifications_8ee2e21ba6521e84,event_editions,evt_971007d731dd82ab,term_8e3e47e5599ad5a5,derived,title/location heuristic or reviewed series mapping; see build script,1,2026-09-28,
entity_classifications_6387590f37dc79e1,event_editions,evt_67c8f78c473d42fa,term_8e3e47e5599ad5a5,derived,title/location heuristic or reviewed series mapping; see build script,1,2026-09-28,
entity_classifications_b5b7455d4d4a709e,event_editions,evt_9c3722d964fa5dbf,term_8e3e47e5599ad5a5,derived,title/location heuristic or reviewed series mapping; see build script,1,2026-09-28,
entity_classifications_b00b99d57ed03cd6,event_editions,evt_c2f6a45a70543fb6,term_8e3e47e5599ad5a5,derived,title/location heuristic or reviewed series mapping; see build script,1,2026-09-28,
entity_classifications_3bdebe44ee15dfc2,event_editions,evt_0fad3f94458fbf6b,term_8e3e47e5599ad5a5,derived,title/location heuristic or reviewed series mapping; see build script,1,2026-09-28,
entity_classifications_7f542a7bfbc69b7d,event_editions,evt_86c79aed44afdbd9,term_8e3e47e5599ad5a5,derived,title/location heuristic or reviewed series mapping; see build script,1,2026-09-28,
entity_classifications_ec3a563b57bc65aa,event_editions,evt_f096526169daaaea,term_8e3e47e5599ad5a5,derived,title/location heuristic or reviewed series mapping; see build script,1,2026-09-28,
entity_classifications_151c80dd6abbc9fb,event_editions,evt_d78bc39626b13783,term_8e3e47e5599ad5a5,derived,title/location heuristic or reviewed series mapping; see build script,1,2026-09-28,
entity_classifications_d16505eac134b94c,event_editions,evt_99acac13cfa3f79d,term_8e3e47e5599ad5a5,derived,title/location heuristic or reviewed series mapping; see build script,1,2026-09-28,
entity_classifications_7154e3f75ac3ed18,event_editions,evt_4e6c0637cd679314,term_8e3e47e5599ad5a5,derived,title/location heuristic or reviewed series mapping; see build script,1,2026-09-28,
entity_classifications_0487ee6a99e1219b,event_editions,evt_3e692238d6903478,term_8e3e47e5599ad5a5,derived,title/location heuristic or reviewed series mapping; see build script,1,2026-09-28,
entity_classifications_7cb92b524b42bde2,event_editions,evt_90eb3081c2d937d3,term_8e3e47e5599ad5a5,derived,title/location heuristic or reviewed series mapping; see build script,1,2026-09-28,
entity_classifications_4321a44ba1c57420,event_editions,evt_44f60cd191aa5a7e,term_8e3e47e5599ad5a5,derived,title/location heuristic or reviewed series mapping; see build script,1,2026-09-28,
entity_classifications_6b38e9c6a5d81111,event_editions,evt_f2e7818ee24be66a,term_8e3e47e5599ad5a5,derived,title/location heuristic or reviewed series mapping; see build script,1,2026-09-28,
entity_classifications_cfca68f1912b8df0,event_editions,evt_4dfa882fd35b0af1,term_8e3e47e5599ad5a5,derived,title/location heuristic or reviewed series mapping; see build script,1,2026-09-28,
entity_classifications_0a18cb9005245412,event_editions,evt_dd36adad3729b7b4,term_8e3e47e5599ad5a5,derived,title/location heuristic or reviewed series mapping; see build script,1,2026-09-28,
entity_classifications_42985f1b95fdd1e2,event_editions,evt_4c6259b01f469950,term_8e3e47e5599ad5a5,derived,title/location heuristic or reviewed series mapping; see build script,1,2026-09-28,
entity_classifications_be30cee91e2505ff,event_editions,evt_b8d7930d73c2506f,term_8e3e47e5599ad5a5,derived,title/location heuristic or reviewed series mapping; see build script,1,2026-09-28,
entity_classifications_beb6682469f7695c,event_editions,evt_53b07d74b943bfcd,term_8e3e47e5599ad5a5,derived,title/location heuristic or reviewed series mapping; see build script,1,2026-09-28,
entity_classifications_dc7b77d171584958,event_editions,evt_2fa5b72d6d1f3c6c,term_8e3e47e5599ad5a5,derived,title/location heuristic or reviewed series mapping; see build script,1,2026-09-28,
entity_classifications_67c20c571d352c23,event_editions,evt_edd2360b201a78fe,term_8e3e47e5599ad5a5,derived,title/location heuristic or reviewed series mapping; see build script,1,2026-09-28,
entity_classifications_a52055cdd5517dc8,event_editions,evt_8557c23d2cc16405,term_8e3e47e5599ad5a5,derived,title/location heuristic or reviewed series mapping; see build script,1,2026-09-28,
entity_classifications_6b1cf19ed0678ac8,event_editions,evt_61070dcbb7aabb48,term_8e3e47e5599ad5a5,derived,title/location heuristic or reviewed series mapping; see build script,1,2026-09-28,
entity_classifications_9138c041eab9d154,event_editions,evt_a329971d8df8f372,term_8e3e47e5599ad5a5,derived,title/location heuristic or reviewed series mapping; see build script,1,2026-09-28,
entity_classifications_ee7e6beb225ac7e6,event_editions,evt_8c3960a9c3b5dfee,term_8e3e47e5599ad5a5,derived,title/location heuristic or reviewed series mapping; see build script,1,2026-09-28,
entity_classifications_c288c0a52c8f4399,event_editions,evt_d806eb7f327b9a36,term_8e3e47e5599ad5a5,derived,title/location heuristic or reviewed series mapping; see build script,1,2026-09-28,
entity_classifications_5ad4b87c8f811fd7,event_editions,evt_ae0c3044450d5cbe,term_8e3e47e5599ad5a5,derived,title/location heuristic or reviewed series mapping; see build script,1,2026-09-28,
entity_classifications_755208c3c6ee7d8b,event_editions,evt_5680373b40dfde88,term_8e3e47e5599ad5a5,derived,title/location heuristic or reviewed series mapping; see build script,1,2026-09-28,
entity_classifications_104c226e9002bb9d,event_editions,evt_471cc8abcc5c8600,term_8e3e47e5599ad5a5,derived,title/location heuristic or reviewed series mapping; see build script,1,2026-09-28,
entity_classifications_a1b370a3b3483ac7,event_editions,evt_4acc5f2f080c60c2,term_8e3e47e5599ad5a5,derived,title/location heuristic or reviewed series mapping; see build script,1,2026-09-28,
entity_classifications_805a40074c94b723,event_editions,evt_29cc8dea6e758db0,term_8e3e47e5599ad5a5,derived,title/location heuristic or reviewed series mapping; see build script,1,2026-09-28,
entity_classifications_24bce7d99142c0f5,event_editions,evt_46e4ceada76792cb,term_8e3e47e5599ad5a5,derived,title/location heuristic or reviewed series mapping; see build script,1,2026-09-28,
entity_classifications_1b1d075eb4ff1f92,event_editions,evt_16703effc2966760,term_8e3e47e5599ad5a5,derived,title/location heuristic or reviewed series mapping; see build script,1,2026-09-28,
entity_classifications_f0a66b2880ca8814,event_editions,evt_25111667fe793aef,term_8e3e47e5599ad5a5,derived,title/location heuristic or reviewed series mapping; see build script,1,2026-09-28,
entity_classifications_cd1b46ee2cf559e0,event_editions,evt_9db8ca2b7bbcf002,term_8e3e47e5599ad5a5,derived,title/location heuristic or reviewed series mapping; see build script,1,2026-09-28,
entity_classifications_3e4d3e5c6b8d94ba,event_editions,evt_e61cb342937003e8,term_8e3e47e5599ad5a5,derived,title/location heuristic or reviewed series mapping; see build script,1,2026-09-28,
entity_classifications_9445a0c0443e66a5,event_editions,evt_114520af2074ae97,term_8e3e47e5599ad5a5,derived,title/location heuristic or reviewed series mapping; see build script,1,2026-09-28,
entity_classifications_5a0ab8ae0b220d8d,event_editions,evt_e7d9e9f4f601a4c2,term_8e3e47e5599ad5a5,derived,title/location heuristic or reviewed series mapping; see build script,1,2026-09-28,
entity_classifications_0e179744e0ebb148,event_editions,evt_fb233c8aaad78e97,term_8e3e47e5599ad5a5,derived,title/location heuristic or reviewed series mapping; see build script,1,2026-09-28,
entity_classifications_dc64c73323a8991a,event_editions,evt_116e2a9fd9ecb6c4,term_8e3e47e5599ad5a5,derived,title/location heuristic or reviewed series mapping; see build script,1,2026-09-28,
entity_classifications_7b77ce0c63487c4a,event_editions,evt_e45f72feda5af522,term_8e3e47e5599ad5a5,derived,title/location heuristic or reviewed series mapping; see build script,1,2026-09-28,
entity_classifications_336f98cfb5fbb81c,event_editions,evt_3e054b00e3fa046b,term_8e3e47e5599ad5a5,derived,title/location heuristic or reviewed series mapping; see build script,1,2026-09-28,
entity_classifications_073c8a820a8b7f33,event_editions,evt_7f5d129c1c94e4c3,term_8e3e47e5599ad5a5,derived,title/location heuristic or reviewed series mapping; see build script,1,2026-09-28,
entity_classifications_9c5cc01d77304bce,event_editions,evt_9b60cbcf47c3ab13,term_8e3e47e5599ad5a5,derived,title/location heuristic or reviewed series mapping; see build script,1,2026-09-28,
entity_classifications_6874bd7eadcf5fe2,event_editions,evt_6d3d62bb4183fbea,term_8e3e47e5599ad5a5,derived,title/location heuristic or reviewed series mapping; see build script,1,2026-09-28,
entity_classifications_5696db729584d52f,event_editions,evt_2232773f76942f6b,term_8e3e47e5599ad5a5,derived,title/location heuristic or reviewed series mapping; see build script,1,2026-09-28,
entity_classifications_0855b44fb3695ffd,event_editions,evt_6c6b2bd7294cb9dd,term_8e3e47e5599ad5a5,derived,title/location heuristic or reviewed series mapping; see build script,1,2026-09-28,
entity_classifications_fe3b8271c70ff3d4,event_editions,evt_5b3c51f4014ebc73,term_8e3e47e5599ad5a5,derived,title/location heuristic or reviewed series mapping; see build script,1,2026-09-28,
entity_classifications_446599dc93a51a05,event_editions,evt_eb5c38a8ebf8e3ba,term_8e3e47e5599ad5a5,derived,title/location heuristic or reviewed series mapping; see build script,1,2026-09-28,
entity_classifications_1e2c62b649b6f32b,event_editions,evt_aa1fb7276639f410,term_8e3e47e5599ad5a5,derived,title/location heuristic or reviewed series mapping; see build script,1,2026-09-28,
entity_classifications_d04515589efdb69f,event_editions,evt_a106cd5418baf41d,term_8e3e47e5599ad5a5,derived,title/location heuristic or reviewed series mapping; see build script,1,2026-09-28,
entity_classifications_662791f3d90ddb3b,event_editions,evt_f7f941f37fc9424b,term_8e3e47e5599ad5a5,derived,title/location heuristic or reviewed series mapping; see build script,1,2026-09-28,
entity_classifications_c44ebe5d8937bca2,event_editions,evt_20ccee0b7a792a00,term_8e3e47e5599ad5a5,derived,title/location heuristic or reviewed series mapping; see build script,1,2026-09-28,
entity_classifications_a6d52eeec7b9e188,event_editions,evt_128d383a03229bc7,term_8e3e47e5599ad5a5,derived,title/location heuristic or reviewed series mapping; see build script,1,2026-09-28,
entity_classifications_9ed52ae536ae1da9,event_editions,evt_39a8c023fcba83e3,term_8e3e47e5599ad5a5,derived,title/location heuristic or reviewed series mapping; see build script,1,2026-09-28,
entity_classifications_70df06ff643da7b8,event_editions,evt_42890e435fc945e1,term_8e3e47e5599ad5a5,derived,title/location heuristic or reviewed series mapping; see build script,1,2026-09-28,
entity_classifications_33d608f37b68cf05,event_editions,evt_45b6b479966bf940,term_8e3e47e5599ad5a5,derived,title/location heuristic or reviewed series mapping; see build script,1,2026-09-28,
entity_classifications_3703d8dfcad79070,event_editions,evt_936ce99df98b9f03,term_8e3e47e5599ad5a5,derived,title/location heuristic or reviewed series mapping; see build script,1,2026-09-28,
entity_classifications_730458203ebcb6b5,event_editions,evt_73fe6fdee9931c16,term_8e3e47e5599ad5a5,derived,title/location heuristic or reviewed series mapping; see build script,1,2026-09-28,
entity_classifications_981febdc9fb7a899,event_editions,evt_b789e173e9102f0f,term_8e3e47e5599ad5a5,derived,title/location heuristic or reviewed series mapping; see build script,1,2026-09-28,
entity_classifications_33b7f46d7926d443,event_editions,evt_21f3a04fe8028730,term_8e3e47e5599ad5a5,derived,title/location heuristic or reviewed series mapping; see build script,1,2026-09-28,
entity_classifications_d99663042482abad,event_editions,evt_86857c9facd08afb,term_8e3e47e5599ad5a5,derived,title/location heuristic or reviewed series mapping; see build script,1,2026-09-28,
entity_classifications_3a7e5b6e4b746d9b,event_editions,evt_dbf730a614dd92b9,term_8e3e47e5599ad5a5,derived,title/location heuristic or reviewed series mapping; see build script,1,2026-09-28,
entity_classifications_4458cbcfe0506971,event_editions,evt_ce6bd55ee3cb5a28,term_8e3e47e5599ad5a5,derived,title/location heuristic or reviewed series mapping; see build script,1,2026-09-28,
entity_classifications_f65f0d5f14a0f8fc,event_editions,evt_1d05bca07ece853a,term_8e3e47e5599ad5a5,derived,title/location heuristic or reviewed series mapping; see build script,1,2026-09-28,
entity_classifications_0f7b2637131f3085,event_editions,evt_b6ad3ef4f95107dc,term_8e3e47e5599ad5a5,derived,title/location heuristic or reviewed series mapping; see build script,1,2026-09-28,
entity_classifications_5a3c301f1895b316,event_editions,evt_c55564c471ba485b,term_8e3e47e5599ad5a5,derived,title/location heuristic or reviewed series mapping; see build script,1,2026-09-28,
entity_classifications_003b8544c87b780a,event_editions,evt_ede74b38208c1c15,term_8e3e47e5599ad5a5,derived,title/location heuristic or reviewed series mapping; see build script,1,2026-09-28,
entity_classifications_c4a58b4b0b0b3619,event_editions,evt_e870860652ad0659,term_8e3e47e5599ad5a5,derived,title/location heuristic or reviewed series mapping; see build script,1,2026-09-28,
entity_classifications_51011af1623d70fc,event_editions,evt_a0ed01477347f0b3,term_8e3e47e5599ad5a5,derived,title/location heuristic or reviewed series mapping; see build script,1,2026-09-28,
entity_classifications_4601382060c60949,event_editions,evt_fa0deb12b9bcb563,term_8e3e47e5599ad5a5,derived,title/location heuristic or reviewed series mapping; see build script,1,2026-09-28,
entity_classifications_43f2c87e34405ccf,event_editions,evt_a1dd3167c969522d,term_8e3e47e5599ad5a5,derived,title/location heuristic or reviewed series mapping; see build script,1,2026-09-28,
entity_classifications_48a6a199a841902a,event_editions,evt_08bcafba0cec3b30,term_8e3e47e5599ad5a5,derived,title/location heuristic or reviewed series mapping; see build script,1,2026-09-28,
entity_classifications_ec0374842f6a8056,event_editions,evt_d4391ed425f38787,term_8e3e47e5599ad5a5,derived,title/location heuristic or reviewed series mapping; see build script,1,2026-09-28,
entity_classifications_73fe055b16d7799f,event_editions,evt_674e0f2899f0785f,term_8e3e47e5599ad5a5,derived,title/location heuristic or reviewed series mapping; see build script,1,2026-09-28,
entity_classifications_ae0594daf4f7a076,event_editions,evt_7998c14a9b151525,term_8e3e47e5599ad5a5,derived,title/location heuristic or reviewed series mapping; see build script,1,2026-09-28,
entity_classifications_eea537b4ac11d47f,event_editions,evt_170e4b8fe0a35df5,term_8e3e47e5599ad5a5,derived,title/location heuristic or reviewed series mapping; see build script,1,2026-09-28,
entity_classifications_bf769310f1da0cf3,event_editions,evt_5bb6b4c24823702f,term_8e3e47e5599ad5a5,derived,title/location heuristic or reviewed series mapping; see build script,1,2026-09-28,
entity_classifications_84b67d9db77ae6ac,event_editions,evt_250e9cbd9003182d,term_8e3e47e5599ad5a5,derived,title/location heuristic or reviewed series mapping; see build script,1,2026-09-28,
entity_classifications_3b05c162c1308579,event_editions,evt_14b6677bf81e7c36,term_8e3e47e5599ad5a5,derived,title/location heuristic or reviewed series mapping; see build script,1,2026-09-28,
entity_classifications_8a84778dfbaa9cce,event_editions,evt_b851210d9a74379e,term_8e3e47e5599ad5a5,derived,title/location heuristic or reviewed series mapping; see build script,1,2026-09-28,
entity_classifications_27a222a7eeaff91a,event_editions,evt_237861083c443362,term_8e3e47e5599ad5a5,derived,title/location heuristic or reviewed series mapping; see build script,1,2026-09-28,
entity_classifications_78a6a1fbdcdf15a6,event_editions,evt_ef3c4e690f28e459,term_8e3e47e5599ad5a5,derived,title/location heuristic or reviewed series mapping; see build script,1,2026-09-28,
entity_classifications_7417248dc6daaa0d,event_editions,evt_ee7acf29da624ebc,term_8e3e47e5599ad5a5,derived,title/location heuristic or reviewed series mapping; see build script,1,2026-09-28,
entity_classifications_ed2924d23ce7285d,event_editions,evt_0ceea2c2fffe64a4,term_8e3e47e5599ad5a5,derived,title/location heuristic or reviewed series mapping; see build script,1,2026-09-28,
entity_classifications_da1c15c79a74f9cf,event_editions,evt_844ac8fd0a22bbb6,term_8e3e47e5599ad5a5,derived,title/location heuristic or reviewed series mapping; see build script,1,2026-09-28,
entity_classifications_2101da903181e163,event_editions,evt_a1e626ca691ddef7,term_8e3e47e5599ad5a5,derived,title/location heuristic or reviewed series mapping; see build script,1,2026-09-28,
entity_classifications_78337971af223fb3,event_editions,evt_8f5c1797d6c6249c,term_8e3e47e5599ad5a5,derived,title/location heuristic or reviewed series mapping; see build script,1,2026-09-28,
entity_classifications_f73ea4ad4e2617cf,event_editions,evt_445347a494f931ef,term_8e3e47e5599ad5a5,derived,title/location heuristic or reviewed series mapping; see build script,1,2026-09-28,
entity_classifications_87048f9c016e8291,event_editions,evt_3236511c5fbdb9e3,term_8e3e47e5599ad5a5,derived,title/location heuristic or reviewed series mapping; see build script,1,2026-09-28,
entity_classifications_be7e5563b57e680c,event_editions,evt_ce15cf16caf5d3bd,term_8e3e47e5599ad5a5,derived,title/location heuristic or reviewed series mapping; see build script,1,2026-09-28,
entity_classifications_93d08d6c8575a9a2,event_editions,evt_01e4061c934330c2,term_8e3e47e5599ad5a5,derived,title/location heuristic or reviewed series mapping; see build script,1,2026-09-28,
entity_classifications_e63c9c22dc85c213,event_editions,evt_5dd8194bb7f06cc7,term_8e3e47e5599ad5a5,derived,title/location heuristic or reviewed series mapping; see build script,1,2026-09-28,
entity_classifications_cabaca0f2f5aa4d5,event_editions,evt_00864d830f68b89e,term_8e3e47e5599ad5a5,derived,title/location heuristic or reviewed series mapping; see build script,1,2026-09-28,
entity_classifications_b69f23c310f4d023,event_editions,evt_91114750f94b10a7,term_8e3e47e5599ad5a5,derived,title/location heuristic or reviewed series mapping; see build script,1,2026-09-28,
entity_classifications_dc4d5a8e9ff223a7,event_editions,evt_be221b6a281285cf,term_8e3e47e5599ad5a5,derived,title/location heuristic or reviewed series mapping; see build script,1,2026-09-28,
entity_classifications_4467f9f67aaf8d7f,event_editions,evt_658920bbec4ba64d,term_8e3e47e5599ad5a5,derived,title/location heuristic or reviewed series mapping; see build script,1,2026-09-28,
entity_classifications_0d2f2b588c2951ef,event_editions,evt_9dd56e0eb7028081,term_8e3e47e5599ad5a5,derived,title/location heuristic or reviewed series mapping; see build script,1,2026-09-28,
entity_classifications_859b2f788b44dee7,event_editions,evt_d8df7f1b0ef08363,term_8e3e47e5599ad5a5,derived,title/location heuristic or reviewed series mapping; see build script,1,2026-09-28,
entity_classifications_18d60c968c61a869,event_editions,evt_deece9ae0dde839b,term_8e3e47e5599ad5a5,derived,title/location heuristic or reviewed series mapping; see build script,1,2026-09-28,
entity_classifications_ec03a40db7f48b5c,event_editions,evt_b37423098d2de0d0,term_8e3e47e5599ad5a5,derived,title/location heuristic or reviewed series mapping; see build script,1,2026-09-28,
entity_classifications_f088ece7df5be76d,event_editions,evt_7857b6e5b61e8113,term_8e3e47e5599ad5a5,derived,title/location heuristic or reviewed series mapping; see build script,1,2026-09-28,
entity_classifications_9d4cece5f7e4f965,event_editions,evt_41f0bbf19e40cb92,term_8e3e47e5599ad5a5,derived,title/location heuristic or reviewed series mapping; see build script,1,2026-09-28,
entity_classifications_6ead2520089c285f,event_editions,evt_37e193b096bf6988,term_8e3e47e5599ad5a5,derived,title/location heuristic or reviewed series mapping; see build script,1,2026-09-28,
entity_classifications_75aff67752a92d23,event_editions,evt_48d9533c09b78d56,term_8e3e47e5599ad5a5,derived,title/location heuristic or reviewed series mapping; see build script,1,2026-09-28,
entity_classifications_1781a15f408d2e0d,event_editions,evt_a115bf26738ad42d,term_8e3e47e5599ad5a5,derived,title/location heuristic or reviewed series mapping; see build script,1,2026-09-28,
entity_classifications_2e8e2f25bff975ab,event_editions,evt_4b39c8f5211cfee6,term_8e3e47e5599ad5a5,derived,title/location heuristic or reviewed series mapping; see build script,1,2026-09-28,
entity_classifications_94fb8d42d7f2e13f,event_editions,evt_f069c27325b6e65f,term_8e3e47e5599ad5a5,derived,title/location heuristic or reviewed series mapping; see build script,1,2026-09-28,
entity_classifications_9d4b272b975adb43,event_editions,evt_92297a4781aaf106,term_8e3e47e5599ad5a5,derived,title/location heuristic or reviewed series mapping; see build script,1,2026-09-28,
entity_classifications_514eb5da0e5ace86,event_editions,evt_49e4e89e5e899550,term_8e3e47e5599ad5a5,derived,title/location heuristic or reviewed series mapping; see build script,1,2026-09-28,
entity_classifications_6a68698942ce518d,event_editions,evt_3f34c2034941660a,term_8e3e47e5599ad5a5,derived,title/location heuristic or reviewed series mapping; see build script,1,2026-09-28,
entity_classifications_6c299139269761cc,event_editions,evt_8bddd768c74e9754,term_8e3e47e5599ad5a5,derived,title/location heuristic or reviewed series mapping; see build script,1,2026-09-28,
entity_classifications_6b8d42e5036c6e02,event_editions,evt_37fa3737c02797d8,term_8e3e47e5599ad5a5,derived,title/location heuristic or reviewed series mapping; see build script,1,2026-09-28,
entity_classifications_9b07c41398a72d95,event_editions,evt_7b8e0c5535e41c76,term_8e3e47e5599ad5a5,derived,title/location heuristic or reviewed series mapping; see build script,1,2026-09-28,
entity_classifications_237134c298943077,event_editions,evt_c67a0800fc2cf273,term_8e3e47e5599ad5a5,derived,title/location heuristic or reviewed series mapping; see build script,1,2026-09-28,
entity_classifications_a0bcc3b5ad41171d,event_editions,evt_da11409b3457546b,term_8e3e47e5599ad5a5,derived,title/location heuristic or reviewed series mapping; see build script,1,2026-09-28,
entity_classifications_1930f4f695722338,event_editions,evt_af294747b83323a8,term_8e3e47e5599ad5a5,derived,title/location heuristic or reviewed series mapping; see build script,1,2026-09-28,
entity_classifications_9fb45966145859d7,event_editions,evt_7aad3c54d1952d65,term_8e3e47e5599ad5a5,derived,title/location heuristic or reviewed series mapping; see build script,1,2026-09-28,
entity_classifications_35f501035d107973,event_editions,evt_66cd1d9936a0e2d1,term_8e3e47e5599ad5a5,derived,title/location heuristic or reviewed series mapping; see build script,1,2026-09-28,
entity_classifications_4051088ba1c845ac,event_editions,evt_a66563042f9f42be,term_8e3e47e5599ad5a5,derived,title/location heuristic or reviewed series mapping; see build script,1,2026-09-28,
entity_classifications_c710c9f9a42f8e79,event_editions,evt_c9312b5b50e18e65,term_8e3e47e5599ad5a5,derived,title/location heuristic or reviewed series mapping; see build script,1,2026-09-28,
entity_classifications_0d3fa3c776628656,event_editions,evt_79b48c3019b9cdde,term_8e3e47e5599ad5a5,derived,title/location heuristic or reviewed series mapping; see build script,1,2026-09-28,
entity_classifications_6f668e50f47d1fdc,event_editions,evt_ccdae9cb789ace9e,term_8e3e47e5599ad5a5,derived,title/location heuristic or reviewed series mapping; see build script,1,2026-09-28,
entity_classifications_7ad22f0c9abe9e6a,event_editions,evt_ced74d619da32b81,term_8e3e47e5599ad5a5,derived,title/location heuristic or reviewed series mapping; see build script,1,2026-09-28,
entity_classifications_6d5e904f01500af1,event_editions,evt_b3e8d71af5ec4f2c,term_8e3e47e5599ad5a5,derived,title/location heuristic or reviewed series mapping; see build script,1,2026-09-28,
entity_classifications_9abab078306a4452,event_editions,evt_a5decb723fa4730b,term_8e3e47e5599ad5a5,derived,title/location heuristic or reviewed series mapping; see build script,1,2026-09-28,
entity_classifications_d5d287f3aa59873c,event_editions,evt_ed09337171ba36bf,term_8e3e47e5599ad5a5,derived,title/location heuristic or reviewed series mapping; see build script,1,2026-09-28,
entity_classifications_9684396470a8ead2,event_editions,evt_efe17b6e56fd5572,term_8e3e47e5599ad5a5,derived,title/location heuristic or reviewed series mapping; see build script,1,2026-09-28,
entity_classifications_86b6c15d75ec62da,event_editions,evt_5c167a612ca8d75a,term_8e3e47e5599ad5a5,derived,title/location heuristic or reviewed series mapping; see build script,1,2026-09-28,
entity_classifications_9472bdf49eeff81d,event_editions,evt_139bb8e3fe07cc24,term_8e3e47e5599ad5a5,derived,title/location heuristic or reviewed series mapping; see build script,1,2026-09-28,
entity_classifications_df4e64b9a7aa99db,event_editions,evt_dd777393fb267ac4,term_8e3e47e5599ad5a5,derived,title/location heuristic or reviewed series mapping; see build script,1,2026-09-28,
entity_classifications_d43f3c97b6e909ca,event_editions,evt_26d3fde3019d27f9,term_8e3e47e5599ad5a5,derived,title/location heuristic or reviewed series mapping; see build script,1,2026-09-28,
entity_classifications_1f6367a3291da675,event_editions,evt_6104738bf7f342d5,term_8e3e47e5599ad5a5,derived,title/location heuristic or reviewed series mapping; see build script,1,2026-09-28,
entity_classifications_639cb23e5c0d15c7,event_editions,evt_8f7a8a103ca6e3b3,term_8e3e47e5599ad5a5,derived,title/location heuristic or reviewed series mapping; see build script,1,2026-09-28,
entity_classifications_22c760a01e2cfadb,event_editions,evt_760e30916c3407e0,term_8e3e47e5599ad5a5,derived,title/location heuristic or reviewed series mapping; see build script,1,2026-09-28,
entity_classifications_2c3d5efe2cbcf591,event_editions,evt_6e4f8d575166bbb1,term_8e3e47e5599ad5a5,derived,title/location heuristic or reviewed series mapping; see build script,1,2026-09-28,
entity_classifications_e6e76041532ca997,event_editions,evt_bdcbfa76e15b364c,term_8e3e47e5599ad5a5,derived,title/location heuristic or reviewed series mapping; see build script,1,2026-09-28,
entity_classifications_88b74f184ecbd56e,event_editions,evt_aa51f33171bfdff9,term_8e3e47e5599ad5a5,derived,title/location heuristic or reviewed series mapping; see build script,1,2026-09-28,
entity_classifications_f542b873320f4bc0,event_editions,evt_3bcd8de3ab5c000e,term_8e3e47e5599ad5a5,derived,title/location heuristic or reviewed series mapping; see build script,1,2026-09-28,
entity_classifications_a7363143c7922014,event_editions,evt_db7735680e5a9a2e,term_8e3e47e5599ad5a5,derived,title/location heuristic or reviewed series mapping; see build script,1,2026-09-28,
entity_classifications_bfd8d8f860da552b,event_editions,evt_c85b800434c82e89,term_8e3e47e5599ad5a5,derived,title/location heuristic or reviewed series mapping; see build script,1,2026-09-28,
entity_classifications_b3ac61166b7c90c5,event_editions,evt_b2528b9bd6bd4d42,term_8e3e47e5599ad5a5,derived,title/location heuristic or reviewed series mapping; see build script,1,2026-09-28,
entity_classifications_c8de0b2c0cf1c036,event_editions,evt_d0efbb7202548412,term_8e3e47e5599ad5a5,derived,title/location heuristic or reviewed series mapping; see build script,1,2026-09-28,
entity_classifications_915a690dfa5ee758,event_editions,evt_3db6955dac280dc7,term_8e3e47e5599ad5a5,derived,title/location heuristic or reviewed series mapping; see build script,1,2026-09-28,
entity_classifications_dbe11420211192aa,event_editions,evt_41ce7e5d9eb3b27f,term_8e3e47e5599ad5a5,derived,title/location heuristic or reviewed series mapping; see build script,1,2026-09-28,
entity_classifications_c6d14c877025aabd,event_editions,evt_5c2c88495656db3b,term_8e3e47e5599ad5a5,derived,title/location heuristic or reviewed series mapping; see build script,1,2026-09-28,
entity_classifications_8e709994fd3153b8,event_editions,evt_aaf98d0fc4d7f8db,term_8e3e47e5599ad5a5,derived,title/location heuristic or reviewed series mapping; see build script,1,2026-09-28,
entity_classifications_68935ac9851f4b76,event_editions,evt_0cc38d4f6188a546,term_8e3e47e5599ad5a5,derived,title/location heuristic or reviewed series mapping; see build script,1,2026-09-28,
entity_classifications_c5f2102b78975c7e,event_editions,evt_e9ad69a87f4e2b65,term_8e3e47e5599ad5a5,derived,title/location heuristic or reviewed series mapping; see build script,1,2026-09-28,
entity_classifications_7a23e4adc9827053,event_editions,evt_68eb0ef36110237d,term_8e3e47e5599ad5a5,derived,title/location heuristic or reviewed series mapping; see build script,1,2026-09-28,
entity_classifications_6edff7e5de3716cb,event_editions,evt_0611b9f3cde6cf20,term_8e3e47e5599ad5a5,derived,title/location heuristic or reviewed series mapping; see build script,1,2026-09-28,
entity_classifications_6e3616006dd5215d,event_editions,evt_b5aae5c6c0fb93c5,term_8e3e47e5599ad5a5,derived,title/location heuristic or reviewed series mapping; see build script,1,2026-09-28,
entity_classifications_783d1dc43f8f4a91,event_editions,evt_9f891a159c7bbec0,term_8e3e47e5599ad5a5,derived,title/location heuristic or reviewed series mapping; see build script,1,2026-09-28,
entity_classifications_b37d0bd739d3d839,event_editions,evt_ef7800e95f8ac383,term_8e3e47e5599ad5a5,derived,title/location heuristic or reviewed series mapping; see build script,1,2026-09-28,
entity_classifications_315d166e02c441db,event_editions,evt_bfee1a061e0fbaf8,term_8e3e47e5599ad5a5,derived,title/location heuristic or reviewed series mapping; see build script,1,2026-09-28,
entity_classifications_9bb4ee23474885df,event_editions,evt_9de44038af9835c6,term_8e3e47e5599ad5a5,derived,title/location heuristic or reviewed series mapping; see build script,1,2026-09-28,
entity_classifications_476f85a9af2b9a3f,event_editions,evt_deb65e7bf14584b1,term_8e3e47e5599ad5a5,derived,title/location heuristic or reviewed series mapping; see build script,1,2026-09-28,
entity_classifications_2116271e15579a32,event_editions,evt_be4859aae6a87199,term_8e3e47e5599ad5a5,derived,title/location heuristic or reviewed series mapping; see build script,1,2026-09-28,
entity_classifications_8efcee78a935c7ff,event_editions,evt_54616bd8f4394e1a,term_8e3e47e5599ad5a5,derived,title/location heuristic or reviewed series mapping; see build script,1,2026-09-28,
entity_classifications_4217c3afc09e0682,event_editions,evt_49518cbe2d657cdb,term_8e3e47e5599ad5a5,derived,title/location heuristic or reviewed series mapping; see build script,1,2026-09-28,
entity_classifications_9cc647d0092ea184,event_editions,evt_65e9889355453238,term_8e3e47e5599ad5a5,derived,title/location heuristic or reviewed series mapping; see build script,1,2026-09-28,
entity_classifications_dee8f6dac904ceeb,event_editions,evt_297a33a6d4ca6bbe,term_8e3e47e5599ad5a5,derived,title/location heuristic or reviewed series mapping; see build script,1,2026-09-28,
entity_classifications_122fcf4d11b26c6d,event_editions,evt_8d5e20dcbae7f181,term_8e3e47e5599ad5a5,derived,title/location heuristic or reviewed series mapping; see build script,1,2026-09-28,
entity_classifications_73f7069472dd8945,event_editions,evt_9c1c29547f87b7cf,term_8e3e47e5599ad5a5,derived,title/location heuristic or reviewed series mapping; see build script,1,2026-09-28,
entity_classifications_557e9f759ce57eb4,event_editions,evt_00bcf0d9ffdab436,term_8e3e47e5599ad5a5,derived,title/location heuristic or reviewed series mapping; see build script,1,2026-09-28,
entity_classifications_53e892b1f123eeb7,event_editions,evt_0d678bd87419fb42,term_8e3e47e5599ad5a5,derived,title/location heuristic or reviewed series mapping; see build script,1,2026-09-28,
entity_classifications_1bb8f80f774ab79c,event_editions,evt_b2785723547d9f93,term_8e3e47e5599ad5a5,derived,title/location heuristic or reviewed series mapping; see build script,1,2026-09-28,
entity_classifications_2242b862cdf50c3a,event_editions,evt_74610ad3e150a658,term_8e3e47e5599ad5a5,derived,title/location heuristic or reviewed series mapping; see build script,1,2026-09-28,
entity_classifications_cb14bf23a8e7b94e,event_editions,evt_7ad8465d3f7e9d49,term_8e3e47e5599ad5a5,derived,title/location heuristic or reviewed series mapping; see build script,1,2026-09-28,
entity_classifications_ce16dc83a362304d,event_editions,evt_fd2d5fdf56c6d2cf,term_8e3e47e5599ad5a5,derived,title/location heuristic or reviewed series mapping; see build script,1,2026-09-28,
entity_classifications_f4c0f68504771bd5,event_editions,evt_fdbd689a6182dd06,term_8e3e47e5599ad5a5,derived,title/location heuristic or reviewed series mapping; see build script,1,2026-09-28,
entity_classifications_0dba253584c92f05,event_editions,evt_33bde9ebde92de31,term_8e3e47e5599ad5a5,derived,title/location heuristic or reviewed series mapping; see build script,1,2026-09-28,
entity_classifications_f213540e763fe10d,event_editions,evt_a2620ac1885e7bfb,term_8e3e47e5599ad5a5,derived,title/location heuristic or reviewed series mapping; see build script,1,2026-09-28,
entity_classifications_9803ecaefacf947c,event_editions,evt_b22971bfb1a27ed6,term_8e3e47e5599ad5a5,derived,title/location heuristic or reviewed series mapping; see build script,1,2026-09-28,
entity_classifications_85c1db8fdb2bd76d,event_editions,evt_404d84596af4ef95,term_8e3e47e5599ad5a5,derived,title/location heuristic or reviewed series mapping; see build script,1,2026-09-28,
entity_classifications_b09c502147d95958,event_editions,evt_0631c3cfb3c6e098,term_8e3e47e5599ad5a5,derived,title/location heuristic or reviewed series mapping; see build script,1,2026-09-28,
entity_classifications_8168f09788b1ab60,event_editions,evt_e173473e19838ae0,term_8e3e47e5599ad5a5,derived,title/location heuristic or reviewed series mapping; see build script,1,2026-09-28,
entity_classifications_c136d250a81359bc,event_editions,evt_57ecf42ccd9ab381,term_8e3e47e5599ad5a5,derived,title/location heuristic or reviewed series mapping; see build script,1,2026-09-28,
entity_classifications_0d1d6c49c60a0584,event_editions,evt_0e8d3cac5415913d,term_8e3e47e5599ad5a5,derived,title/location heuristic or reviewed series mapping; see build script,1,2026-09-28,
entity_classifications_3eea999a34089cfe,event_editions,evt_6510146ff10d9a69,term_8e3e47e5599ad5a5,derived,title/location heuristic or reviewed series mapping; see build script,1,2026-09-28,
entity_classifications_1ba76b565bb8301d,event_editions,evt_a498793e98a647af,term_8e3e47e5599ad5a5,derived,title/location heuristic or reviewed series mapping; see build script,1,2026-09-28,
entity_classifications_2314139ace948c12,event_editions,evt_3fe2f73a2602b6e9,term_8e3e47e5599ad5a5,derived,title/location heuristic or reviewed series mapping; see build script,1,2026-09-28,
entity_classifications_398872e41d80305b,event_editions,evt_fb99546d8a1fa641,term_8e3e47e5599ad5a5,derived,title/location heuristic or reviewed series mapping; see build script,1,2026-09-28,
entity_classifications_030656ef0e2e2955,event_editions,evt_1936bd31f6d0da12,term_8e3e47e5599ad5a5,derived,title/location heuristic or reviewed series mapping; see build script,1,2026-09-28,
entity_classifications_739e498941ec1ec5,event_editions,evt_50204350f64d8341,term_8e3e47e5599ad5a5,derived,title/location heuristic or reviewed series mapping; see build script,1,2026-09-28,
entity_classifications_f2e3587b893a7db0,event_editions,evt_ad212682e70e4bad,term_8e3e47e5599ad5a5,derived,title/location heuristic or reviewed series mapping; see build script,1,2026-09-28,
entity_classifications_607fa44f253bb356,event_editions,evt_a9df4aa4f0c59e41,term_8e3e47e5599ad5a5,derived,title/location heuristic or reviewed series mapping; see build script,1,2026-09-28,
entity_classifications_75af477a42337fef,event_editions,evt_4afc5a8d48e6af22,term_8e3e47e5599ad5a5,derived,title/location heuristic or reviewed series mapping; see build script,1,2026-09-28,
entity_classifications_793989621d0c2f97,event_editions,evt_db634b47ec5ad1ca,term_8e3e47e5599ad5a5,derived,title/location heuristic or reviewed series mapping; see build script,1,2026-09-28,
entity_classifications_d0b1f1bc50fac8fa,event_editions,evt_0d1ddc84cd41f2d6,term_8e3e47e5599ad5a5,derived,title/location heuristic or reviewed series mapping; see build script,1,2026-09-28,
entity_classifications_c57f818fa52e3afd,event_editions,evt_67e7ddb82f22d155,term_8e3e47e5599ad5a5,derived,title/location heuristic or reviewed series mapping; see build script,1,2026-09-28,
entity_classifications_33d8c8b27bd387e5,event_editions,evt_5cdd70a815217204,term_8e3e47e5599ad5a5,derived,title/location heuristic or reviewed series mapping; see build script,1,2026-09-28,
entity_classifications_e59ac8a414a1c089,event_editions,evt_3de6f81a748d1ff2,term_8e3e47e5599ad5a5,derived,title/location heuristic or reviewed series mapping; see build script,1,2026-09-28,
entity_classifications_08be4641378db0ea,event_editions,evt_06a4ef859b8ffa95,term_8e3e47e5599ad5a5,derived,title/location heuristic or reviewed series mapping; see build script,1,2026-09-28,
entity_classifications_6ff9d2120de1ca72,event_editions,evt_b1501c4fbd3cac53,term_8e3e47e5599ad5a5,derived,title/location heuristic or reviewed series mapping; see build script,1,2026-09-28,
entity_classifications_a17ac9f9b1b734a6,event_editions,evt_089b29f7a862852b,term_8e3e47e5599ad5a5,derived,title/location heuristic or reviewed series mapping; see build script,1,2026-09-28,
entity_classifications_a0e54234e530346a,event_editions,evt_7129909b558a2c85,term_8e3e47e5599ad5a5,derived,title/location heuristic or reviewed series mapping; see build script,1,2026-09-28,
entity_classifications_f2352a27960f366a,event_editions,evt_920139456a6959c8,term_8e3e47e5599ad5a5,derived,title/location heuristic or reviewed series mapping; see build script,1,2026-09-28,
entity_classifications_48ce46f50a9f7770,event_editions,evt_2036f81b0ea8dcd7,term_8e3e47e5599ad5a5,derived,title/location heuristic or reviewed series mapping; see build script,1,2026-09-28,
entity_classifications_88ca7a9fcb60f006,event_editions,evt_6c4c049d26869e0b,term_8e3e47e5599ad5a5,derived,title/location heuristic or reviewed series mapping; see build script,1,2026-09-28,
entity_classifications_f55aaf459cd8f544,event_editions,evt_5ae4d3c86fbc9f55,term_8e3e47e5599ad5a5,derived,title/location heuristic or reviewed series mapping; see build script,1,2026-09-28,
entity_classifications_7639f3c702a2fba0,event_editions,evt_256ca699c1ec267e,term_8e3e47e5599ad5a5,derived,title/location heuristic or reviewed series mapping; see build script,1,2026-09-28,
entity_classifications_721c735455338437,event_editions,evt_ed7da201fe6279d6,term_8e3e47e5599ad5a5,derived,title/location heuristic or reviewed series mapping; see build script,1,2026-09-28,
entity_classifications_44bd568a482776c6,event_editions,evt_89cf10578ce09a61,term_8e3e47e5599ad5a5,derived,title/location heuristic or reviewed series mapping; see build script,1,2026-09-28,
entity_classifications_376cd0a4d1fceb10,event_editions,evt_b60a357de57ecae7,term_8e3e47e5599ad5a5,derived,title/location heuristic or reviewed series mapping; see build script,1,2026-09-28,
entity_classifications_1046bbeb8a416a57,event_editions,evt_1e50542671b4be2e,term_8e3e47e5599ad5a5,derived,title/location heuristic or reviewed series mapping; see build script,1,2026-09-28,
entity_classifications_88da60908ad42663,event_editions,evt_6c3f273c022c3ada,term_8e3e47e5599ad5a5,derived,title/location heuristic or reviewed series mapping; see build script,1,2026-09-28,
entity_classifications_27db8346007f7a37,event_editions,evt_be1ca948d9ec7102,term_8e3e47e5599ad5a5,derived,title/location heuristic or reviewed series mapping; see build script,1,2026-09-28,
entity_classifications_eb1f81be40107eff,event_editions,evt_fa4ae51ab4966e57,term_8e3e47e5599ad5a5,derived,title/location heuristic or reviewed series mapping; see build script,1,2026-09-28,
entity_classifications_36c35e6d055bd1be,event_editions,evt_8defeece9bb0ac7c,term_8e3e47e5599ad5a5,derived,title/location heuristic or reviewed series mapping; see build script,1,2026-09-28,
entity_classifications_ba89ce85bdacee43,event_editions,evt_ff9a7403635948a0,term_8e3e47e5599ad5a5,derived,title/location heuristic or reviewed series mapping; see build script,1,2026-09-28,
entity_classifications_413a41c48066f0ff,event_editions,evt_437f2683530c8fa9,term_8e3e47e5599ad5a5,derived,title/location heuristic or reviewed series mapping; see build script,1,2026-09-28,
entity_classifications_5fad4f31c783e961,event_editions,evt_64031b1829b32e15,term_8e3e47e5599ad5a5,derived,title/location heuristic or reviewed series mapping; see build script,1,2026-09-28,
entity_classifications_7e89c0e14519d183,event_editions,evt_5838fadfc1b5d04e,term_8e3e47e5599ad5a5,derived,title/location heuristic or reviewed series mapping; see build script,1,2026-09-28,
entity_classifications_06b9a661e39abf11,event_editions,evt_effb223040c82114,term_8e3e47e5599ad5a5,derived,title/location heuristic or reviewed series mapping; see build script,1,2026-09-28,
entity_classifications_f765dceee769dc0f,event_editions,evt_6f3dca0e4eb15e26,term_8e3e47e5599ad5a5,derived,title/location heuristic or reviewed series mapping; see build script,1,2026-09-28,
entity_classifications_f57796c5c06ab805,event_editions,evt_5d52fabd19ff5f97,term_8e3e47e5599ad5a5,derived,title/location heuristic or reviewed series mapping; see build script,1,2026-09-28,
entity_classifications_06eb55a083faf9d2,event_editions,evt_23c44d073385aba7,term_8e3e47e5599ad5a5,derived,title/location heuristic or reviewed series mapping; see build script,1,2026-09-28,
entity_classifications_d14d1b3c003291be,event_editions,evt_4d6fc62eae37d972,term_8e3e47e5599ad5a5,derived,title/location heuristic or reviewed series mapping; see build script,1,2026-09-28,
entity_classifications_372cf827119d7b7a,event_editions,evt_c1fc812209c1e5f7,term_8e3e47e5599ad5a5,derived,title/location heuristic or reviewed series mapping; see build script,1,2026-09-28,
entity_classifications_0ccab7477a68691e,event_editions,evt_7aaec041d2222700,term_8e3e47e5599ad5a5,derived,title/location heuristic or reviewed series mapping; see build script,1,2026-09-28,
entity_classifications_c8155214167af50a,event_editions,evt_37ca887c3e181799,term_8e3e47e5599ad5a5,derived,title/location heuristic or reviewed series mapping; see build script,1,2026-09-28,
entity_classifications_755e0a168134938e,event_editions,evt_74049a371269896f,term_8e3e47e5599ad5a5,derived,title/location heuristic or reviewed series mapping; see build script,1,2026-09-28,
entity_classifications_e64aaba863f09d0e,event_editions,evt_3cf761f1e8c6a11d,term_8e3e47e5599ad5a5,derived,title/location heuristic or reviewed series mapping; see build script,1,2026-09-28,
entity_classifications_9006330e58163169,event_editions,evt_5fc2ba3af4a8b8d2,term_8e3e47e5599ad5a5,derived,title/location heuristic or reviewed series mapping; see build script,1,2026-09-28,
entity_classifications_a77724564ae47212,event_editions,evt_3b1e71e0f91d4e45,term_8e3e47e5599ad5a5,derived,title/location heuristic or reviewed series mapping; see build script,1,2026-09-28,
entity_classifications_136381d18a7c7998,event_editions,evt_d2f82fa381d6ae59,term_8e3e47e5599ad5a5,derived,title/location heuristic or reviewed series mapping; see build script,1,2026-09-28,
entity_classifications_a89d4fb8dc864caf,event_editions,evt_c4817f1185db10ae,term_8e3e47e5599ad5a5,derived,title/location heuristic or reviewed series mapping; see build script,1,2026-09-28,
entity_classifications_3f86a7c88cf4f94d,event_editions,evt_3ec641d53699cf30,term_8e3e47e5599ad5a5,derived,title/location heuristic or reviewed series mapping; see build script,1,2026-09-28,
entity_classifications_aaa701974d95ca10,event_editions,evt_7e0f1a03809190ec,term_8e3e47e5599ad5a5,derived,title/location heuristic or reviewed series mapping; see build script,1,2026-09-28,
entity_classifications_ee2df0de7687930c,event_editions,evt_4ab46368efb9ff6d,term_8e3e47e5599ad5a5,derived,title/location heuristic or reviewed series mapping; see build script,1,2026-09-28,
entity_classifications_55955d367b32c62f,event_editions,evt_a495e787b7e5ec88,term_8e3e47e5599ad5a5,derived,title/location heuristic or reviewed series mapping; see build script,1,2026-09-28,
entity_classifications_49d5d5e45ad53f6f,event_editions,evt_1a8db605e109b26f,term_8e3e47e5599ad5a5,derived,title/location heuristic or reviewed series mapping; see build script,1,2026-09-28,
entity_classifications_20e21763a1cf4965,event_editions,evt_203be877fa40e6c9,term_8e3e47e5599ad5a5,derived,title/location heuristic or reviewed series mapping; see build script,1,2026-09-28,
entity_classifications_99e54d6e8bab8c54,event_editions,evt_74ae7d31d7329b17,term_8e3e47e5599ad5a5,derived,title/location heuristic or reviewed series mapping; see build script,1,2026-09-28,
entity_classifications_b7cd96243fe92c1f,event_editions,evt_cee331b79ddc2c33,term_8e3e47e5599ad5a5,derived,title/location heuristic or reviewed series mapping; see build script,1,2026-09-28,
entity_classifications_82c70eb6d70bc4d9,event_editions,evt_3ad4b5f8bdd8e031,term_8e3e47e5599ad5a5,derived,title/location heuristic or reviewed series mapping; see build script,1,2026-09-28,
entity_classifications_285b26e4e6fca29b,event_editions,evt_b914ae05c88ac676,term_8e3e47e5599ad5a5,derived,title/location heuristic or reviewed series mapping; see build script,1,2026-09-28,
entity_classifications_ad535278e025343e,event_editions,evt_e750cebabe753ce1,term_8e3e47e5599ad5a5,derived,title/location heuristic or reviewed series mapping; see build script,1,2026-09-28,
entity_classifications_1d72b86bb001be17,event_editions,evt_6ee7fcea5d44b614,term_8e3e47e5599ad5a5,derived,title/location heuristic or reviewed series mapping; see build script,1,2026-09-28,
entity_classifications_10bca1cc15c83420,event_editions,evt_94192e5823dd6c5a,term_8e3e47e5599ad5a5,derived,title/location heuristic or reviewed series mapping; see build script,1,2026-09-28,
entity_classifications_1a89806439fa7ca5,event_editions,evt_90da8a508497bce2,term_8e3e47e5599ad5a5,derived,title/location heuristic or reviewed series mapping; see build script,1,2026-09-28,
entity_classifications_ce6fbacaa50ac45c,event_editions,evt_5d67dff2d9433141,term_8e3e47e5599ad5a5,derived,title/location heuristic or reviewed series mapping; see build script,1,2026-09-28,
entity_classifications_e1754b5501056fde,event_editions,evt_7154c72c97435330,term_8e3e47e5599ad5a5,derived,title/location heuristic or reviewed series mapping; see build script,1,2026-09-28,
entity_classifications_9c772ffe0a18d17f,event_editions,evt_5deaec442ecd2887,term_8e3e47e5599ad5a5,derived,title/location heuristic or reviewed series mapping; see build script,1,2026-09-28,
entity_classifications_d337871082a30cd2,event_editions,evt_a8c1c41b1a389be3,term_8e3e47e5599ad5a5,derived,title/location heuristic or reviewed series mapping; see build script,1,2026-09-28,
entity_classifications_141ea790d2898271,event_editions,evt_4b1f9a1de2a0267f,term_8e3e47e5599ad5a5,derived,title/location heuristic or reviewed series mapping; see build script,1,2026-09-28,
entity_classifications_f02af8e2093b4097,event_editions,evt_c697118d3b493feb,term_8e3e47e5599ad5a5,derived,title/location heuristic or reviewed series mapping; see build script,1,2026-09-28,
entity_classifications_04f3ab1a428d1c46,event_editions,evt_fa3612d924c8e87d,term_8e3e47e5599ad5a5,derived,title/location heuristic or reviewed series mapping; see build script,1,2026-09-28,
entity_classifications_b18b7fec054f5e3e,event_editions,evt_c9758b492cefad52,term_8e3e47e5599ad5a5,derived,title/location heuristic or reviewed series mapping; see build script,1,2026-09-28,
entity_classifications_ae92ae469f02807c,event_editions,evt_6db2b77dcb8ad4c2,term_8e3e47e5599ad5a5,derived,title/location heuristic or reviewed series mapping; see build script,1,2026-09-28,
entity_classifications_223f98ab06dff8c6,event_editions,evt_bd74e048c2d1e39d,term_8e3e47e5599ad5a5,derived,title/location heuristic or reviewed series mapping; see build script,1,2026-09-28,
entity_classifications_7149f8f582518adb,event_editions,evt_b223eba33e50886e,term_8e3e47e5599ad5a5,derived,title/location heuristic or reviewed series mapping; see build script,1,2026-09-28,
entity_classifications_ca95b4071418109c,event_editions,evt_d872a5e68838304b,term_8e3e47e5599ad5a5,derived,title/location heuristic or reviewed series mapping; see build script,1,2026-09-28,
entity_classifications_86d28cfec939749d,event_editions,evt_1b4f809adc542ba4,term_8e3e47e5599ad5a5,derived,title/location heuristic or reviewed series mapping; see build script,1,2026-09-28,
entity_classifications_f7f0db1de19440ae,event_editions,evt_c2fd477af6ad84f0,term_8e3e47e5599ad5a5,derived,title/location heuristic or reviewed series mapping; see build script,1,2026-09-28,
entity_classifications_15a462c74328509e,event_editions,evt_75fd79a7117be237,term_8e3e47e5599ad5a5,derived,title/location heuristic or reviewed series mapping; see build script,1,2026-09-28,
entity_classifications_1c526ff1466e53c4,event_editions,evt_6cf46299022d5c15,term_8e3e47e5599ad5a5,derived,title/location heuristic or reviewed series mapping; see build script,1,2026-09-28,
entity_classifications_f3a0687a9293098c,event_editions,evt_af5c6933fb8159e9,term_8e3e47e5599ad5a5,derived,title/location heuristic or reviewed series mapping; see build script,1,2026-09-28,
entity_classifications_ef1f7cfe60878cfe,event_editions,evt_55527464e377cef3,term_8e3e47e5599ad5a5,derived,title/location heuristic or reviewed series mapping; see build script,1,2026-09-28,
entity_classifications_81d414707b9d9c5c,event_editions,evt_e7c0b2f324524845,term_8e3e47e5599ad5a5,derived,title/location heuristic or reviewed series mapping; see build script,1,2026-09-28,
entity_classifications_e195a2ff2f9ade22,event_editions,evt_b3dab3e33f75c317,term_8e3e47e5599ad5a5,derived,title/location heuristic or reviewed series mapping; see build script,1,2026-09-28,
entity_classifications_b5590627159b496d,event_editions,evt_eef12d21d0b907b9,term_8e3e47e5599ad5a5,derived,title/location heuristic or reviewed series mapping; see build script,1,2026-09-28,
entity_classifications_855da6d517a66400,event_editions,evt_9b69e006f72f98b5,term_8e3e47e5599ad5a5,derived,title/location heuristic or reviewed series mapping; see build script,1,2026-09-28,
entity_classifications_fff97a593973efe8,event_editions,evt_7df9b14f4b3990bf,term_8e3e47e5599ad5a5,derived,title/location heuristic or reviewed series mapping; see build script,1,2026-09-28,
entity_classifications_8c548e93cd5e795b,event_editions,evt_da963b5d8c54ed8a,term_8e3e47e5599ad5a5,derived,title/location heuristic or reviewed series mapping; see build script,1,2026-09-28,
entity_classifications_978ed5b8b26ff85e,event_editions,evt_646d4301efe250b4,term_8e3e47e5599ad5a5,derived,title/location heuristic or reviewed series mapping; see build script,1,2026-09-28,
entity_classifications_8c8dd28b6ca617cd,event_editions,evt_a277c9c7761355cd,term_8e3e47e5599ad5a5,derived,title/location heuristic or reviewed series mapping; see build script,1,2026-09-28,
entity_classifications_23b6eab5e10f5a8e,event_editions,evt_e031096e2872cd62,term_8e3e47e5599ad5a5,derived,title/location heuristic or reviewed series mapping; see build script,1,2026-09-28,
entity_classifications_3576840b0b8440bf,event_editions,evt_650fa0761a9fc55f,term_8e3e47e5599ad5a5,derived,title/location heuristic or reviewed series mapping; see build script,1,2026-09-28,
entity_classifications_725526990e8a692e,event_editions,evt_f8a72172bac5eded,term_8e3e47e5599ad5a5,derived,title/location heuristic or reviewed series mapping; see build script,1,2026-09-28,
entity_classifications_6466b0aacbc2142b,event_editions,evt_6341bbe7757acfdc,term_8e3e47e5599ad5a5,derived,title/location heuristic or reviewed series mapping; see build script,1,2026-09-28,
entity_classifications_1691bb2da9cb425c,event_editions,evt_283eadd78afcaa1f,term_8e3e47e5599ad5a5,derived,title/location heuristic or reviewed series mapping; see build script,1,2026-09-28,
entity_classifications_47bf25a9b95814e5,event_editions,evt_3b82eec2d105cc0a,term_8e3e47e5599ad5a5,derived,title/location heuristic or reviewed series mapping; see build script,1,2026-09-28,
entity_classifications_1ffa569143213e0f,event_editions,evt_2c50b3bf523779ba,term_8e3e47e5599ad5a5,derived,title/location heuristic or reviewed series mapping; see build script,1,2026-09-28,
entity_classifications_d5ac92584f32575e,event_editions,evt_e2e510068d358994,term_8e3e47e5599ad5a5,derived,title/location heuristic or reviewed series mapping; see build script,1,2026-09-28,
entity_classifications_583eab08db12665b,event_editions,evt_3b2c502b22f4fbb1,term_8e3e47e5599ad5a5,derived,title/location heuristic or reviewed series mapping; see build script,1,2026-09-28,
entity_classifications_67dce071420c6612,event_editions,evt_da84603b4444c878,term_8e3e47e5599ad5a5,derived,title/location heuristic or reviewed series mapping; see build script,1,2026-09-28,
entity_classifications_ce94fc1a9fef2639,event_editions,evt_c2fed92692ede59c,term_8e3e47e5599ad5a5,derived,title/location heuristic or reviewed series mapping; see build script,1,2026-09-28,
entity_classifications_ae4f97fdf3f7711d,event_editions,evt_2144134cfbaff628,term_8e3e47e5599ad5a5,derived,title/location heuristic or reviewed series mapping; see build script,1,2026-09-28,
entity_classifications_1e4c180857b14238,event_editions,evt_52a98968a03607de,term_8e3e47e5599ad5a5,derived,title/location heuristic or reviewed series mapping; see build script,1,2026-09-28,
entity_classifications_215a7397f21a776a,event_editions,evt_8b6b8840d6cf185b,term_8e3e47e5599ad5a5,derived,title/location heuristic or reviewed series mapping; see build script,1,2026-09-28,
entity_classifications_5a9a9b0e91f63ee7,event_editions,evt_d56946d50a9568ba,term_8e3e47e5599ad5a5,derived,title/location heuristic or reviewed series mapping; see build script,1,2026-09-28,
entity_classifications_7e4e7d54e27487b1,event_editions,evt_612aaae6f98fc90a,term_8e3e47e5599ad5a5,derived,title/location heuristic or reviewed series mapping; see build script,1,2026-09-28,
entity_classifications_8df1b952c18a9c21,event_editions,evt_b5cd17a2332568c5,term_8e3e47e5599ad5a5,derived,title/location heuristic or reviewed series mapping; see build script,1,2026-09-28,
entity_classifications_0fc9ffd3b6199015,event_editions,evt_0f446634002d32ee,term_8e3e47e5599ad5a5,derived,title/location heuristic or reviewed series mapping; see build script,1,2026-09-28,
entity_classifications_498f97fe35601287,event_editions,evt_fe6e9215fec4590a,term_8e3e47e5599ad5a5,derived,title/location heuristic or reviewed series mapping; see build script,1,2026-09-28,
entity_classifications_c3ece2bc5dc94808,event_editions,evt_de2f158d806fd72f,term_8e3e47e5599ad5a5,derived,title/location heuristic or reviewed series mapping; see build script,1,2026-09-28,
entity_classifications_0b17dce33f58cd9d,event_editions,evt_fc417c6fbaaf8a8f,term_8e3e47e5599ad5a5,derived,title/location heuristic or reviewed series mapping; see build script,1,2026-09-28,
entity_classifications_2a95e4830c5f420a,event_editions,evt_8748e36e7b87304a,term_8e3e47e5599ad5a5,derived,title/location heuristic or reviewed series mapping; see build script,1,2026-09-28,
entity_classifications_ccb42dd96dd3bcf3,event_editions,evt_2fdbcd0f2aa7d5f4,term_8e3e47e5599ad5a5,derived,title/location heuristic or reviewed series mapping; see build script,1,2026-09-28,
entity_classifications_19b734fd006824ad,event_editions,evt_eb62cd7e8b06fe41,term_8e3e47e5599ad5a5,derived,title/location heuristic or reviewed series mapping; see build script,1,2026-09-28,
entity_classifications_fc044f532254d122,event_editions,evt_e7884569e364b292,term_8e3e47e5599ad5a5,derived,title/location heuristic or reviewed series mapping; see build script,1,2026-09-28,
entity_classifications_d4ef72fc0dd1bf02,event_editions,evt_a6096d896615d770,term_8e3e47e5599ad5a5,derived,title/location heuristic or reviewed series mapping; see build script,1,2026-09-28,
entity_classifications_f1c90de0d597e3dc,event_editions,evt_0f2983bbcc9b4160,term_8e3e47e5599ad5a5,derived,title/location heuristic or reviewed series mapping; see build script,1,2026-09-28,
entity_classifications_6a50f77004e59726,event_editions,evt_3c178dedf76003d2,term_8e3e47e5599ad5a5,derived,title/location heuristic or reviewed series mapping; see build script,1,2026-09-28,
entity_classifications_875af66c23fe2643,event_editions,evt_c10755238ed1153c,term_8e3e47e5599ad5a5,derived,title/location heuristic or reviewed series mapping; see build script,1,2026-09-28,
entity_classifications_6eeebf7f72544ef6,event_editions,evt_8ca37dbdff94a378,term_8e3e47e5599ad5a5,derived,title/location heuristic or reviewed series mapping; see build script,1,2026-09-28,
entity_classifications_2a3b59312833af28,event_editions,evt_f59d8086b9dbc751,term_8e3e47e5599ad5a5,derived,title/location heuristic or reviewed series mapping; see build script,1,2026-09-28,
entity_classifications_b443b286414f0448,event_editions,evt_68b84077a3d48c21,term_8e3e47e5599ad5a5,derived,title/location heuristic or reviewed series mapping; see build script,1,2026-09-28,
entity_classifications_4cb7c9f43e3865a2,event_editions,evt_53319260ea622d16,term_8e3e47e5599ad5a5,derived,title/location heuristic or reviewed series mapping; see build script,1,2026-09-28,
entity_classifications_4fd83b438871c65c,event_editions,evt_734f16c7c4badb04,term_8e3e47e5599ad5a5,derived,title/location heuristic or reviewed series mapping; see build script,1,2026-09-28,
entity_classifications_4050bf5a327ad754,event_editions,evt_59067c95e6bd3644,term_8e3e47e5599ad5a5,derived,title/location heuristic or reviewed series mapping; see build script,1,2026-09-28,
entity_classifications_fe809b0eac1fe9a2,event_editions,evt_c1a376f426ab4d58,term_8e3e47e5599ad5a5,derived,title/location heuristic or reviewed series mapping; see build script,1,2026-09-28,
entity_classifications_eb0220ac8222b136,event_editions,evt_4fa59f0071d0910d,term_8e3e47e5599ad5a5,derived,title/location heuristic or reviewed series mapping; see build script,1,2026-09-28,
entity_classifications_e4948455061f966f,event_editions,evt_e32303008bd7dd81,term_8e3e47e5599ad5a5,derived,title/location heuristic or reviewed series mapping; see build script,1,2026-09-28,
entity_classifications_59c9f132b8cd3621,event_editions,evt_53cd8890451552e1,term_8e3e47e5599ad5a5,derived,title/location heuristic or reviewed series mapping; see build script,1,2026-09-28,
entity_classifications_d84ae26af0aa3a36,event_editions,evt_0ad70410c453833c,term_8e3e47e5599ad5a5,derived,title/location heuristic or reviewed series mapping; see build script,1,2026-09-28,
entity_classifications_fb6456cc17bfbf94,event_editions,evt_52bcdc5557b2b9e2,term_8e3e47e5599ad5a5,derived,title/location heuristic or reviewed series mapping; see build script,1,2026-09-28,
entity_classifications_2bc14de3f1217ebf,event_editions,evt_48c9e1718785701d,term_8e3e47e5599ad5a5,derived,title/location heuristic or reviewed series mapping; see build script,1,2026-09-28,
entity_classifications_251e7c4e62862e54,event_editions,evt_fc8f3fec6af58cca,term_8e3e47e5599ad5a5,derived,title/location heuristic or reviewed series mapping; see build script,1,2026-09-28,
entity_classifications_18e703bca02920d7,event_editions,evt_0e27b7d75a4a1750,term_8e3e47e5599ad5a5,derived,title/location heuristic or reviewed series mapping; see build script,1,2026-09-28,
entity_classifications_72e97a6adcfadd2f,event_editions,evt_c2db0cdfb2726a49,term_8e3e47e5599ad5a5,derived,title/location heuristic or reviewed series mapping; see build script,1,2026-09-28,
entity_classifications_63739fa3ea17afdd,event_editions,evt_a183239570de870f,term_8e3e47e5599ad5a5,derived,title/location heuristic or reviewed series mapping; see build script,1,2026-09-28,
entity_classifications_234fd45ef650d93a,event_editions,evt_efbee74f22bfd3c5,term_8e3e47e5599ad5a5,derived,title/location heuristic or reviewed series mapping; see build script,1,2026-09-28,
entity_classifications_32c7980d863aac42,event_editions,evt_c44a48d0ed75e300,term_8e3e47e5599ad5a5,derived,title/location heuristic or reviewed series mapping; see build script,1,2026-09-28,
entity_classifications_ebcdc02ec81f8589,event_editions,evt_e411c2bb3e1e5184,term_8e3e47e5599ad5a5,derived,title/location heuristic or reviewed series mapping; see build script,1,2026-09-28,
entity_classifications_7130b707be47c816,event_editions,evt_2a453cc03f00f119,term_8e3e47e5599ad5a5,derived,title/location heuristic or reviewed series mapping; see build script,1,2026-09-28,
entity_classifications_44b72bfa6de52bd2,event_editions,evt_e22cd1cc0b8fb6fa,term_8e3e47e5599ad5a5,derived,title/location heuristic or reviewed series mapping; see build script,1,2026-09-28,
entity_classifications_f61794e96b6cd4c3,event_editions,evt_ed7ecf1a5c24439b,term_8e3e47e5599ad5a5,derived,title/location heuristic or reviewed series mapping; see build script,1,2026-09-28,
entity_classifications_74ce51eab6aa897a,event_editions,evt_18626ec094ed37b6,term_8e3e47e5599ad5a5,derived,title/location heuristic or reviewed series mapping; see build script,1,2026-09-28,
entity_classifications_6bfc29c4d6b0d8e9,event_editions,evt_59c94afe2168350b,term_8e3e47e5599ad5a5,derived,title/location heuristic or reviewed series mapping; see build script,1,2026-09-28,
entity_classifications_30ca1eddc2a84c54,event_editions,evt_f98456919f51bf3b,term_8e3e47e5599ad5a5,derived,title/location heuristic or reviewed series mapping; see build script,1,2026-09-28,
entity_classifications_cfcc224a1e450bcc,event_editions,evt_271183b863badc08,term_8e3e47e5599ad5a5,derived,title/location heuristic or reviewed series mapping; see build script,1,2026-09-28,
entity_classifications_a9ed3c04cf03ac06,event_editions,evt_9811ec9638b1fbcc,term_8e3e47e5599ad5a5,derived,title/location heuristic or reviewed series mapping; see build script,1,2026-09-28,
entity_classifications_70dc8e15be51eaac,event_editions,evt_f8ca29d8aaf3554c,term_8e3e47e5599ad5a5,derived,title/location heuristic or reviewed series mapping; see build script,1,2026-09-28,
entity_classifications_53fa26f2ef0c5dfe,event_editions,evt_02f2b35b65883f13,term_8e3e47e5599ad5a5,derived,title/location heuristic or reviewed series mapping; see build script,1,2026-09-28,
entity_classifications_cfdf21e6bd1d2b14,event_editions,evt_7aa2315026a455d4,term_8e3e47e5599ad5a5,derived,title/location heuristic or reviewed series mapping; see build script,1,2026-09-28,
entity_classifications_0ed0c17a30e5a513,event_editions,evt_ebeea41d3b2cc2f4,term_8e3e47e5599ad5a5,derived,title/location heuristic or reviewed series mapping; see build script,1,2026-09-28,
entity_classifications_2fe93afde21ce4a1,event_editions,evt_0aa269c82bc35ecb,term_8e3e47e5599ad5a5,derived,title/location heuristic or reviewed series mapping; see build script,1,2026-09-28,
entity_classifications_061b994215707808,event_editions,evt_d0372c6c42f0d18d,term_8e3e47e5599ad5a5,derived,title/location heuristic or reviewed series mapping; see build script,1,2026-09-28,
entity_classifications_73e01e592cd9b58c,event_editions,evt_214ad6bea53fa8c8,term_8e3e47e5599ad5a5,derived,title/location heuristic or reviewed series mapping; see build script,1,2026-09-28,
entity_classifications_60e9bef6668d55c0,event_editions,evt_656b138ad9f77966,term_8e3e47e5599ad5a5,derived,title/location heuristic or reviewed series mapping; see build script,1,2026-09-28,
entity_classifications_31b30563ad4e4613,event_editions,evt_fca0556d0d79f159,term_8e3e47e5599ad5a5,derived,title/location heuristic or reviewed series mapping; see build script,1,2026-09-28,
entity_classifications_667da629f6b546fc,event_editions,evt_e7b63af2d5025030,term_8e3e47e5599ad5a5,derived,title/location heuristic or reviewed series mapping; see build script,1,2026-09-28,
entity_classifications_dda77f09fc402de3,event_editions,evt_e39e93bc1ebe1be9,term_8e3e47e5599ad5a5,derived,title/location heuristic or reviewed series mapping; see build script,1,2026-09-28,
entity_classifications_1c4d6864e6e8649d,event_editions,evt_f8d135410443179f,term_8e3e47e5599ad5a5,derived,title/location heuristic or reviewed series mapping; see build script,1,2026-09-28,
entity_classifications_c2642d5206163e75,event_editions,evt_557605ca2d07333a,term_8e3e47e5599ad5a5,derived,title/location heuristic or reviewed series mapping; see build script,1,2026-09-28,
entity_classifications_77478a07b84ff7ef,event_editions,evt_86d22fa6f5a5d266,term_8e3e47e5599ad5a5,derived,title/location heuristic or reviewed series mapping; see build script,1,2026-09-28,
entity_classifications_1d330f4912279309,event_editions,evt_810091516b8cdf53,term_8e3e47e5599ad5a5,derived,title/location heuristic or reviewed series mapping; see build script,1,2026-09-28,
entity_classifications_7bdd218057d97383,event_editions,evt_c4f78ea66f7b8c55,term_8e3e47e5599ad5a5,derived,title/location heuristic or reviewed series mapping; see build script,1,2026-09-28,
entity_classifications_03708b7b3cef88fc,event_editions,evt_f1224171dc987b8a,term_8e3e47e5599ad5a5,derived,title/location heuristic or reviewed series mapping; see build script,1,2026-09-28,
entity_classifications_0c421e007008452a,event_editions,evt_f7724e1d47fcfe0a,term_8e3e47e5599ad5a5,derived,title/location heuristic or reviewed series mapping; see build script,1,2026-09-28,
entity_classifications_92af9d797c0d420f,event_editions,evt_b276f2ca0b3f3414,term_8e3e47e5599ad5a5,derived,title/location heuristic or reviewed series mapping; see build script,1,2026-09-28,
entity_classifications_513cc4b684f94a88,event_editions,evt_207d218a5b4df982,term_8e3e47e5599ad5a5,derived,title/location heuristic or reviewed series mapping; see build script,1,2026-09-28,
entity_classifications_466a2890c698ea69,event_editions,evt_9e8343e036deef82,term_8e3e47e5599ad5a5,derived,title/location heuristic or reviewed series mapping; see build script,1,2026-09-28,
entity_classifications_a3d3ccf6b9e6efdb,event_editions,evt_9dc2c7a6d40a75b6,term_8e3e47e5599ad5a5,derived,title/location heuristic or reviewed series mapping; see build script,1,2026-09-28,
entity_classifications_bd840f9f187e35c8,event_editions,evt_509dff0f9ae80a76,term_8e3e47e5599ad5a5,derived,title/location heuristic or reviewed series mapping; see build script,1,2026-09-28,
entity_classifications_26a891e3db2a0b69,event_editions,evt_86455e9b97b2854d,term_8e3e47e5599ad5a5,derived,title/location heuristic or reviewed series mapping; see build script,1,2026-09-28,
entity_classifications_336f36e8a865ca88,event_editions,evt_52acb71523a21b08,term_8e3e47e5599ad5a5,derived,title/location heuristic or reviewed series mapping; see build script,1,2026-09-28,
entity_classifications_f0da0eb1f9bdbad2,event_editions,evt_df9582e6dff519ea,term_8e3e47e5599ad5a5,derived,title/location heuristic or reviewed series mapping; see build script,1,2026-09-28,
entity_classifications_2f87540fae230a3d,event_editions,evt_eb58a35e5f3a8e6d,term_8e3e47e5599ad5a5,derived,title/location heuristic or reviewed series mapping; see build script,1,2026-09-28,
entity_classifications_4fb512eb8d508285,event_editions,evt_9f17995d9eef59f1,term_8e3e47e5599ad5a5,derived,title/location heuristic or reviewed series mapping; see build script,1,2026-09-28,
entity_classifications_83d49f7ec2b9acc3,event_editions,evt_4091597f5b237d47,term_8e3e47e5599ad5a5,derived,title/location heuristic or reviewed series mapping; see build script,1,2026-09-28,
entity_classifications_0a70db87de933161,event_editions,evt_216ea48a972ff0a5,term_8e3e47e5599ad5a5,derived,title/location heuristic or reviewed series mapping; see build script,1,2026-09-28,
entity_classifications_9e846b5c4cbee462,event_editions,evt_849cb4ba9c92b4ba,term_8e3e47e5599ad5a5,derived,title/location heuristic or reviewed series mapping; see build script,1,2026-09-28,
entity_classifications_d180cec0b149184f,event_editions,evt_6e684c9e0dfeea68,term_8e3e47e5599ad5a5,derived,title/location heuristic or reviewed series mapping; see build script,1,2026-09-28,
entity_classifications_090ab59f97f47823,event_editions,evt_759c1cb0c7e52d0d,term_8e3e47e5599ad5a5,derived,title/location heuristic or reviewed series mapping; see build script,1,2026-09-28,
entity_classifications_c31b2364750f0344,event_editions,evt_76769dd311eeacc9,term_8e3e47e5599ad5a5,derived,title/location heuristic or reviewed series mapping; see build script,1,2026-09-28,
entity_classifications_59cab2ed448a2ce7,event_editions,evt_868f9804c4ae07e5,term_8e3e47e5599ad5a5,derived,title/location heuristic or reviewed series mapping; see build script,1,2026-09-28,
entity_classifications_3b908e3cd196f38f,event_editions,evt_87cc4c2fcd34b932,term_8e3e47e5599ad5a5,derived,title/location heuristic or reviewed series mapping; see build script,1,2026-09-28,
entity_classifications_f5c75bf221b739ea,event_editions,evt_a2d3daeab9632648,term_8e3e47e5599ad5a5,derived,title/location heuristic or reviewed series mapping; see build script,1,2026-09-28,
entity_classifications_1a57496d62d8403a,event_editions,evt_506cc479ae1320b9,term_8e3e47e5599ad5a5,derived,title/location heuristic or reviewed series mapping; see build script,1,2026-09-28,
entity_classifications_880ddb511c0f7932,event_editions,evt_f3c3ac908069c867,term_8e3e47e5599ad5a5,derived,title/location heuristic or reviewed series mapping; see build script,1,2026-09-28,
entity_classifications_d1f065fe300b1d76,event_editions,evt_4149574d03a4abe1,term_8e3e47e5599ad5a5,derived,title/location heuristic or reviewed series mapping; see build script,1,2026-09-28,
entity_classifications_ab5a7b9c2285e617,event_editions,evt_7c23b6f4a95b46b2,term_1889f288e2cea2dc,derived,title/location heuristic or reviewed series mapping; see build script,1,2026-09-28,
entity_classifications_11f6a44063b16d93,event_editions,evt_c6d46b27da5cadcb,term_8713bf2191b359fb,derived,title/location heuristic or reviewed series mapping; see build script,1,2026-09-28,
entity_classifications_e9eae0881996f0f6,event_editions,evt_01a63ed96a5d4272,term_8713bf2191b359fb,derived,title/location heuristic or reviewed series mapping; see build script,1,2026-09-28,
entity_classifications_505d84c0f3981ac4,event_editions,evt_a2dfcb8343b3b99a,term_8713bf2191b359fb,derived,title/location heuristic or reviewed series mapping; see build script,1,2026-09-28,
entity_classifications_b081f7535c8559af,event_editions,evt_49be89885ae4e946,term_8713bf2191b359fb,derived,title/location heuristic or reviewed series mapping; see build script,1,2026-09-28,
entity_classifications_e05cfaf1a159b8b4,event_editions,evt_841e456695f17379,term_8713bf2191b359fb,derived,title/location heuristic or reviewed series mapping; see build script,1,2026-09-28,
entity_classifications_63f4439d94f4ac1c,event_editions,evt_05c439da1374b58f,term_8713bf2191b359fb,derived,title/location heuristic or reviewed series mapping; see build script,1,2026-09-28,
entity_classifications_a8e180510a4ec336,event_editions,evt_86d12d872bbcb647,term_8713bf2191b359fb,derived,title/location heuristic or reviewed series mapping; see build script,1,2026-09-28,
entity_classifications_e86d59d75445214a,event_editions,evt_1c6fd2dcaea1775d,term_8713bf2191b359fb,derived,title/location heuristic or reviewed series mapping; see build script,1,2026-09-28,
entity_classifications_acede0cca11dd2ae,event_editions,evt_73fe6fdee9931c16,term_8713bf2191b359fb,derived,title/location heuristic or reviewed series mapping; see build script,1,2026-09-28,
entity_classifications_15ac19696dbea2fc,event_editions,evt_ede74b38208c1c15,term_8713bf2191b359fb,derived,title/location heuristic or reviewed series mapping; see build script,1,2026-09-28,
entity_classifications_48ee2d480cda0567,event_editions,evt_08bcafba0cec3b30,term_8713bf2191b359fb,derived,title/location heuristic or reviewed series mapping; see build script,1,2026-09-28,
entity_classifications_5292c8f66c3355f5,event_editions,evt_674e0f2899f0785f,term_8713bf2191b359fb,derived,title/location heuristic or reviewed series mapping; see build script,1,2026-09-28,
entity_classifications_f10c0a9e1694db21,event_editions,evt_0ceea2c2fffe64a4,term_8713bf2191b359fb,derived,title/location heuristic or reviewed series mapping; see build script,1,2026-09-28,
entity_classifications_47ae736ca103b356,event_editions,evt_5dd8194bb7f06cc7,term_8713bf2191b359fb,derived,title/location heuristic or reviewed series mapping; see build script,1,2026-09-28,
entity_classifications_edce749104a8c100,event_editions,evt_00864d830f68b89e,term_8713bf2191b359fb,derived,title/location heuristic or reviewed series mapping; see build script,1,2026-09-28,
entity_classifications_933c5e77e671f515,event_editions,evt_91114750f94b10a7,term_8713bf2191b359fb,derived,title/location heuristic or reviewed series mapping; see build script,1,2026-09-28,
entity_classifications_c5f53ebfa3362597,event_editions,evt_af294747b83323a8,term_8713bf2191b359fb,derived,title/location heuristic or reviewed series mapping; see build script,1,2026-09-28,
entity_classifications_f9f3e7fa660aa915,event_editions,evt_6e4f8d575166bbb1,term_8713bf2191b359fb,derived,title/location heuristic or reviewed series mapping; see build script,1,2026-09-28,
entity_classifications_43b04bd3152655b5,event_editions,evt_bfee1a061e0fbaf8,term_8713bf2191b359fb,derived,title/location heuristic or reviewed series mapping; see build script,1,2026-09-28,
entity_classifications_8eb6c3bd9f44a002,event_editions,evt_fd2d5fdf56c6d2cf,term_8713bf2191b359fb,derived,title/location heuristic or reviewed series mapping; see build script,1,2026-09-28,
entity_classifications_65e96bc7826d8227,event_editions,evt_b1501c4fbd3cac53,term_8713bf2191b359fb,derived,title/location heuristic or reviewed series mapping; see build script,1,2026-09-28,
entity_classifications_f709a629b33ec184,event_editions,evt_effb223040c82114,term_8713bf2191b359fb,derived,title/location heuristic or reviewed series mapping; see build script,1,2026-09-28,
entity_classifications_9223897b973592ae,event_editions,evt_7aaec041d2222700,term_8713bf2191b359fb,derived,title/location heuristic or reviewed series mapping; see build script,1,2026-09-28,
entity_classifications_0730d89b06d3b8cf,event_editions,evt_7df9b14f4b3990bf,term_8713bf2191b359fb,derived,title/location heuristic or reviewed series mapping; see build script,1,2026-09-28,
entity_classifications_a05de1c06da36c93,event_editions,evt_59c94afe2168350b,term_8713bf2191b359fb,derived,title/location heuristic or reviewed series mapping; see build script,1,2026-09-28,
entity_classifications_0a2154c7875be642,event_editions,evt_fdeead605e18951d,term_2c39a8c6ee94fdf0,derived,title/location heuristic or reviewed series mapping; see build script,1,2026-09-28,
entity_classifications_123387d64356c2d1,event_editions,evt_cea07e35df96562c,term_2c39a8c6ee94fdf0,derived,title/location heuristic or reviewed series mapping; see build script,1,2026-09-28,
entity_classifications_9dfe002563920c18,event_editions,evt_c0d04e23b7badf81,term_2c39a8c6ee94fdf0,derived,title/location heuristic or reviewed series mapping; see build script,1,2026-09-28,
entity_classifications_ed3512261455a5cc,event_editions,evt_099c88e44f72691b,term_2c39a8c6ee94fdf0,derived,title/location heuristic or reviewed series mapping; see build script,1,2026-09-28,
entity_classifications_efd254b82060c718,event_editions,evt_d3fff58ce4638dcf,term_2c39a8c6ee94fdf0,derived,title/location heuristic or reviewed series mapping; see build script,1,2026-09-28,
entity_classifications_a1f8d0a319a29618,event_editions,evt_2253e6ea3ff25fa2,term_2c39a8c6ee94fdf0,derived,title/location heuristic or reviewed series mapping; see build script,1,2026-09-28,
entity_classifications_57be15a8a171eac7,event_editions,evt_6704b7655314d306,term_2c39a8c6ee94fdf0,derived,title/location heuristic or reviewed series mapping; see build script,1,2026-09-28,
entity_classifications_6a710995c72f4b0c,event_editions,evt_5a1c9a0feddee5d3,term_2c39a8c6ee94fdf0,derived,title/location heuristic or reviewed series mapping; see build script,1,2026-09-28,
entity_classifications_9c07fb7369bbec87,event_editions,evt_c90c3558f43cb50d,term_2c39a8c6ee94fdf0,derived,title/location heuristic or reviewed series mapping; see build script,1,2026-09-28,
entity_classifications_0738869ed3381307,event_editions,evt_ea931431175f2ea2,term_2c39a8c6ee94fdf0,derived,title/location heuristic or reviewed series mapping; see build script,1,2026-09-28,
entity_classifications_bfa5a540aaa012f7,event_editions,evt_e1feb77eee70a360,term_2c39a8c6ee94fdf0,derived,title/location heuristic or reviewed series mapping; see build script,1,2026-09-28,
entity_classifications_bcc47db972f8e6b4,event_editions,evt_53fb9701a6a908e5,term_2c39a8c6ee94fdf0,derived,title/location heuristic or reviewed series mapping; see build script,1,2026-09-28,
entity_classifications_3ca927b1328927da,event_editions,evt_99a8ced283d90fe1,term_2c39a8c6ee94fdf0,derived,title/location heuristic or reviewed series mapping; see build script,1,2026-09-28,
entity_classifications_df12a26f467a0b95,event_editions,evt_4c0cf41806407c37,term_2c39a8c6ee94fdf0,derived,title/location heuristic or reviewed series mapping; see build script,1,2026-09-28,
entity_classifications_83704916129e1975,event_editions,evt_3fd86574b40703fe,term_2c39a8c6ee94fdf0,derived,title/location heuristic or reviewed series mapping; see build script,1,2026-09-28,
entity_classifications_beb8cc04acdb011c,event_editions,evt_d4fe659e50c08239,term_2c39a8c6ee94fdf0,derived,title/location heuristic or reviewed series mapping; see build script,1,2026-09-28,
entity_classifications_f8aa04eb0a4d28d5,event_editions,evt_52af40c014f2d2d3,term_2c39a8c6ee94fdf0,derived,title/location heuristic or reviewed series mapping; see build script,1,2026-09-28,
entity_classifications_e41daa523cc98a8a,event_editions,evt_8d8eb916db13f136,term_2c39a8c6ee94fdf0,derived,title/location heuristic or reviewed series mapping; see build script,1,2026-09-28,
entity_classifications_42b060073862adae,event_editions,evt_575050f022c31923,term_2c39a8c6ee94fdf0,derived,title/location heuristic or reviewed series mapping; see build script,1,2026-09-28,
entity_classifications_05babc3f96f0e979,event_editions,evt_2a698763747ecca0,term_2c39a8c6ee94fdf0,derived,title/location heuristic or reviewed series mapping; see build script,1,2026-09-28,
entity_classifications_7975313ea1de7e81,event_editions,evt_2272e37cfee02d14,term_2c39a8c6ee94fdf0,derived,title/location heuristic or reviewed series mapping; see build script,1,2026-09-28,
entity_classifications_4b121d1b6cbb2725,event_editions,evt_5c2563f1f041e2ac,term_2c39a8c6ee94fdf0,derived,title/location heuristic or reviewed series mapping; see build script,1,2026-09-28,
entity_classifications_df13f5b8945054aa,event_editions,evt_74924efa1f1d406d,term_9becc75b86733c1e,derived,title/location heuristic or reviewed series mapping; see build script,1,2026-09-28,
entity_classifications_3a8eaf8a31a62580,event_editions,evt_d9aa9a04fdafe783,term_9becc75b86733c1e,derived,title/location heuristic or reviewed series mapping; see build script,1,2026-09-28,
entity_classifications_6f2541c9f5a2694d,event_editions,evt_85b4aa9c3b9e839a,term_9becc75b86733c1e,derived,title/location heuristic or reviewed series mapping; see build script,1,2026-09-28,
entity_classifications_90fb93711fb6e2e5,event_editions,evt_8ad74a622fa38a01,term_9becc75b86733c1e,derived,title/location heuristic or reviewed series mapping; see build script,1,2026-09-28,
entity_classifications_bc8a9ad36c215c28,event_editions,evt_bb04598beeecbf2c,term_9becc75b86733c1e,derived,title/location heuristic or reviewed series mapping; see build script,1,2026-09-28,
entity_classifications_e087c1bcfd40cd80,event_editions,evt_9f19637ff3ee3243,term_9becc75b86733c1e,derived,title/location heuristic or reviewed series mapping; see build script,1,2026-09-28,
entity_classifications_5e922e510bebb96f,event_editions,evt_fa0ae2541f8d36ea,term_9becc75b86733c1e,derived,title/location heuristic or reviewed series mapping; see build script,1,2026-09-28,
entity_classifications_a1b0a458664850e1,event_editions,evt_0b0968c1c4c7b16e,term_9becc75b86733c1e,derived,title/location heuristic or reviewed series mapping; see build script,1,2026-09-28,
entity_classifications_dcf2fab9a0a22fbe,event_editions,evt_6a33fa5b6c86304d,term_9becc75b86733c1e,derived,title/location heuristic or reviewed series mapping; see build script,1,2026-09-28,
entity_classifications_16644a9fc92c44df,event_editions,evt_165ff6e4f6ca6aad,term_9becc75b86733c1e,derived,title/location heuristic or reviewed series mapping; see build script,1,2026-09-28,
entity_classifications_2b8722688a3bfe0c,event_editions,evt_0956d356a6eede47,term_9becc75b86733c1e,derived,title/location heuristic or reviewed series mapping; see build script,1,2026-09-28,
entity_classifications_bdfac325c6ce6ce7,event_editions,evt_46dba274af8639b7,term_9becc75b86733c1e,derived,title/location heuristic or reviewed series mapping; see build script,1,2026-09-28,
entity_classifications_781c42f5f0fc0004,event_editions,evt_4336de4732d15d92,term_9becc75b86733c1e,derived,title/location heuristic or reviewed series mapping; see build script,1,2026-09-28,
entity_classifications_65d11bca13fc1972,event_editions,evt_0617c91d76effd08,term_9becc75b86733c1e,derived,title/location heuristic or reviewed series mapping; see build script,1,2026-09-28,
entity_classifications_69a3f58adee31061,event_editions,evt_d26b1d203113460d,term_9becc75b86733c1e,derived,title/location heuristic or reviewed series mapping; see build script,1,2026-09-28,
entity_classifications_5de9fa41f253d77a,event_editions,evt_fb0927245e4a697c,term_9becc75b86733c1e,derived,title/location heuristic or reviewed series mapping; see build script,1,2026-09-28,
entity_classifications_e88e3af9409e4449,event_editions,evt_98d6cf1138256fb7,term_9becc75b86733c1e,derived,title/location heuristic or reviewed series mapping; see build script,1,2026-09-28,
entity_classifications_4d825eb820b80d67,event_editions,evt_e9b86a328158346d,term_9becc75b86733c1e,derived,title/location heuristic or reviewed series mapping; see build script,1,2026-09-28,
entity_classifications_d1729e4ddd650b9b,event_editions,evt_c74bf11ac6632c88,term_9becc75b86733c1e,derived,title/location heuristic or reviewed series mapping; see build script,1,2026-09-28,
entity_classifications_cd9c42fc2f800f0e,event_editions,evt_1038cbbe810c51f9,term_9becc75b86733c1e,derived,title/location heuristic or reviewed series mapping; see build script,1,2026-09-28,
entity_classifications_5be237d417bdd393,event_editions,evt_c0adaa7474b2f421,term_9becc75b86733c1e,derived,title/location heuristic or reviewed series mapping; see build script,1,2026-09-28,
entity_classifications_016151c6b42dc3e3,event_editions,evt_14f81078f72c3fb7,term_9becc75b86733c1e,derived,title/location heuristic or reviewed series mapping; see build script,1,2026-09-28,
entity_classifications_cbddc1753b243535,event_editions,evt_0f85b1f7331a6dbe,term_9becc75b86733c1e,derived,title/location heuristic or reviewed series mapping; see build script,1,2026-09-28,
entity_classifications_d06ec9535875c670,event_editions,evt_dc71e11656e99e2d,term_9becc75b86733c1e,derived,title/location heuristic or reviewed series mapping; see build script,1,2026-09-28,
entity_classifications_e97e2a4314d78eb1,event_editions,evt_4945d2d4a6bd64fa,term_9becc75b86733c1e,derived,title/location heuristic or reviewed series mapping; see build script,1,2026-09-28,
entity_classifications_cce671f04fc3511a,event_editions,evt_2874e14d7b7da401,term_9becc75b86733c1e,derived,title/location heuristic or reviewed series mapping; see build script,1,2026-09-28,
entity_classifications_f72a298693dd2b61,event_editions,evt_11dfac6b972886d3,term_9becc75b86733c1e,derived,title/location heuristic or reviewed series mapping; see build script,1,2026-09-28,
entity_classifications_f0004314eb056cd2,event_editions,evt_9c511cf38ef89f0a,term_9becc75b86733c1e,derived,title/location heuristic or reviewed series mapping; see build script,1,2026-09-28,
entity_classifications_5fe5a6b0b5067d8f,event_editions,evt_a0f9d3de1146199e,term_9becc75b86733c1e,derived,title/location heuristic or reviewed series mapping; see build script,1,2026-09-28,
entity_classifications_8f1e08b6f07383dd,event_editions,evt_09e9006e7a35cf47,term_9becc75b86733c1e,derived,title/location heuristic or reviewed series mapping; see build script,1,2026-09-28,
entity_classifications_ee95cfeffb5853ba,event_editions,evt_d07a76152f5489fe,term_9becc75b86733c1e,derived,title/location heuristic or reviewed series mapping; see build script,1,2026-09-28,
entity_classifications_8d55b36b23bbeea6,event_editions,evt_451d0693e338d3f9,term_9becc75b86733c1e,derived,title/location heuristic or reviewed series mapping; see build script,1,2026-09-28,
entity_classifications_f6c6bea55c998239,event_editions,evt_a11306bd2009b244,term_9becc75b86733c1e,derived,title/location heuristic or reviewed series mapping; see build script,1,2026-09-28,
entity_classifications_97b2e5bd2808e3b5,event_editions,evt_b4c8b4590ac55632,term_9becc75b86733c1e,derived,title/location heuristic or reviewed series mapping; see build script,1,2026-09-28,
entity_classifications_7cd735a440f944f0,event_editions,evt_1fc974874ad3a13f,term_9becc75b86733c1e,derived,title/location heuristic or reviewed series mapping; see build script,1,2026-09-28,
entity_classifications_04808eedee80df28,event_editions,evt_cee31d7848add738,term_9becc75b86733c1e,derived,title/location heuristic or reviewed series mapping; see build script,1,2026-09-28,
entity_classifications_ff78338d46455211,event_editions,evt_cc542b100138de5d,term_9becc75b86733c1e,derived,title/location heuristic or reviewed series mapping; see build script,1,2026-09-28,
entity_classifications_35cc242a517c66f2,event_editions,evt_ce40a806a2021651,term_9becc75b86733c1e,derived,title/location heuristic or reviewed series mapping; see build script,1,2026-09-28,
entity_classifications_8308bfedd0be3bb8,event_editions,evt_a24d02ff563dd463,term_9becc75b86733c1e,derived,title/location heuristic or reviewed series mapping; see build script,1,2026-09-28,
entity_classifications_0afe271e36042a54,event_editions,evt_014069fb64efc783,term_9becc75b86733c1e,derived,title/location heuristic or reviewed series mapping; see build script,1,2026-09-28,
entity_classifications_444ae5623b3ee194,event_editions,evt_8f03530072b5cab5,term_9becc75b86733c1e,derived,title/location heuristic or reviewed series mapping; see build script,1,2026-09-28,
entity_classifications_864410a97773e044,event_editions,evt_36ef38d0c4f18f9b,term_9becc75b86733c1e,derived,title/location heuristic or reviewed series mapping; see build script,1,2026-09-28,
entity_classifications_c43fcfb1ec1c4a70,event_editions,evt_b5025af901c2f949,term_9becc75b86733c1e,derived,title/location heuristic or reviewed series mapping; see build script,1,2026-09-28,
entity_classifications_2c3a418e734283da,event_editions,evt_6f2e680bdac0b5b0,term_9becc75b86733c1e,derived,title/location heuristic or reviewed series mapping; see build script,1,2026-09-28,
entity_classifications_91f6e03ac1320279,event_editions,evt_4f3c87da27540383,term_9becc75b86733c1e,derived,title/location heuristic or reviewed series mapping; see build script,1,2026-09-28,
entity_classifications_c6b9f2035a564215,event_editions,evt_8ff4e1a072242b32,term_9becc75b86733c1e,derived,title/location heuristic or reviewed series mapping; see build script,1,2026-09-28,
entity_classifications_1902cee02a64dc25,event_editions,evt_10f798c145b96791,term_9becc75b86733c1e,derived,title/location heuristic or reviewed series mapping; see build script,1,2026-09-28,
entity_classifications_1b66ab9547d0c84b,event_editions,evt_6f3e70a2e5bfc411,term_9becc75b86733c1e,derived,title/location heuristic or reviewed series mapping; see build script,1,2026-09-28,
entity_classifications_4597038ee6aa95b9,event_editions,evt_f0f8bded21075692,term_9becc75b86733c1e,derived,title/location heuristic or reviewed series mapping; see build script,1,2026-09-28,
entity_classifications_28db1461619cdc32,event_editions,evt_a8919e186668b9c7,term_9becc75b86733c1e,derived,title/location heuristic or reviewed series mapping; see build script,1,2026-09-28,
entity_classifications_21d3e22dfc882011,event_editions,evt_509dd77782235695,term_9becc75b86733c1e,derived,title/location heuristic or reviewed series mapping; see build script,1,2026-09-28,
entity_classifications_cf56e7786d203ddd,event_editions,evt_d96d4070e54b27d1,term_9becc75b86733c1e,derived,title/location heuristic or reviewed series mapping; see build script,1,2026-09-28,
entity_classifications_cef2c057548e7345,event_editions,evt_4448807c8669f164,term_9becc75b86733c1e,derived,title/location heuristic or reviewed series mapping; see build script,1,2026-09-28,
entity_classifications_b68920aff22e5b60,event_editions,evt_d90216fff9a74c0b,term_9becc75b86733c1e,derived,title/location heuristic or reviewed series mapping; see build script,1,2026-09-28,
entity_classifications_20b5afe3c242407c,event_editions,evt_ca268ccd9afba7db,term_9becc75b86733c1e,derived,title/location heuristic or reviewed series mapping; see build script,1,2026-09-28,
entity_classifications_80dec3445d00cae9,event_editions,evt_39b390f660e8bfeb,term_9becc75b86733c1e,derived,title/location heuristic or reviewed series mapping; see build script,1,2026-09-28,
entity_classifications_ea1f84dc1a145aa6,event_editions,evt_22b238eab1c43c6a,term_9becc75b86733c1e,derived,title/location heuristic or reviewed series mapping; see build script,1,2026-09-28,
entity_classifications_8746196142c57cfc,event_editions,evt_4661c9af3cf79e6e,term_9becc75b86733c1e,derived,title/location heuristic or reviewed series mapping; see build script,1,2026-09-28,
entity_classifications_8e7ebe4f403d6d2a,event_editions,evt_7ae4314a231e3d96,term_9becc75b86733c1e,derived,title/location heuristic or reviewed series mapping; see build script,1,2026-09-28,
entity_classifications_97f01a751dc3bb53,event_editions,evt_4388e3fc954b09ae,term_9becc75b86733c1e,derived,title/location heuristic or reviewed series mapping; see build script,1,2026-09-28,
entity_classifications_28720dab2c7f41f2,event_editions,evt_67f6eb4952e15482,term_9becc75b86733c1e,derived,title/location heuristic or reviewed series mapping; see build script,1,2026-09-28,
entity_classifications_06dc8a26bf01e6f6,event_editions,evt_53a5e5ed48b9e2f6,term_9becc75b86733c1e,derived,title/location heuristic or reviewed series mapping; see build script,1,2026-09-28,
entity_classifications_0da2568cd4e9e6ac,event_editions,evt_5ca5fb8336fc78fe,term_9becc75b86733c1e,derived,title/location heuristic or reviewed series mapping; see build script,1,2026-09-28,
entity_classifications_037f2fed737aff5c,event_editions,evt_2634393393f34463,term_9becc75b86733c1e,derived,title/location heuristic or reviewed series mapping; see build script,1,2026-09-28,
entity_classifications_203fbd1b84133010,event_editions,evt_49fecf22b6d2a696,term_9becc75b86733c1e,derived,title/location heuristic or reviewed series mapping; see build script,1,2026-09-28,
entity_classifications_1b5717c33a5756de,event_editions,evt_770129eb2abce6be,term_9becc75b86733c1e,derived,title/location heuristic or reviewed series mapping; see build script,1,2026-09-28,
entity_classifications_a8e6286b24b13ce4,event_editions,evt_3701004c3c2ce5c2,term_9becc75b86733c1e,derived,title/location heuristic or reviewed series mapping; see build script,1,2026-09-28,
entity_classifications_0bc673abc32ab84b,event_editions,evt_a79023c8971a4f81,term_9becc75b86733c1e,derived,title/location heuristic or reviewed series mapping; see build script,1,2026-09-28,
entity_classifications_5ce43bcb788af1cf,event_editions,evt_317e03884294fe92,term_9becc75b86733c1e,derived,title/location heuristic or reviewed series mapping; see build script,1,2026-09-28,
entity_classifications_82258d330637ac1e,event_editions,evt_9da30b0fa0940673,term_9becc75b86733c1e,derived,title/location heuristic or reviewed series mapping; see build script,1,2026-09-28,
entity_classifications_af472e7a9f49c12b,event_editions,evt_22b9e4bf97269c4b,term_9becc75b86733c1e,derived,title/location heuristic or reviewed series mapping; see build script,1,2026-09-28,
entity_classifications_ef427cfb88370081,event_editions,evt_ec56dad6b0f54653,term_9becc75b86733c1e,derived,title/location heuristic or reviewed series mapping; see build script,1,2026-09-28,
entity_classifications_ee74e55972096102,event_editions,evt_f5c2782d62727627,term_9becc75b86733c1e,derived,title/location heuristic or reviewed series mapping; see build script,1,2026-09-28,
entity_classifications_cb14013d56c2599a,event_editions,evt_c03ac7f3b70a0f6a,term_9becc75b86733c1e,derived,title/location heuristic or reviewed series mapping; see build script,1,2026-09-28,
entity_classifications_c87da25068a455b1,event_editions,evt_ce5811836f595ed7,term_9becc75b86733c1e,derived,title/location heuristic or reviewed series mapping; see build script,1,2026-09-28,
entity_classifications_46b209397a2d5564,event_editions,evt_838df0a3bd3c9af4,term_9becc75b86733c1e,derived,title/location heuristic or reviewed series mapping; see build script,1,2026-09-28,
entity_classifications_4ec6c91ed0b0c456,event_editions,evt_d2b39278996c574f,term_9becc75b86733c1e,derived,title/location heuristic or reviewed series mapping; see build script,1,2026-09-28,
entity_classifications_bdba77a0a3a2ebee,event_editions,evt_a3b9fd2e7370d4ff,term_9becc75b86733c1e,derived,title/location heuristic or reviewed series mapping; see build script,1,2026-09-28,
entity_classifications_b218a685ce86c35c,event_editions,evt_157eceb454a4777d,term_9becc75b86733c1e,derived,title/location heuristic or reviewed series mapping; see build script,1,2026-09-28,
entity_classifications_80413a41b6da7323,event_editions,evt_2fc8bbd63dd17140,term_9becc75b86733c1e,derived,title/location heuristic or reviewed series mapping; see build script,1,2026-09-28,
entity_classifications_fb18db172e1fb0a1,event_editions,evt_89b37d7515f7cf42,term_9becc75b86733c1e,derived,title/location heuristic or reviewed series mapping; see build script,1,2026-09-28,
entity_classifications_882bf3cfaad46080,event_editions,evt_f1e832c822856bf9,term_9becc75b86733c1e,derived,title/location heuristic or reviewed series mapping; see build script,1,2026-09-28,
entity_classifications_1d77a3baa1033740,event_editions,evt_b7381c733983e874,term_9becc75b86733c1e,derived,title/location heuristic or reviewed series mapping; see build script,1,2026-09-28,
entity_classifications_db7185dc5c49d563,event_editions,evt_8412a029278f4d47,term_9becc75b86733c1e,derived,title/location heuristic or reviewed series mapping; see build script,1,2026-09-28,
entity_classifications_5ca5f501256a6b45,event_editions,evt_725815de68c3c8b1,term_9becc75b86733c1e,derived,title/location heuristic or reviewed series mapping; see build script,1,2026-09-28,
entity_classifications_cd446af5f2ae23ee,event_editions,evt_5b75e8160a2e1a5d,term_9becc75b86733c1e,derived,title/location heuristic or reviewed series mapping; see build script,1,2026-09-28,
entity_classifications_4367531d87642116,event_editions,evt_7da0ef0ea520a2d5,term_9becc75b86733c1e,derived,title/location heuristic or reviewed series mapping; see build script,1,2026-09-28,
entity_classifications_1a2887607ccafde9,event_editions,evt_a669b8c177ec9d3e,term_9becc75b86733c1e,derived,title/location heuristic or reviewed series mapping; see build script,1,2026-09-28,
entity_classifications_3be89cfea82f30f1,event_editions,evt_3ad9162f86d80bfe,term_9becc75b86733c1e,derived,title/location heuristic or reviewed series mapping; see build script,1,2026-09-28,
entity_classifications_aa6d5d48c5b552d9,event_editions,evt_40dce9410a6ce274,term_9becc75b86733c1e,derived,title/location heuristic or reviewed series mapping; see build script,1,2026-09-28,
entity_classifications_e6ccd43a5b8410ef,event_editions,evt_8cdd2e7babdd0f59,term_9becc75b86733c1e,derived,title/location heuristic or reviewed series mapping; see build script,1,2026-09-28,
entity_classifications_b55790499704c418,event_editions,evt_6b75cba7ad4699f2,term_9becc75b86733c1e,derived,title/location heuristic or reviewed series mapping; see build script,1,2026-09-28,
entity_classifications_856e6b217d61f354,event_editions,evt_93a02dedaab53176,term_9becc75b86733c1e,derived,title/location heuristic or reviewed series mapping; see build script,1,2026-09-28,
entity_classifications_df3eaf17a18cdd4f,event_editions,evt_eb5743a4b206c95a,term_9becc75b86733c1e,derived,title/location heuristic or reviewed series mapping; see build script,1,2026-09-28,
entity_classifications_75b3d9bc7e455d30,event_editions,evt_39c7c95949c9cd36,term_9becc75b86733c1e,derived,title/location heuristic or reviewed series mapping; see build script,1,2026-09-28,
entity_classifications_c9c4c7a7db8d319c,event_editions,evt_eee221c2a30d8a45,term_9becc75b86733c1e,derived,title/location heuristic or reviewed series mapping; see build script,1,2026-09-28,
entity_classifications_55c17e25b6c53923,event_editions,evt_010043d0927cfb0c,term_9becc75b86733c1e,derived,title/location heuristic or reviewed series mapping; see build script,1,2026-09-28,
entity_classifications_c1ab7ef714185f5b,event_editions,evt_8e903408da778d07,term_9becc75b86733c1e,derived,title/location heuristic or reviewed series mapping; see build script,1,2026-09-28,
entity_classifications_a070f2f378a19900,event_editions,evt_819c65ede12cd3d6,term_9becc75b86733c1e,derived,title/location heuristic or reviewed series mapping; see build script,1,2026-09-28,
entity_classifications_996fa1b948b08a93,event_editions,evt_0282383a21aa193e,term_9becc75b86733c1e,derived,title/location heuristic or reviewed series mapping; see build script,1,2026-09-28,
entity_classifications_c3a48d35b7a8b428,event_editions,evt_b31a275f6726784d,term_9becc75b86733c1e,derived,title/location heuristic or reviewed series mapping; see build script,1,2026-09-28,
entity_classifications_4728f6af5b4e82df,event_editions,evt_c8fb1781b754e939,term_9becc75b86733c1e,derived,title/location heuristic or reviewed series mapping; see build script,1,2026-09-28,
entity_classifications_b33c944e316c85af,event_editions,evt_7aa008186cc70eef,term_9becc75b86733c1e,derived,title/location heuristic or reviewed series mapping; see build script,1,2026-09-28,
entity_classifications_3fbc9821fd72e318,event_editions,evt_90a141e31ab06bc3,term_9becc75b86733c1e,derived,title/location heuristic or reviewed series mapping; see build script,1,2026-09-28,
entity_classifications_e0c7be5a660f4c1e,event_editions,evt_aab253ce33345b93,term_9becc75b86733c1e,derived,title/location heuristic or reviewed series mapping; see build script,1,2026-09-28,
entity_classifications_10ba49ed88ac65ea,event_editions,evt_bf5f6972b941b0b1,term_9becc75b86733c1e,derived,title/location heuristic or reviewed series mapping; see build script,1,2026-09-28,
entity_classifications_a0b813cb6b0f5a12,event_editions,evt_007e6d7ce5ceb9e7,term_9becc75b86733c1e,derived,title/location heuristic or reviewed series mapping; see build script,1,2026-09-28,
entity_classifications_09c6316f4da422e9,event_editions,evt_6b5a0fd819a9d8cc,term_9becc75b86733c1e,derived,title/location heuristic or reviewed series mapping; see build script,1,2026-09-28,
entity_classifications_6a25876dc76b3b02,event_editions,evt_bd2f8bc30e62ee46,term_9becc75b86733c1e,derived,title/location heuristic or reviewed series mapping; see build script,1,2026-09-28,
entity_classifications_8a408567ccfc823d,event_editions,evt_7fce75d3e2505c0f,term_9becc75b86733c1e,derived,title/location heuristic or reviewed series mapping; see build script,1,2026-09-28,
entity_classifications_ad36f50f8e5eef89,event_editions,evt_12d1207d9ccf9d16,term_9becc75b86733c1e,derived,title/location heuristic or reviewed series mapping; see build script,1,2026-09-28,
entity_classifications_d4123059e3f30fec,event_editions,evt_bf8ff50ec763bf9c,term_9becc75b86733c1e,derived,title/location heuristic or reviewed series mapping; see build script,1,2026-09-28,
entity_classifications_3f1f249f59b85ba1,event_editions,evt_b2a133883b294206,term_9becc75b86733c1e,derived,title/location heuristic or reviewed series mapping; see build script,1,2026-09-28,
entity_classifications_31fe82c7a0e2fc55,event_editions,evt_faba8e7ade066007,term_9becc75b86733c1e,derived,title/location heuristic or reviewed series mapping; see build script,1,2026-09-28,
entity_classifications_decc363f519d6c6d,event_editions,evt_ea7e32ec810738e3,term_9becc75b86733c1e,derived,title/location heuristic or reviewed series mapping; see build script,1,2026-09-28,
entity_classifications_ec0e66efbe3b96e5,event_editions,evt_1f682cf6c078c19d,term_9becc75b86733c1e,derived,title/location heuristic or reviewed series mapping; see build script,1,2026-09-28,
entity_classifications_c3b4f83a7d3d38fd,event_editions,evt_04a098608ba31f5f,term_9becc75b86733c1e,derived,title/location heuristic or reviewed series mapping; see build script,1,2026-09-28,
entity_classifications_c8eef0fedafe7534,event_editions,evt_955a04bc4b73ce70,term_9becc75b86733c1e,derived,title/location heuristic or reviewed series mapping; see build script,1,2026-09-28,
entity_classifications_1382ffc8fcf20567,event_editions,evt_3117238a8da03963,term_9becc75b86733c1e,derived,title/location heuristic or reviewed series mapping; see build script,1,2026-09-28,
entity_classifications_d88b068b46418310,event_editions,evt_1f6bc4070fc627d1,term_9becc75b86733c1e,derived,title/location heuristic or reviewed series mapping; see build script,1,2026-09-28,
entity_classifications_601be5bdca97fb82,event_editions,evt_25660576432278f4,term_9becc75b86733c1e,derived,title/location heuristic or reviewed series mapping; see build script,1,2026-09-28,
entity_classifications_3b1b9ac61bc9d14b,event_editions,evt_7800a8e424a4acb3,term_9becc75b86733c1e,derived,title/location heuristic or reviewed series mapping; see build script,1,2026-09-28,
entity_classifications_76591d39b087b6e4,event_editions,evt_e7ede83cbe091d7c,term_9becc75b86733c1e,derived,title/location heuristic or reviewed series mapping; see build script,1,2026-09-28,
entity_classifications_33df8d5f7dff126f,event_editions,evt_e933ba98ab18197d,term_9becc75b86733c1e,derived,title/location heuristic or reviewed series mapping; see build script,1,2026-09-28,
entity_classifications_5569cfa8543f7cf8,event_editions,evt_ef72a6da489bd37d,term_9becc75b86733c1e,derived,title/location heuristic or reviewed series mapping; see build script,1,2026-09-28,
entity_classifications_136b6b3d8fb3ccd4,event_editions,evt_85da920c7850c2f0,term_9becc75b86733c1e,derived,title/location heuristic or reviewed series mapping; see build script,1,2026-09-28,
entity_classifications_3e40c61e5965eabc,event_editions,evt_a46b496f9df575a4,term_9becc75b86733c1e,derived,title/location heuristic or reviewed series mapping; see build script,1,2026-09-28,
entity_classifications_e2c490b4e4e99a62,event_editions,evt_d48c941213dc9fa2,term_9becc75b86733c1e,derived,title/location heuristic or reviewed series mapping; see build script,1,2026-09-28,
entity_classifications_2655dbde396fffb9,event_editions,evt_cda7d83829486170,term_9becc75b86733c1e,derived,title/location heuristic or reviewed series mapping; see build script,1,2026-09-28,
entity_classifications_bfec6aaf7faaaa96,event_editions,evt_748ae3b5e8b3be91,term_9becc75b86733c1e,derived,title/location heuristic or reviewed series mapping; see build script,1,2026-09-28,
entity_classifications_b4c1ff323fb14447,event_editions,evt_99b9c94330dc4ace,term_9becc75b86733c1e,derived,title/location heuristic or reviewed series mapping; see build script,1,2026-09-28,
entity_classifications_294ab4357cfc609e,event_editions,evt_2c0230f25ed23b86,term_9becc75b86733c1e,derived,title/location heuristic or reviewed series mapping; see build script,1,2026-09-28,
entity_classifications_2825cb2fe2cb8151,event_editions,evt_f1298eabddae4ed7,term_9becc75b86733c1e,derived,title/location heuristic or reviewed series mapping; see build script,1,2026-09-28,
entity_classifications_3ca0f88bc19a1aca,event_editions,evt_fd269bc23e58b7dc,term_9becc75b86733c1e,derived,title/location heuristic or reviewed series mapping; see build script,1,2026-09-28,
entity_classifications_a2a81debf87d8044,event_editions,evt_4118d5fbf58b68dc,term_9becc75b86733c1e,derived,title/location heuristic or reviewed series mapping; see build script,1,2026-09-28,
entity_classifications_80aa8cee0dcc5a8b,event_editions,evt_12a902bb87d230f2,term_9becc75b86733c1e,derived,title/location heuristic or reviewed series mapping; see build script,1,2026-09-28,
entity_classifications_f5364cc39aa2ba6f,event_editions,evt_87623077ad9fa7d8,term_9becc75b86733c1e,derived,title/location heuristic or reviewed series mapping; see build script,1,2026-09-28,
entity_classifications_d4d0445375428f01,event_editions,evt_4be02b15188b4ee2,term_9becc75b86733c1e,derived,title/location heuristic or reviewed series mapping; see build script,1,2026-09-28,
entity_classifications_0a44eb9b29de852d,event_editions,evt_a68dd79c4805820b,term_9becc75b86733c1e,derived,title/location heuristic or reviewed series mapping; see build script,1,2026-09-28,
entity_classifications_6efff9cf6093d4ca,event_editions,evt_3336ea54c7f90163,term_9becc75b86733c1e,derived,title/location heuristic or reviewed series mapping; see build script,1,2026-09-28,
entity_classifications_1d466c4ee437e17a,event_editions,evt_ce8de8faa8c341d0,term_9becc75b86733c1e,derived,title/location heuristic or reviewed series mapping; see build script,1,2026-09-28,
entity_classifications_c1b66ea0503e2406,event_editions,evt_529fcac30aec113a,term_9becc75b86733c1e,derived,title/location heuristic or reviewed series mapping; see build script,1,2026-09-28,
entity_classifications_4527073f1e3ac53a,event_editions,evt_43fbdd363158e8db,term_9becc75b86733c1e,derived,title/location heuristic or reviewed series mapping; see build script,1,2026-09-28,
entity_classifications_dd2c8451742480fc,event_editions,evt_e3ad5ac5f95b3432,term_9becc75b86733c1e,derived,title/location heuristic or reviewed series mapping; see build script,1,2026-09-28,
entity_classifications_f595b3f618dc7c59,event_editions,evt_646859e2b49ef85e,term_9becc75b86733c1e,derived,title/location heuristic or reviewed series mapping; see build script,1,2026-09-28,
entity_classifications_32c001eceddc71a3,event_editions,evt_50319f4e04d616c6,term_9becc75b86733c1e,derived,title/location heuristic or reviewed series mapping; see build script,1,2026-09-28,
entity_classifications_12385bf726325ffe,event_editions,evt_b28eac60f7a8a40f,term_9becc75b86733c1e,derived,title/location heuristic or reviewed series mapping; see build script,1,2026-09-28,
entity_classifications_d6baa34a08740175,event_editions,evt_19c280ff8d311fbb,term_9becc75b86733c1e,derived,title/location heuristic or reviewed series mapping; see build script,1,2026-09-28,
entity_classifications_a08c0130431005c1,event_editions,evt_6eac2b253a58a769,term_9becc75b86733c1e,derived,title/location heuristic or reviewed series mapping; see build script,1,2026-09-28,
entity_classifications_ee69973d68946234,event_editions,evt_60511c523c6a2f8c,term_9becc75b86733c1e,derived,title/location heuristic or reviewed series mapping; see build script,1,2026-09-28,
entity_classifications_cd8f7a627e671320,event_editions,evt_d50594b6091aa66f,term_9becc75b86733c1e,derived,title/location heuristic or reviewed series mapping; see build script,1,2026-09-28,
entity_classifications_50bee62c0a63956d,event_editions,evt_19c7dd800d40d260,term_9becc75b86733c1e,derived,title/location heuristic or reviewed series mapping; see build script,1,2026-09-28,
entity_classifications_ac10e617771641ba,event_editions,evt_d511c0187cbaba23,term_9becc75b86733c1e,derived,title/location heuristic or reviewed series mapping; see build script,1,2026-09-28,
entity_classifications_55db1420f9355574,event_editions,evt_667f7888ca1f7073,term_9becc75b86733c1e,derived,title/location heuristic or reviewed series mapping; see build script,1,2026-09-28,
entity_classifications_1cb752991489a5b3,event_editions,evt_621e49435d2ae929,term_9becc75b86733c1e,derived,title/location heuristic or reviewed series mapping; see build script,1,2026-09-28,
entity_classifications_058f17b9c1df743d,event_editions,evt_147500cfa90914d9,term_9becc75b86733c1e,derived,title/location heuristic or reviewed series mapping; see build script,1,2026-09-28,
entity_classifications_b712451373b06823,event_editions,evt_9fec8a53a265ae19,term_9becc75b86733c1e,derived,title/location heuristic or reviewed series mapping; see build script,1,2026-09-28,
entity_classifications_af628e14e8c84d8c,event_editions,evt_0f6d1a6c3fae1cfc,term_9becc75b86733c1e,derived,title/location heuristic or reviewed series mapping; see build script,1,2026-09-28,
entity_classifications_6996044153cdd330,event_editions,evt_06f48dc3ff160fb5,term_9becc75b86733c1e,derived,title/location heuristic or reviewed series mapping; see build script,1,2026-09-28,
entity_classifications_9ef46c507c088641,event_editions,evt_0355b87b3a651cd0,term_9becc75b86733c1e,derived,title/location heuristic or reviewed series mapping; see build script,1,2026-09-28,
entity_classifications_c0e94be93292ddda,event_editions,evt_7be1afe31fdc7845,term_9becc75b86733c1e,derived,title/location heuristic or reviewed series mapping; see build script,1,2026-09-28,
entity_classifications_2919cf6ba3921b85,event_editions,evt_e71a406f3b0fa531,term_9becc75b86733c1e,derived,title/location heuristic or reviewed series mapping; see build script,1,2026-09-28,
entity_classifications_1b457b8d59cf34ba,event_editions,evt_f798e484992d5b1b,term_9becc75b86733c1e,derived,title/location heuristic or reviewed series mapping; see build script,1,2026-09-28,
entity_classifications_051ea038d34068a9,event_editions,evt_2d2d41528f907e46,term_9becc75b86733c1e,derived,title/location heuristic or reviewed series mapping; see build script,1,2026-09-28,
entity_classifications_e251400e012860c2,event_editions,evt_574acdad21541ab7,term_9becc75b86733c1e,derived,title/location heuristic or reviewed series mapping; see build script,1,2026-09-28,
entity_classifications_23388cf68d748e11,event_editions,evt_51726b2b9748cc13,term_9becc75b86733c1e,derived,title/location heuristic or reviewed series mapping; see build script,1,2026-09-28,
entity_classifications_b7751ac3859e1186,event_editions,evt_9438314c52d10a5f,term_9becc75b86733c1e,derived,title/location heuristic or reviewed series mapping; see build script,1,2026-09-28,
entity_classifications_6354173709cd479a,event_editions,evt_7d91fd45d4ad6656,term_9becc75b86733c1e,derived,title/location heuristic or reviewed series mapping; see build script,1,2026-09-28,
entity_classifications_3907231494c5675c,event_editions,evt_1b054a5be4857f9d,term_9becc75b86733c1e,derived,title/location heuristic or reviewed series mapping; see build script,1,2026-09-28,
entity_classifications_948619604258e621,event_editions,evt_64f78dcb201c1c85,term_9becc75b86733c1e,derived,title/location heuristic or reviewed series mapping; see build script,1,2026-09-28,
entity_classifications_96f62a0c86546086,event_editions,evt_ae92aca8a9b313d1,term_9becc75b86733c1e,derived,title/location heuristic or reviewed series mapping; see build script,1,2026-09-28,
entity_classifications_4d48912c9af1b03d,event_editions,evt_7aead375d92504bc,term_9becc75b86733c1e,derived,title/location heuristic or reviewed series mapping; see build script,1,2026-09-28,
entity_classifications_d0ef21378f52d82a,event_editions,evt_9380dc33312e8f10,term_9becc75b86733c1e,derived,title/location heuristic or reviewed series mapping; see build script,1,2026-09-28,
entity_classifications_359bf93f4656a187,event_editions,evt_bb0e6f1c48b8f02d,term_9becc75b86733c1e,derived,title/location heuristic or reviewed series mapping; see build script,1,2026-09-28,
entity_classifications_8da19f2aa1274139,event_editions,evt_38c7a7ad6251ac77,term_9becc75b86733c1e,derived,title/location heuristic or reviewed series mapping; see build script,1,2026-09-28,
entity_classifications_2aefbd2798f7c27f,event_editions,evt_ac8a880342244e27,term_9becc75b86733c1e,derived,title/location heuristic or reviewed series mapping; see build script,1,2026-09-28,
entity_classifications_36236395b48cefca,event_editions,evt_926d0c5909a230f4,term_9becc75b86733c1e,derived,title/location heuristic or reviewed series mapping; see build script,1,2026-09-28,
entity_classifications_c19fb66a937f8660,event_editions,evt_7d9e15c22ceb5248,term_9becc75b86733c1e,derived,title/location heuristic or reviewed series mapping; see build script,1,2026-09-28,
entity_classifications_995d9bc90fae49d3,event_editions,evt_9da972220c78ac0f,term_9becc75b86733c1e,derived,title/location heuristic or reviewed series mapping; see build script,1,2026-09-28,
entity_classifications_87836392d1f22158,event_editions,evt_40c98b9afafcca48,term_9becc75b86733c1e,derived,title/location heuristic or reviewed series mapping; see build script,1,2026-09-28,
entity_classifications_dd463eae531ead19,event_editions,evt_f5d9e95bbf6625b6,term_9becc75b86733c1e,derived,title/location heuristic or reviewed series mapping; see build script,1,2026-09-28,
entity_classifications_2f66e91e0262c392,event_editions,evt_9ffc490f8edb96d9,term_9becc75b86733c1e,derived,title/location heuristic or reviewed series mapping; see build script,1,2026-09-28,
entity_classifications_7c83f7ca0ca63a96,event_editions,evt_0ae41afc27179678,term_9becc75b86733c1e,derived,title/location heuristic or reviewed series mapping; see build script,1,2026-09-28,
entity_classifications_f082ac0002417ab8,event_editions,evt_c43d6fa25b911b1b,term_9becc75b86733c1e,derived,title/location heuristic or reviewed series mapping; see build script,1,2026-09-28,
entity_classifications_9e821ebf7b13ac99,event_editions,evt_3a3a17d29cb47ddf,term_9becc75b86733c1e,derived,title/location heuristic or reviewed series mapping; see build script,1,2026-09-28,
entity_classifications_1fd9efec3a4a160f,event_editions,evt_132de8d7fad158fc,term_9becc75b86733c1e,derived,title/location heuristic or reviewed series mapping; see build script,1,2026-09-28,
entity_classifications_5e7c9499a851e5da,event_editions,evt_53b99dcbe87733d5,term_9becc75b86733c1e,derived,title/location heuristic or reviewed series mapping; see build script,1,2026-09-28,
entity_classifications_bf8d7b08f350a405,event_editions,evt_fed3b8927b216576,term_9becc75b86733c1e,derived,title/location heuristic or reviewed series mapping; see build script,1,2026-09-28,
entity_classifications_cc569c48f4c9cbf9,event_editions,evt_2b75480b2a0b31db,term_9becc75b86733c1e,derived,title/location heuristic or reviewed series mapping; see build script,1,2026-09-28,
entity_classifications_acfc34213885b268,event_editions,evt_36de83de5eb465b9,term_9becc75b86733c1e,derived,title/location heuristic or reviewed series mapping; see build script,1,2026-09-28,
entity_classifications_561daf8caa24c850,event_editions,evt_ad1da6a67a441a62,term_9becc75b86733c1e,derived,title/location heuristic or reviewed series mapping; see build script,1,2026-09-28,
entity_classifications_1f1d7af4809466c3,event_editions,evt_feaceefad5419946,term_9becc75b86733c1e,derived,title/location heuristic or reviewed series mapping; see build script,1,2026-09-28,
entity_classifications_4b1fb16aa44c183d,event_editions,evt_11c31c2a0de8a478,term_9becc75b86733c1e,derived,title/location heuristic or reviewed series mapping; see build script,1,2026-09-28,
entity_classifications_9f795869fe80546e,event_editions,evt_9229307f4a03bda8,term_9becc75b86733c1e,derived,title/location heuristic or reviewed series mapping; see build script,1,2026-09-28,
entity_classifications_c8c0500303554a0b,event_editions,evt_f43d8f3824570907,term_9becc75b86733c1e,derived,title/location heuristic or reviewed series mapping; see build script,1,2026-09-28,
entity_classifications_d2a608c4477f837a,event_editions,evt_2f9c5f04ea0084b0,term_9becc75b86733c1e,derived,title/location heuristic or reviewed series mapping; see build script,1,2026-09-28,
entity_classifications_103bfa6774a9c657,event_editions,evt_ae454a4e1b8f8bd8,term_9becc75b86733c1e,derived,title/location heuristic or reviewed series mapping; see build script,1,2026-09-28,
entity_classifications_3a6b6e379eb69455,event_editions,evt_f3bb6642e1fcc7fb,term_9becc75b86733c1e,derived,title/location heuristic or reviewed series mapping; see build script,1,2026-09-28,
entity_classifications_46280439e2c6d157,event_editions,evt_25950ba71af2a165,term_9becc75b86733c1e,derived,title/location heuristic or reviewed series mapping; see build script,1,2026-09-28,
entity_classifications_c97310096c1c5899,event_editions,evt_b5e94cedf38673f2,term_9becc75b86733c1e,derived,title/location heuristic or reviewed series mapping; see build script,1,2026-09-28,
entity_classifications_c773639f1d8acae2,event_editions,evt_1a93eb424a2526b6,term_9becc75b86733c1e,derived,title/location heuristic or reviewed series mapping; see build script,1,2026-09-28,
entity_classifications_044c194c1d55fef3,event_editions,evt_ea11e3447c07ca2f,term_9becc75b86733c1e,derived,title/location heuristic or reviewed series mapping; see build script,1,2026-09-28,
entity_classifications_467a8543428c01d7,event_editions,evt_390332e6860314f0,term_9becc75b86733c1e,derived,title/location heuristic or reviewed series mapping; see build script,1,2026-09-28,
entity_classifications_50733e42fc008e73,event_editions,evt_650ddc78bc019015,term_9becc75b86733c1e,derived,title/location heuristic or reviewed series mapping; see build script,1,2026-09-28,
entity_classifications_91080467a37d86bc,event_editions,evt_ccac4dd1f0638450,term_9becc75b86733c1e,derived,title/location heuristic or reviewed series mapping; see build script,1,2026-09-28,
entity_classifications_009245f03d5ac756,event_editions,evt_cf8c0af0c3218349,term_9becc75b86733c1e,derived,title/location heuristic or reviewed series mapping; see build script,1,2026-09-28,
entity_classifications_95d2089ac60458f4,event_editions,evt_1d0d19da82fa82a6,term_9becc75b86733c1e,derived,title/location heuristic or reviewed series mapping; see build script,1,2026-09-28,
entity_classifications_eae555a7e6bd4bda,event_editions,evt_4ab04e025f5b553b,term_9becc75b86733c1e,derived,title/location heuristic or reviewed series mapping; see build script,1,2026-09-28,
entity_classifications_a2d64391e38f16e5,event_editions,evt_e6aac56b643c6ca9,term_9becc75b86733c1e,derived,title/location heuristic or reviewed series mapping; see build script,1,2026-09-28,
entity_classifications_8f0a448e59731967,event_editions,evt_abfbbd2a291ab0fa,term_9becc75b86733c1e,derived,title/location heuristic or reviewed series mapping; see build script,1,2026-09-28,
entity_classifications_1e4fbeb54e9d0b1c,event_editions,evt_c8981e7f68a8796d,term_9becc75b86733c1e,derived,title/location heuristic or reviewed series mapping; see build script,1,2026-09-28,
entity_classifications_19685a2e2ad8f347,event_editions,evt_b85e54f37cedc3e1,term_9becc75b86733c1e,derived,title/location heuristic or reviewed series mapping; see build script,1,2026-09-28,
entity_classifications_f7555176ac97e0f7,event_editions,evt_06dae62d70342384,term_9becc75b86733c1e,derived,title/location heuristic or reviewed series mapping; see build script,1,2026-09-28,
entity_classifications_1b6924d03f435f27,event_editions,evt_97e632c8a9413bf1,term_9becc75b86733c1e,derived,title/location heuristic or reviewed series mapping; see build script,1,2026-09-28,
entity_classifications_26b05888d52e2e2d,event_editions,evt_5775e6ed4261750f,term_9becc75b86733c1e,derived,title/location heuristic or reviewed series mapping; see build script,1,2026-09-28,
entity_classifications_0ba52044a4df6c69,event_editions,evt_b0712561b57e07e4,term_9becc75b86733c1e,derived,title/location heuristic or reviewed series mapping; see build script,1,2026-09-28,
entity_classifications_9ef3a135e01155e4,event_editions,evt_769f69e41511e56f,term_9becc75b86733c1e,derived,title/location heuristic or reviewed series mapping; see build script,1,2026-09-28,
entity_classifications_6cf446478330cb17,event_editions,evt_3dbf2a3e7889e406,term_9becc75b86733c1e,derived,title/location heuristic or reviewed series mapping; see build script,1,2026-09-28,
entity_classifications_c07d017886e478f6,event_editions,evt_08856aa1c4fc6c27,term_9becc75b86733c1e,derived,title/location heuristic or reviewed series mapping; see build script,1,2026-09-28,
entity_classifications_19659dd2f182a8a5,event_editions,evt_f2e582d70f326322,term_9becc75b86733c1e,derived,title/location heuristic or reviewed series mapping; see build script,1,2026-09-28,
entity_classifications_8824ac514822ddf8,event_editions,evt_ed0e15d28ef07d67,term_9becc75b86733c1e,derived,title/location heuristic or reviewed series mapping; see build script,1,2026-09-28,
entity_classifications_3895fed86dc62a3f,event_editions,evt_2ac3662f74f40025,term_9becc75b86733c1e,derived,title/location heuristic or reviewed series mapping; see build script,1,2026-09-28,
entity_classifications_2b02d71747e52b11,event_editions,evt_68e94f5290e37ab2,term_9becc75b86733c1e,derived,title/location heuristic or reviewed series mapping; see build script,1,2026-09-28,
entity_classifications_68bda370ef09ccf9,event_editions,evt_762332d0bf0a4dc1,term_9becc75b86733c1e,derived,title/location heuristic or reviewed series mapping; see build script,1,2026-09-28,
entity_classifications_0f00dc5e471d2f44,event_editions,evt_5f21220a85f772c9,term_9becc75b86733c1e,derived,title/location heuristic or reviewed series mapping; see build script,1,2026-09-28,
entity_classifications_b60418d0334b0b7f,event_editions,evt_073e7405cb71e41e,term_9becc75b86733c1e,derived,title/location heuristic or reviewed series mapping; see build script,1,2026-09-28,
entity_classifications_70da46197563fe28,event_editions,evt_802b88216ceb7998,term_9becc75b86733c1e,derived,title/location heuristic or reviewed series mapping; see build script,1,2026-09-28,
entity_classifications_c726cf569b0e356c,event_editions,evt_9696594454178e99,term_9becc75b86733c1e,derived,title/location heuristic or reviewed series mapping; see build script,1,2026-09-28,
entity_classifications_f6ba462ad10be165,event_editions,evt_d35b78ba1b6c18bc,term_9becc75b86733c1e,derived,title/location heuristic or reviewed series mapping; see build script,1,2026-09-28,
entity_classifications_87e2ffc2d49d841f,event_editions,evt_11b9d115e276d7af,term_9becc75b86733c1e,derived,title/location heuristic or reviewed series mapping; see build script,1,2026-09-28,
entity_classifications_3bde3985afb3d4b1,event_editions,evt_51041de40c716b1a,term_9becc75b86733c1e,derived,title/location heuristic or reviewed series mapping; see build script,1,2026-09-28,
entity_classifications_17b24affc6210700,event_editions,evt_52cf5abd6e5d474d,term_9becc75b86733c1e,derived,title/location heuristic or reviewed series mapping; see build script,1,2026-09-28,
entity_classifications_a6fc6fce101f253b,event_editions,evt_4ef0b5307ada4c97,term_9becc75b86733c1e,derived,title/location heuristic or reviewed series mapping; see build script,1,2026-09-28,
entity_classifications_68e3cb4583f8b311,event_editions,evt_f01a36cbe6669134,term_9becc75b86733c1e,derived,title/location heuristic or reviewed series mapping; see build script,1,2026-09-28,
entity_classifications_d3379980ce5e8eb8,event_editions,evt_870f72c760655adf,term_9becc75b86733c1e,derived,title/location heuristic or reviewed series mapping; see build script,1,2026-09-28,
entity_classifications_6b724203f3ea2472,event_editions,evt_f2c0a2771e832053,term_9becc75b86733c1e,derived,title/location heuristic or reviewed series mapping; see build script,1,2026-09-28,
entity_classifications_eca4f90d2a05a1c3,event_editions,evt_e198763594e39dee,term_9becc75b86733c1e,derived,title/location heuristic or reviewed series mapping; see build script,1,2026-09-28,
entity_classifications_9dada71417651fe4,event_editions,evt_2bf9505324bf85eb,term_9becc75b86733c1e,derived,title/location heuristic or reviewed series mapping; see build script,1,2026-09-28,
entity_classifications_03e2c14a7cc0e64a,event_editions,evt_e497ba372846533a,term_9becc75b86733c1e,derived,title/location heuristic or reviewed series mapping; see build script,1,2026-09-28,
entity_classifications_ed82f5f030dd88e8,event_editions,evt_a4aeed716714356c,term_9becc75b86733c1e,derived,title/location heuristic or reviewed series mapping; see build script,1,2026-09-28,
entity_classifications_0a44d7d822bddcc0,event_editions,evt_0e1f6384833eac78,term_9becc75b86733c1e,derived,title/location heuristic or reviewed series mapping; see build script,1,2026-09-28,
entity_classifications_a28756559dfaf058,event_editions,evt_ad25736f103b5528,term_9becc75b86733c1e,derived,title/location heuristic or reviewed series mapping; see build script,1,2026-09-28,
entity_classifications_d8fcd45f82b2513a,event_editions,evt_ad4f2b5f7192f4f6,term_9becc75b86733c1e,derived,title/location heuristic or reviewed series mapping; see build script,1,2026-09-28,
entity_classifications_e24f1ee9dee2d150,event_editions,evt_67c8f78c473d42fa,term_9becc75b86733c1e,derived,title/location heuristic or reviewed series mapping; see build script,1,2026-09-28,
entity_classifications_c2c79faf7fdb7c56,event_editions,evt_9c3722d964fa5dbf,term_9becc75b86733c1e,derived,title/location heuristic or reviewed series mapping; see build script,1,2026-09-28,
entity_classifications_1d9e01884c549f72,event_editions,evt_c2f6a45a70543fb6,term_9becc75b86733c1e,derived,title/location heuristic or reviewed series mapping; see build script,1,2026-09-28,
entity_classifications_40a3c4ec43f1caa9,event_editions,evt_0fad3f94458fbf6b,term_9becc75b86733c1e,derived,title/location heuristic or reviewed series mapping; see build script,1,2026-09-28,
entity_classifications_4c2d519b976c1911,event_editions,evt_86c79aed44afdbd9,term_9becc75b86733c1e,derived,title/location heuristic or reviewed series mapping; see build script,1,2026-09-28,
entity_classifications_922917b13c1e1d49,event_editions,evt_f096526169daaaea,term_9becc75b86733c1e,derived,title/location heuristic or reviewed series mapping; see build script,1,2026-09-28,
entity_classifications_6ef7bdba2ad04952,event_editions,evt_d78bc39626b13783,term_9becc75b86733c1e,derived,title/location heuristic or reviewed series mapping; see build script,1,2026-09-28,
entity_classifications_cb6afbe8784999d5,event_editions,evt_4e6c0637cd679314,term_9becc75b86733c1e,derived,title/location heuristic or reviewed series mapping; see build script,1,2026-09-28,
entity_classifications_a678915f9d0d3abe,event_editions,evt_3e692238d6903478,term_9becc75b86733c1e,derived,title/location heuristic or reviewed series mapping; see build script,1,2026-09-28,
entity_classifications_1e2f6cea8db954fc,event_editions,evt_90eb3081c2d937d3,term_9becc75b86733c1e,derived,title/location heuristic or reviewed series mapping; see build script,1,2026-09-28,
entity_classifications_8365d4852c3464a6,event_editions,evt_44f60cd191aa5a7e,term_9becc75b86733c1e,derived,title/location heuristic or reviewed series mapping; see build script,1,2026-09-28,
entity_classifications_b24594f8f18b2b1a,event_editions,evt_4dfa882fd35b0af1,term_9becc75b86733c1e,derived,title/location heuristic or reviewed series mapping; see build script,1,2026-09-28,
entity_classifications_eb88825be5f02122,event_editions,evt_dd36adad3729b7b4,term_9becc75b86733c1e,derived,title/location heuristic or reviewed series mapping; see build script,1,2026-09-28,
entity_classifications_e132188560174980,event_editions,evt_4c6259b01f469950,term_9becc75b86733c1e,derived,title/location heuristic or reviewed series mapping; see build script,1,2026-09-28,
entity_classifications_da5e7428ffb42ea8,event_editions,evt_b8d7930d73c2506f,term_9becc75b86733c1e,derived,title/location heuristic or reviewed series mapping; see build script,1,2026-09-28,
entity_classifications_675ee55424ccadad,event_editions,evt_53b07d74b943bfcd,term_9becc75b86733c1e,derived,title/location heuristic or reviewed series mapping; see build script,1,2026-09-28,
entity_classifications_ed43fb5207b9a533,event_editions,evt_edd2360b201a78fe,term_9becc75b86733c1e,derived,title/location heuristic or reviewed series mapping; see build script,1,2026-09-28,
entity_classifications_27f4855f14e64df0,event_editions,evt_8557c23d2cc16405,term_9becc75b86733c1e,derived,title/location heuristic or reviewed series mapping; see build script,1,2026-09-28,
entity_classifications_57f05ef3a9f9735c,event_editions,evt_61070dcbb7aabb48,term_9becc75b86733c1e,derived,title/location heuristic or reviewed series mapping; see build script,1,2026-09-28,
entity_classifications_689a6e3f554ade0c,event_editions,evt_a329971d8df8f372,term_9becc75b86733c1e,derived,title/location heuristic or reviewed series mapping; see build script,1,2026-09-28,
entity_classifications_8575ce3ed9e695b7,event_editions,evt_8c3960a9c3b5dfee,term_9becc75b86733c1e,derived,title/location heuristic or reviewed series mapping; see build script,1,2026-09-28,
entity_classifications_fa2f2962940b89da,event_editions,evt_d806eb7f327b9a36,term_9becc75b86733c1e,derived,title/location heuristic or reviewed series mapping; see build script,1,2026-09-28,
entity_classifications_591d24f0fd8ed0c5,event_editions,evt_ae0c3044450d5cbe,term_9becc75b86733c1e,derived,title/location heuristic or reviewed series mapping; see build script,1,2026-09-28,
entity_classifications_792f651e21192d4e,event_editions,evt_5680373b40dfde88,term_9becc75b86733c1e,derived,title/location heuristic or reviewed series mapping; see build script,1,2026-09-28,
entity_classifications_88a8c8a96194db27,event_editions,evt_471cc8abcc5c8600,term_9becc75b86733c1e,derived,title/location heuristic or reviewed series mapping; see build script,1,2026-09-28,
entity_classifications_b3c75918cb32747f,event_editions,evt_4acc5f2f080c60c2,term_9becc75b86733c1e,derived,title/location heuristic or reviewed series mapping; see build script,1,2026-09-28,
entity_classifications_cd96d1ab874e26c0,event_editions,evt_29cc8dea6e758db0,term_9becc75b86733c1e,derived,title/location heuristic or reviewed series mapping; see build script,1,2026-09-28,
entity_classifications_d332f0bcf9d27f07,event_editions,evt_16703effc2966760,term_9becc75b86733c1e,derived,title/location heuristic or reviewed series mapping; see build script,1,2026-09-28,
entity_classifications_f6fd3305b1e9fd75,event_editions,evt_25111667fe793aef,term_9becc75b86733c1e,derived,title/location heuristic or reviewed series mapping; see build script,1,2026-09-28,
entity_classifications_06912c74a7262c58,event_editions,evt_9db8ca2b7bbcf002,term_9becc75b86733c1e,derived,title/location heuristic or reviewed series mapping; see build script,1,2026-09-28,
entity_classifications_05c52713f4219b3e,event_editions,evt_e61cb342937003e8,term_9becc75b86733c1e,derived,title/location heuristic or reviewed series mapping; see build script,1,2026-09-28,
entity_classifications_6165c724eec9017f,event_editions,evt_114520af2074ae97,term_9becc75b86733c1e,derived,title/location heuristic or reviewed series mapping; see build script,1,2026-09-28,
entity_classifications_2077bab26d1fbe3d,event_editions,evt_e7d9e9f4f601a4c2,term_9becc75b86733c1e,derived,title/location heuristic or reviewed series mapping; see build script,1,2026-09-28,
entity_classifications_d928665eb9965b56,event_editions,evt_fb233c8aaad78e97,term_9becc75b86733c1e,derived,title/location heuristic or reviewed series mapping; see build script,1,2026-09-28,
entity_classifications_f9652f8adc90fc95,event_editions,evt_e45f72feda5af522,term_9becc75b86733c1e,derived,title/location heuristic or reviewed series mapping; see build script,1,2026-09-28,
entity_classifications_27e78564fbd97bb8,event_editions,evt_3e054b00e3fa046b,term_9becc75b86733c1e,derived,title/location heuristic or reviewed series mapping; see build script,1,2026-09-28,
entity_classifications_2c673711fd6bc03f,event_editions,evt_7f5d129c1c94e4c3,term_9becc75b86733c1e,derived,title/location heuristic or reviewed series mapping; see build script,1,2026-09-28,
entity_classifications_3ab48cec74a7fc3c,event_editions,evt_6d3d62bb4183fbea,term_9becc75b86733c1e,derived,title/location heuristic or reviewed series mapping; see build script,1,2026-09-28,
entity_classifications_d05239d844d18faf,event_editions,evt_2232773f76942f6b,term_9becc75b86733c1e,derived,title/location heuristic or reviewed series mapping; see build script,1,2026-09-28,
entity_classifications_453966de86f41455,event_editions,evt_6c6b2bd7294cb9dd,term_9becc75b86733c1e,derived,title/location heuristic or reviewed series mapping; see build script,1,2026-09-28,
entity_classifications_7829aea8cef014a7,event_editions,evt_5b3c51f4014ebc73,term_9becc75b86733c1e,derived,title/location heuristic or reviewed series mapping; see build script,1,2026-09-28,
entity_classifications_af3d3ea944150f0d,event_editions,evt_eb5c38a8ebf8e3ba,term_9becc75b86733c1e,derived,title/location heuristic or reviewed series mapping; see build script,1,2026-09-28,
entity_classifications_75f6f4a5ad0d04b5,event_editions,evt_aa1fb7276639f410,term_9becc75b86733c1e,derived,title/location heuristic or reviewed series mapping; see build script,1,2026-09-28,
entity_classifications_db08f819b0d9e5bb,event_editions,evt_a106cd5418baf41d,term_9becc75b86733c1e,derived,title/location heuristic or reviewed series mapping; see build script,1,2026-09-28,
entity_classifications_14fa8552ceb5f1af,event_editions,evt_f7f941f37fc9424b,term_9becc75b86733c1e,derived,title/location heuristic or reviewed series mapping; see build script,1,2026-09-28,
entity_classifications_0a79702957626a1a,event_editions,evt_20ccee0b7a792a00,term_9becc75b86733c1e,derived,title/location heuristic or reviewed series mapping; see build script,1,2026-09-28,
entity_classifications_8b45223443f85bcb,event_editions,evt_128d383a03229bc7,term_9becc75b86733c1e,derived,title/location heuristic or reviewed series mapping; see build script,1,2026-09-28,
entity_classifications_5a37b8f51edfd339,event_editions,evt_39a8c023fcba83e3,term_9becc75b86733c1e,derived,title/location heuristic or reviewed series mapping; see build script,1,2026-09-28,
entity_classifications_38df3a0a33bd567e,event_editions,evt_45b6b479966bf940,term_9becc75b86733c1e,derived,title/location heuristic or reviewed series mapping; see build script,1,2026-09-28,
entity_classifications_771941c846986b24,event_editions,evt_936ce99df98b9f03,term_9becc75b86733c1e,derived,title/location heuristic or reviewed series mapping; see build script,1,2026-09-28,
entity_classifications_fbb27d229eba6ac7,event_editions,evt_b789e173e9102f0f,term_9becc75b86733c1e,derived,title/location heuristic or reviewed series mapping; see build script,1,2026-09-28,
entity_classifications_ca155e5c0babe43a,event_editions,evt_86857c9facd08afb,term_9becc75b86733c1e,derived,title/location heuristic or reviewed series mapping; see build script,1,2026-09-28,
entity_classifications_0193b52ddb67d002,event_editions,evt_dbf730a614dd92b9,term_9becc75b86733c1e,derived,title/location heuristic or reviewed series mapping; see build script,1,2026-09-28,
entity_classifications_841f0de5dbf2ad01,event_editions,evt_ce6bd55ee3cb5a28,term_9becc75b86733c1e,derived,title/location heuristic or reviewed series mapping; see build script,1,2026-09-28,
entity_classifications_a8bfd9f2b82bd869,event_editions,evt_1d05bca07ece853a,term_9becc75b86733c1e,derived,title/location heuristic or reviewed series mapping; see build script,1,2026-09-28,
entity_classifications_91f5cfc919127959,event_editions,evt_e870860652ad0659,term_9becc75b86733c1e,derived,title/location heuristic or reviewed series mapping; see build script,1,2026-09-28,
entity_classifications_8fd48679e756cdc4,event_editions,evt_a0ed01477347f0b3,term_9becc75b86733c1e,derived,title/location heuristic or reviewed series mapping; see build script,1,2026-09-28,
entity_classifications_c83ae9b873f169e4,event_editions,evt_fa0deb12b9bcb563,term_9becc75b86733c1e,derived,title/location heuristic or reviewed series mapping; see build script,1,2026-09-28,
entity_classifications_7440cb42e4b2f379,event_editions,evt_7998c14a9b151525,term_9becc75b86733c1e,derived,title/location heuristic or reviewed series mapping; see build script,1,2026-09-28,
entity_classifications_94e89650f871840a,event_editions,evt_170e4b8fe0a35df5,term_9becc75b86733c1e,derived,title/location heuristic or reviewed series mapping; see build script,1,2026-09-28,
entity_classifications_6c6f7981ece46d57,event_editions,evt_5bb6b4c24823702f,term_9becc75b86733c1e,derived,title/location heuristic or reviewed series mapping; see build script,1,2026-09-28,
entity_classifications_5dcb2787b253d451,event_editions,evt_250e9cbd9003182d,term_9becc75b86733c1e,derived,title/location heuristic or reviewed series mapping; see build script,1,2026-09-28,
entity_classifications_5a53ac28aab45504,event_editions,evt_14b6677bf81e7c36,term_9becc75b86733c1e,derived,title/location heuristic or reviewed series mapping; see build script,1,2026-09-28,
entity_classifications_e3191fce601fd416,event_editions,evt_b851210d9a74379e,term_9becc75b86733c1e,derived,title/location heuristic or reviewed series mapping; see build script,1,2026-09-28,
entity_classifications_0fd2e9db34058663,event_editions,evt_237861083c443362,term_9becc75b86733c1e,derived,title/location heuristic or reviewed series mapping; see build script,1,2026-09-28,
entity_classifications_3d742b5a6f92ff72,event_editions,evt_ef3c4e690f28e459,term_9becc75b86733c1e,derived,title/location heuristic or reviewed series mapping; see build script,1,2026-09-28,
entity_classifications_77b357e2079b7c99,event_editions,evt_ee7acf29da624ebc,term_9becc75b86733c1e,derived,title/location heuristic or reviewed series mapping; see build script,1,2026-09-28,
entity_classifications_63d3212313cb67cc,event_editions,evt_844ac8fd0a22bbb6,term_9becc75b86733c1e,derived,title/location heuristic or reviewed series mapping; see build script,1,2026-09-28,
entity_classifications_a208b6495537f83a,event_editions,evt_a1e626ca691ddef7,term_9becc75b86733c1e,derived,title/location heuristic or reviewed series mapping; see build script,1,2026-09-28,
entity_classifications_402719e5dbf0ca1e,event_editions,evt_8f5c1797d6c6249c,term_9becc75b86733c1e,derived,title/location heuristic or reviewed series mapping; see build script,1,2026-09-28,
entity_classifications_192eab7d34db1c78,event_editions,evt_445347a494f931ef,term_9becc75b86733c1e,derived,title/location heuristic or reviewed series mapping; see build script,1,2026-09-28,
entity_classifications_6846063ee99ad44d,event_editions,evt_3236511c5fbdb9e3,term_9becc75b86733c1e,derived,title/location heuristic or reviewed series mapping; see build script,1,2026-09-28,
entity_classifications_d525dd79c802ff17,event_editions,evt_ce15cf16caf5d3bd,term_9becc75b86733c1e,derived,title/location heuristic or reviewed series mapping; see build script,1,2026-09-28,
entity_classifications_d28c353be5c4d5f2,event_editions,evt_01e4061c934330c2,term_9becc75b86733c1e,derived,title/location heuristic or reviewed series mapping; see build script,1,2026-09-28,
entity_classifications_5eb990ae9d010ac0,event_editions,evt_be221b6a281285cf,term_9becc75b86733c1e,derived,title/location heuristic or reviewed series mapping; see build script,1,2026-09-28,
entity_classifications_d8f5360ccab1e497,event_editions,evt_658920bbec4ba64d,term_9becc75b86733c1e,derived,title/location heuristic or reviewed series mapping; see build script,1,2026-09-28,
entity_classifications_525c1d1c6d1136b5,event_editions,evt_d8df7f1b0ef08363,term_9becc75b86733c1e,derived,title/location heuristic or reviewed series mapping; see build script,1,2026-09-28,
entity_classifications_2b65e77bf86b62ac,event_editions,evt_7857b6e5b61e8113,term_9becc75b86733c1e,derived,title/location heuristic or reviewed series mapping; see build script,1,2026-09-28,
entity_classifications_dbbccd0190f91765,event_editions,evt_41f0bbf19e40cb92,term_9becc75b86733c1e,derived,title/location heuristic or reviewed series mapping; see build script,1,2026-09-28,
entity_classifications_bf49f9453d7bacda,event_editions,evt_37e193b096bf6988,term_9becc75b86733c1e,derived,title/location heuristic or reviewed series mapping; see build script,1,2026-09-28,
entity_classifications_084ec71c2f7294d4,event_editions,evt_48d9533c09b78d56,term_9becc75b86733c1e,derived,title/location heuristic or reviewed series mapping; see build script,1,2026-09-28,
entity_classifications_b521badf59aca19a,event_editions,evt_4b39c8f5211cfee6,term_9becc75b86733c1e,derived,title/location heuristic or reviewed series mapping; see build script,1,2026-09-28,
entity_classifications_38205f2c8ae37b88,event_editions,evt_92297a4781aaf106,term_9becc75b86733c1e,derived,title/location heuristic or reviewed series mapping; see build script,1,2026-09-28,
entity_classifications_987f74a801e81246,event_editions,evt_3f34c2034941660a,term_9becc75b86733c1e,derived,title/location heuristic or reviewed series mapping; see build script,1,2026-09-28,
entity_classifications_0e65d4ba2e4b2a11,event_editions,evt_8bddd768c74e9754,term_9becc75b86733c1e,derived,title/location heuristic or reviewed series mapping; see build script,1,2026-09-28,
entity_classifications_c0081dfc5bfbd670,event_editions,evt_37fa3737c02797d8,term_9becc75b86733c1e,derived,title/location heuristic or reviewed series mapping; see build script,1,2026-09-28,
entity_classifications_5c22f76d9222c4cc,event_editions,evt_c67a0800fc2cf273,term_9becc75b86733c1e,derived,title/location heuristic or reviewed series mapping; see build script,1,2026-09-28,
entity_classifications_ffa07bd91ddabf54,event_editions,evt_da11409b3457546b,term_9becc75b86733c1e,derived,title/location heuristic or reviewed series mapping; see build script,1,2026-09-28,
entity_classifications_9069c85c7422acbc,event_editions,evt_7aad3c54d1952d65,term_9becc75b86733c1e,derived,title/location heuristic or reviewed series mapping; see build script,1,2026-09-28,
entity_classifications_738462427c8d3cdd,event_editions,evt_66cd1d9936a0e2d1,term_9becc75b86733c1e,derived,title/location heuristic or reviewed series mapping; see build script,1,2026-09-28,
entity_classifications_8de64e544e714627,event_editions,evt_a66563042f9f42be,term_9becc75b86733c1e,derived,title/location heuristic or reviewed series mapping; see build script,1,2026-09-28,
entity_classifications_3e831d8a77a12fca,event_editions,evt_b3e8d71af5ec4f2c,term_9becc75b86733c1e,derived,title/location heuristic or reviewed series mapping; see build script,1,2026-09-28,
entity_classifications_5b57de27b7d297fa,event_editions,evt_a5decb723fa4730b,term_9becc75b86733c1e,derived,title/location heuristic or reviewed series mapping; see build script,1,2026-09-28,
entity_classifications_4eb16a7cec31d0ea,event_editions,evt_ed09337171ba36bf,term_9becc75b86733c1e,derived,title/location heuristic or reviewed series mapping; see build script,1,2026-09-28,
entity_classifications_3c67590be6a6b4b7,event_editions,evt_efe17b6e56fd5572,term_9becc75b86733c1e,derived,title/location heuristic or reviewed series mapping; see build script,1,2026-09-28,
entity_classifications_6a737e8487de08b9,event_editions,evt_5c167a612ca8d75a,term_9becc75b86733c1e,derived,title/location heuristic or reviewed series mapping; see build script,1,2026-09-28,
entity_classifications_72442e4ed0736bba,event_editions,evt_139bb8e3fe07cc24,term_9becc75b86733c1e,derived,title/location heuristic or reviewed series mapping; see build script,1,2026-09-28,
entity_classifications_0d5572dd0f0db20a,event_editions,evt_dd777393fb267ac4,term_9becc75b86733c1e,derived,title/location heuristic or reviewed series mapping; see build script,1,2026-09-28,
entity_classifications_ace31e419cc016e3,event_editions,evt_6104738bf7f342d5,term_9becc75b86733c1e,derived,title/location heuristic or reviewed series mapping; see build script,1,2026-09-28,
entity_classifications_b5f496ab01893a57,event_editions,evt_760e30916c3407e0,term_9becc75b86733c1e,derived,title/location heuristic or reviewed series mapping; see build script,1,2026-09-28,
entity_classifications_efcaaeee6fd9529c,event_editions,evt_bdcbfa76e15b364c,term_9becc75b86733c1e,derived,title/location heuristic or reviewed series mapping; see build script,1,2026-09-28,
entity_classifications_643fcaf2254e18f3,event_editions,evt_3bcd8de3ab5c000e,term_9becc75b86733c1e,derived,title/location heuristic or reviewed series mapping; see build script,1,2026-09-28,
entity_classifications_390453778e004628,event_editions,evt_c85b800434c82e89,term_9becc75b86733c1e,derived,title/location heuristic or reviewed series mapping; see build script,1,2026-09-28,
entity_classifications_a0d49b4958e565b6,event_editions,evt_d0efbb7202548412,term_9becc75b86733c1e,derived,title/location heuristic or reviewed series mapping; see build script,1,2026-09-28,
entity_classifications_0508e1d74a004bdb,event_editions,evt_3db6955dac280dc7,term_9becc75b86733c1e,derived,title/location heuristic or reviewed series mapping; see build script,1,2026-09-28,
entity_classifications_ca45fc20cf73a475,event_editions,evt_41ce7e5d9eb3b27f,term_9becc75b86733c1e,derived,title/location heuristic or reviewed series mapping; see build script,1,2026-09-28,
entity_classifications_d6f2711cd467393a,event_editions,evt_5c2c88495656db3b,term_9becc75b86733c1e,derived,title/location heuristic or reviewed series mapping; see build script,1,2026-09-28,
entity_classifications_df18cade530222bf,event_editions,evt_aaf98d0fc4d7f8db,term_9becc75b86733c1e,derived,title/location heuristic or reviewed series mapping; see build script,1,2026-09-28,
entity_classifications_292334ac68929c83,event_editions,evt_0611b9f3cde6cf20,term_9becc75b86733c1e,derived,title/location heuristic or reviewed series mapping; see build script,1,2026-09-28,
entity_classifications_4f62b1b25dfa07ce,event_editions,evt_b5aae5c6c0fb93c5,term_9becc75b86733c1e,derived,title/location heuristic or reviewed series mapping; see build script,1,2026-09-28,
entity_classifications_fd6f978846ac7923,event_editions,evt_9f891a159c7bbec0,term_9becc75b86733c1e,derived,title/location heuristic or reviewed series mapping; see build script,1,2026-09-28,
entity_classifications_77389dc1ed304a4e,event_editions,evt_ef7800e95f8ac383,term_9becc75b86733c1e,derived,title/location heuristic or reviewed series mapping; see build script,1,2026-09-28,
entity_classifications_90735ee3c44fb7d7,event_editions,evt_9de44038af9835c6,term_9becc75b86733c1e,derived,title/location heuristic or reviewed series mapping; see build script,1,2026-09-28,
entity_classifications_775fc18f6825da51,event_editions,evt_deb65e7bf14584b1,term_9becc75b86733c1e,derived,title/location heuristic or reviewed series mapping; see build script,1,2026-09-28,
entity_classifications_b1f345fe885500ce,event_editions,evt_54616bd8f4394e1a,term_9becc75b86733c1e,derived,title/location heuristic or reviewed series mapping; see build script,1,2026-09-28,
entity_classifications_33f91b9f5e1db7b4,event_editions,evt_297a33a6d4ca6bbe,term_9becc75b86733c1e,derived,title/location heuristic or reviewed series mapping; see build script,1,2026-09-28,
entity_classifications_397c4498995b0a84,event_editions,evt_9c1c29547f87b7cf,term_9becc75b86733c1e,derived,title/location heuristic or reviewed series mapping; see build script,1,2026-09-28,
entity_classifications_5982c1d5e155ed39,event_editions,evt_00bcf0d9ffdab436,term_9becc75b86733c1e,derived,title/location heuristic or reviewed series mapping; see build script,1,2026-09-28,
entity_classifications_2ab65a2bfc6e37fe,event_editions,evt_0d678bd87419fb42,term_9becc75b86733c1e,derived,title/location heuristic or reviewed series mapping; see build script,1,2026-09-28,
entity_classifications_a9bc983dba0a21e9,event_editions,evt_b2785723547d9f93,term_9becc75b86733c1e,derived,title/location heuristic or reviewed series mapping; see build script,1,2026-09-28,
entity_classifications_122632d2e1d6fd5f,event_editions,evt_74610ad3e150a658,term_9becc75b86733c1e,derived,title/location heuristic or reviewed series mapping; see build script,1,2026-09-28,
entity_classifications_bd34b24434411fc7,event_editions,evt_7ad8465d3f7e9d49,term_9becc75b86733c1e,derived,title/location heuristic or reviewed series mapping; see build script,1,2026-09-28,
entity_classifications_51d502690df38aae,event_editions,evt_fdbd689a6182dd06,term_9becc75b86733c1e,derived,title/location heuristic or reviewed series mapping; see build script,1,2026-09-28,
entity_classifications_26f86fd630a344f6,event_editions,evt_33bde9ebde92de31,term_9becc75b86733c1e,derived,title/location heuristic or reviewed series mapping; see build script,1,2026-09-28,
entity_classifications_11b96bfbeec14606,event_editions,evt_a2620ac1885e7bfb,term_9becc75b86733c1e,derived,title/location heuristic or reviewed series mapping; see build script,1,2026-09-28,
entity_classifications_af5417ea9bf97b17,event_editions,evt_b22971bfb1a27ed6,term_9becc75b86733c1e,derived,title/location heuristic or reviewed series mapping; see build script,1,2026-09-28,
entity_classifications_44d3948305aa1723,event_editions,evt_404d84596af4ef95,term_9becc75b86733c1e,derived,title/location heuristic or reviewed series mapping; see build script,1,2026-09-28,
entity_classifications_7c0a0bed07833fda,event_editions,evt_0631c3cfb3c6e098,term_9becc75b86733c1e,derived,title/location heuristic or reviewed series mapping; see build script,1,2026-09-28,
entity_classifications_251f50706e260e12,event_editions,evt_57ecf42ccd9ab381,term_9becc75b86733c1e,derived,title/location heuristic or reviewed series mapping; see build script,1,2026-09-28,
entity_classifications_7622501b311b3336,event_editions,evt_0e8d3cac5415913d,term_9becc75b86733c1e,derived,title/location heuristic or reviewed series mapping; see build script,1,2026-09-28,
entity_classifications_94ed5d0a7642fd5c,event_editions,evt_6510146ff10d9a69,term_9becc75b86733c1e,derived,title/location heuristic or reviewed series mapping; see build script,1,2026-09-28,
entity_classifications_98d29fc357725850,event_editions,evt_3fe2f73a2602b6e9,term_9becc75b86733c1e,derived,title/location heuristic or reviewed series mapping; see build script,1,2026-09-28,
entity_classifications_c5fbe441affad613,event_editions,evt_1936bd31f6d0da12,term_9becc75b86733c1e,derived,title/location heuristic or reviewed series mapping; see build script,1,2026-09-28,
entity_classifications_5925388e6a8f1a29,event_editions,evt_50204350f64d8341,term_9becc75b86733c1e,derived,title/location heuristic or reviewed series mapping; see build script,1,2026-09-28,
entity_classifications_4bcd5fed6fc4c06c,event_editions,evt_a9df4aa4f0c59e41,term_9becc75b86733c1e,derived,title/location heuristic or reviewed series mapping; see build script,1,2026-09-28,
entity_classifications_2ccfcb3beef3ad7f,event_editions,evt_4afc5a8d48e6af22,term_9becc75b86733c1e,derived,title/location heuristic or reviewed series mapping; see build script,1,2026-09-28,
entity_classifications_c94a94e3bda04039,event_editions,evt_0d1ddc84cd41f2d6,term_9becc75b86733c1e,derived,title/location heuristic or reviewed series mapping; see build script,1,2026-09-28,
entity_classifications_5602dce913717366,event_editions,evt_67e7ddb82f22d155,term_9becc75b86733c1e,derived,title/location heuristic or reviewed series mapping; see build script,1,2026-09-28,
entity_classifications_0bb71cbbeac59b8b,event_editions,evt_5cdd70a815217204,term_9becc75b86733c1e,derived,title/location heuristic or reviewed series mapping; see build script,1,2026-09-28,
entity_classifications_86240066714a7f7e,event_editions,evt_3de6f81a748d1ff2,term_9becc75b86733c1e,derived,title/location heuristic or reviewed series mapping; see build script,1,2026-09-28,
entity_classifications_8a42d2302b36e9a1,event_editions,evt_06a4ef859b8ffa95,term_9becc75b86733c1e,derived,title/location heuristic or reviewed series mapping; see build script,1,2026-09-28,
entity_classifications_858043c96fbd335e,event_editions,evt_089b29f7a862852b,term_9becc75b86733c1e,derived,title/location heuristic or reviewed series mapping; see build script,1,2026-09-28,
entity_classifications_47457d5a3c8877ab,event_editions,evt_920139456a6959c8,term_9becc75b86733c1e,derived,title/location heuristic or reviewed series mapping; see build script,1,2026-09-28,
entity_classifications_f478a3af35f6d460,event_editions,evt_6c4c049d26869e0b,term_9becc75b86733c1e,derived,title/location heuristic or reviewed series mapping; see build script,1,2026-09-28,
entity_classifications_a636c60c911bfd9d,event_editions,evt_5ae4d3c86fbc9f55,term_9becc75b86733c1e,derived,title/location heuristic or reviewed series mapping; see build script,1,2026-09-28,
entity_classifications_4c49c95078b11499,event_editions,evt_256ca699c1ec267e,term_9becc75b86733c1e,derived,title/location heuristic or reviewed series mapping; see build script,1,2026-09-28,
entity_classifications_b127e92ea618e4bc,event_editions,evt_ed7da201fe6279d6,term_9becc75b86733c1e,derived,title/location heuristic or reviewed series mapping; see build script,1,2026-09-28,
entity_classifications_1efd2fc66bb3b095,event_editions,evt_89cf10578ce09a61,term_9becc75b86733c1e,derived,title/location heuristic or reviewed series mapping; see build script,1,2026-09-28,
entity_classifications_72489991895aebdd,event_editions,evt_1e50542671b4be2e,term_9becc75b86733c1e,derived,title/location heuristic or reviewed series mapping; see build script,1,2026-09-28,
entity_classifications_a9264eb47f593788,event_editions,evt_6c3f273c022c3ada,term_9becc75b86733c1e,derived,title/location heuristic or reviewed series mapping; see build script,1,2026-09-28,
entity_classifications_3c28d802e092f2b4,event_editions,evt_be1ca948d9ec7102,term_9becc75b86733c1e,derived,title/location heuristic or reviewed series mapping; see build script,1,2026-09-28,
entity_classifications_379151db116cf522,event_editions,evt_8defeece9bb0ac7c,term_9becc75b86733c1e,derived,title/location heuristic or reviewed series mapping; see build script,1,2026-09-28,
entity_classifications_7fe922e67fb5d23d,event_editions,evt_64031b1829b32e15,term_9becc75b86733c1e,derived,title/location heuristic or reviewed series mapping; see build script,1,2026-09-28,
entity_classifications_983c9ce29cc48000,event_editions,evt_5d52fabd19ff5f97,term_9becc75b86733c1e,derived,title/location heuristic or reviewed series mapping; see build script,1,2026-09-28,
entity_classifications_58bac92e7de36cfc,event_editions,evt_23c44d073385aba7,term_9becc75b86733c1e,derived,title/location heuristic or reviewed series mapping; see build script,1,2026-09-28,
entity_classifications_2046614aee5104fc,event_editions,evt_c1fc812209c1e5f7,term_9becc75b86733c1e,derived,title/location heuristic or reviewed series mapping; see build script,1,2026-09-28,
entity_classifications_a87f9a62068de50f,event_editions,evt_37ca887c3e181799,term_9becc75b86733c1e,derived,title/location heuristic or reviewed series mapping; see build script,1,2026-09-28,
entity_classifications_a2eed3c28f85294a,event_editions,evt_74049a371269896f,term_9becc75b86733c1e,derived,title/location heuristic or reviewed series mapping; see build script,1,2026-09-28,
entity_classifications_9e3fd948ec51709f,event_editions,evt_3cf761f1e8c6a11d,term_9becc75b86733c1e,derived,title/location heuristic or reviewed series mapping; see build script,1,2026-09-28,
entity_classifications_9ef14e01019c2edf,event_editions,evt_5fc2ba3af4a8b8d2,term_9becc75b86733c1e,derived,title/location heuristic or reviewed series mapping; see build script,1,2026-09-28,
entity_classifications_61bb990ed09742ca,event_editions,evt_d2f82fa381d6ae59,term_9becc75b86733c1e,derived,title/location heuristic or reviewed series mapping; see build script,1,2026-09-28,
entity_classifications_e56fe746edc20513,event_editions,evt_7e0f1a03809190ec,term_9becc75b86733c1e,derived,title/location heuristic or reviewed series mapping; see build script,1,2026-09-28,
entity_classifications_f5c83afe7c57ca67,event_editions,evt_4ab46368efb9ff6d,term_9becc75b86733c1e,derived,title/location heuristic or reviewed series mapping; see build script,1,2026-09-28,
entity_classifications_6d30b3d7edca3a09,event_editions,evt_1a8db605e109b26f,term_9becc75b86733c1e,derived,title/location heuristic or reviewed series mapping; see build script,1,2026-09-28,
entity_classifications_f173b32c722b3717,event_editions,evt_203be877fa40e6c9,term_9becc75b86733c1e,derived,title/location heuristic or reviewed series mapping; see build script,1,2026-09-28,
entity_classifications_5f0ac0fac7bb302a,event_editions,evt_3ad4b5f8bdd8e031,term_9becc75b86733c1e,derived,title/location heuristic or reviewed series mapping; see build script,1,2026-09-28,
entity_classifications_9013229fc420f55a,event_editions,evt_b914ae05c88ac676,term_9becc75b86733c1e,derived,title/location heuristic or reviewed series mapping; see build script,1,2026-09-28,
entity_classifications_4d0f83508ec02a06,event_editions,evt_e750cebabe753ce1,term_9becc75b86733c1e,derived,title/location heuristic or reviewed series mapping; see build script,1,2026-09-28,
entity_classifications_25845a79ceceb832,event_editions,evt_90da8a508497bce2,term_9becc75b86733c1e,derived,title/location heuristic or reviewed series mapping; see build script,1,2026-09-28,
entity_classifications_bd074df20d49c316,event_editions,evt_7154c72c97435330,term_9becc75b86733c1e,derived,title/location heuristic or reviewed series mapping; see build script,1,2026-09-28,
entity_classifications_266e44a029430660,event_editions,evt_5deaec442ecd2887,term_9becc75b86733c1e,derived,title/location heuristic or reviewed series mapping; see build script,1,2026-09-28,
entity_classifications_3621ec2d7b1d9ae7,event_editions,evt_a8c1c41b1a389be3,term_9becc75b86733c1e,derived,title/location heuristic or reviewed series mapping; see build script,1,2026-09-28,
entity_classifications_3a17374efd973fa5,event_editions,evt_fa3612d924c8e87d,term_9becc75b86733c1e,derived,title/location heuristic or reviewed series mapping; see build script,1,2026-09-28,
entity_classifications_830c26135d2d508c,event_editions,evt_c9758b492cefad52,term_9becc75b86733c1e,derived,title/location heuristic or reviewed series mapping; see build script,1,2026-09-28,
entity_classifications_4608d247effc0fbd,event_editions,evt_6db2b77dcb8ad4c2,term_9becc75b86733c1e,derived,title/location heuristic or reviewed series mapping; see build script,1,2026-09-28,
entity_classifications_6410a50c6641f4c3,event_editions,evt_bd74e048c2d1e39d,term_9becc75b86733c1e,derived,title/location heuristic or reviewed series mapping; see build script,1,2026-09-28,
entity_classifications_4397237f0ed180c5,event_editions,evt_b223eba33e50886e,term_9becc75b86733c1e,derived,title/location heuristic or reviewed series mapping; see build script,1,2026-09-28,
entity_classifications_190b00e8f5a1ad91,event_editions,evt_1b4f809adc542ba4,term_9becc75b86733c1e,derived,title/location heuristic or reviewed series mapping; see build script,1,2026-09-28,
entity_classifications_5188d1680e39c17d,event_editions,evt_75fd79a7117be237,term_9becc75b86733c1e,derived,title/location heuristic or reviewed series mapping; see build script,1,2026-09-28,
entity_classifications_0848a7d530938b58,event_editions,evt_55527464e377cef3,term_9becc75b86733c1e,derived,title/location heuristic or reviewed series mapping; see build script,1,2026-09-28,
entity_classifications_44b51db2860badfe,event_editions,evt_e7c0b2f324524845,term_9becc75b86733c1e,derived,title/location heuristic or reviewed series mapping; see build script,1,2026-09-28,
entity_classifications_e684eab8bf2f7802,event_editions,evt_b3dab3e33f75c317,term_9becc75b86733c1e,derived,title/location heuristic or reviewed series mapping; see build script,1,2026-09-28,
entity_classifications_2b981d6bf243b8af,event_editions,evt_eef12d21d0b907b9,term_9becc75b86733c1e,derived,title/location heuristic or reviewed series mapping; see build script,1,2026-09-28,
entity_classifications_47aa59acfbe6dec2,event_editions,evt_da963b5d8c54ed8a,term_9becc75b86733c1e,derived,title/location heuristic or reviewed series mapping; see build script,1,2026-09-28,
entity_classifications_c20549ba53bf26dc,event_editions,evt_646d4301efe250b4,term_9becc75b86733c1e,derived,title/location heuristic or reviewed series mapping; see build script,1,2026-09-28,
entity_classifications_b833031be4bfc714,event_editions,evt_a277c9c7761355cd,term_9becc75b86733c1e,derived,title/location heuristic or reviewed series mapping; see build script,1,2026-09-28,
entity_classifications_f5296e587fe9294e,event_editions,evt_650fa0761a9fc55f,term_9becc75b86733c1e,derived,title/location heuristic or reviewed series mapping; see build script,1,2026-09-28,
entity_classifications_7b483fc1238a730f,event_editions,evt_6341bbe7757acfdc,term_9becc75b86733c1e,derived,title/location heuristic or reviewed series mapping; see build script,1,2026-09-28,
entity_classifications_57d90b131812b2b0,event_editions,evt_283eadd78afcaa1f,term_9becc75b86733c1e,derived,title/location heuristic or reviewed series mapping; see build script,1,2026-09-28,
entity_classifications_c89ec523b50fb414,event_editions,evt_e2e510068d358994,term_9becc75b86733c1e,derived,title/location heuristic or reviewed series mapping; see build script,1,2026-09-28,
entity_classifications_1ae21c2ba10ad72d,event_editions,evt_c2fed92692ede59c,term_9becc75b86733c1e,derived,title/location heuristic or reviewed series mapping; see build script,1,2026-09-28,
entity_classifications_4ad32311fcf4f822,event_editions,evt_2144134cfbaff628,term_9becc75b86733c1e,derived,title/location heuristic or reviewed series mapping; see build script,1,2026-09-28,
entity_classifications_b10769676ebd5823,event_editions,evt_52a98968a03607de,term_9becc75b86733c1e,derived,title/location heuristic or reviewed series mapping; see build script,1,2026-09-28,
entity_classifications_594d1fc94db99134,event_editions,evt_8b6b8840d6cf185b,term_9becc75b86733c1e,derived,title/location heuristic or reviewed series mapping; see build script,1,2026-09-28,
entity_classifications_a6948e4a430084d9,event_editions,evt_612aaae6f98fc90a,term_9becc75b86733c1e,derived,title/location heuristic or reviewed series mapping; see build script,1,2026-09-28,
entity_classifications_54d2fb97f0e02f46,event_editions,evt_b5cd17a2332568c5,term_9becc75b86733c1e,derived,title/location heuristic or reviewed series mapping; see build script,1,2026-09-28,
entity_classifications_996100c2025e4958,event_editions,evt_0f446634002d32ee,term_9becc75b86733c1e,derived,title/location heuristic or reviewed series mapping; see build script,1,2026-09-28,
entity_classifications_873924b23e44c3cb,event_editions,evt_fe6e9215fec4590a,term_9becc75b86733c1e,derived,title/location heuristic or reviewed series mapping; see build script,1,2026-09-28,
entity_classifications_68a132e9f78a5a48,event_editions,evt_de2f158d806fd72f,term_9becc75b86733c1e,derived,title/location heuristic or reviewed series mapping; see build script,1,2026-09-28,
entity_classifications_adb6bf1a1b12a377,event_editions,evt_fc417c6fbaaf8a8f,term_9becc75b86733c1e,derived,title/location heuristic or reviewed series mapping; see build script,1,2026-09-28,
entity_classifications_a31e594c86b61d68,event_editions,evt_8748e36e7b87304a,term_9becc75b86733c1e,derived,title/location heuristic or reviewed series mapping; see build script,1,2026-09-28,
entity_classifications_74bac4df44952dcb,event_editions,evt_2fdbcd0f2aa7d5f4,term_9becc75b86733c1e,derived,title/location heuristic or reviewed series mapping; see build script,1,2026-09-28,
entity_classifications_c3e5d8f74a2d5f30,event_editions,evt_eb62cd7e8b06fe41,term_9becc75b86733c1e,derived,title/location heuristic or reviewed series mapping; see build script,1,2026-09-28,
entity_classifications_97c16016e3036992,event_editions,evt_e7884569e364b292,term_9becc75b86733c1e,derived,title/location heuristic or reviewed series mapping; see build script,1,2026-09-28,
entity_classifications_56e1f6cdd610ba55,event_editions,evt_0f2983bbcc9b4160,term_9becc75b86733c1e,derived,title/location heuristic or reviewed series mapping; see build script,1,2026-09-28,
entity_classifications_6ed5210a9c3e6277,event_editions,evt_3c178dedf76003d2,term_9becc75b86733c1e,derived,title/location heuristic or reviewed series mapping; see build script,1,2026-09-28,
entity_classifications_c50e31576ba50db0,event_editions,evt_c10755238ed1153c,term_9becc75b86733c1e,derived,title/location heuristic or reviewed series mapping; see build script,1,2026-09-28,
entity_classifications_7a4cfe19bf8c61b5,event_editions,evt_f59d8086b9dbc751,term_9becc75b86733c1e,derived,title/location heuristic or reviewed series mapping; see build script,1,2026-09-28,
entity_classifications_9753a3a8020fe1d6,event_editions,evt_68b84077a3d48c21,term_9becc75b86733c1e,derived,title/location heuristic or reviewed series mapping; see build script,1,2026-09-28,
entity_classifications_5e1111a8033836c7,event_editions,evt_c1a376f426ab4d58,term_9becc75b86733c1e,derived,title/location heuristic or reviewed series mapping; see build script,1,2026-09-28,
entity_classifications_3b8a5951055562c1,event_editions,evt_e32303008bd7dd81,term_9becc75b86733c1e,derived,title/location heuristic or reviewed series mapping; see build script,1,2026-09-28,
entity_classifications_df76f1e3908fb342,event_editions,evt_53cd8890451552e1,term_9becc75b86733c1e,derived,title/location heuristic or reviewed series mapping; see build script,1,2026-09-28,
entity_classifications_897008d0e07c28ce,event_editions,evt_0ad70410c453833c,term_9becc75b86733c1e,derived,title/location heuristic or reviewed series mapping; see build script,1,2026-09-28,
entity_classifications_c093f321a0ffd1b4,event_editions,evt_fc8f3fec6af58cca,term_9becc75b86733c1e,derived,title/location heuristic or reviewed series mapping; see build script,1,2026-09-28,
entity_classifications_6ff67e10a46ae6d8,event_editions,evt_a183239570de870f,term_9becc75b86733c1e,derived,title/location heuristic or reviewed series mapping; see build script,1,2026-09-28,
entity_classifications_7e9f329ae187c99d,event_editions,evt_efbee74f22bfd3c5,term_9becc75b86733c1e,derived,title/location heuristic or reviewed series mapping; see build script,1,2026-09-28,
entity_classifications_9e344a34461170f4,event_editions,evt_c44a48d0ed75e300,term_9becc75b86733c1e,derived,title/location heuristic or reviewed series mapping; see build script,1,2026-09-28,
entity_classifications_e635c2c6ec73b1a2,event_editions,evt_e411c2bb3e1e5184,term_9becc75b86733c1e,derived,title/location heuristic or reviewed series mapping; see build script,1,2026-09-28,
entity_classifications_f6c71e918f8eeede,event_editions,evt_2a453cc03f00f119,term_9becc75b86733c1e,derived,title/location heuristic or reviewed series mapping; see build script,1,2026-09-28,
entity_classifications_ca111e4698e77971,event_editions,evt_e22cd1cc0b8fb6fa,term_9becc75b86733c1e,derived,title/location heuristic or reviewed series mapping; see build script,1,2026-09-28,
entity_classifications_0468ce1d0d56902b,event_editions,evt_ed7ecf1a5c24439b,term_9becc75b86733c1e,derived,title/location heuristic or reviewed series mapping; see build script,1,2026-09-28,
entity_classifications_7e4df8b1e62d664d,event_editions,evt_f98456919f51bf3b,term_9becc75b86733c1e,derived,title/location heuristic or reviewed series mapping; see build script,1,2026-09-28,
entity_classifications_ea8346a8e05450d1,event_editions,evt_271183b863badc08,term_9becc75b86733c1e,derived,title/location heuristic or reviewed series mapping; see build script,1,2026-09-28,
entity_classifications_479834f6fb63326a,event_editions,evt_9811ec9638b1fbcc,term_9becc75b86733c1e,derived,title/location heuristic or reviewed series mapping; see build script,1,2026-09-28,
entity_classifications_d193ea25029d8e22,event_editions,evt_f8ca29d8aaf3554c,term_9becc75b86733c1e,derived,title/location heuristic or reviewed series mapping; see build script,1,2026-09-28,
entity_classifications_92098a687e166925,event_editions,evt_02f2b35b65883f13,term_9becc75b86733c1e,derived,title/location heuristic or reviewed series mapping; see build script,1,2026-09-28,
entity_classifications_2b1b0053b677a9c2,event_editions,evt_7aa2315026a455d4,term_9becc75b86733c1e,derived,title/location heuristic or reviewed series mapping; see build script,1,2026-09-28,
entity_classifications_bdb3360b03daba46,event_editions,evt_ebeea41d3b2cc2f4,term_9becc75b86733c1e,derived,title/location heuristic or reviewed series mapping; see build script,1,2026-09-28,
entity_classifications_837691768489d169,event_editions,evt_d0372c6c42f0d18d,term_9becc75b86733c1e,derived,title/location heuristic or reviewed series mapping; see build script,1,2026-09-28,
entity_classifications_b2dd69da4cdf7b60,event_editions,evt_214ad6bea53fa8c8,term_9becc75b86733c1e,derived,title/location heuristic or reviewed series mapping; see build script,1,2026-09-28,
entity_classifications_49f2d6ba85f94ccf,event_editions,evt_656b138ad9f77966,term_9becc75b86733c1e,derived,title/location heuristic or reviewed series mapping; see build script,1,2026-09-28,
entity_classifications_fe020cbca6a2c6a5,event_editions,evt_e7b63af2d5025030,term_9becc75b86733c1e,derived,title/location heuristic or reviewed series mapping; see build script,1,2026-09-28,
entity_classifications_f61b349465dfe54e,event_editions,evt_f8d135410443179f,term_9becc75b86733c1e,derived,title/location heuristic or reviewed series mapping; see build script,1,2026-09-28,
entity_classifications_923fc81565ee7e74,event_editions,evt_557605ca2d07333a,term_9becc75b86733c1e,derived,title/location heuristic or reviewed series mapping; see build script,1,2026-09-28,
entity_classifications_d1adc9a2295ab2a8,event_editions,evt_810091516b8cdf53,term_9becc75b86733c1e,derived,title/location heuristic or reviewed series mapping; see build script,1,2026-09-28,
entity_classifications_f3981ac6e55c3a89,event_editions,evt_f1224171dc987b8a,term_9becc75b86733c1e,derived,title/location heuristic or reviewed series mapping; see build script,1,2026-09-28,
entity_classifications_891c06cd2aa53a10,event_editions,evt_f7724e1d47fcfe0a,term_9becc75b86733c1e,derived,title/location heuristic or reviewed series mapping; see build script,1,2026-09-28,
entity_classifications_7b17ee4b61b260e4,event_editions,evt_b276f2ca0b3f3414,term_9becc75b86733c1e,derived,title/location heuristic or reviewed series mapping; see build script,1,2026-09-28,
entity_classifications_c84fe1df2b9db282,event_editions,evt_207d218a5b4df982,term_9becc75b86733c1e,derived,title/location heuristic or reviewed series mapping; see build script,1,2026-09-28,
entity_classifications_4fcf0b0d0014c324,event_editions,evt_9e8343e036deef82,term_9becc75b86733c1e,derived,title/location heuristic or reviewed series mapping; see build script,1,2026-09-28,
entity_classifications_59fca78af4f29ba4,event_editions,evt_9dc2c7a6d40a75b6,term_9becc75b86733c1e,derived,title/location heuristic or reviewed series mapping; see build script,1,2026-09-28,
entity_classifications_da697f4b27970b74,event_editions,evt_509dff0f9ae80a76,term_9becc75b86733c1e,derived,title/location heuristic or reviewed series mapping; see build script,1,2026-09-28,
entity_classifications_ace60dc2adb1e7b0,event_editions,evt_86455e9b97b2854d,term_9becc75b86733c1e,derived,title/location heuristic or reviewed series mapping; see build script,1,2026-09-28,
entity_classifications_7640938c1cda556c,event_editions,evt_52acb71523a21b08,term_9becc75b86733c1e,derived,title/location heuristic or reviewed series mapping; see build script,1,2026-09-28,
entity_classifications_4442bdb3ae43675e,event_editions,evt_df9582e6dff519ea,term_9becc75b86733c1e,derived,title/location heuristic or reviewed series mapping; see build script,1,2026-09-28,
entity_classifications_700bfadd98a427f6,event_editions,evt_eb58a35e5f3a8e6d,term_9becc75b86733c1e,derived,title/location heuristic or reviewed series mapping; see build script,1,2026-09-28,
entity_classifications_1993afee9748c027,event_editions,evt_9f17995d9eef59f1,term_9becc75b86733c1e,derived,title/location heuristic or reviewed series mapping; see build script,1,2026-09-28,
entity_classifications_6654a611e9322bd9,event_editions,evt_4091597f5b237d47,term_9becc75b86733c1e,derived,title/location heuristic or reviewed series mapping; see build script,1,2026-09-28,
entity_classifications_a11c4dde30efa98b,event_editions,evt_6e684c9e0dfeea68,term_9becc75b86733c1e,derived,title/location heuristic or reviewed series mapping; see build script,1,2026-09-28,
entity_classifications_7440020db78f6c1a,event_editions,evt_759c1cb0c7e52d0d,term_9becc75b86733c1e,derived,title/location heuristic or reviewed series mapping; see build script,1,2026-09-28,
entity_classifications_d2a08941705fa348,event_editions,evt_868f9804c4ae07e5,term_9becc75b86733c1e,derived,title/location heuristic or reviewed series mapping; see build script,1,2026-09-28,
entity_classifications_efc8273b43134e23,event_editions,evt_87cc4c2fcd34b932,term_9becc75b86733c1e,derived,title/location heuristic or reviewed series mapping; see build script,1,2026-09-28,
entity_classifications_5fde373032c303ab,event_editions,evt_e976b2a951aaed52,term_9becc75b86733c1e,derived,title/location heuristic or reviewed series mapping; see build script,1,2026-09-28,
entity_classifications_afaf685a1341c091,event_editions,evt_74a6ba9e314f9ca1,term_9becc75b86733c1e,derived,title/location heuristic or reviewed series mapping; see build script,1,2026-09-28,
entity_classifications_6eb71a104b151276,event_editions,evt_f01cce2e76d94292,term_9becc75b86733c1e,derived,title/location heuristic or reviewed series mapping; see build script,1,2026-09-28,
entity_classifications_6fae3ed061c9a1ea,event_editions,evt_a2d3daeab9632648,term_9becc75b86733c1e,derived,title/location heuristic or reviewed series mapping; see build script,1,2026-09-28,
entity_classifications_a850c057f3101686,event_editions,evt_5f5bdac4e27d1e40,term_9becc75b86733c1e,derived,title/location heuristic or reviewed series mapping; see build script,1,2026-09-28,
entity_classifications_b8c2b4bf738e9678,event_editions,evt_f3c3ac908069c867,term_9becc75b86733c1e,derived,title/location heuristic or reviewed series mapping; see build script,1,2026-09-28,
entity_classifications_c6467d43681b6c8a,event_editions,evt_4053e17a941e8ff5,term_9becc75b86733c1e,derived,title/location heuristic or reviewed series mapping; see build script,1,2026-09-28,
entity_classifications_9b8148ce912dc4a6,event_editions,evt_4c75646805affc70,term_9becc75b86733c1e,derived,title/location heuristic or reviewed series mapping; see build script,1,2026-09-28,
entity_classifications_1f7f4ded3f022db5,event_editions,evt_4149574d03a4abe1,term_9becc75b86733c1e,derived,title/location heuristic or reviewed series mapping; see build script,1,2026-09-28,
entity_classifications_3e540074c4517147,event_editions,evt_54d0e34f7c60d99e,term_41da9beea25fc1c1,derived,title/location heuristic or reviewed series mapping; see build script,1,2026-09-28,
entity_classifications_f8480b261a85b2f8,event_editions,evt_3e5acad6adf38308,term_41da9beea25fc1c1,derived,title/location heuristic or reviewed series mapping; see build script,1,2026-09-28,
entity_classifications_b51a66c8410ba1b1,event_editions,evt_8ddd901275689efe,term_41da9beea25fc1c1,derived,title/location heuristic or reviewed series mapping; see build script,1,2026-09-28,
entity_classifications_4589673e85dec387,event_editions,evt_6a424270a326f4b7,term_41da9beea25fc1c1,derived,title/location heuristic or reviewed series mapping; see build script,1,2026-09-28,
entity_classifications_30342dc9a10cefd5,event_editions,evt_fe9b0a48de67e90a,term_41da9beea25fc1c1,derived,title/location heuristic or reviewed series mapping; see build script,1,2026-09-28,
entity_classifications_84362397785a5ab4,event_editions,evt_8cfa31a0eacf62ad,term_41da9beea25fc1c1,derived,title/location heuristic or reviewed series mapping; see build script,1,2026-09-28,
entity_classifications_4a3f6c61aa922a64,event_editions,evt_6b413a3ee9f000f0,term_41da9beea25fc1c1,derived,title/location heuristic or reviewed series mapping; see build script,1,2026-09-28,
entity_classifications_e69d059b00f226ce,event_editions,evt_f599476274faabd9,term_41da9beea25fc1c1,derived,title/location heuristic or reviewed series mapping; see build script,1,2026-09-28,
entity_classifications_9d006c35a9bac16e,event_editions,evt_408ba1b79e08d26e,term_41da9beea25fc1c1,derived,title/location heuristic or reviewed series mapping; see build script,1,2026-09-28,
entity_classifications_c35775c033931aef,event_editions,evt_3c52692b4c7b359a,term_41da9beea25fc1c1,derived,title/location heuristic or reviewed series mapping; see build script,1,2026-09-28,
entity_classifications_fb6c8d2ce6573205,event_editions,evt_8d9fb0b6dce8d4e0,term_41da9beea25fc1c1,derived,title/location heuristic or reviewed series mapping; see build script,1,2026-09-28,
entity_classifications_f1219ef93ce53088,event_editions,evt_a20f2dd832bf485f,term_41da9beea25fc1c1,derived,title/location heuristic or reviewed series mapping; see build script,1,2026-09-28,
entity_classifications_33c9e69cc5498e31,event_editions,evt_8d582b2a010a387e,term_41da9beea25fc1c1,derived,title/location heuristic or reviewed series mapping; see build script,1,2026-09-28,
entity_classifications_350836cbd6cb0794,event_editions,evt_7c5fc9d164e418c7,term_41da9beea25fc1c1,derived,title/location heuristic or reviewed series mapping; see build script,1,2026-09-28,
entity_classifications_12e73f75cc036d3d,event_editions,evt_c3a69a7f1c1a8876,term_41da9beea25fc1c1,derived,title/location heuristic or reviewed series mapping; see build script,1,2026-09-28,
entity_classifications_40bed5384567ce62,event_editions,evt_eb570aa64e466d41,term_41da9beea25fc1c1,derived,title/location heuristic or reviewed series mapping; see build script,1,2026-09-28,
entity_classifications_a7902483366a60bb,event_editions,evt_f96ac23099a4f124,term_41da9beea25fc1c1,derived,title/location heuristic or reviewed series mapping; see build script,1,2026-09-28,
entity_classifications_77f1e377759cf7e1,event_editions,evt_37e3aa5dc7eac5c4,term_41da9beea25fc1c1,derived,title/location heuristic or reviewed series mapping; see build script,1,2026-09-28,
entity_classifications_3aef3cd654d4a348,event_editions,evt_663f38dd91825f2b,term_41da9beea25fc1c1,derived,title/location heuristic or reviewed series mapping; see build script,1,2026-09-28,
entity_classifications_b3a864087a88e321,event_editions,evt_924660f3b5d39953,term_41da9beea25fc1c1,derived,title/location heuristic or reviewed series mapping; see build script,1,2026-09-28,
entity_classifications_fa3eb6b5b85a4fc1,event_editions,evt_bc80dfc064fdf559,term_41da9beea25fc1c1,derived,title/location heuristic or reviewed series mapping; see build script,1,2026-09-28,
entity_classifications_1303de8ab8b60a70,event_editions,evt_1aa9382e62e8bffa,term_41da9beea25fc1c1,derived,title/location heuristic or reviewed series mapping; see build script,1,2026-09-28,
entity_classifications_1d6bb81dd69d79c7,event_editions,evt_505375abbee75c84,term_41da9beea25fc1c1,derived,title/location heuristic or reviewed series mapping; see build script,1,2026-09-28,
entity_classifications_c32f0ba22ec71840,event_editions,evt_9a81ea11eb0c3746,term_41da9beea25fc1c1,derived,title/location heuristic or reviewed series mapping; see build script,1,2026-09-28,
entity_classifications_b6c16fc03dbac473,event_editions,evt_9d0b4d2d2f8faafb,term_41da9beea25fc1c1,derived,title/location heuristic or reviewed series mapping; see build script,1,2026-09-28,
entity_classifications_f981c65b00766243,event_editions,evt_f961042553e2113a,term_41da9beea25fc1c1,derived,title/location heuristic or reviewed series mapping; see build script,1,2026-09-28,
entity_classifications_ee0a5450bdadf482,event_editions,evt_a045460b33dc8c43,term_41da9beea25fc1c1,derived,title/location heuristic or reviewed series mapping; see build script,1,2026-09-28,
entity_classifications_15a9389c3edbc77c,event_editions,evt_21b818abee646339,term_41da9beea25fc1c1,derived,title/location heuristic or reviewed series mapping; see build script,1,2026-09-28,
entity_classifications_5508129b636ec898,event_editions,evt_7957b3b83ad5796d,term_41da9beea25fc1c1,derived,title/location heuristic or reviewed series mapping; see build script,1,2026-09-28,
entity_classifications_b884da3c06b25ad9,event_editions,evt_b857cf744d2ba090,term_41da9beea25fc1c1,derived,title/location heuristic or reviewed series mapping; see build script,1,2026-09-28,
entity_classifications_24c8a52916d383c3,event_editions,evt_2e0c9735fc8ad60e,term_41da9beea25fc1c1,derived,title/location heuristic or reviewed series mapping; see build script,1,2026-09-28,
entity_classifications_36a68a1af1096e8e,event_editions,evt_aa73b9726ea22224,term_41da9beea25fc1c1,derived,title/location heuristic or reviewed series mapping; see build script,1,2026-09-28,
entity_classifications_243393cab05e0c5b,event_editions,evt_eb790882642d724e,term_41da9beea25fc1c1,derived,title/location heuristic or reviewed series mapping; see build script,1,2026-09-28,
entity_classifications_47714fa43c60263c,event_editions,evt_d34d8ef52beec619,term_41da9beea25fc1c1,derived,title/location heuristic or reviewed series mapping; see build script,1,2026-09-28,
entity_classifications_463448992484770a,event_editions,evt_50e39101f9db69d3,term_41da9beea25fc1c1,derived,title/location heuristic or reviewed series mapping; see build script,1,2026-09-28,
entity_classifications_bda7fa0ee2617bec,event_editions,evt_9c937beaf7fe929c,term_41da9beea25fc1c1,derived,title/location heuristic or reviewed series mapping; see build script,1,2026-09-28,
entity_classifications_de720bc0158e1838,event_editions,evt_99acac13cfa3f79d,term_41da9beea25fc1c1,derived,title/location heuristic or reviewed series mapping; see build script,1,2026-09-28,
entity_classifications_5231d946fdeb7a4b,event_editions,evt_f2e7818ee24be66a,term_41da9beea25fc1c1,derived,title/location heuristic or reviewed series mapping; see build script,1,2026-09-28,
entity_classifications_dbc7703c54c7b46e,event_editions,evt_2fa5b72d6d1f3c6c,term_41da9beea25fc1c1,derived,title/location heuristic or reviewed series mapping; see build script,1,2026-09-28,
entity_classifications_b54843ecdfcc3395,event_editions,evt_46e4ceada76792cb,term_41da9beea25fc1c1,derived,title/location heuristic or reviewed series mapping; see build script,1,2026-09-28,
entity_classifications_5eae9e95f75e158d,event_editions,evt_116e2a9fd9ecb6c4,term_41da9beea25fc1c1,derived,title/location heuristic or reviewed series mapping; see build script,1,2026-09-28,
entity_classifications_d508c49ebad968e2,event_editions,evt_9b60cbcf47c3ab13,term_41da9beea25fc1c1,derived,title/location heuristic or reviewed series mapping; see build script,1,2026-09-28,
entity_classifications_57da06ebec1d74c2,event_editions,evt_42890e435fc945e1,term_41da9beea25fc1c1,derived,title/location heuristic or reviewed series mapping; see build script,1,2026-09-28,
entity_classifications_2242c15dea5a9dec,event_editions,evt_21f3a04fe8028730,term_41da9beea25fc1c1,derived,title/location heuristic or reviewed series mapping; see build script,1,2026-09-28,
entity_classifications_fb5edcb62c82e7d4,event_editions,evt_b6ad3ef4f95107dc,term_41da9beea25fc1c1,derived,title/location heuristic or reviewed series mapping; see build script,1,2026-09-28,
entity_classifications_618013417416b853,event_editions,evt_c55564c471ba485b,term_41da9beea25fc1c1,derived,title/location heuristic or reviewed series mapping; see build script,1,2026-09-28,
entity_classifications_1b5d00bd436a45dc,event_editions,evt_d4391ed425f38787,term_41da9beea25fc1c1,derived,title/location heuristic or reviewed series mapping; see build script,1,2026-09-28,
entity_classifications_55e64d7dbe1c6bd0,event_editions,evt_9dd56e0eb7028081,term_41da9beea25fc1c1,derived,title/location heuristic or reviewed series mapping; see build script,1,2026-09-28,
entity_classifications_2eec587216e15725,event_editions,evt_deece9ae0dde839b,term_41da9beea25fc1c1,derived,title/location heuristic or reviewed series mapping; see build script,1,2026-09-28,
entity_classifications_c0c4fcc5bee87bfa,event_editions,evt_b37423098d2de0d0,term_41da9beea25fc1c1,derived,title/location heuristic or reviewed series mapping; see build script,1,2026-09-28,
entity_classifications_395ffc6a65b0b040,event_editions,evt_a115bf26738ad42d,term_41da9beea25fc1c1,derived,title/location heuristic or reviewed series mapping; see build script,1,2026-09-28,
entity_classifications_200086f3f5545e36,event_editions,evt_f069c27325b6e65f,term_41da9beea25fc1c1,derived,title/location heuristic or reviewed series mapping; see build script,1,2026-09-28,
entity_classifications_426d1b621e97895f,event_editions,evt_49e4e89e5e899550,term_41da9beea25fc1c1,derived,title/location heuristic or reviewed series mapping; see build script,1,2026-09-28,
entity_classifications_5f0a2e6622c60484,event_editions,evt_7b8e0c5535e41c76,term_41da9beea25fc1c1,derived,title/location heuristic or reviewed series mapping; see build script,1,2026-09-28,
entity_classifications_f860a34d4629accd,event_editions,evt_c9312b5b50e18e65,term_41da9beea25fc1c1,derived,title/location heuristic or reviewed series mapping; see build script,1,2026-09-28,
entity_classifications_2ec37ce42b9fe7b4,event_editions,evt_79b48c3019b9cdde,term_41da9beea25fc1c1,derived,title/location heuristic or reviewed series mapping; see build script,1,2026-09-28,
entity_classifications_cc3619ec5d17cf22,event_editions,evt_ccdae9cb789ace9e,term_41da9beea25fc1c1,derived,title/location heuristic or reviewed series mapping; see build script,1,2026-09-28,
entity_classifications_bbf5d0db2524ab31,event_editions,evt_26d3fde3019d27f9,term_41da9beea25fc1c1,derived,title/location heuristic or reviewed series mapping; see build script,1,2026-09-28,
entity_classifications_8623fd021523ddfe,event_editions,evt_8f7a8a103ca6e3b3,term_41da9beea25fc1c1,derived,title/location heuristic or reviewed series mapping; see build script,1,2026-09-28,
entity_classifications_6f0ee33b816dd694,event_editions,evt_aa51f33171bfdff9,term_41da9beea25fc1c1,derived,title/location heuristic or reviewed series mapping; see build script,1,2026-09-28,
entity_classifications_b5ec1d818dd7c9d1,event_editions,evt_db7735680e5a9a2e,term_41da9beea25fc1c1,derived,title/location heuristic or reviewed series mapping; see build script,1,2026-09-28,
entity_classifications_e6e816531414c56d,event_editions,evt_b2528b9bd6bd4d42,term_41da9beea25fc1c1,derived,title/location heuristic or reviewed series mapping; see build script,1,2026-09-28,
entity_classifications_5cae2532369350d5,event_editions,evt_0cc38d4f6188a546,term_41da9beea25fc1c1,derived,title/location heuristic or reviewed series mapping; see build script,1,2026-09-28,
entity_classifications_8982f3b508d5e40e,event_editions,evt_e9ad69a87f4e2b65,term_41da9beea25fc1c1,derived,title/location heuristic or reviewed series mapping; see build script,1,2026-09-28,
entity_classifications_de3a9e3f2c4bb98e,event_editions,evt_68eb0ef36110237d,term_41da9beea25fc1c1,derived,title/location heuristic or reviewed series mapping; see build script,1,2026-09-28,
entity_classifications_4727c9a0e34d5563,event_editions,evt_be4859aae6a87199,term_41da9beea25fc1c1,derived,title/location heuristic or reviewed series mapping; see build script,1,2026-09-28,
entity_classifications_0e3e300bd0c253df,event_editions,evt_49518cbe2d657cdb,term_41da9beea25fc1c1,derived,title/location heuristic or reviewed series mapping; see build script,1,2026-09-28,
entity_classifications_6aa671d891049b07,event_editions,evt_65e9889355453238,term_41da9beea25fc1c1,derived,title/location heuristic or reviewed series mapping; see build script,1,2026-09-28,
entity_classifications_c01e51a1429b1309,event_editions,evt_e173473e19838ae0,term_41da9beea25fc1c1,derived,title/location heuristic or reviewed series mapping; see build script,1,2026-09-28,
entity_classifications_a630dbca558d1b58,event_editions,evt_a498793e98a647af,term_41da9beea25fc1c1,derived,title/location heuristic or reviewed series mapping; see build script,1,2026-09-28,
entity_classifications_7ca64806ad03df8d,event_editions,evt_fb99546d8a1fa641,term_41da9beea25fc1c1,derived,title/location heuristic or reviewed series mapping; see build script,1,2026-09-28,
entity_classifications_fd4b6069e8a45fe5,event_editions,evt_ad212682e70e4bad,term_41da9beea25fc1c1,derived,title/location heuristic or reviewed series mapping; see build script,1,2026-09-28,
entity_classifications_3070b92f50854392,event_editions,evt_7129909b558a2c85,term_41da9beea25fc1c1,derived,title/location heuristic or reviewed series mapping; see build script,1,2026-09-28,
entity_classifications_5a007a801baf429f,event_editions,evt_2036f81b0ea8dcd7,term_41da9beea25fc1c1,derived,title/location heuristic or reviewed series mapping; see build script,1,2026-09-28,
entity_classifications_152b8bbcf0dfed70,event_editions,evt_b60a357de57ecae7,term_41da9beea25fc1c1,derived,title/location heuristic or reviewed series mapping; see build script,1,2026-09-28,
entity_classifications_1166a13077ac9516,event_editions,evt_fa4ae51ab4966e57,term_41da9beea25fc1c1,derived,title/location heuristic or reviewed series mapping; see build script,1,2026-09-28,
entity_classifications_1bd87ea2edcdf72e,event_editions,evt_ff9a7403635948a0,term_41da9beea25fc1c1,derived,title/location heuristic or reviewed series mapping; see build script,1,2026-09-28,
entity_classifications_5102f8f85b29e802,event_editions,evt_437f2683530c8fa9,term_41da9beea25fc1c1,derived,title/location heuristic or reviewed series mapping; see build script,1,2026-09-28,
entity_classifications_b2eb12f11b030911,event_editions,evt_5838fadfc1b5d04e,term_41da9beea25fc1c1,derived,title/location heuristic or reviewed series mapping; see build script,1,2026-09-28,
entity_classifications_e2bead855e238642,event_editions,evt_6f3dca0e4eb15e26,term_41da9beea25fc1c1,derived,title/location heuristic or reviewed series mapping; see build script,1,2026-09-28,
entity_classifications_6e6543e71e63f997,event_editions,evt_4d6fc62eae37d972,term_41da9beea25fc1c1,derived,title/location heuristic or reviewed series mapping; see build script,1,2026-09-28,
entity_classifications_f0408bc260e23e75,event_editions,evt_3b1e71e0f91d4e45,term_41da9beea25fc1c1,derived,title/location heuristic or reviewed series mapping; see build script,1,2026-09-28,
entity_classifications_3644b409392e83fb,event_editions,evt_c4817f1185db10ae,term_41da9beea25fc1c1,derived,title/location heuristic or reviewed series mapping; see build script,1,2026-09-28,
entity_classifications_256cf8666f45e72a,event_editions,evt_3ec641d53699cf30,term_41da9beea25fc1c1,derived,title/location heuristic or reviewed series mapping; see build script,1,2026-09-28,
entity_classifications_c93ab0aa38917957,event_editions,evt_a495e787b7e5ec88,term_41da9beea25fc1c1,derived,title/location heuristic or reviewed series mapping; see build script,1,2026-09-28,
entity_classifications_fac9be0ec5385ba6,event_editions,evt_74ae7d31d7329b17,term_41da9beea25fc1c1,derived,title/location heuristic or reviewed series mapping; see build script,1,2026-09-28,
entity_classifications_e5fea6ae326443b0,event_editions,evt_cee331b79ddc2c33,term_41da9beea25fc1c1,derived,title/location heuristic or reviewed series mapping; see build script,1,2026-09-28,
entity_classifications_6376eaf5ed6c1e3e,event_editions,evt_6ee7fcea5d44b614,term_41da9beea25fc1c1,derived,title/location heuristic or reviewed series mapping; see build script,1,2026-09-28,
entity_classifications_78365074114c051d,event_editions,evt_94192e5823dd6c5a,term_41da9beea25fc1c1,derived,title/location heuristic or reviewed series mapping; see build script,1,2026-09-28,
entity_classifications_2f720e4e8fd7005f,event_editions,evt_4b1f9a1de2a0267f,term_41da9beea25fc1c1,derived,title/location heuristic or reviewed series mapping; see build script,1,2026-09-28,
entity_classifications_4f726c918457c6d6,event_editions,evt_c697118d3b493feb,term_41da9beea25fc1c1,derived,title/location heuristic or reviewed series mapping; see build script,1,2026-09-28,
entity_classifications_00a4dee7fc1b787d,event_editions,evt_d872a5e68838304b,term_41da9beea25fc1c1,derived,title/location heuristic or reviewed series mapping; see build script,1,2026-09-28,
entity_classifications_bf6b117cef6610b5,event_editions,evt_c2fd477af6ad84f0,term_41da9beea25fc1c1,derived,title/location heuristic or reviewed series mapping; see build script,1,2026-09-28,
entity_classifications_fb221aca4cd0e261,event_editions,evt_6cf46299022d5c15,term_41da9beea25fc1c1,derived,title/location heuristic or reviewed series mapping; see build script,1,2026-09-28,
entity_classifications_75c3dbe3d5ddcbcd,event_editions,evt_af5c6933fb8159e9,term_41da9beea25fc1c1,derived,title/location heuristic or reviewed series mapping; see build script,1,2026-09-28,
entity_classifications_55d10e3c8905705e,event_editions,evt_9b69e006f72f98b5,term_41da9beea25fc1c1,derived,title/location heuristic or reviewed series mapping; see build script,1,2026-09-28,
entity_classifications_eb40f8622043ece2,event_editions,evt_e031096e2872cd62,term_41da9beea25fc1c1,derived,title/location heuristic or reviewed series mapping; see build script,1,2026-09-28,
entity_classifications_61e43f81450264d7,event_editions,evt_f8a72172bac5eded,term_41da9beea25fc1c1,derived,title/location heuristic or reviewed series mapping; see build script,1,2026-09-28,
entity_classifications_ef6549605b6e049e,event_editions,evt_3b82eec2d105cc0a,term_41da9beea25fc1c1,derived,title/location heuristic or reviewed series mapping; see build script,1,2026-09-28,
entity_classifications_a1a6c323b355bab3,event_editions,evt_2c50b3bf523779ba,term_41da9beea25fc1c1,derived,title/location heuristic or reviewed series mapping; see build script,1,2026-09-28,
entity_classifications_a39fd29ffd7b9123,event_editions,evt_3b2c502b22f4fbb1,term_41da9beea25fc1c1,derived,title/location heuristic or reviewed series mapping; see build script,1,2026-09-28,
entity_classifications_b6e2867be02f77bd,event_editions,evt_da84603b4444c878,term_41da9beea25fc1c1,derived,title/location heuristic or reviewed series mapping; see build script,1,2026-09-28,
entity_classifications_1526f72f86dbf8e2,event_editions,evt_d56946d50a9568ba,term_41da9beea25fc1c1,derived,title/location heuristic or reviewed series mapping; see build script,1,2026-09-28,
entity_classifications_d6759255a4ce8944,event_editions,evt_734f16c7c4badb04,term_41da9beea25fc1c1,derived,title/location heuristic or reviewed series mapping; see build script,1,2026-09-28,
entity_classifications_a01d9bd137fc8e62,event_editions,evt_59067c95e6bd3644,term_41da9beea25fc1c1,derived,title/location heuristic or reviewed series mapping; see build script,1,2026-09-28,
entity_classifications_5626f122ed77dc57,event_editions,evt_52bcdc5557b2b9e2,term_41da9beea25fc1c1,derived,title/location heuristic or reviewed series mapping; see build script,1,2026-09-28,
entity_classifications_0a705976c7047fe9,event_editions,evt_48c9e1718785701d,term_41da9beea25fc1c1,derived,title/location heuristic or reviewed series mapping; see build script,1,2026-09-28,
entity_classifications_653e155dc7b05ec4,event_editions,evt_0e27b7d75a4a1750,term_41da9beea25fc1c1,derived,title/location heuristic or reviewed series mapping; see build script,1,2026-09-28,
entity_classifications_c19f35586c037f18,event_editions,evt_c2db0cdfb2726a49,term_41da9beea25fc1c1,derived,title/location heuristic or reviewed series mapping; see build script,1,2026-09-28,
entity_classifications_d708b75852470bce,event_editions,evt_18626ec094ed37b6,term_41da9beea25fc1c1,derived,title/location heuristic or reviewed series mapping; see build script,1,2026-09-28,
entity_classifications_3fcb93cc2b06d5fc,event_editions,evt_0aa269c82bc35ecb,term_41da9beea25fc1c1,derived,title/location heuristic or reviewed series mapping; see build script,1,2026-09-28,
entity_classifications_084a98dfffbebe4a,event_editions,evt_fca0556d0d79f159,term_41da9beea25fc1c1,derived,title/location heuristic or reviewed series mapping; see build script,1,2026-09-28,
entity_classifications_9fc6140bad9d0679,event_editions,evt_e39e93bc1ebe1be9,term_41da9beea25fc1c1,derived,title/location heuristic or reviewed series mapping; see build script,1,2026-09-28,
entity_classifications_25f944785ed582e6,event_editions,evt_86d22fa6f5a5d266,term_41da9beea25fc1c1,derived,title/location heuristic or reviewed series mapping; see build script,1,2026-09-28,
entity_classifications_6ab0750fecb43501,event_editions,evt_c4f78ea66f7b8c55,term_41da9beea25fc1c1,derived,title/location heuristic or reviewed series mapping; see build script,1,2026-09-28,
entity_classifications_df56fd16f03ed392,event_editions,evt_216ea48a972ff0a5,term_41da9beea25fc1c1,derived,title/location heuristic or reviewed series mapping; see build script,1,2026-09-28,
entity_classifications_0e154c27711563da,event_editions,evt_76769dd311eeacc9,term_41da9beea25fc1c1,derived,title/location heuristic or reviewed series mapping; see build script,1,2026-09-28,
entity_classifications_cdc832c73543c086,event_editions,evt_c8b37df559673420,term_41da9beea25fc1c1,derived,title/location heuristic or reviewed series mapping; see build script,1,2026-09-28,
entity_classifications_78f56f21c607547e,event_editions,evt_506cc479ae1320b9,term_41da9beea25fc1c1,derived,title/location heuristic or reviewed series mapping; see build script,1,2026-09-28,
entity_classifications_3135b5ce43fd8b63,event_editions,evt_7fdc6dfa76a5980f,term_41da9beea25fc1c1,derived,title/location heuristic or reviewed series mapping; see build script,1,2026-09-28,
entity_classifications_0fa7137076045ea2,event_editions,evt_0e361a698e5f00fa,term_3f306b151415275a,derived,title/location heuristic or reviewed series mapping; see build script,1,2026-09-28,
entity_classifications_4626025d5273e930,event_editions,evt_c48f165b98b0b55c,term_3f306b151415275a,derived,title/location heuristic or reviewed series mapping; see build script,1,2026-09-28,
entity_classifications_dfd542b510184a12,event_editions,evt_a6a1f8ddac190dd0,term_3f306b151415275a,derived,title/location heuristic or reviewed series mapping; see build script,1,2026-09-28,
entity_classifications_8a35a5c304891a29,event_editions,evt_20041e6434ff620a,term_3f306b151415275a,derived,title/location heuristic or reviewed series mapping; see build script,1,2026-09-28,
entity_classifications_ee03a9413be1ddcd,event_editions,evt_80df8e059d12d884,term_3f306b151415275a,derived,title/location heuristic or reviewed series mapping; see build script,1,2026-09-28,
entity_classifications_bfc964b306133245,event_editions,evt_971007d731dd82ab,term_3f306b151415275a,derived,title/location heuristic or reviewed series mapping; see build script,1,2026-09-28,
entity_classifications_fd4128d16f7cf557,event_editions,evt_a1dd3167c969522d,term_3f306b151415275a,derived,title/location heuristic or reviewed series mapping; see build script,1,2026-09-28,
entity_classifications_607bd12b028f7ce7,event_editions,evt_ced74d619da32b81,term_3f306b151415275a,derived,title/location heuristic or reviewed series mapping; see build script,1,2026-09-28,
entity_classifications_e456f2a53f605206,event_editions,evt_8d5e20dcbae7f181,term_3f306b151415275a,derived,title/location heuristic or reviewed series mapping; see build script,1,2026-09-28,
entity_classifications_37166581bbd5a208,event_editions,evt_db634b47ec5ad1ca,term_3f306b151415275a,derived,title/location heuristic or reviewed series mapping; see build script,1,2026-09-28,
entity_classifications_380d48b1e44d42c6,event_editions,evt_5d67dff2d9433141,term_3f306b151415275a,derived,title/location heuristic or reviewed series mapping; see build script,1,2026-09-28,
entity_classifications_5b67abfcac02a26a,event_editions,evt_a6096d896615d770,term_3f306b151415275a,derived,title/location heuristic or reviewed series mapping; see build script,1,2026-09-28,
entity_classifications_8dbf04e3e8252fa7,event_editions,evt_8ca37dbdff94a378,term_3f306b151415275a,derived,title/location heuristic or reviewed series mapping; see build script,1,2026-09-28,
entity_classifications_d01558aab93fd7e2,event_editions,evt_53319260ea622d16,term_3f306b151415275a,derived,title/location heuristic or reviewed series mapping; see build script,1,2026-09-28,
entity_classifications_6f26d0d4bfd9edb9,event_editions,evt_4fa59f0071d0910d,term_3f306b151415275a,derived,title/location heuristic or reviewed series mapping; see build script,1,2026-09-28,
entity_classifications_1120aa2be28e4134,event_editions,evt_849cb4ba9c92b4ba,term_3f306b151415275a,derived,title/location heuristic or reviewed series mapping; see build script,1,2026-09-28,
